customer_id,customer_name,email,country,region_id,signup_date
1,Alex Spencer,alex.spencer760@hotmail.com,Rwanda,41,2024-04-02
2,Benjamin Welch,benjamin.welch759@gmail.com,Rwanda,48,2023-06-28
3,Andre Rivera,,Kenya,28,2023-07-11
4,Diana Washington,diana.washington28@hotmail.com,Ghana,15,2026-01-21
5,Timothy Duncan,timothy.duncan285@yahoo.com,Ghana,15,2023-01-14
6,John Russell,john.russell285@gmail.com,Rwanda,45,2024-11-20
7,Jeffrey Henderson,jeffrey.henderson368@yahoo.com,Nigeria,6,2026-05-21
8,Amy Valdez,amy.valdez550@hotmail.com,Nigeria,3,2025-02-14
9,James Morgan,james.morgan644@gmail.com,South Africa,36,2025-01-10
10,Connor West,connor.west47@yahoo.com,Ghana,13,2024-08-15
11,Joel Baxter,joel.baxter390@gmail.com,Ghana,15,2025-01-17
12,Scott Pierce,scott.pierce687@gmail.com,Kenya,24,2023-05-27
13,Kimberly Smith,kimberly.smith747@gmail.com,Rwanda,41,2025-08-04
14,Sarah Martin,sarah.martin656@yahoo.com,Ghana,18,2024-03-25
15,Dr. Steven Martin,dr..steven.martin235@gmail.com,Rwanda,50,2024-10-08
16,Mrs. Rachel Gibson,mrs..rachel.gibson936@yahoo.com,Ghana,18,2024-10-06
17,Monica Logan,monica.logan906@hotmail.com,Rwanda,42,2025-07-28
18,Brittney Phillips,brittney.phillips763@gmail.com,Ghana,17,2024-06-22
19,Kimberly Adkins,kimberly.adkins409@gmail.com,Kenya,28,2023-10-11
20,John Calhoun,john.calhoun49@hotmail.com,South Africa,32,2023-11-10
21,Tyler Miller,tyler.miller433@gmail.com,Ghana,11,2025-02-27
22,Barry Hensley,barry.hensley542@yahoo.com,South Africa,39,2026-02-07
23,Steve Sanchez,steve.sanchez699@hotmail.com,Rwanda,44,2024-06-30
24,Bradley Sandoval,bradley.sandoval446@hotmail.com,Kenya,22,2023-01-07
25,Taylor Harris,taylor.harris520@hotmail.com,South Africa,33,2024-09-03
26,Derek Anderson,derek.anderson157@hotmail.com,South Africa,33,2023-11-27
27,Eugene Walton,EUGENE.WALTON941@GMAIL.COM,Rwanda,50,2024-10-25
28,Marc Hart,marc.hart372@gmail.com,Nigeria,2,2024-09-21
29,Daniel Baker,daniel.baker581@yahoo.com,Nigeria,4,2023-06-25
30,Sherry Wood,sherry.wood546@gmail.com,Nigeria,5,2023-09-20
31,Joshua Turner,joshua.turner541@hotmail.com,South Africa,36,2025-05-16
32,Mary Spencer,mary.spencer707@hotmail.com,South Africa,35,2024-09-30
33,Shawn Baker,shawn.baker449@gmail.com,Rwanda,43,2025-07-13
34,Brittney Campbell,BRITTNEY.CAMPBELL347@GMAIL.COM,Ghana,16,2026-02-08
35,Christina Walters,christina.walters73@yahoo.com,South Africa,38,2023-05-01
36,Danielle Odonnell,danielle.odonnell881@gmail.com,Nigeria,5,2025-11-18
37,Jeff Hill,jeff.hill220@gmail.com,Ghana,18,2026-03-15
38,Carlos Whitney,carlos.whitney485@gmail.com,South Africa,31,2024-01-25
39,Kristen Patterson,kristen.patterson363@gmail.com,Nigeria,7,2025-08-14
40,Tony Vazquez,tony.vazquez662@gmail.com,Rwanda,44,2025-04-04
41,Sandra Aguilar,sandra.aguilar195@gmail.com,Nigeria,7,2023-10-15
42,Andrew Diaz,andrew.diaz256@gmail.com,Ghana,12,2023-06-04
43,Christine Wright,christine.wright668@gmail.com,South Africa,36,2023-01-31
44,Justin Baxter,justin.baxter171@hotmail.com,Rwanda,49,2025-09-12
45,Tammy Young,tammy.young169@gmail.com,Kenya,26,2025-03-10
46,Rita Keith,rita.keith714@gmail.com,Kenya,30,2026-02-12
47,Tim Patton,tim.patton223@yahoo.com,Nigeria,10,2026-04-01
48,Sharon Cochran,sharon.cochran59@yahoo.com,Nigeria,4,2025-09-03
49,Michael Reyes,michael.reyes984@gmail.com,South Africa,34,2024-01-16
50,Courtney Velasquez,courtney.velasquez883@yahoo.com,South Africa,39,2023-09-03
51,Robert Savage,robert.savage41@gmail.com,Ghana,16,2025-05-08
52,Corey Murphy,corey.murphy324@gmail.com,South Africa,38,2024-02-23
53,Diana May,diana.may135@yahoo.com,Ghana,16,2024-09-06
54,Sarah Rivera,sarah.rivera959@gmail.com,Kenya,21,2025-07-27
55,Wesley White,wesley.white76@yahoo.com,South Africa,37,2025-11-02
56,Kyle Reed,kyle.reed903@yahoo.com,Nigeria,9,2024-05-15
57,William Wilson,william.wilson854@hotmail.com,Ghana,19,2024-09-11
58,Andrew Graham,andrew.graham684@hotmail.com,Rwanda,42,2024-09-05
59,Kimberly Ball,kimberly.ball912@hotmail.com,Nigeria,9,2026-02-07
60,Christina Reynolds,christina.reynolds216@hotmail.com,Ghana,18,2024-02-21
61,Lisa Alvarado,lisa.alvarado258@gmail.com,Ghana,17,2023-04-15
62,Elizabeth Parker,elizabeth.parker284@yahoo.com,Rwanda,41,2024-11-14
63,Michael Spencer,michael.spencer166@gmail.com,Rwanda,41,2026-02-03
64,Todd Byrd,,South Africa,36,2023-06-04
65,Lisa Turner,,South Africa,35,2025-01-26
66,April Mitchell,april.mitchell131@yahoo.com,South Africa,36,2025-01-16
67,Lisa Morris,lisa.morris256@yahoo.com,Kenya,23,2024-12-25
68,Daniel Kennedy,daniel.kennedy768@hotmail.com,Kenya,27,2024-04-29
69,Bradley Robertson,bradley.robertson26@hotmail.com,Ghana,12,2024-11-11
70,Anna Crane,anna.crane831@gmail.com,Rwanda,43,2023-11-23
71,Courtney Gonzalez,courtney.gonzalez880@gmail.com,Kenya,25,2024-02-13
72,William Carr,william.carr815@gmail.com,Kenya,23,2024-04-01
73,Stephen Johnston,stephen.johnston337@hotmail.com,Rwanda,43,2023-05-23
74,Kathleen Sanchez,kathleen.sanchez410@hotmail.com,Kenya,23,2026-01-03
75,Stephanie Dalton,stephanie.dalton994@gmail.com,Nigeria,2,2026-04-04
76,Colleen Brock,colleen.brock445@hotmail.com,Nigeria,3,2024-10-04
77,Amber Wright,amber.wright119@gmail.com,South Africa,39,2026-03-26
78,Robert Contreras,ROBERT.CONTRERAS447@HOTMAIL.COM,Ghana,17,2026-01-07
79,Tiffany Vance,tiffany.vance972@hotmail.com,Kenya,24,2024-11-07
80,Stephanie Simmons,stephanie.simmons128@hotmail.com,Kenya,21,2024-09-07
81,Christopher Hensley,christopher.hensley335@yahoo.com,Ghana,20,2024-08-28
82,David Walsh,david.walsh681@hotmail.com,Nigeria,9,2023-12-23
83,Mr. Jeremiah Reeves,mr..jeremiah.reeves562@gmail.com,South Africa,37,2024-09-14
84,Francisco Fernandez,francisco.fernandez594@gmail.com,Ghana,14,2024-10-21
85,James Hernandez,james.hernandez219@gmail.com,Kenya,29,2023-12-14
86,Jason Daniels,jason.daniels680@yahoo.com,Nigeria,6,2024-11-17
87,Ross Price,ross.price318@hotmail.com,Rwanda,49,2024-02-12
88,Alicia Gilmore,alicia.gilmore487@hotmail.com,Nigeria,2,2023-05-30
89,Aaron Bell,aaron.bell590@yahoo.com,Kenya,27,2025-02-25
90,Tiffany Barnes,tiffany.barnes672@hotmail.com,Kenya,26,2023-08-07
91,Rebecca Hurst,rebecca.hurst981@yahoo.com,Ghana,15,2025-08-09
92,Jeffrey Johnson,jeffrey.johnson869@yahoo.com,South Africa,36,2023-10-01
93,Rebecca Ramsey,rebecca.ramsey573@yahoo.com,Rwanda,43,2025-06-25
94,Veronica Ferguson,veronica.ferguson437@yahoo.com,Rwanda,47,2026-01-27
95,Mary Miller,mary.miller487@yahoo.com,Ghana,11,2024-05-21
96,Joel Williams,joel.williams534@yahoo.com,Ghana,18,2024-05-04
97,Jesse Rogers,jesse.rogers293@yahoo.com,Kenya,29,2024-11-18
98,Trevor Fisher,trevor.fisher155@gmail.com,South Africa,35,2023-11-09
99,Paul Williams,paul.williams339@yahoo.com,Nigeria,5,2025-05-01
100,Barry Bernard,barry.bernard399@gmail.com,Ghana,14,2026-04-11
101,Tiffany Gonzalez,TIFFANY.GONZALEZ489@GMAIL.COM,Rwanda,49,2024-12-21
102,Cynthia Wells,cynthia.wells914@gmail.com,Rwanda,49,2025-05-08
103,Claudia Lyons,claudia.lyons820@yahoo.com,Rwanda,48,2024-03-27
104,Lawrence Adkins,LAWRENCE.ADKINS498@GMAIL.COM,Ghana,15,2024-11-19
105,Carla Collins,carla.collins479@hotmail.com,Rwanda,47,2026-06-28
106,Eric Byrd,eric.byrd607@yahoo.com,Nigeria,2,2023-02-25
107,Miguel Jones,miguel.jones888@hotmail.com,Rwanda,42,2023-04-13
108,Dana Terry,dana.terry466@yahoo.com,Kenya,25,2025-02-15
109,Lindsay Martinez,lindsay.martinez432@hotmail.com,Rwanda,49,2023-06-17
110,Hannah Patterson,hannah.patterson54@yahoo.com,Nigeria,2,2024-12-17
111,Matthew Smith,matthew.smith981@yahoo.com,Rwanda,42,2023-03-05
112,Ashley Yu,ashley.yu637@hotmail.com,Ghana,13,2023-09-16
113,Julia Hernandez,julia.hernandez971@gmail.com,Rwanda,43,2024-06-08
114,Tracie Nelson,tracie.nelson987@hotmail.com,Ghana,11,2023-08-23
115,Julie Petersen,julie.petersen27@hotmail.com,Ghana,20,2026-03-25
116,Samuel Rivas,samuel.rivas204@gmail.com,Kenya,26,2024-05-12
117,Jerry Christensen,jerry.christensen871@hotmail.com,Rwanda,45,2023-09-05
118,Jamie Johnson,jamie.johnson439@yahoo.com,Nigeria,3,2023-05-22
119,Daniel Salinas,daniel.salinas870@yahoo.com,Rwanda,42,2025-09-30
120,Kyle Beard,kyle.beard651@hotmail.com,Kenya,28,2025-07-30
121,Travis Miller,travis.miller535@hotmail.com,Kenya,28,2024-07-07
122,Justin Allen,justin.allen477@yahoo.com,South Africa,35,2026-04-28
123,Katherine Mcguire,katherine.mcguire851@gmail.com,Kenya,21,2024-07-25
124,Jared Sanchez,jared.sanchez584@hotmail.com,Ghana,16,2025-02-15
125,Kara Schmidt,kara.schmidt333@yahoo.com,Nigeria,2,2024-03-10
126,Krista Bell MD,krista.bell.md902@yahoo.com,Ghana,17,2024-07-19
127,Bryan Lee,bryan.lee196@gmail.com,Nigeria,1,2025-04-12
128,Tiffany Vaughn,tiffany.vaughn708@gmail.com,South Africa,36,2025-10-02
129,John Hardy,john.hardy227@hotmail.com,Nigeria,2,2024-05-13
130,Veronica Wall,veronica.wall485@yahoo.com,Rwanda,43,2024-12-05
131,Christopher Smith,christopher.smith361@hotmail.com,Rwanda,48,2024-07-08
132,Angel Brown,angel.brown739@yahoo.com,Ghana,17,2023-09-02
133,Beth Oneill,beth.oneill197@yahoo.com,Rwanda,49,2025-09-18
134,Adam Mitchell,adam.mitchell779@yahoo.com,Rwanda,47,2024-08-02
135,Cody Williams,cody.williams370@yahoo.com,Ghana,13,2023-01-29
136,Austin Vasquez,austin.vasquez998@hotmail.com,Nigeria,9,2024-08-21
137,Amy Hernandez,amy.hernandez503@hotmail.com,Rwanda,41,2023-01-26
138,Angela Wright,angela.wright452@hotmail.com,Ghana,19,2023-04-16
139,Lisa Gibbs,lisa.gibbs67@gmail.com,South Africa,31,2023-06-01
140,Jamie Kerr,jamie.kerr156@yahoo.com,Rwanda,41,2026-02-26
141,Wanda Torres,wanda.torres122@hotmail.com,Nigeria,6,2025-05-02
142,Tyler Garcia,tyler.garcia232@gmail.com,South Africa,39,2025-02-18
143,Deborah Miller,deborah.miller603@gmail.com,Kenya,29,2024-09-17
144,Benjamin Smith,benjamin.smith984@yahoo.com,South Africa,40,2024-03-01
145,Julie Johnson,julie.johnson84@yahoo.com,Ghana,14,2023-12-22
146,Michele Gibson,michele.gibson419@hotmail.com,Nigeria,5,2026-05-01
147,Dennis Moody,,Ghana,19,2024-08-13
148,Regina Gonzalez,regina.gonzalez73@gmail.com,Rwanda,45,2024-06-25
149,Maria Kerr,maria.kerr957@gmail.com,South Africa,38,2023-08-24
150,Christopher Parker,christopher.parker931@hotmail.com,Ghana,15,2023-10-19
151,Tammy Gonzales,tammy.gonzales315@yahoo.com,Nigeria,4,2026-03-11
152,Melissa Bender,melissa.bender706@hotmail.com,Kenya,29,2025-04-04
153,Jessica George,jessica.george449@yahoo.com,South Africa,33,2023-03-23
154,Lindsey Johnson,LINDSEY.JOHNSON257@GMAIL.COM,Rwanda,48,2024-04-13
155,Sara Johnston,sara.johnston784@gmail.com,South Africa,38,2024-07-05
156,Miss Debra Williams PhD,miss.debra.williams.phd180@yahoo.com,Nigeria,3,2025-06-24
157,Jessica Ramirez,jessica.ramirez447@hotmail.com,Ghana,12,2025-10-04
158,Robert Costa,robert.costa342@yahoo.com,South Africa,31,2023-08-03
159,Gary Santiago,gary.santiago508@gmail.com,Kenya,22,2025-03-31
160,Michael Roberts,michael.roberts323@yahoo.com,Nigeria,3,2023-08-26
161,Krista Gibson,krista.gibson2@yahoo.com,South Africa,33,2026-01-16
162,Brian Barton,brian.barton531@hotmail.com,Kenya,27,2025-10-17
163,April Booth,april.booth209@yahoo.com,Kenya,29,2023-09-26
164,Cody Cox,cody.cox497@yahoo.com,Kenya,29,2026-05-31
165,Olivia Harris,OLIVIA.HARRIS565@HOTMAIL.COM,Rwanda,46,2025-04-15
166,Dwayne Gilmore,dwayne.gilmore935@yahoo.com,Ghana,15,2023-08-29
167,William Lynch,william.lynch734@gmail.com,Nigeria,10,2024-07-13
168,Emily Smith,emily.smith250@yahoo.com,South Africa,31,2023-10-24
169,Willie Durham,willie.durham521@yahoo.com,Ghana,13,2023-10-07
170,Maria Moore,maria.moore875@hotmail.com,Ghana,18,2025-11-05
171,Michael Perry,michael.perry306@yahoo.com,Nigeria,1,2026-04-02
172,Mrs. Kristen Reyes,mrs..kristen.reyes496@hotmail.com,Nigeria,10,2026-02-04
173,Sherry Shields,sherry.shields330@yahoo.com,Kenya,25,2024-05-04
174,Sarah Morgan,sarah.morgan795@hotmail.com,Kenya,25,2024-10-13
175,Aaron Barber,aaron.barber391@hotmail.com,Rwanda,46,2023-11-08
176,Mary Grimes,mary.grimes989@yahoo.com,Nigeria,3,2023-07-25
177,Haley Arnold,HALEY.ARNOLD468@HOTMAIL.COM,Nigeria,7,2023-10-23
178,Timothy Kane,timothy.kane77@hotmail.com,Rwanda,42,2024-06-26
179,James Chase,james.chase666@yahoo.com,South Africa,40,2024-11-03
180,Patrick Thornton,patrick.thornton642@yahoo.com,Kenya,25,2025-09-26
181,Matthew Hoover,matthew.hoover241@gmail.com,Nigeria,3,2024-08-11
182,Andrew Shaw MD,andrew.shaw.md101@gmail.com,Rwanda,48,2023-07-25
183,Jessica Fox,JESSICA.FOX926@YAHOO.COM,Ghana,11,2024-10-26
184,Charles Pitts,charles.pitts442@gmail.com,Ghana,19,2025-12-23
185,Richard Baker,richard.baker185@hotmail.com,South Africa,37,2023-06-11
186,Marie Christian,marie.christian247@hotmail.com,Kenya,25,2026-04-09
187,Jamie Stewart,jamie.stewart261@hotmail.com,Ghana,15,2023-01-20
188,Katherine Weaver,katherine.weaver162@hotmail.com,Ghana,19,2024-12-08
189,Mark Mccall,mark.mccall435@gmail.com,Ghana,20,2025-07-24
190,Jessica Garcia,jessica.garcia874@hotmail.com,Ghana,13,2024-04-30
191,Ashlee Jackson,ashlee.jackson303@yahoo.com,South Africa,37,2024-08-27
192,Amber Flynn,amber.flynn9@yahoo.com,Rwanda,43,2023-04-11
193,Jeffrey Sanchez,jeffrey.sanchez926@yahoo.com,Rwanda,48,2024-04-16
194,Rebecca Jackson,rebecca.jackson195@gmail.com,Kenya,23,2023-10-08
195,Janet Vega,janet.vega662@yahoo.com,Nigeria,7,2025-06-21
196,Briana Murray,briana.murray135@yahoo.com,South Africa,38,2024-08-27
197,Michael Nolan,michael.nolan206@yahoo.com,Rwanda,48,2026-01-09
198,Megan Moore,megan.moore280@yahoo.com,South Africa,34,2024-06-10
199,Victoria Evans,victoria.evans347@yahoo.com,Ghana,19,2025-08-17
200,Joyce Turner,joyce.turner232@yahoo.com,Nigeria,10,2025-03-24
201,Ashley James,ASHLEY.JAMES405@YAHOO.COM,Kenya,24,2026-01-03
202,Wendy Phillips,wendy.phillips767@hotmail.com,Kenya,30,2026-04-12
203,Adam Grimes,adam.grimes111@hotmail.com,Rwanda,41,2025-08-23
204,Susan Mcgee,susan.mcgee575@yahoo.com,South Africa,40,2026-06-03
205,Crystal Pham,crystal.pham844@gmail.com,Rwanda,42,2024-09-10
206,Lisa Byrd,lisa.byrd47@hotmail.com,Kenya,27,2024-09-15
207,Melanie Taylor,melanie.taylor909@gmail.com,Nigeria,8,2025-03-06
208,Maria Parker,maria.parker761@yahoo.com,Kenya,24,2026-01-11
209,Jacob Anderson,jacob.anderson159@yahoo.com,South Africa,38,2023-07-22
210,Jason Gonzalez,jason.gonzalez975@hotmail.com,South Africa,40,2025-01-28
211,Holly Shaw,holly.shaw242@yahoo.com,Kenya,29,2023-07-23
212,Dawn Summers,dawn.summers661@yahoo.com,South Africa,35,2025-03-26
213,Elizabeth Harrell,elizabeth.harrell972@gmail.com,Ghana,13,2025-07-20
214,Bernard Webster,bernard.webster655@gmail.com,Rwanda,43,2023-02-13
215,Misty Whitney,misty.whitney129@hotmail.com,Kenya,22,2024-02-25
216,Richard Smith,richard.smith601@hotmail.com,Rwanda,49,2024-04-22
217,Jacob Curry,jacob.curry923@yahoo.com,Rwanda,50,2024-07-21
218,Samantha Bentley,samantha.bentley818@gmail.com,Nigeria,9,2023-02-22
219,Kaitlyn Harvey,kaitlyn.harvey808@hotmail.com,Nigeria,1,2024-10-25
220,Leonard Holland,leonard.holland130@hotmail.com,Ghana,12,2025-12-13
221,Susan Turner,susan.turner460@yahoo.com,Rwanda,48,2025-11-17
222,Andrew Johnson,andrew.johnson227@yahoo.com,Nigeria,7,2023-03-30
223,David Medina,david.medina659@yahoo.com,South Africa,34,2023-05-05
224,Michael Paul,michael.paul111@hotmail.com,Kenya,26,2025-06-27
225,Patrick Moore,patrick.moore152@yahoo.com,Nigeria,6,2024-07-17
226,Sandra Gilbert,sandra.gilbert730@yahoo.com,Rwanda,41,2026-05-08
227,Jacob Ramos,jacob.ramos620@gmail.com,Ghana,19,2023-08-23
228,Ariana Jennings,ariana.jennings565@hotmail.com,Rwanda,42,2024-03-16
229,Maria Brown,maria.brown424@yahoo.com,Kenya,29,2025-07-17
230,Bryan Charles,bryan.charles321@yahoo.com,Kenya,27,2024-06-06
231,Daniel Fowler,daniel.fowler486@gmail.com,Nigeria,10,2023-06-24
232,Gavin Zhang,gavin.zhang757@hotmail.com,Kenya,28,2023-09-24
233,Ronald Spencer,ronald.spencer576@hotmail.com,Nigeria,4,2023-09-08
234,Sergio Murphy,sergio.murphy964@gmail.com,Kenya,23,2023-04-16
235,Linda Ramirez,linda.ramirez107@gmail.com,South Africa,39,2024-03-11
236,Ms. Rebecca Rodriguez,ms..rebecca.rodriguez868@gmail.com,Rwanda,43,2026-02-13
237,Hunter Kramer,hunter.kramer588@hotmail.com,Nigeria,8,2025-05-28
238,Christopher Williams,christopher.williams629@hotmail.com,Rwanda,50,2026-02-14
239,Brian Brown,brian.brown850@yahoo.com,South Africa,39,2023-03-01
240,Kayla Rodriguez,kayla.rodriguez317@hotmail.com,Ghana,18,2024-12-19
241,Luis Acosta,luis.acosta580@hotmail.com,Ghana,12,2023-05-23
242,Judith Maynard,judith.maynard32@gmail.com,Rwanda,48,2025-12-22
243,Dr. Jessica Rodriguez DDS,dr..jessica.rodriguez.dds350@yahoo.com,Kenya,25,2024-09-30
244,Bobby Franklin,bobby.franklin611@gmail.com,Rwanda,50,2023-04-18
245,Marcus Richards,marcus.richards51@hotmail.com,Ghana,11,2024-07-11
246,Zachary Schmidt,zachary.schmidt622@yahoo.com,Rwanda,43,2024-07-13
247,Jessica Mcguire,jessica.mcguire354@gmail.com,Rwanda,49,2024-08-03
248,Marilyn Mack,marilyn.mack316@hotmail.com,South Africa,32,2025-03-20
249,Jessica Beasley,,Nigeria,4,2024-09-09
250,Ronald Ross,ronald.ross262@hotmail.com,Rwanda,50,2023-09-03
251,Jeffery Ortega,jeffery.ortega180@yahoo.com,South Africa,32,2025-12-26
252,Melissa Wells,melissa.wells685@gmail.com,South Africa,33,2023-05-28
253,Anna Davis,anna.davis20@hotmail.com,Rwanda,48,2023-06-09
254,Carlos Brown,carlos.brown415@hotmail.com,South Africa,37,2025-05-05
255,Meagan Jenkins,meagan.jenkins990@hotmail.com,Nigeria,8,2026-06-19
256,Jenny Moon,jenny.moon91@gmail.com,Rwanda,45,2023-08-05
257,Lindsay Bell,lindsay.bell537@hotmail.com,Kenya,28,2024-09-27
258,Brittney Olson,brittney.olson173@gmail.com,Ghana,15,2023-08-22
259,Justin Wilson,justin.wilson795@yahoo.com,South Africa,33,2023-10-30
260,Renee Bruce,renee.bruce203@hotmail.com,Nigeria,7,2023-11-10
261,Maria Johnson,maria.johnson792@hotmail.com,Nigeria,5,2025-08-08
262,Debra White,debra.white698@hotmail.com,Rwanda,49,2026-03-02
263,Tammy Bell,tammy.bell331@gmail.com,Rwanda,41,2024-10-09
264,Kylie Morales,kylie.morales453@gmail.com,Kenya,29,2024-07-16
265,Valerie Davis,valerie.davis76@hotmail.com,Nigeria,4,2025-07-14
266,Jason Peterson,jason.peterson294@yahoo.com,Nigeria,4,2023-07-04
267,Frederick Pugh,frederick.pugh474@hotmail.com,South Africa,39,2023-03-26
268,Anthony Moore,anthony.moore330@hotmail.com,South Africa,37,2025-10-23
269,Brad Ramos,brad.ramos831@yahoo.com,Nigeria,4,2024-12-04
270,Mr. Donald Fischer,mr..donald.fischer41@gmail.com,South Africa,33,2025-06-15
271,Brian Gregory,brian.gregory163@hotmail.com,South Africa,34,2024-08-02
272,Mr. Andrew Foster,mr..andrew.foster696@hotmail.com,Kenya,27,2024-11-16
273,Dan Dougherty,dan.dougherty695@gmail.com,Kenya,22,2024-05-31
274,Donna Wilson,donna.wilson342@yahoo.com,South Africa,39,2023-10-17
275,Casey James,casey.james716@hotmail.com,Ghana,20,2023-09-22
276,Justin Barnett,justin.barnett318@yahoo.com,Rwanda,46,2024-11-03
277,Scott Williams,scott.williams970@gmail.com,Rwanda,43,2025-12-14
278,Blake Edwards,blake.edwards521@yahoo.com,Rwanda,42,2025-01-12
279,Michelle Butler,michelle.butler350@gmail.com,Ghana,12,2025-09-22
280,Vincent Jackson,vincent.jackson159@hotmail.com,Ghana,15,2023-07-27
281,Michael Cox,michael.cox757@yahoo.com,Rwanda,50,2023-03-19
282,Dana Chapman,dana.chapman612@hotmail.com,Rwanda,50,2023-11-29
283,Seth Reese,seth.reese829@gmail.com,Rwanda,45,2025-06-15
284,Christopher Dixon,christopher.dixon737@gmail.com,Kenya,27,2025-06-28
285,Cheyenne Parsons,cheyenne.parsons803@yahoo.com,Ghana,19,2025-12-29
286,Sabrina Briggs,sabrina.briggs804@gmail.com,Ghana,20,2024-02-02
287,David Thompson,david.thompson452@gmail.com,Rwanda,44,2024-07-31
288,Mary Thompson,mary.thompson990@hotmail.com,South Africa,33,2024-02-13
289,Paul Wolf MD,paul.wolf.md54@hotmail.com,Nigeria,9,2025-01-30
290,Victoria Morris,victoria.morris529@hotmail.com,Nigeria,7,2024-08-06
291,Jeremiah Harrison,jeremiah.harrison461@hotmail.com,Rwanda,49,2023-10-29
292,Donald Brown,donald.brown228@hotmail.com,Nigeria,6,2024-12-16
293,Joel Johnson,joel.johnson515@yahoo.com,Kenya,27,2025-03-01
294,Angela Lin,angela.lin327@gmail.com,Kenya,24,2024-11-17
295,Katie Ford,,Nigeria,9,2025-08-25
296,Rebecca Huang,rebecca.huang460@yahoo.com,Rwanda,49,2023-06-12
297,Laura Lopez,laura.lopez154@hotmail.com,Ghana,17,2026-05-31
298,Chris Brown,chris.brown296@gmail.com,Kenya,28,2023-09-07
299,Sara Haas,sara.haas813@gmail.com,Ghana,16,2023-05-09
300,Carrie Wright,carrie.wright17@yahoo.com,South Africa,32,2026-03-23
301,Kelly Bishop MD,KELLY.BISHOP.MD440@YAHOO.COM,Rwanda,46,2024-12-23
302,Raymond Shelton,raymond.shelton681@gmail.com,South Africa,37,2025-12-08
303,Maria Jones,maria.jones558@gmail.com,Nigeria,5,2025-11-05
304,Jasmine King,jasmine.king482@hotmail.com,Nigeria,2,2025-03-03
305,Lindsey Hernandez,lindsey.hernandez366@gmail.com,Ghana,17,2024-12-07
306,Brenda Bailey,brenda.bailey107@hotmail.com,Rwanda,47,2024-11-11
307,Jenna Larson,jenna.larson347@gmail.com,Nigeria,3,2023-12-25
308,James Conner,james.conner187@gmail.com,Rwanda,45,2023-05-10
309,Sandra Rodgers,sandra.rodgers45@hotmail.com,Nigeria,3,2023-03-27
310,Anna Santiago,anna.santiago835@hotmail.com,Ghana,20,2024-06-02
311,Jack White,jack.white293@gmail.com,Rwanda,49,2023-04-08
312,Ralph Lee,ralph.lee819@gmail.com,Kenya,22,2025-03-30
313,Edward French,edward.french192@hotmail.com,Kenya,25,2025-10-15
314,Sandy Stephenson,sandy.stephenson85@gmail.com,South Africa,34,2023-06-11
315,Sherri Williamson,sherri.williamson185@hotmail.com,South Africa,39,2024-10-19
316,Christopher Guerra,christopher.guerra303@hotmail.com,Nigeria,6,2026-05-19
317,Carol Kim,carol.kim360@yahoo.com,Ghana,11,2024-12-23
318,Nathan Montes,nathan.montes811@hotmail.com,Kenya,28,2023-06-03
319,Paul Cole,paul.cole821@hotmail.com,Kenya,26,2023-11-24
320,Vincent Mueller,vincent.mueller695@gmail.com,Nigeria,10,2023-03-13
321,Travis Joyce,travis.joyce661@yahoo.com,Nigeria,5,2025-02-23
322,Paula Shaw,paula.shaw696@yahoo.com,Nigeria,3,2025-01-29
323,Ruth Solis,ruth.solis588@gmail.com,Kenya,29,2025-01-21
324,Amy Castillo,amy.castillo256@yahoo.com,Kenya,21,2023-02-23
325,Ashley Singleton,ashley.singleton936@gmail.com,South Africa,32,2024-06-20
326,Phillip Nelson,phillip.nelson627@hotmail.com,Rwanda,46,2025-10-02
327,Jeffrey Potts,jeffrey.potts76@gmail.com,Nigeria,8,2025-06-30
328,Stacey Arias,stacey.arias328@yahoo.com,Rwanda,44,2023-05-13
329,Jonathan Young,jonathan.young308@gmail.com,South Africa,35,2023-12-23
330,Alfred Galvan,alfred.galvan206@hotmail.com,South Africa,33,2024-04-29
331,Raven Taylor,raven.taylor587@yahoo.com,Nigeria,2,2026-02-03
332,Kaitlyn Guerra,kaitlyn.guerra68@hotmail.com,South Africa,40,2025-09-07
333,Luis Bullock,luis.bullock844@gmail.com,Kenya,27,2023-09-14
334,Ruben Dunn,ruben.dunn478@hotmail.com,Rwanda,42,2024-12-06
335,Jenny Parsons,jenny.parsons602@gmail.com,Rwanda,50,2023-09-22
336,Anthony Barnes,anthony.barnes57@hotmail.com,South Africa,33,2025-11-27
337,Brian Stein,brian.stein331@hotmail.com,Ghana,20,2024-04-06
338,Lynn Andrews,lynn.andrews867@hotmail.com,South Africa,34,2024-02-07
339,Jeffrey Mendez,jeffrey.mendez641@gmail.com,South Africa,36,2025-12-28
340,Chelsea Barnett,chelsea.barnett607@hotmail.com,South Africa,33,2023-11-12
341,Andrea Fox,andrea.fox924@hotmail.com,Rwanda,43,2026-02-28
342,Katie Smith,katie.smith972@yahoo.com,Nigeria,2,2026-03-27
343,James Brooks,james.brooks586@hotmail.com,Rwanda,42,2023-03-04
344,Richard Cooper,richard.cooper658@hotmail.com,Rwanda,41,2025-09-16
345,Ashley Perkins,ashley.perkins465@yahoo.com,Rwanda,44,2023-05-03
346,Harold Morgan,harold.morgan476@hotmail.com,Kenya,29,2026-05-27
347,Richard Marshall,richard.marshall327@hotmail.com,Kenya,21,2024-12-08
348,Clarence Taylor,clarence.taylor528@hotmail.com,Nigeria,9,2024-10-15
349,Judith Carter,judith.carter461@gmail.com,Kenya,30,2023-07-18
350,Stacey Stewart,stacey.stewart885@yahoo.com,Ghana,19,2024-05-23
351,Virginia Daniels,virginia.daniels739@yahoo.com,Kenya,21,2023-11-23
352,Matthew Mitchell,matthew.mitchell901@gmail.com,South Africa,33,2023-02-17
353,Evelyn Martinez,evelyn.martinez990@yahoo.com,Kenya,26,2026-04-09
354,James Gonzales,james.gonzales507@yahoo.com,Nigeria,4,2025-08-21
355,Cody Holt,,South Africa,35,2023-08-09
356,Robert Adams,robert.adams745@gmail.com,Nigeria,9,2025-04-05
357,Angela Morrison,angela.morrison584@gmail.com,Nigeria,3,2025-01-12
358,Erica Miller,erica.miller517@hotmail.com,Ghana,19,2026-01-31
359,Jeremy Robbins,jeremy.robbins122@gmail.com,South Africa,40,2023-07-18
360,Heather Williams,heather.williams348@yahoo.com,Kenya,24,2025-01-18
361,Jessica Fowler,jessica.fowler412@gmail.com,Ghana,13,2023-04-03
362,Mark Cox,mark.cox824@hotmail.com,Nigeria,9,2025-07-24
363,Tiffany Thomas,tiffany.thomas144@hotmail.com,South Africa,39,2026-06-09
364,Jessica Martinez,jessica.martinez632@gmail.com,Ghana,11,2024-09-04
365,Holly Reyes,holly.reyes522@hotmail.com,Kenya,22,2026-02-26
366,Christian Cole,christian.cole378@yahoo.com,South Africa,31,2023-08-13
367,Phillip Berry,phillip.berry921@hotmail.com,South Africa,38,2023-02-24
368,Ernest Ramirez,ernest.ramirez672@gmail.com,South Africa,31,2026-03-30
369,Cody Holmes,cody.holmes598@hotmail.com,Ghana,15,2025-12-09
370,Reginald Padilla,reginald.padilla862@gmail.com,Rwanda,47,2024-05-11
371,Donna Hendricks DDS,donna.hendricks.dds113@gmail.com,South Africa,37,2025-06-22
372,Benjamin Thompson,benjamin.thompson708@hotmail.com,Kenya,27,2025-10-24
373,Brandon Fleming,brandon.fleming754@yahoo.com,South Africa,31,2023-10-10
374,Michelle Pierce,michelle.pierce679@yahoo.com,Ghana,14,2025-02-10
375,Sarah Joseph,sarah.joseph546@hotmail.com,Ghana,12,2024-12-26
376,Rebecca Hicks,rebecca.hicks496@gmail.com,Rwanda,45,2024-05-19
377,Dr. Cynthia Snyder,dr..cynthia.snyder965@yahoo.com,South Africa,36,2024-09-01
378,Jackie Lara,jackie.lara722@hotmail.com,Rwanda,46,2025-09-09
379,Stephen Jones,stephen.jones815@yahoo.com,South Africa,36,2024-08-12
380,Dr. Kelly Hammond DVM,dr..kelly.hammond.dvm389@gmail.com,South Africa,37,2025-03-19
381,Evan Jones,evan.jones298@yahoo.com,Rwanda,50,2023-06-11
382,Haley Humphrey,haley.humphrey766@hotmail.com,Kenya,29,2024-02-18
383,Catherine Burch,catherine.burch713@yahoo.com,Ghana,18,2023-08-12
384,Sheena Guerra,sheena.guerra249@hotmail.com,Rwanda,48,2025-12-23
385,Christopher Morris,christopher.morris103@hotmail.com,Rwanda,41,2025-08-25
386,Travis Stone,travis.stone6@yahoo.com,Rwanda,44,2023-11-20
387,Danielle Reid,danielle.reid900@hotmail.com,Rwanda,42,2024-02-13
388,Mario Mendez,mario.mendez61@gmail.com,Kenya,21,2023-07-03
389,Caroline David,caroline.david757@gmail.com,South Africa,37,2023-03-18
390,Marcus Winters,marcus.winters181@yahoo.com,Kenya,27,2023-03-16
391,Kristy Bryan,kristy.bryan767@gmail.com,South Africa,32,2024-08-15
392,Travis Wise,travis.wise618@yahoo.com,Nigeria,1,2024-11-17
393,Pamela Butler,pamela.butler557@hotmail.com,Kenya,30,2023-10-02
394,Stephen Gardner,stephen.gardner829@hotmail.com,Kenya,30,2023-11-29
395,Karen Ballard,KAREN.BALLARD191@HOTMAIL.COM,Rwanda,42,2024-11-21
396,Jesse Barker,jesse.barker198@gmail.com,South Africa,37,2025-04-10
397,John Harris,john.harris411@hotmail.com,South Africa,33,2024-01-14
398,Scott Flores,SCOTT.FLORES255@YAHOO.COM,South Africa,31,2025-02-24
399,Bianca Wood,bianca.wood977@hotmail.com,Kenya,29,2026-04-07
400,David Martinez,david.martinez369@yahoo.com,Nigeria,1,2023-05-08
401,Brent Roberts,brent.roberts416@yahoo.com,Kenya,30,2024-09-28
402,Jennifer Estes,jennifer.estes303@gmail.com,Rwanda,41,2024-03-28
403,Taylor Griffith,taylor.griffith466@gmail.com,Nigeria,9,2026-05-25
404,Kathleen Robertson,kathleen.robertson935@yahoo.com,Kenya,27,2026-01-05
405,Kathleen Davis,kathleen.davis773@yahoo.com,Rwanda,49,2023-06-17
406,Tracy Lewis,tracy.lewis371@yahoo.com,Kenya,29,2026-03-01
407,Douglas Harper,douglas.harper925@hotmail.com,Nigeria,4,2026-03-18
408,Donna Smith,donna.smith875@gmail.com,Nigeria,10,2023-08-27
409,Stephen Luna,stephen.luna94@yahoo.com,Rwanda,46,2025-07-01
410,James Hudson,james.hudson426@gmail.com,Kenya,30,2023-04-29
411,Dylan Hughes,dylan.hughes316@yahoo.com,Kenya,30,2025-03-21
412,Diana Hays,diana.hays593@hotmail.com,Nigeria,1,2025-05-17
413,Betty Davis,betty.davis62@yahoo.com,Rwanda,45,2023-05-22
414,Gina Mcmillan,gina.mcmillan185@gmail.com,Nigeria,3,2025-05-10
415,Jordan Porter,jordan.porter940@gmail.com,Kenya,25,2025-02-08
416,Micheal Brock,micheal.brock896@hotmail.com,Rwanda,44,2024-12-13
417,Larry Robertson,larry.robertson403@yahoo.com,Ghana,12,2024-04-01
418,Emily Long,,Rwanda,49,2024-09-03
419,Sarah Wheeler,sarah.wheeler435@hotmail.com,Rwanda,44,2024-04-15
420,Kim Erickson,kim.erickson283@yahoo.com,Kenya,30,2023-08-20
421,Alan Rivera,alan.rivera785@gmail.com,Rwanda,43,2023-02-02
422,Lauren Robles,lauren.robles609@hotmail.com,Ghana,14,2026-05-09
423,Lori Carlson,lori.carlson412@yahoo.com,Ghana,16,2026-01-10
424,Rachel Parsons,rachel.parsons58@hotmail.com,Rwanda,49,2024-08-15
425,Anthony Castillo,anthony.castillo592@hotmail.com,Rwanda,47,2024-10-18
426,Lisa Randall,lisa.randall677@gmail.com,Ghana,20,2025-04-26
427,Dana Armstrong,dana.armstrong972@hotmail.com,Ghana,18,2023-12-25
428,Albert Edwards,albert.edwards508@gmail.com,Rwanda,44,2024-12-06
429,Damon Shaw,damon.shaw538@hotmail.com,Rwanda,43,2025-05-02
430,Shelley Fitzgerald,shelley.fitzgerald189@gmail.com,Nigeria,10,2025-08-27
431,Kelly Hoffman,kelly.hoffman725@hotmail.com,Ghana,15,2025-08-06
432,James Frye,james.frye427@yahoo.com,South Africa,36,2023-10-02
433,Gloria Gomez,gloria.gomez339@hotmail.com,Ghana,16,2025-07-10
434,Regina Baker,regina.baker850@yahoo.com,Nigeria,6,2024-07-03
435,David Grant,david.grant41@gmail.com,Rwanda,44,2024-01-21
436,Vickie Wise,vickie.wise223@hotmail.com,Rwanda,47,2024-11-12
437,Michael Stewart,michael.stewart195@yahoo.com,Nigeria,1,2023-08-29
438,Taylor Griffith,taylor.griffith721@yahoo.com,Ghana,16,2024-05-05
439,Michael James,michael.james390@yahoo.com,Kenya,21,2025-01-05
440,Tina Ballard,tina.ballard904@yahoo.com,Ghana,17,2023-07-21
441,Tyler Miller,tyler.miller937@yahoo.com,Rwanda,49,2024-10-02
442,Nicole Lewis,nicole.lewis227@hotmail.com,Nigeria,3,2023-02-03
443,Justin Nelson,justin.nelson594@gmail.com,South Africa,36,2024-08-27
444,Laurie Sanchez,laurie.sanchez389@hotmail.com,Ghana,13,2024-05-18
445,Courtney Hall,courtney.hall702@gmail.com,South Africa,36,2025-09-27
446,Mitchell Garcia,mitchell.garcia173@gmail.com,Rwanda,48,2024-12-22
447,Joshua Hickman,joshua.hickman501@yahoo.com,Nigeria,9,2026-01-15
448,Shirley Alvarez,shirley.alvarez860@hotmail.com,Nigeria,4,2023-04-10
449,Victor Morris,victor.morris646@hotmail.com,Kenya,27,2023-11-06
450,Randy Pearson,randy.pearson383@gmail.com,Ghana,14,2026-06-16
451,Miranda Zuniga,miranda.zuniga7@gmail.com,Rwanda,43,2025-04-22
452,Ryan Peck,ryan.peck282@gmail.com,Nigeria,2,2024-08-10
453,Jennifer Simpson DVM,jennifer.simpson.dvm691@yahoo.com,South Africa,33,2024-01-03
454,Alexandra Bradley,alexandra.bradley247@gmail.com,Nigeria,7,2025-12-14
455,Frances Gibson,frances.gibson407@hotmail.com,Kenya,23,2025-04-11
456,Kathleen Mays,kathleen.mays714@hotmail.com,South Africa,37,2023-06-15
457,Corey Rodriguez,corey.rodriguez96@gmail.com,Rwanda,42,2025-02-11
458,Mariah Higgins,mariah.higgins10@gmail.com,South Africa,31,2023-06-19
459,Rachel Bradley,rachel.bradley340@gmail.com,Kenya,28,2023-07-15
460,Scott Prince,scott.prince923@yahoo.com,Nigeria,3,2026-03-06
461,Angie Caldwell,angie.caldwell77@gmail.com,Ghana,18,2024-07-28
462,Mrs. Taylor Smith,mrs..taylor.smith184@yahoo.com,South Africa,37,2024-10-06
463,Paul Finley,paul.finley771@yahoo.com,Ghana,14,2025-03-26
464,Laura Green,laura.green247@yahoo.com,Ghana,20,2025-03-07
465,Amy Wilson,amy.wilson758@yahoo.com,Kenya,22,2023-06-10
466,Michael Leblanc,michael.leblanc55@hotmail.com,Rwanda,48,2024-04-20
467,Melissa Fowler,melissa.fowler629@yahoo.com,Kenya,22,2025-03-23
468,Daniel Bernard,daniel.bernard803@yahoo.com,Nigeria,2,2025-10-01
469,Paul Obrien,paul.obrien385@yahoo.com,Kenya,23,2026-04-14
470,Susan Todd,susan.todd303@hotmail.com,Nigeria,6,2023-05-31
471,Pamela Becker,pamela.becker729@hotmail.com,Ghana,18,2023-11-12
472,Angela Griffin,ANGELA.GRIFFIN94@HOTMAIL.COM,Kenya,21,2024-09-23
473,Thomas Rodriguez,thomas.rodriguez105@hotmail.com,Kenya,24,2024-01-19
474,Christina Herrera,christina.herrera525@gmail.com,Kenya,29,2023-02-23
475,Joseph Wilson,joseph.wilson612@gmail.com,Kenya,23,2024-10-26
476,Katherine Nolan,katherine.nolan398@yahoo.com,Nigeria,1,2026-02-19
477,Jody Palmer,jody.palmer702@yahoo.com,South Africa,37,2023-10-12
478,Kristin Chambers,kristin.chambers150@yahoo.com,Ghana,20,2025-06-09
479,Jennifer Velasquez,jennifer.velasquez802@hotmail.com,Kenya,27,2024-05-30
480,Benjamin Henderson,benjamin.henderson609@hotmail.com,Rwanda,47,2025-07-26
481,Zachary Michael,zachary.michael972@gmail.com,Nigeria,9,2026-06-24
482,Mrs. Donna White,mrs..donna.white441@gmail.com,Kenya,22,2026-05-02
483,Veronica Brewer,veronica.brewer971@yahoo.com,Ghana,20,2025-09-08
484,Steven West,steven.west992@yahoo.com,Ghana,12,2025-10-02
485,Michael Stanley,michael.stanley288@hotmail.com,Ghana,16,2025-03-15
486,Scott Wilson,scott.wilson205@hotmail.com,Nigeria,8,2026-01-22
487,Cameron Irwin,cameron.irwin28@gmail.com,Rwanda,44,2025-08-03
488,Veronica Ford,veronica.ford852@hotmail.com,Kenya,29,2025-04-17
489,Kim Morrow,kim.morrow248@gmail.com,Nigeria,9,2023-11-12
490,Christopher Lopez,christopher.lopez613@hotmail.com,Kenya,25,2025-03-31
491,Amanda Keller,amanda.keller891@hotmail.com,South Africa,33,2026-01-18
492,Stacey Smith,stacey.smith832@gmail.com,Kenya,24,2023-06-24
493,Kirk Griffin,kirk.griffin681@hotmail.com,Rwanda,50,2026-06-08
494,Amber Yang,amber.yang694@yahoo.com,South Africa,37,2024-11-10
495,Joshua Webster,,Nigeria,7,2024-06-13
496,Brenda Holder,brenda.holder572@gmail.com,South Africa,33,2026-03-24
497,Monique Flores,monique.flores475@hotmail.com,Kenya,29,2026-04-20
498,Sabrina Young,sabrina.young26@gmail.com,Nigeria,10,2024-08-28
499,Ms. Jennifer Hill,ms..jennifer.hill964@hotmail.com,Nigeria,6,2024-12-14
500,Sheryl Buck,sheryl.buck212@hotmail.com,Kenya,22,2024-12-14
501,Kristi Williams,kristi.williams714@yahoo.com,Nigeria,7,2023-05-18
502,Megan Floyd,MEGAN.FLOYD118@YAHOO.COM,Nigeria,3,2024-12-03
503,Jennifer Evans,jennifer.evans169@gmail.com,Nigeria,7,2024-05-14
504,Kara Atkinson,kara.atkinson339@yahoo.com,Ghana,12,2025-08-04
505,Brianna Ford,brianna.ford191@gmail.com,Kenya,26,2025-06-04
506,Tracy Grant,tracy.grant905@gmail.com,Nigeria,2,2026-04-27
507,David Rivera,,Kenya,25,2024-03-15
508,Jerry Watson,jerry.watson829@hotmail.com,Ghana,18,2026-03-28
509,Cheryl Adams,cheryl.adams334@hotmail.com,South Africa,35,2023-08-22
510,Amanda Jones,amanda.jones541@hotmail.com,Rwanda,43,2024-10-03
511,Kristin Mendoza,kristin.mendoza602@yahoo.com,Kenya,25,2024-12-21
512,Terry Lewis,terry.lewis690@gmail.com,South Africa,40,2024-09-01
513,Autumn Key,autumn.key138@yahoo.com,South Africa,38,2024-05-03
514,Melissa Padilla,melissa.padilla711@yahoo.com,Nigeria,8,2025-03-06
515,Kristen Rowe,kristen.rowe393@yahoo.com,South Africa,39,2025-09-23
516,Matthew Parker,matthew.parker661@yahoo.com,South Africa,35,2023-12-21
517,Kathleen Garcia,kathleen.garcia144@hotmail.com,Ghana,11,2025-07-12
518,Ryan Rocha,RYAN.ROCHA975@YAHOO.COM,Nigeria,4,2023-10-07
519,Angel Shields,angel.shields518@hotmail.com,Kenya,25,2025-04-17
520,Dean Donovan,dean.donovan455@hotmail.com,Kenya,27,2023-06-19
521,Elizabeth Gonzalez,elizabeth.gonzalez226@gmail.com,Nigeria,2,2024-07-16
522,Roy Porter,roy.porter800@hotmail.com,South Africa,35,2025-10-11
523,Gail Hines,gail.hines117@yahoo.com,South Africa,33,2026-01-17
524,Maria Henry,maria.henry43@gmail.com,South Africa,35,2025-06-22
525,Heather Taylor,heather.taylor105@hotmail.com,Ghana,14,2024-05-21
526,Thomas Weaver DDS,thomas.weaver.dds357@gmail.com,Nigeria,3,2023-06-28
527,Sara Jones,sara.jones243@hotmail.com,Nigeria,8,2026-04-19
528,Aaron Taylor,aaron.taylor439@hotmail.com,Rwanda,46,2023-10-13
529,Michael Smith,michael.smith584@hotmail.com,Ghana,14,2024-07-29
530,Antonio Little,antonio.little721@hotmail.com,South Africa,35,2026-03-18
531,Mary Smith,mary.smith696@hotmail.com,South Africa,33,2023-10-05
532,Alexandra Moreno,alexandra.moreno888@yahoo.com,Nigeria,4,2023-09-29
533,Donna Shaw,donna.shaw849@hotmail.com,Nigeria,10,2025-03-15
534,Renee Browning,renee.browning276@gmail.com,Nigeria,10,2025-02-07
535,Kelly Allen,kelly.allen902@hotmail.com,Nigeria,5,2025-04-05
536,Robin Adams,robin.adams959@yahoo.com,Rwanda,48,2025-07-20
537,Tyler Stevens,tyler.stevens890@gmail.com,Kenya,21,2023-07-10
538,Courtney Sutton DVM,courtney.sutton.dvm367@hotmail.com,Rwanda,41,2025-12-30
539,Marie Johnson MD,marie.johnson.md845@yahoo.com,Ghana,14,2024-07-03
540,Amy Smith,amy.smith592@gmail.com,Ghana,19,2025-09-20
541,Ryan Newman,ryan.newman48@yahoo.com,Rwanda,44,2025-07-30
542,Shannon Davis,shannon.davis162@hotmail.com,Nigeria,8,2023-01-02
543,Crystal Valenzuela,crystal.valenzuela932@hotmail.com,Ghana,13,2024-09-10
544,Karen Williams,karen.williams370@gmail.com,Ghana,18,2025-01-31
545,Diana Daniels,diana.daniels641@hotmail.com,Ghana,11,2024-04-24
546,Timothy Edwards,TIMOTHY.EDWARDS98@GMAIL.COM,Rwanda,42,2025-09-03
547,Nicole Marquez,nicole.marquez532@yahoo.com,Nigeria,9,2023-01-20
548,Elizabeth Elliott,elizabeth.elliott124@hotmail.com,Rwanda,45,2025-05-14
549,Jasmine Mosley,jasmine.mosley393@yahoo.com,South Africa,31,2023-07-29
550,Patrick Gibbs,patrick.gibbs307@hotmail.com,Kenya,21,2023-09-30
551,Kathryn Mccann,kathryn.mccann544@gmail.com,Rwanda,44,2026-06-03
552,David Jones,david.jones740@hotmail.com,Ghana,11,2023-11-07
553,Tina Sanders,tina.sanders881@yahoo.com,South Africa,40,2023-07-25
554,Donald Riddle,donald.riddle748@yahoo.com,Rwanda,49,2025-05-29
555,Juan Bennett,juan.bennett661@gmail.com,Nigeria,9,2026-02-07
556,Mary Miller,mary.miller292@hotmail.com,South Africa,39,2023-02-24
557,David Jones,david.jones622@yahoo.com,Ghana,20,2025-03-13
558,Michael Walters,michael.walters920@hotmail.com,Rwanda,42,2024-05-05
559,Isaac Davis,isaac.davis512@yahoo.com,Kenya,25,2023-05-26
560,Philip Garcia,philip.garcia957@gmail.com,Nigeria,1,2025-03-03
561,Jerry Peters,jerry.peters700@yahoo.com,Kenya,27,2025-08-22
562,Brandon Spencer,brandon.spencer15@hotmail.com,Nigeria,2,2023-03-23
563,Erika Cruz,erika.cruz644@yahoo.com,Kenya,26,2025-04-30
564,Richard Hardy,richard.hardy656@hotmail.com,Rwanda,45,2026-06-15
565,Vanessa Armstrong,vanessa.armstrong81@gmail.com,Ghana,18,2024-02-21
566,Caroline Adams,caroline.adams601@yahoo.com,South Africa,35,2023-05-16
567,Arthur Hamilton MD,arthur.hamilton.md977@yahoo.com,Rwanda,45,2023-04-29
568,Heather Raymond,heather.raymond119@hotmail.com,Nigeria,6,2026-05-31
569,Linda Gonzalez,linda.gonzalez674@gmail.com,Ghana,20,2023-09-02
570,Adam Foster,adam.foster12@hotmail.com,Rwanda,46,2024-12-11
571,Scott Alexander,scott.alexander739@yahoo.com,South Africa,34,2025-01-31
572,Shannon Mccann,shannon.mccann276@gmail.com,Rwanda,48,2023-08-30
573,Larry Dominguez,larry.dominguez279@yahoo.com,Kenya,22,2024-06-22
574,Vincent Novak,vincent.novak467@yahoo.com,Rwanda,41,2023-04-24
575,Mackenzie Faulkner,mackenzie.faulkner162@gmail.com,South Africa,37,2023-07-30
576,Douglas Hartman,douglas.hartman234@yahoo.com,Rwanda,44,2023-01-06
577,Justin Vargas,justin.vargas484@hotmail.com,Nigeria,1,2023-11-04
578,Randall Johnson,randall.johnson936@hotmail.com,Nigeria,3,2025-05-08
579,Michael Gonzales,michael.gonzales938@yahoo.com,Kenya,21,2024-07-09
580,Andrea Abbott,andrea.abbott515@yahoo.com,South Africa,37,2023-04-18
581,Brenda Turner,brenda.turner48@yahoo.com,Ghana,15,2023-05-22
582,Michelle Mccormick,michelle.mccormick319@gmail.com,Ghana,19,2026-02-06
583,Kyle Aguilar,kyle.aguilar299@hotmail.com,Nigeria,1,2024-09-14
584,Tami Holt,tami.holt606@hotmail.com,Ghana,16,2024-02-05
585,Warren Miles,WARREN.MILES155@HOTMAIL.COM,Rwanda,49,2025-04-19
586,Suzanne Rodriguez,suzanne.rodriguez652@gmail.com,Ghana,15,2023-01-20
587,Heather Holland,heather.holland386@gmail.com,Nigeria,1,2024-09-21
588,Maria Lucas,maria.lucas244@yahoo.com,Ghana,14,2023-05-03
589,Jessica Smith,jessica.smith45@yahoo.com,Rwanda,46,2025-11-30
590,Paul Grant,paul.grant470@hotmail.com,Rwanda,45,2023-06-23
591,Jill Myers,jill.myers653@hotmail.com,Nigeria,7,2023-06-03
592,Kathryn Cooper,kathryn.cooper679@gmail.com,South Africa,37,2024-04-29
593,Mr. Thomas Miller,mr..thomas.miller949@hotmail.com,Ghana,17,2024-10-30
594,Eric Gibson,eric.gibson77@gmail.com,Kenya,29,2023-10-06
595,Hannah Davis,hannah.davis169@hotmail.com,Nigeria,7,2024-10-05
596,Emma Evans,emma.evans988@hotmail.com,Nigeria,8,2025-07-14
597,Samuel Wong,samuel.wong123@hotmail.com,Kenya,30,2024-09-15
598,Tara Yang,tara.yang878@hotmail.com,Nigeria,3,2023-07-06
599,Christopher Castro,christopher.castro51@yahoo.com,Kenya,23,2024-06-16
600,Jared Lopez,jared.lopez876@hotmail.com,Nigeria,2,2026-01-31
601,Jennifer Mclaughlin,jennifer.mclaughlin824@gmail.com,Nigeria,7,2023-09-06
602,Jeffrey Smith,jeffrey.smith228@gmail.com,Nigeria,4,2025-03-31
603,Paul Stokes,paul.stokes661@gmail.com,Rwanda,44,2026-04-15
604,Rebecca Herrera,,Nigeria,5,2023-05-13
605,Craig Wilson,craig.wilson132@hotmail.com,Rwanda,42,2024-11-10
606,Kelsey Fowler,kelsey.fowler52@hotmail.com,Nigeria,3,2026-03-21
607,James Wilson,james.wilson31@yahoo.com,Rwanda,47,2025-05-23
608,Lisa Cervantes,lisa.cervantes192@hotmail.com,Kenya,23,2025-07-02
609,Tamara Lawrence,tamara.lawrence632@hotmail.com,Nigeria,3,2024-08-27
610,Bruce Torres,bruce.torres491@gmail.com,Kenya,27,2024-07-26
611,Charles Price,charles.price659@hotmail.com,Nigeria,9,2025-12-12
612,James Lopez,james.lopez557@hotmail.com,Rwanda,41,2025-02-22
613,Tamara Arias,tamara.arias497@gmail.com,South Africa,31,2026-03-04
614,Katherine Taylor,KATHERINE.TAYLOR185@YAHOO.COM,Kenya,21,2026-05-07
615,Lisa Glenn,lisa.glenn798@gmail.com,Nigeria,2,2025-08-24
616,Mr. James Hoffman,mr..james.hoffman239@hotmail.com,Kenya,23,2023-07-25
617,Michael Perry PhD,michael.perry.phd547@yahoo.com,Rwanda,43,2023-04-25
618,Keith Flynn,keith.flynn817@gmail.com,South Africa,37,2023-12-22
619,Donald Medina,donald.medina826@gmail.com,Ghana,16,2025-01-04
620,Krystal Barton,krystal.barton361@yahoo.com,Nigeria,2,2026-02-28
621,Ashley Wilson,ashley.wilson857@hotmail.com,South Africa,37,2025-10-05
622,Holly Carson,holly.carson39@gmail.com,Ghana,20,2024-04-21
623,Jessica Robinson,,Ghana,15,2025-09-05
624,Noah Valdez,noah.valdez207@gmail.com,Kenya,22,2024-11-28
625,Zachary Cole,zachary.cole152@yahoo.com,Kenya,21,2023-10-18
626,Angie Grimes,angie.grimes984@gmail.com,South Africa,34,2025-03-21
627,Cynthia Cochran,cynthia.cochran331@hotmail.com,Nigeria,7,2023-11-19
628,Shannon Bishop,shannon.bishop665@yahoo.com,Rwanda,41,2026-02-24
629,Charles Clark,charles.clark604@gmail.com,Kenya,23,2025-02-13
630,Laura Patel,laura.patel131@hotmail.com,Rwanda,47,2023-01-04
631,Erica Padilla,erica.padilla790@yahoo.com,Kenya,26,2023-03-08
632,Tiffany Robertson,tiffany.robertson829@hotmail.com,South Africa,39,2024-03-28
633,Brandy Brady,brandy.brady509@yahoo.com,South Africa,37,2023-06-09
634,Wendy Camacho,wendy.camacho172@gmail.com,Kenya,23,2023-07-01
635,Brandi Thomas,BRANDI.THOMAS458@YAHOO.COM,Rwanda,47,2024-03-05
636,Pam Lowe,pam.lowe263@yahoo.com,Rwanda,45,2023-01-03
637,Mark Burton,mark.burton430@yahoo.com,Kenya,25,2025-04-27
638,Mark Beard,mark.beard385@gmail.com,Kenya,25,2025-09-08
639,Paul Neal,paul.neal231@yahoo.com,Rwanda,42,2023-05-31
640,John Perkins,,Ghana,19,2024-06-18
641,Sarah Davis,sarah.davis910@yahoo.com,Nigeria,5,2023-06-03
642,Melissa Horn,melissa.horn629@hotmail.com,Nigeria,6,2023-03-05
643,Walter Summers,walter.summers912@yahoo.com,Rwanda,42,2023-04-20
644,Ronald Morgan,ronald.morgan195@hotmail.com,Kenya,22,2026-02-08
645,Samuel Kramer,samuel.kramer305@hotmail.com,Ghana,17,2023-04-12
646,Amber Sims,amber.sims503@yahoo.com,South Africa,37,2025-01-08
647,Timothy Moore,timothy.moore844@yahoo.com,Kenya,28,2026-05-14
648,Tyler Harris,tyler.harris212@hotmail.com,Ghana,13,2024-08-20
649,Sonia Turner,sonia.turner316@yahoo.com,South Africa,31,2025-08-22
650,Isaac Miller,isaac.miller658@hotmail.com,Rwanda,43,2024-01-14
651,Carol Sanders,carol.sanders457@yahoo.com,Kenya,25,2025-06-19
652,Nicole Patterson,nicole.patterson276@gmail.com,Ghana,17,2023-11-06
653,April Woods,april.woods828@gmail.com,Nigeria,6,2026-04-22
654,Kelly Wallace,kelly.wallace397@gmail.com,South Africa,36,2025-05-07
655,Ruth Mcneil,ruth.mcneil487@yahoo.com,Rwanda,44,2024-04-27
656,Karen Perez,karen.perez925@gmail.com,Ghana,20,2023-03-13
657,Ashley Edwards,ashley.edwards820@yahoo.com,South Africa,37,2026-06-24
658,Raymond Mullins,raymond.mullins460@gmail.com,Nigeria,8,2023-12-09
659,Megan Jones,megan.jones434@hotmail.com,Ghana,13,2025-06-10
660,Matthew Alexander,matthew.alexander610@hotmail.com,Rwanda,41,2023-05-18
661,Paul Gillespie,paul.gillespie566@hotmail.com,Kenya,25,2024-07-19
662,Shannon Miller,shannon.miller13@gmail.com,Kenya,30,2026-06-30
663,Bryce Blair,bryce.blair116@yahoo.com,South Africa,34,2023-10-31
664,Emily Taylor,emily.taylor988@yahoo.com,South Africa,38,2023-08-05
665,Danielle Burke,danielle.burke293@hotmail.com,Rwanda,50,2024-12-05
666,Peggy Vaughn,peggy.vaughn498@hotmail.com,Ghana,17,2025-08-26
667,Christine Lawson,christine.lawson148@gmail.com,Ghana,12,2025-04-02
668,Elizabeth Brown,elizabeth.brown340@gmail.com,Kenya,26,2023-04-11
669,Brian Porter MD,brian.porter.md21@hotmail.com,Ghana,18,2024-09-12
670,Alexandria Ward,alexandria.ward879@yahoo.com,Ghana,18,2023-07-21
671,Scott Carroll,scott.carroll762@yahoo.com,Nigeria,9,2024-10-19
672,Carrie Ruiz,carrie.ruiz662@gmail.com,Rwanda,47,2025-06-23
673,Austin Baker,austin.baker778@gmail.com,Kenya,27,2025-02-04
674,Tiffany Sanders,tiffany.sanders68@yahoo.com,South Africa,33,2025-11-03
675,Kathryn Perry,kathryn.perry537@hotmail.com,Nigeria,9,2023-03-01
676,Martin Medina,martin.medina206@gmail.com,Ghana,13,2024-05-25
677,Eric Dixon,eric.dixon370@gmail.com,Kenya,30,2024-07-15
678,Brittney Murphy,brittney.murphy651@hotmail.com,Kenya,30,2023-03-04
679,Sandra Becker,sandra.becker457@gmail.com,Kenya,24,2025-08-29
680,Jeffrey Ashley,jeffrey.ashley168@gmail.com,South Africa,36,2024-06-13
681,Brandon Hamilton,,Ghana,19,2023-04-12
682,Lee Parker,lee.parker220@hotmail.com,South Africa,37,2024-04-06
683,Casey Smith,CASEY.SMITH526@GMAIL.COM,Ghana,18,2023-01-19
684,Carla Benton,carla.benton616@hotmail.com,Nigeria,9,2024-04-03
685,Samantha Green,samantha.green313@yahoo.com,South Africa,39,2024-07-17
686,Richard Adams,richard.adams471@gmail.com,Kenya,25,2025-08-13
687,Alyssa Roman,alyssa.roman639@yahoo.com,Rwanda,44,2023-07-29
688,Deborah Proctor,deborah.proctor990@hotmail.com,South Africa,33,2025-02-05
689,Jesse Ward,jesse.ward290@yahoo.com,Rwanda,42,2023-08-10
690,Carol Moore,carol.moore284@gmail.com,Nigeria,5,2024-07-21
691,Megan Wilson,megan.wilson914@hotmail.com,Rwanda,42,2024-01-21
692,Amanda Roy,amanda.roy922@gmail.com,South Africa,34,2026-05-13
693,Jack Mora,jack.mora144@gmail.com,Rwanda,43,2025-10-15
694,Shannon Tran,shannon.tran415@hotmail.com,Ghana,17,2023-03-14
695,Jennifer Morris,jennifer.morris836@yahoo.com,Rwanda,46,2024-03-31
696,Erica Mckenzie,erica.mckenzie929@hotmail.com,Rwanda,41,2025-01-04
697,Jonathan Winters,jonathan.winters861@gmail.com,Ghana,20,2026-02-17
698,Jose Williams,jose.williams132@yahoo.com,Ghana,19,2026-02-18
699,John Campbell,john.campbell671@yahoo.com,Rwanda,44,2024-12-28
700,Juan Smith,juan.smith431@gmail.com,Rwanda,48,2024-11-09
701,Richard Stevenson,richard.stevenson475@gmail.com,Ghana,17,2025-08-21
702,Kevin Snyder,kevin.snyder967@gmail.com,Rwanda,41,2025-08-25
703,Kimberly Flynn,kimberly.flynn698@gmail.com,South Africa,33,2024-09-03
704,Jason Hall,jason.hall155@yahoo.com,Nigeria,4,2024-02-15
705,Melissa Smith,melissa.smith915@yahoo.com,Kenya,27,2025-07-26
706,Matthew Sweeney,matthew.sweeney185@hotmail.com,Kenya,21,2025-09-25
707,Daniel Bird,daniel.bird321@yahoo.com,Rwanda,41,2023-01-10
708,Anthony Shea DDS,anthony.shea.dds793@gmail.com,Ghana,18,2023-11-21
709,David Bruce,david.bruce133@yahoo.com,Rwanda,49,2025-05-29
710,Jacqueline Villegas,JACQUELINE.VILLEGAS393@GMAIL.COM,Kenya,28,2025-12-29
711,Kathy Walsh,kathy.walsh15@yahoo.com,Rwanda,47,2025-12-23
712,Keith Graham,keith.graham642@gmail.com,Nigeria,2,2024-04-08
713,Dean Edwards,dean.edwards393@yahoo.com,Ghana,20,2024-09-18
714,Nancy Stewart,nancy.stewart306@yahoo.com,Nigeria,5,2025-07-22
715,Tony Taylor,tony.taylor445@hotmail.com,South Africa,39,2023-10-02
716,Brian Cole,brian.cole193@yahoo.com,South Africa,32,2025-04-06
717,Joshua Oconnell,joshua.oconnell135@gmail.com,Ghana,15,2023-02-14
718,John Phelps,john.phelps376@gmail.com,South Africa,33,2023-03-18
719,Michael Mckenzie,michael.mckenzie548@hotmail.com,Rwanda,41,2026-05-01
720,Cindy Gates,CINDY.GATES857@GMAIL.COM,Rwanda,43,2023-08-26
721,David Kelly,david.kelly561@hotmail.com,Kenya,29,2023-11-10
722,Edwin Wilkins,edwin.wilkins10@gmail.com,Rwanda,45,2023-07-26
723,Jared Chavez,jared.chavez718@hotmail.com,Ghana,18,2023-08-03
724,Anna Garcia,anna.garcia290@gmail.com,Rwanda,47,2023-08-06
725,Antonio Norman,antonio.norman797@gmail.com,Ghana,13,2025-12-07
726,Rodney Watson,rodney.watson303@hotmail.com,Kenya,23,2026-01-27
727,Angela Willis,angela.willis493@gmail.com,Ghana,14,2023-01-06
728,Austin Orr,austin.orr114@yahoo.com,Rwanda,43,2025-10-08
729,Anna Boone,anna.boone77@yahoo.com,Nigeria,6,2023-07-27
730,Tom Williams,tom.williams304@hotmail.com,Rwanda,42,2023-04-13
731,Nathaniel Crawford,nathaniel.crawford873@yahoo.com,Ghana,12,2024-10-02
732,Carrie Lewis,carrie.lewis872@gmail.com,Rwanda,48,2023-04-04
733,Jeremy Hernandez,jeremy.hernandez175@hotmail.com,Nigeria,9,2025-06-15
734,Danielle Phillips,danielle.phillips96@yahoo.com,Ghana,18,2024-12-02
735,Karen Miller,karen.miller986@yahoo.com,Nigeria,8,2025-02-28
736,Curtis Wilkerson,curtis.wilkerson817@hotmail.com,Kenya,27,2023-09-29
737,Zachary Stephens,zachary.stephens934@gmail.com,Ghana,11,2026-03-11
738,Rachael Howard DDS,rachael.howard.dds798@yahoo.com,Ghana,12,2023-03-01
739,Keith Morris,keith.morris116@yahoo.com,South Africa,31,2025-06-21
740,Francis Robinson,FRANCIS.ROBINSON322@YAHOO.COM,Nigeria,5,2025-12-10
741,William Moreno,william.moreno979@hotmail.com,Rwanda,47,2024-11-23
742,Dr. Ariel Sandoval MD,dr..ariel.sandoval.md634@hotmail.com,South Africa,34,2024-05-24
743,Zachary Robinson,zachary.robinson657@yahoo.com,Kenya,23,2026-02-17
744,Ryan Bruce,,Nigeria,4,2023-11-18
745,Kevin Drake,kevin.drake891@hotmail.com,South Africa,31,2025-10-03
746,Kevin Warner,kevin.warner285@yahoo.com,Ghana,16,2024-04-01
747,Kristy Hart,kristy.hart837@gmail.com,Rwanda,42,2025-07-29
748,Rita Waller,rita.waller878@hotmail.com,South Africa,37,2024-10-09
749,John Davis,john.davis19@gmail.com,South Africa,32,2025-04-24
750,Alicia Woods,alicia.woods846@yahoo.com,South Africa,36,2026-05-22
751,Christina Anderson,christina.anderson521@hotmail.com,Rwanda,41,2025-07-23
752,Robert Oneill,robert.oneill837@gmail.com,Kenya,24,2025-07-19
753,Kevin Stark,kevin.stark615@gmail.com,South Africa,36,2025-01-14
754,Shannon Yu,shannon.yu675@yahoo.com,Nigeria,8,2024-11-30
755,Mary Willis,mary.willis299@yahoo.com,Rwanda,41,2025-02-04
756,Chad Moore,chad.moore505@yahoo.com,Nigeria,3,2025-04-18
757,Toni Banks,toni.banks193@gmail.com,Ghana,17,2025-03-15
758,Kristina Preston,kristina.preston196@hotmail.com,Kenya,30,2023-08-09
759,Courtney Chapman,courtney.chapman858@gmail.com,Nigeria,3,2023-09-10
760,Nicholas Phillips,nicholas.phillips980@gmail.com,Kenya,30,2025-10-18
761,Tiffany Fry,tiffany.fry567@yahoo.com,South Africa,34,2026-04-13
762,Patricia Bradley,patricia.bradley933@gmail.com,South Africa,33,2026-03-30
763,Tammy Ponce,tammy.ponce107@gmail.com,Rwanda,47,2026-05-14
764,Ashley Crawford,ashley.crawford394@yahoo.com,Kenya,21,2026-06-01
765,Cynthia Haas,cynthia.haas352@gmail.com,Ghana,18,2025-07-16
766,Tracey Underwood,tracey.underwood717@hotmail.com,Nigeria,9,2025-11-15
767,Stacie Griffin,stacie.griffin322@yahoo.com,Rwanda,45,2026-02-07
768,Michael Bell,michael.bell640@gmail.com,Ghana,14,2024-12-08
769,Amber Kim,amber.kim982@yahoo.com,Rwanda,46,2026-01-16
770,Stacey Snyder,stacey.snyder780@yahoo.com,Kenya,21,2025-09-10
771,James Poole,james.poole728@hotmail.com,South Africa,37,2025-12-29
772,Melissa Martin,melissa.martin536@gmail.com,Kenya,28,2025-02-19
773,Amanda Smith,amanda.smith205@yahoo.com,Nigeria,4,2023-11-26
774,Angela Jackson,angela.jackson860@yahoo.com,Rwanda,44,2024-08-27
775,Benjamin Mcmahon,benjamin.mcmahon368@gmail.com,Rwanda,49,2023-07-29
776,William Barry,william.barry886@hotmail.com,Rwanda,44,2026-02-23
777,Tommy Martin,tommy.martin816@yahoo.com,Ghana,16,2024-08-12
778,Brian Harris,brian.harris980@gmail.com,Kenya,25,2024-10-02
779,Julian Frost,,Nigeria,4,2024-05-29
780,Mary Evans,mary.evans882@gmail.com,South Africa,40,2024-04-06
781,Kenneth Larsen,kenneth.larsen377@gmail.com,Rwanda,46,2026-01-24
782,Aaron Miller,aaron.miller988@hotmail.com,Ghana,13,2025-07-08
783,Karen Davis,karen.davis986@gmail.com,Rwanda,44,2025-11-18
784,Edgar Miller,edgar.miller286@gmail.com,Kenya,25,2023-09-24
785,James Burns,james.burns6@hotmail.com,South Africa,38,2023-11-14
786,Martin Hughes,martin.hughes612@yahoo.com,Nigeria,10,2026-06-14
787,Jaclyn Griffin,jaclyn.griffin564@yahoo.com,South Africa,32,2024-10-12
788,Dennis Hood,dennis.hood534@hotmail.com,Ghana,15,2025-10-31
789,Paul Contreras,paul.contreras414@gmail.com,Kenya,27,2024-03-29
790,Rhonda Gutierrez,rhonda.gutierrez370@hotmail.com,Rwanda,43,2026-06-20
791,Antonio Hughes,antonio.hughes844@hotmail.com,South Africa,31,2023-01-19
792,Joseph Camacho,joseph.camacho247@yahoo.com,Rwanda,43,2026-06-10
793,Cynthia Evans,cynthia.evans699@yahoo.com,Ghana,16,2025-02-20
794,Michelle Shaw,michelle.shaw742@hotmail.com,Kenya,25,2025-11-24
795,Megan Oliver,megan.oliver457@gmail.com,South Africa,33,2024-08-30
796,Joann Rush,joann.rush85@gmail.com,Ghana,13,2023-12-09
797,Rhonda Martinez,,South Africa,35,2023-05-15
798,William Graham,william.graham219@hotmail.com,Rwanda,43,2025-05-18
799,Kurt Flores,kurt.flores720@hotmail.com,Ghana,14,2025-06-10
800,Andrea Hughes,ANDREA.HUGHES158@YAHOO.COM,Nigeria,5,2024-11-10
801,Shannon Stone,shannon.stone183@gmail.com,Nigeria,6,2026-02-16
802,Lisa Mills,lisa.mills933@yahoo.com,South Africa,37,2025-03-05
803,Chase Knight,CHASE.KNIGHT324@HOTMAIL.COM,Rwanda,41,2023-08-31
804,Teresa Buckley,teresa.buckley634@hotmail.com,Nigeria,1,2026-04-14
805,Rachel Dillon,rachel.dillon367@yahoo.com,Rwanda,45,2023-08-06
806,Deborah Pena,deborah.pena89@hotmail.com,Rwanda,44,2025-06-15
807,Amanda Hill,amanda.hill32@gmail.com,Kenya,26,2025-12-28
808,Melanie Morales,melanie.morales816@yahoo.com,Nigeria,9,2026-01-22
809,Erin Young,erin.young694@hotmail.com,Rwanda,41,2025-02-03
810,Derrick Watson,derrick.watson145@yahoo.com,South Africa,36,2023-01-11
811,Elizabeth Ramirez,elizabeth.ramirez561@yahoo.com,South Africa,39,2024-09-16
812,Melinda Compton,melinda.compton744@gmail.com,Rwanda,48,2025-04-25
813,William Ramos,william.ramos189@yahoo.com,South Africa,33,2024-06-01
814,Jason Brewer,jason.brewer819@gmail.com,Nigeria,8,2023-04-22
815,Thomas Russell,thomas.russell75@yahoo.com,Kenya,30,2023-05-18
816,Sharon Nicholson,sharon.nicholson595@hotmail.com,Nigeria,7,2024-11-08
817,Ana Mckinney,ana.mckinney241@yahoo.com,Nigeria,9,2026-06-22
818,Samuel Suarez,samuel.suarez462@gmail.com,Ghana,13,2024-09-18
819,Shaun Gonzalez,shaun.gonzalez374@gmail.com,Nigeria,10,2025-05-27
820,Jesus Hull,jesus.hull805@hotmail.com,Nigeria,1,2025-06-12
821,Jacob Marshall,jacob.marshall751@yahoo.com,Kenya,24,2025-09-09
822,Becky Johnson,becky.johnson313@yahoo.com,Kenya,29,2023-08-11
823,Jeremy Horne MD,jeremy.horne.md862@hotmail.com,Rwanda,42,2023-10-14
824,Christopher Kline,christopher.kline908@hotmail.com,Ghana,13,2023-06-04
825,Ann Johnson,ann.johnson833@gmail.com,South Africa,33,2025-04-09
826,Kenneth Hanna,kenneth.hanna565@gmail.com,Ghana,14,2026-01-10
827,Megan Adams,megan.adams375@yahoo.com,Rwanda,42,2026-04-22
828,Sharon Coffey,sharon.coffey523@hotmail.com,Nigeria,9,2025-01-15
829,Thomas Holland,thomas.holland869@hotmail.com,Nigeria,1,2026-06-11
830,Courtney Franklin,courtney.franklin457@yahoo.com,Rwanda,49,2026-03-05
831,Michelle Hill,michelle.hill150@yahoo.com,Rwanda,43,2025-09-17
832,Judy Robinson,judy.robinson500@yahoo.com,Nigeria,3,2024-06-25
833,Samantha Sanders,samantha.sanders212@gmail.com,Ghana,15,2025-01-09
834,Zachary Levy,zachary.levy903@yahoo.com,South Africa,31,2024-10-25
835,Linda Campbell,linda.campbell649@hotmail.com,Rwanda,46,2024-06-23
836,Arthur Mcneil,arthur.mcneil386@hotmail.com,South Africa,35,2025-01-18
837,Donald Douglas,donald.douglas80@hotmail.com,Rwanda,42,2025-02-09
838,Chris Cannon,chris.cannon837@gmail.com,South Africa,34,2025-09-24
839,Rebekah Greene,,South Africa,39,2023-10-12
840,Melanie Griffith,melanie.griffith527@hotmail.com,Ghana,11,2024-03-09
841,Edward Meadows MD,edward.meadows.md617@hotmail.com,Ghana,12,2023-08-31
842,Michael Armstrong,michael.armstrong738@gmail.com,Kenya,27,2025-09-07
843,Micheal Parks,micheal.parks663@hotmail.com,Ghana,14,2023-02-15
844,Susan Powers,susan.powers607@hotmail.com,Nigeria,3,2025-11-15
845,Christopher Sandoval,christopher.sandoval171@hotmail.com,South Africa,37,2024-01-04
846,Brent Anderson,brent.anderson578@yahoo.com,Kenya,26,2024-08-03
847,Kristin Gaines,kristin.gaines483@hotmail.com,Ghana,14,2023-12-16
848,Martha Walker,martha.walker814@gmail.com,Kenya,27,2024-01-08
849,Elizabeth French,elizabeth.french172@yahoo.com,Rwanda,43,2024-12-02
850,Kevin Ford,kevin.ford236@gmail.com,South Africa,39,2023-09-28
851,Sean Silva,sean.silva881@hotmail.com,Nigeria,2,2025-05-09
852,Steve Mason,steve.mason488@hotmail.com,South Africa,39,2026-05-13
853,Edwin Brown,edwin.brown121@gmail.com,South Africa,35,2023-09-24
854,Curtis Ortiz,curtis.ortiz919@hotmail.com,South Africa,35,2025-06-02
855,Victoria Thomas,victoria.thomas45@hotmail.com,Kenya,27,2025-05-28
856,Bobby Cook,bobby.cook391@gmail.com,South Africa,31,2026-03-25
857,Anthony Hayes,anthony.hayes489@gmail.com,Kenya,28,2023-06-21
858,Caroline Duran,caroline.duran419@yahoo.com,South Africa,39,2023-01-12
859,Penny Anderson,PENNY.ANDERSON533@YAHOO.COM,South Africa,37,2024-02-25
860,Jennifer Sanford,jennifer.sanford159@yahoo.com,Kenya,27,2026-04-13
861,Joseph Cross,joseph.cross434@gmail.com,Ghana,17,2026-06-07
862,Nicole Schmidt,nicole.schmidt209@gmail.com,Rwanda,44,2026-02-15
863,Lori Wright,lori.wright569@hotmail.com,Ghana,12,2024-09-20
864,Emily Garcia,emily.garcia408@hotmail.com,Kenya,23,2023-09-01
865,Carol Colon,carol.colon973@yahoo.com,Kenya,29,2024-03-15
866,Joy Meyer,joy.meyer821@hotmail.com,Kenya,26,2023-04-17
867,Stephen Cowan,stephen.cowan6@yahoo.com,Kenya,25,2023-10-25
868,Katherine Christensen MD,katherine.christensen.md66@yahoo.com,South Africa,39,2025-01-29
869,Danny Mercer,,South Africa,39,2025-02-26
870,Alex Wagner,alex.wagner294@gmail.com,South Africa,40,2026-05-08
871,Matthew Johnson,matthew.johnson656@hotmail.com,Rwanda,50,2023-01-22
872,Joseph Williams,joseph.williams531@gmail.com,Rwanda,43,2023-03-10
873,Martha Smith,martha.smith238@hotmail.com,South Africa,33,2023-03-15
874,Jeremy Martinez,jeremy.martinez162@yahoo.com,Ghana,16,2024-07-19
875,Christian Neal,christian.neal416@hotmail.com,Kenya,23,2025-11-26
876,Jason Garcia,jason.garcia942@hotmail.com,Rwanda,48,2024-08-05
877,Larry Taylor,larry.taylor987@gmail.com,South Africa,38,2024-04-08
878,Lisa Campbell,lisa.campbell414@gmail.com,Ghana,13,2024-06-18
879,Mr. Richard Decker DVM,mr..richard.decker.dvm573@yahoo.com,Kenya,27,2024-08-25
880,Elizabeth Williams,elizabeth.williams980@yahoo.com,Nigeria,8,2026-01-06
881,Melissa Castillo,melissa.castillo990@gmail.com,Ghana,17,2025-09-17
882,Michael Meadows,michael.meadows795@hotmail.com,Rwanda,49,2025-08-01
883,Brittany Davis,brittany.davis265@hotmail.com,Nigeria,2,2024-03-27
884,Nathaniel Conway,nathaniel.conway362@hotmail.com,Kenya,21,2023-01-20
885,William Phillips,william.phillips409@yahoo.com,Ghana,16,2024-12-01
886,Robert Sawyer,robert.sawyer488@yahoo.com,South Africa,36,2024-03-23
887,Michael Simmons,michael.simmons765@gmail.com,Ghana,18,2024-01-25
888,Peter Williams,peter.williams754@gmail.com,Rwanda,48,2024-06-27
889,Carolyn Howard,carolyn.howard256@yahoo.com,Ghana,15,2024-12-30
890,Debra Quinn,debra.quinn943@yahoo.com,Rwanda,50,2025-10-05
891,Catherine Morales,catherine.morales555@yahoo.com,Nigeria,1,2025-09-14
892,James Jefferson,james.jefferson920@yahoo.com,South Africa,40,2026-03-22
893,Rebecca Wilson,rebecca.wilson783@hotmail.com,South Africa,32,2024-07-27
894,Vicki Richard,vicki.richard132@gmail.com,Ghana,15,2025-05-16
895,Kevin Pham,,South Africa,35,2024-12-12
896,Catherine James,catherine.james469@yahoo.com,Rwanda,44,2025-11-27
897,Shari Hobbs,shari.hobbs13@hotmail.com,Kenya,21,2025-02-16
898,Bianca Knapp,bianca.knapp628@gmail.com,Nigeria,7,2024-01-19
899,Jessica Brown,jessica.brown483@hotmail.com,Ghana,17,2024-12-03
900,Michael Gregory,michael.gregory216@hotmail.com,Ghana,12,2025-02-01
901,Krystal Levine,krystal.levine185@hotmail.com,Kenya,26,2026-03-25
902,Kelly Watts,kelly.watts824@hotmail.com,Nigeria,7,2025-06-04
903,Matthew Wright,matthew.wright983@yahoo.com,Ghana,13,2025-08-26
904,Margaret Hernandez,margaret.hernandez138@hotmail.com,Ghana,12,2025-11-24
905,Lisa Smith,lisa.smith499@gmail.com,Rwanda,47,2026-02-25
906,Julie Simpson,julie.simpson708@gmail.com,Nigeria,4,2024-03-17
907,John Allen,john.allen99@yahoo.com,South Africa,31,2024-11-16
908,Daniel Schneider,daniel.schneider571@yahoo.com,Kenya,24,2024-06-11
909,Angela Wallace,angela.wallace360@hotmail.com,Nigeria,2,2026-05-25
910,Scott West,scott.west665@gmail.com,South Africa,37,2024-08-05
911,Dr. Alicia Powell,dr..alicia.powell500@gmail.com,Kenya,21,2025-07-04
912,April Davis,april.davis475@hotmail.com,Kenya,25,2023-10-24
913,Marcia Wu,marcia.wu346@hotmail.com,Rwanda,41,2026-06-08
914,Michael Clements,michael.clements74@yahoo.com,Kenya,26,2024-12-04
915,Ruth Richard,ruth.richard299@yahoo.com,Kenya,21,2026-05-24
916,Lisa Kennedy,lisa.kennedy456@hotmail.com,Kenya,26,2025-01-13
917,Jesse Davis,jesse.davis424@hotmail.com,South Africa,34,2023-02-17
918,Glenn Gallegos,glenn.gallegos258@yahoo.com,Rwanda,47,2023-06-13
919,Jacqueline Rodriguez,jacqueline.rodriguez98@gmail.com,Ghana,11,2025-08-27
920,Rodney Newton MD,,Nigeria,4,2025-03-24
921,Craig Martinez,craig.martinez107@yahoo.com,Rwanda,49,2023-11-15
922,Roger Lee,roger.lee400@yahoo.com,Rwanda,42,2024-05-21
923,Jason House,jason.house135@hotmail.com,Kenya,29,2023-12-16
924,Patricia Hayes,patricia.hayes882@hotmail.com,Nigeria,3,2025-09-02
925,Kathy Maynard,kathy.maynard562@gmail.com,South Africa,35,2026-01-09
926,Amber Mcconnell,amber.mcconnell647@hotmail.com,South Africa,38,2026-03-01
927,Mr. Thomas Thompson,mr..thomas.thompson547@hotmail.com,South Africa,34,2024-12-12
928,Robert Garcia,robert.garcia92@hotmail.com,South Africa,35,2025-01-19
929,Sonya Gordon,SONYA.GORDON11@YAHOO.COM,Ghana,17,2023-10-07
930,Lee Schwartz,lee.schwartz9@gmail.com,Ghana,19,2025-10-04
931,Victor Waller,,Ghana,20,2025-05-31
932,Casey Gutierrez,casey.gutierrez8@hotmail.com,South Africa,39,2024-01-22
933,Kayla Cameron,kayla.cameron256@hotmail.com,South Africa,36,2025-03-09
934,Michelle Walls,michelle.walls433@hotmail.com,Ghana,15,2025-11-24
935,Daniel Klein,daniel.klein292@hotmail.com,Rwanda,45,2025-12-25
936,Michael Zavala,michael.zavala71@hotmail.com,Kenya,27,2024-08-16
937,Cassandra Daniels,cassandra.daniels464@hotmail.com,Rwanda,41,2026-06-29
938,Brian Bell,brian.bell156@yahoo.com,Ghana,13,2025-12-31
939,Terri Mckinney,terri.mckinney289@hotmail.com,Ghana,12,2025-06-16
940,Sarah Mitchell,sarah.mitchell16@yahoo.com,Ghana,15,2024-12-01
941,Kelly Johnson,kelly.johnson511@gmail.com,Ghana,20,2025-08-07
942,Anthony Adams,anthony.adams769@gmail.com,Kenya,22,2023-04-25
943,Miss Brianna Brown,miss.brianna.brown557@yahoo.com,Rwanda,50,2024-01-29
944,Joshua Howard,joshua.howard125@yahoo.com,Kenya,25,2024-05-24
945,Sean Stevenson,sean.stevenson254@gmail.com,Rwanda,50,2023-03-10
946,Kristina Young,kristina.young97@hotmail.com,Kenya,30,2024-03-02
947,Matthew House,matthew.house320@yahoo.com,Kenya,25,2023-11-21
948,Richard Jennings,richard.jennings960@hotmail.com,Rwanda,47,2023-09-08
949,Patrick Harris,patrick.harris204@yahoo.com,South Africa,31,2023-04-17
950,Susan Bush,susan.bush445@hotmail.com,Nigeria,8,2023-12-09
951,Kevin Rodgers,kevin.rodgers809@gmail.com,South Africa,38,2023-03-28
952,Tracey Phillips,tracey.phillips611@gmail.com,Rwanda,45,2023-07-03
953,Mrs. Tonya Moss,mrs..tonya.moss703@gmail.com,Ghana,11,2023-05-03
954,Jeffrey Hawkins,jeffrey.hawkins719@gmail.com,Kenya,23,2023-08-08
955,Ryan Smith,ryan.smith572@yahoo.com,South Africa,32,2024-12-12
956,Brittney Hernandez,brittney.hernandez706@yahoo.com,Rwanda,47,2023-10-03
957,Patricia Garrett,patricia.garrett449@hotmail.com,Nigeria,3,2026-01-16
958,Richard Pierce,richard.pierce557@gmail.com,Ghana,13,2025-08-17
959,Emily Robinson,emily.robinson568@gmail.com,South Africa,39,2025-12-23
960,Rachel Moore,rachel.moore270@hotmail.com,Kenya,29,2025-07-18
961,Anna Walker,anna.walker389@gmail.com,Rwanda,50,2023-02-08
962,Erin Carter,erin.carter245@hotmail.com,Kenya,24,2023-05-10
963,Yesenia Colon,yesenia.colon195@hotmail.com,South Africa,35,2025-10-15
964,Michael Griffin,michael.griffin331@hotmail.com,Nigeria,10,2024-10-21
965,Lisa Haley,lisa.haley69@hotmail.com,Nigeria,7,2023-09-23
966,Jane Hogan,jane.hogan498@gmail.com,Nigeria,3,2023-03-07
967,Joshua Campbell,joshua.campbell674@hotmail.com,Rwanda,42,2026-04-23
968,Jaime Lang,jaime.lang621@yahoo.com,Nigeria,4,2023-01-27
969,Mr. Matthew Flores,mr..matthew.flores912@gmail.com,Rwanda,42,2025-08-16
970,Carol Huber,carol.huber762@hotmail.com,Nigeria,4,2025-05-01
971,Lori Clark,lori.clark632@hotmail.com,Rwanda,46,2023-03-25
972,Sharon Coleman,sharon.coleman222@gmail.com,Ghana,20,2023-07-18
973,Ronald Johns,ronald.johns395@hotmail.com,Rwanda,47,2025-12-13
974,Maria Case,maria.case971@hotmail.com,Ghana,16,2026-02-17
975,Allison Love,allison.love654@gmail.com,Rwanda,48,2025-07-28
976,Anthony Bauer,anthony.bauer185@hotmail.com,Nigeria,7,2025-10-30
977,Roberto Bartlett,roberto.bartlett615@yahoo.com,Rwanda,43,2024-12-22
978,Mark Hamilton,mark.hamilton333@gmail.com,South Africa,36,2025-04-24
979,Bryan Smith,bryan.smith332@hotmail.com,Kenya,28,2026-02-27
980,Nicole Richards,nicole.richards564@hotmail.com,Ghana,14,2024-06-04
981,Heather Shaw,HEATHER.SHAW407@YAHOO.COM,Kenya,29,2023-03-12
982,Elizabeth Miller,,South Africa,39,2023-10-04
983,Jessica Foster,jessica.foster228@hotmail.com,Nigeria,1,2024-10-06
984,Christopher Robinson,christopher.robinson707@hotmail.com,Rwanda,50,2026-02-07
985,Robert Gardner,robert.gardner586@hotmail.com,South Africa,36,2023-03-19
986,Michael Sloan,michael.sloan272@hotmail.com,Kenya,23,2026-04-07
987,Tina Smith,tina.smith308@hotmail.com,Ghana,15,2025-03-29
988,Andrew Armstrong,andrew.armstrong741@yahoo.com,Ghana,14,2025-09-15
989,Theresa Torres,theresa.torres707@hotmail.com,South Africa,32,2023-07-15
990,Molly Lewis,molly.lewis749@hotmail.com,Rwanda,42,2025-02-20
991,Brenda White,brenda.white790@hotmail.com,Rwanda,50,2025-06-08
992,Cheyenne White,cheyenne.white233@hotmail.com,Nigeria,8,2026-05-18
993,Sarah Randolph,sarah.randolph392@hotmail.com,Rwanda,41,2025-12-09
994,Joshua Roberts,joshua.roberts154@gmail.com,Kenya,21,2024-03-28
995,Craig Carpenter,craig.carpenter403@yahoo.com,Nigeria,4,2026-05-03
996,Michael Young,michael.young443@yahoo.com,South Africa,33,2025-03-18
997,Stephanie Stewart,stephanie.stewart488@yahoo.com,Nigeria,9,2023-04-11
998,Matthew Steele,matthew.steele409@gmail.com,Kenya,26,2023-09-25
999,Holly Stewart,holly.stewart500@yahoo.com,South Africa,31,2026-03-16
1000,Erik Floyd,erik.floyd754@hotmail.com,South Africa,36,2024-05-11
1001,Jessica Larsen,jessica.larsen332@gmail.com,Ghana,18,2026-03-25
1002,Erin Castillo,erin.castillo434@yahoo.com,Nigeria,8,2024-01-26
1003,Eric Arnold,eric.arnold25@gmail.com,Kenya,23,2023-12-13
1004,Angela Ramirez,angela.ramirez823@gmail.com,South Africa,40,2023-10-26
1005,Christina Gross,christina.gross240@hotmail.com,Nigeria,3,2025-02-04
1006,Bernard Smith,bernard.smith88@hotmail.com,Rwanda,49,2023-04-22
1007,Robin Riley,robin.riley890@hotmail.com,South Africa,40,2024-08-12
1008,Andrew Green,andrew.green114@hotmail.com,Kenya,22,2025-08-22
1009,Reginald Diaz,reginald.diaz551@gmail.com,Kenya,22,2026-01-24
1010,Leah Vincent,leah.vincent495@gmail.com,Rwanda,49,2023-10-17
1011,Jordan Sanders,jordan.sanders680@hotmail.com,Kenya,25,2024-06-07
1012,David Maynard,david.maynard809@hotmail.com,Nigeria,4,2024-07-09
1013,Nicole Taylor,nicole.taylor9@gmail.com,Kenya,30,2024-07-09
1014,Travis Hopkins,,Nigeria,7,2025-03-02
1015,Nancy Webb,nancy.webb727@yahoo.com,Kenya,25,2024-10-08
1016,Philip Hall,philip.hall191@yahoo.com,South Africa,39,2025-07-26
1017,Andrew Clark,,Rwanda,46,2024-05-21
1018,Heather Harrison,heather.harrison403@yahoo.com,Ghana,20,2023-02-07
1019,Amanda Wong,amanda.wong641@gmail.com,Rwanda,44,2025-10-23
1020,Kelly Gallegos,kelly.gallegos900@hotmail.com,Nigeria,4,2023-03-02
1021,Joshua Thompson,joshua.thompson350@hotmail.com,Ghana,18,2023-10-09
1022,Kevin Villanueva,kevin.villanueva984@gmail.com,Rwanda,47,2024-04-10
1023,Jamie Solomon,jamie.solomon437@hotmail.com,Ghana,16,2026-05-24
1024,Robert Reed,robert.reed212@yahoo.com,Kenya,29,2026-04-04
1025,Adriana Macias,adriana.macias884@yahoo.com,Rwanda,44,2025-12-08
1026,Billy Schneider,billy.schneider789@gmail.com,Kenya,28,2026-03-02
1027,Christopher Guzman,christopher.guzman546@gmail.com,Kenya,21,2023-08-31
1028,Jennifer Rivera,jennifer.rivera150@gmail.com,Kenya,21,2024-10-14
1029,Mr. Daniel Martin,mr..daniel.martin764@yahoo.com,Kenya,27,2024-07-14
1030,Andrew Berry,andrew.berry135@gmail.com,Rwanda,50,2026-06-07
1031,Jose Macdonald,jose.macdonald628@gmail.com,Ghana,18,2024-04-20
1032,David White,,Rwanda,44,2023-06-12
1033,Linda Elliott,linda.elliott620@gmail.com,Nigeria,9,2025-02-04
1034,Monica Nicholson,monica.nicholson141@gmail.com,Kenya,25,2024-04-08
1035,Lawrence Ruiz,lawrence.ruiz16@yahoo.com,Kenya,27,2025-04-25
1036,Ronald Burke,ronald.burke208@hotmail.com,Rwanda,48,2023-05-16
1037,Catherine Keller,catherine.keller502@yahoo.com,Kenya,29,2025-07-26
1038,Michael Nielsen,michael.nielsen43@hotmail.com,Kenya,28,2025-02-18
1039,Crystal Cruz,crystal.cruz761@gmail.com,Kenya,26,2026-01-03
1040,Joseph Blankenship,joseph.blankenship806@hotmail.com,Rwanda,42,2023-08-12
1041,Chase Davis,chase.davis44@yahoo.com,Kenya,30,2024-05-18
1042,Linda Rich,linda.rich753@hotmail.com,South Africa,35,2025-03-04
1043,Autumn Olson,autumn.olson51@gmail.com,Rwanda,49,2025-06-19
1044,Kimberly Smith,kimberly.smith293@hotmail.com,Ghana,20,2025-05-15
1045,Kelly Wood,kelly.wood707@gmail.com,South Africa,40,2023-10-19
1046,Jessica Mays,jessica.mays740@yahoo.com,Rwanda,42,2024-01-04
1047,Jane Chapman,jane.chapman403@hotmail.com,Rwanda,45,2025-07-12
1048,Sara Johnston,sara.johnston919@yahoo.com,Ghana,12,2024-02-18
1049,John Hall,john.hall709@gmail.com,Nigeria,6,2023-12-02
1050,Shawn Ortiz,shawn.ortiz461@gmail.com,Nigeria,6,2023-06-24
1051,Patrick Smith,patrick.smith811@hotmail.com,Rwanda,46,2026-06-07
1052,Adam Pena,adam.pena45@hotmail.com,Kenya,25,2024-11-17
1053,Jennifer Rodriguez,jennifer.rodriguez167@yahoo.com,Rwanda,43,2024-01-02
1054,Dawn Wyatt,dawn.wyatt748@yahoo.com,Kenya,27,2025-07-02
1055,Lisa Braun,lisa.braun921@yahoo.com,Rwanda,41,2024-02-20
1056,Jennifer Bowers,jennifer.bowers13@yahoo.com,South Africa,40,2025-10-18
1057,Justin Webb,justin.webb506@yahoo.com,Nigeria,1,2026-04-20
1058,Patricia Sanders,patricia.sanders82@gmail.com,Kenya,30,2023-01-14
1059,Mary Adkins,mary.adkins644@yahoo.com,South Africa,36,2024-03-01
1060,Tiffany Garcia,tiffany.garcia669@hotmail.com,Ghana,12,2023-10-25
1061,George Pierce,george.pierce618@hotmail.com,Rwanda,43,2023-06-29
1062,Amy Price,amy.price183@hotmail.com,Nigeria,7,2024-08-05
1063,Brandon Thomas,brandon.thomas610@hotmail.com,Rwanda,43,2026-02-25
1064,Austin Walker,austin.walker369@gmail.com,Kenya,30,2023-07-10
1065,Misty Arias,misty.arias389@yahoo.com,Kenya,21,2025-05-25
1066,Kelly Dawson,kelly.dawson138@hotmail.com,Nigeria,5,2024-07-16
1067,Raymond Thompson,raymond.thompson215@yahoo.com,South Africa,34,2026-06-07
1068,Dakota Sandoval,dakota.sandoval645@hotmail.com,Nigeria,7,2023-06-29
1069,Andrew Greene,andrew.greene957@hotmail.com,Rwanda,47,2024-08-11
1070,Lisa Craig,lisa.craig266@yahoo.com,South Africa,39,2026-06-30
1071,Aaron Moore,aaron.moore509@yahoo.com,Nigeria,9,2025-10-16
1072,Heather Foster,heather.foster239@hotmail.com,Ghana,12,2024-02-01
1073,Adrian Padilla,,Nigeria,8,2023-08-30
1074,Krista Barber,krista.barber424@hotmail.com,South Africa,40,2024-12-17
1075,Hannah Richmond,hannah.richmond656@yahoo.com,Rwanda,41,2024-07-30
1076,Victor Gibson,victor.gibson519@yahoo.com,Nigeria,5,2023-01-13
1077,Debbie Russell,debbie.russell406@gmail.com,Rwanda,44,2026-06-15
1078,Kathy Morgan,kathy.morgan854@gmail.com,Ghana,12,2025-09-08
1079,Tina Walter,tina.walter494@hotmail.com,Nigeria,3,2025-08-01
1080,Jeremy Bennett,jeremy.bennett834@yahoo.com,Kenya,22,2023-04-25
1081,Nina Ali,nina.ali695@yahoo.com,Ghana,20,2026-01-02
1082,Stephanie Atkins,stephanie.atkins340@yahoo.com,Ghana,14,2024-12-25
1083,Austin Schultz,austin.schultz32@gmail.com,Nigeria,10,2025-02-07
1084,Crystal Stewart,crystal.stewart585@yahoo.com,South Africa,35,2024-01-19
1085,Alexandra Collier,alexandra.collier770@gmail.com,Nigeria,8,2024-10-06
1086,James Goodman,james.goodman509@yahoo.com,Ghana,18,2025-01-31
1087,Timothy Woods,timothy.woods310@yahoo.com,Ghana,20,2025-02-05
1088,Kenneth White,kenneth.white95@hotmail.com,Rwanda,50,2023-02-21
1089,Susan Porter,susan.porter349@gmail.com,South Africa,33,2025-12-08
1090,David Baker,david.baker788@gmail.com,Rwanda,50,2025-11-23
1091,David Montgomery,david.montgomery471@gmail.com,Ghana,14,2025-12-05
1092,Barbara Miller,barbara.miller46@hotmail.com,Nigeria,1,2026-05-02
1093,Aaron Vincent DVM,aaron.vincent.dvm48@yahoo.com,Kenya,22,2024-10-01
1094,Ethan Villanueva,ethan.villanueva655@hotmail.com,South Africa,37,2024-10-19
1095,Katherine Joyce,katherine.joyce546@hotmail.com,Ghana,13,2025-06-22
1096,Daniel Ray,daniel.ray281@gmail.com,Ghana,18,2026-06-29
1097,Jenny Ayers,jenny.ayers556@gmail.com,South Africa,33,2024-10-14
1098,Jennifer Parks,jennifer.parks824@gmail.com,Nigeria,10,2024-05-16
1099,Bryan Holmes,bryan.holmes914@yahoo.com,Nigeria,5,2025-06-27
1100,Alexandra Clark,,Nigeria,9,2023-04-14
1101,Erika Salazar,erika.salazar437@yahoo.com,Kenya,25,2026-05-05
1102,Dennis Adams,dennis.adams717@hotmail.com,Rwanda,41,2024-12-29
1103,Clinton Coleman,clinton.coleman731@yahoo.com,Kenya,22,2025-12-28
1104,Jacqueline Dickerson,jacqueline.dickerson582@yahoo.com,Rwanda,49,2025-08-17
1105,Kenneth Krause,kenneth.krause660@hotmail.com,Kenya,30,2025-08-11
1106,Brett Nelson,brett.nelson148@gmail.com,Ghana,15,2026-06-17
1107,Selena Gonzalez,selena.gonzalez717@hotmail.com,Kenya,24,2024-11-07
1108,Robert Thompson,robert.thompson67@yahoo.com,Kenya,30,2024-12-20
1109,Steven Mccoy,steven.mccoy290@hotmail.com,Kenya,30,2026-05-22
1110,Rachel Evans,rachel.evans416@hotmail.com,Nigeria,9,2023-08-08
1111,Amber Garcia,amber.garcia812@gmail.com,South Africa,36,2025-08-02
1112,Robert Woods,robert.woods636@hotmail.com,South Africa,38,2023-11-22
1113,Patrick Green,patrick.green214@yahoo.com,Kenya,25,2026-04-25
1114,Tara Scott,tara.scott351@gmail.com,Kenya,28,2024-04-28
1115,Gregory Frazier,gregory.frazier758@hotmail.com,Rwanda,43,2026-03-21
1116,Kenneth Banks,kenneth.banks475@gmail.com,Nigeria,8,2023-07-19
1117,Dominique Nguyen,dominique.nguyen416@hotmail.com,Ghana,12,2023-08-11
1118,Dr. Steve James,dr..steve.james336@yahoo.com,Rwanda,50,2023-05-06
1119,Tyler Oneill,tyler.oneill909@hotmail.com,Ghana,14,2023-01-01
1120,Gail Welch,gail.welch545@hotmail.com,Rwanda,43,2026-06-14
1121,Terry Miller,terry.miller698@yahoo.com,Kenya,29,2024-09-05
1122,Evan Carter,evan.carter966@yahoo.com,Rwanda,44,2024-12-06
1123,Jennifer Barron,,South Africa,38,2025-11-11
1124,Teresa Adkins,teresa.adkins64@hotmail.com,Nigeria,9,2026-01-29
1125,Jennifer White,jennifer.white841@gmail.com,Nigeria,1,2023-08-13
1126,David King,david.king720@hotmail.com,Nigeria,2,2024-10-13
1127,Angela Jackson,angela.jackson559@gmail.com,Kenya,26,2023-12-22
1128,Timothy Kennedy,timothy.kennedy394@gmail.com,Nigeria,9,2025-01-07
1129,James Hubbard,james.hubbard894@gmail.com,Nigeria,10,2023-10-03
1130,Luke Miller,luke.miller148@yahoo.com,Nigeria,5,2025-09-23
1131,David Mitchell,david.mitchell140@hotmail.com,Kenya,28,2025-05-01
1132,Joseph Jackson,joseph.jackson436@gmail.com,Rwanda,45,2025-07-19
1133,Shannon Nguyen,shannon.nguyen461@yahoo.com,Kenya,28,2024-04-07
1134,Seth Donovan,seth.donovan592@hotmail.com,Kenya,28,2024-04-29
1135,Wayne Wolfe,wayne.wolfe560@gmail.com,Ghana,18,2023-03-10
1136,Joyce Curry,joyce.curry378@hotmail.com,South Africa,37,2025-09-13
1137,Mark Ferguson,mark.ferguson540@yahoo.com,Nigeria,10,2024-07-26
1138,Mr. Brandon Parker,mr..brandon.parker912@yahoo.com,South Africa,34,2024-05-17
1139,Eric Smith,eric.smith984@gmail.com,Rwanda,41,2026-01-09
1140,John Smith,john.smith926@yahoo.com,Ghana,20,2023-01-23
1141,Karen Smith,karen.smith481@yahoo.com,Kenya,30,2024-11-09
1142,Linda Robles,linda.robles818@hotmail.com,Kenya,23,2023-12-10
1143,Jason Castro,jason.castro768@yahoo.com,Rwanda,45,2026-02-28
1144,Miguel Brewer,miguel.brewer593@yahoo.com,Nigeria,4,2023-04-16
1145,Bobby Garrett,BOBBY.GARRETT640@HOTMAIL.COM,Ghana,19,2025-09-19
1146,Susan Aguirre,susan.aguirre872@hotmail.com,Nigeria,9,2024-05-31
1147,Matthew Patel,matthew.patel879@yahoo.com,South Africa,40,2023-08-17
1148,Scott White,scott.white757@yahoo.com,Ghana,12,2025-07-03
1149,Jesse Chavez,jesse.chavez718@hotmail.com,Ghana,12,2024-01-06
1150,Chelsea Smith,chelsea.smith87@gmail.com,Nigeria,3,2026-05-04
1151,Alison Compton,alison.compton423@yahoo.com,South Africa,32,2024-05-02
1152,Mike Acosta,mike.acosta216@gmail.com,Rwanda,47,2024-12-07
1153,Adrian Robinson,adrian.robinson840@yahoo.com,Rwanda,42,2023-12-10
1154,Robert Bolton,robert.bolton488@yahoo.com,Kenya,26,2025-12-26
1155,Amanda Miller,amanda.miller400@gmail.com,Kenya,25,2023-10-25
1156,Reginald Jones,,Kenya,28,2025-07-08
1157,Corey Skinner,corey.skinner543@yahoo.com,Rwanda,44,2023-03-26
1158,Barbara Tate,barbara.tate980@gmail.com,South Africa,35,2026-06-04
1159,William Wright,william.wright274@gmail.com,Ghana,18,2024-06-06
1160,Nicolas Davis,nicolas.davis792@hotmail.com,South Africa,38,2024-05-10
1161,Mrs. Melanie Collins,mrs..melanie.collins346@yahoo.com,Rwanda,50,2024-01-04
1162,Nicholas Garner,,South Africa,36,2023-01-18
1163,Barbara Olson,barbara.olson538@yahoo.com,Nigeria,1,2025-07-02
1164,Stephen Boyer,stephen.boyer258@gmail.com,Ghana,15,2023-02-18
1165,Cynthia Hamilton,cynthia.hamilton609@gmail.com,Nigeria,6,2024-03-20
1166,Donald Wilson,donald.wilson981@gmail.com,Rwanda,41,2026-05-23
1167,Andrew Logan,andrew.logan922@yahoo.com,Kenya,25,2024-01-14
1168,Brittney Townsend,brittney.townsend302@gmail.com,Rwanda,45,2023-06-05
1169,Brandon Montgomery,brandon.montgomery284@hotmail.com,Kenya,30,2024-10-24
1170,Henry Moore,henry.moore284@hotmail.com,Ghana,11,2025-02-22
1171,Beth Hall,beth.hall265@hotmail.com,Kenya,22,2024-06-26
1172,Nicole Trujillo,nicole.trujillo951@yahoo.com,Kenya,29,2025-03-15
1173,Alison Gray,alison.gray148@hotmail.com,Rwanda,42,2025-06-02
1174,Steven Washington,steven.washington935@yahoo.com,South Africa,40,2024-06-14
1175,Kimberly Henry,kimberly.henry586@hotmail.com,Nigeria,3,2025-07-02
1176,Gregory Oconnor,GREGORY.OCONNOR656@YAHOO.COM,South Africa,32,2023-03-19
1177,Linda Valencia,linda.valencia338@gmail.com,Ghana,18,2026-03-22
1178,Christopher Phillips,christopher.phillips790@yahoo.com,South Africa,33,2025-06-12
1179,Jordan Parsons,jordan.parsons805@hotmail.com,Rwanda,47,2024-04-07
1180,Cody Smith,cody.smith838@yahoo.com,Kenya,25,2023-09-06
1181,Cynthia Le,cynthia.le368@hotmail.com,South Africa,35,2024-09-12
1182,Sabrina Lee,sabrina.lee982@hotmail.com,Nigeria,4,2025-01-18
1183,Mr. Louis Morris DDS,mr..louis.morris.dds471@gmail.com,Kenya,22,2024-08-16
1184,Matthew Williams,matthew.williams41@gmail.com,Ghana,13,2024-01-27
1185,Andre Rodriguez,andre.rodriguez110@gmail.com,Rwanda,45,2025-01-05
1186,Kenneth Huff,kenneth.huff449@hotmail.com,Nigeria,6,2023-10-14
1187,Marcus Garza Jr.,,Ghana,13,2026-04-29
1188,Mitchell Smith,mitchell.smith812@gmail.com,South Africa,32,2024-09-22
1189,Tanya Collier,tanya.collier832@yahoo.com,South Africa,35,2023-02-03
1190,Amy Grant,amy.grant807@yahoo.com,Kenya,22,2025-04-10
1191,Rebecca Brown,rebecca.brown684@hotmail.com,Ghana,14,2026-01-03
1192,Andrew Jones,andrew.jones948@yahoo.com,Rwanda,48,2023-10-17
1193,Daniel Stone,,Rwanda,42,2026-06-20
1194,David Cruz,DAVID.CRUZ134@GMAIL.COM,Ghana,16,2023-04-13
1195,Danielle Garrett,danielle.garrett175@gmail.com,Nigeria,7,2023-05-11
1196,Kristin Reese,kristin.reese819@hotmail.com,Nigeria,8,2023-05-10
1197,Megan Park,megan.park856@yahoo.com,Kenya,28,2025-04-03
1198,Carol White,carol.white590@yahoo.com,Nigeria,8,2024-10-20
1199,Mary Ferguson,mary.ferguson178@hotmail.com,Rwanda,49,2023-09-05
1200,Harold Edwards,harold.edwards173@yahoo.com,Nigeria,10,2026-02-07
1201,Jennifer Schultz,jennifer.schultz596@hotmail.com,Kenya,29,2023-07-24
1202,David Gardner,DAVID.GARDNER162@YAHOO.COM,South Africa,40,2025-09-24
1203,Tammy King,,Nigeria,1,2023-07-02
1204,Jillian Sanders,jillian.sanders427@hotmail.com,South Africa,38,2025-09-01
1205,Duane Smith,duane.smith278@gmail.com,Ghana,14,2025-04-23
1206,Elizabeth Evans MD,elizabeth.evans.md39@yahoo.com,Ghana,12,2025-10-20
1207,Rodney Norris,rodney.norris802@yahoo.com,Nigeria,6,2025-05-07
1208,Kayla Duncan,kayla.duncan121@hotmail.com,South Africa,36,2023-07-15
1209,Andrew Kelly,andrew.kelly553@gmail.com,Kenya,24,2025-08-08
1210,Steve Wright,steve.wright55@yahoo.com,Rwanda,43,2023-11-02
1211,Anna Ross,anna.ross687@gmail.com,South Africa,32,2023-04-21
1212,Misty Mcguire,misty.mcguire446@gmail.com,Kenya,24,2026-06-17
1213,Steven Warner PhD,steven.warner.phd54@gmail.com,Nigeria,3,2023-12-27
1214,Elizabeth Cross,elizabeth.cross119@hotmail.com,Nigeria,2,2024-04-26
1215,Richard Weeks,richard.weeks430@yahoo.com,South Africa,38,2024-10-29
1216,Robert Butler,robert.butler234@gmail.com,Rwanda,50,2025-04-24
1217,Cristina Delgado,cristina.delgado76@hotmail.com,Kenya,25,2025-09-19
1218,Madison Chen,madison.chen951@gmail.com,Kenya,28,2023-12-31
1219,Andrew Fernandez,andrew.fernandez738@gmail.com,Kenya,24,2025-01-04
1220,Michael Hernandez,michael.hernandez33@hotmail.com,Ghana,13,2023-05-03
1221,Jenna Griffin,jenna.griffin477@hotmail.com,Nigeria,9,2023-12-17
1222,Ann Reynolds,ann.reynolds619@yahoo.com,Ghana,15,2026-06-06
1223,George Alvarez,george.alvarez876@hotmail.com,South Africa,37,2025-04-23
1224,James Miller,james.miller222@hotmail.com,South Africa,32,2025-08-05
1225,Michael Gill,michael.gill754@yahoo.com,Nigeria,1,2024-05-22
1226,Katherine Pearson,katherine.pearson914@gmail.com,Kenya,28,2023-11-02
1227,Yolanda Warren,yolanda.warren46@gmail.com,Nigeria,1,2025-08-21
1228,Ricardo Morris,ricardo.morris404@hotmail.com,Nigeria,3,2023-07-20
1229,Michael Henderson,michael.henderson572@yahoo.com,South Africa,32,2025-04-12
1230,Gregory Rios,gregory.rios245@yahoo.com,Nigeria,9,2023-07-05
1231,Gregory Underwood,gregory.underwood166@yahoo.com,South Africa,31,2026-03-14
1232,Jessica Glass,jessica.glass475@gmail.com,Nigeria,2,2025-04-10
1233,James Todd,james.todd721@gmail.com,Kenya,24,2023-05-25
1234,Anthony Rush,anthony.rush34@gmail.com,Rwanda,45,2024-07-06
1235,Samantha Smith,samantha.smith213@hotmail.com,South Africa,35,2023-06-15
1236,Elizabeth Ruiz,elizabeth.ruiz57@yahoo.com,Kenya,22,2025-01-15
1237,Joshua Harris,joshua.harris477@hotmail.com,Nigeria,8,2025-01-18
1238,Kimberly Dean,kimberly.dean722@gmail.com,Ghana,12,2024-02-24
1239,Mary Bennett,mary.bennett117@hotmail.com,Kenya,22,2026-04-03
1240,Dawn Brown,dawn.brown231@gmail.com,Rwanda,49,2024-07-01
1241,Lisa Brown,lisa.brown56@hotmail.com,Rwanda,44,2024-12-08
1242,Andrea Guerrero,andrea.guerrero850@hotmail.com,South Africa,32,2025-12-25
1243,Mary Lin,mary.lin377@gmail.com,Ghana,19,2023-05-15
1244,Stephen Hughes,stephen.hughes401@yahoo.com,Kenya,30,2024-08-13
1245,Michelle Mckee,michelle.mckee115@yahoo.com,Nigeria,7,2025-10-13
1246,Kim Lopez,KIM.LOPEZ643@HOTMAIL.COM,Ghana,14,2025-05-03
1247,Kristina Marquez,kristina.marquez431@gmail.com,Nigeria,9,2023-02-13
1248,Joseph Cook,joseph.cook893@yahoo.com,Ghana,13,2025-11-30
1249,Alicia Sutton,alicia.sutton352@yahoo.com,Kenya,22,2024-10-30
1250,Cynthia Good,cynthia.good543@hotmail.com,South Africa,38,2025-06-30
1251,Antonio Scott,antonio.scott920@yahoo.com,Ghana,20,2023-12-18
1252,Robin Johnson,robin.johnson995@hotmail.com,Ghana,15,2023-04-07
1253,Courtney Peterson,courtney.peterson980@yahoo.com,Kenya,23,2023-11-26
1254,Anita Reyes,anita.reyes180@hotmail.com,Ghana,19,2023-11-11
1255,Lori Perez,lori.perez325@gmail.com,Ghana,16,2025-06-21
1256,Jessica Edwards,jessica.edwards576@hotmail.com,Kenya,24,2024-10-11
1257,Joshua Clark,joshua.clark553@gmail.com,Nigeria,10,2025-12-28
1258,Melinda Harris,melinda.harris415@gmail.com,Nigeria,8,2023-10-25
1259,Michael Mills,michael.mills994@gmail.com,Kenya,21,2025-11-05
1260,Terry Carrillo,terry.carrillo486@hotmail.com,Rwanda,42,2026-03-20
1261,Sylvia Stewart,sylvia.stewart945@hotmail.com,South Africa,37,2023-08-19
1262,Michelle White,michelle.white565@gmail.com,Nigeria,3,2023-02-20
1263,Pamela Beard,pamela.beard457@yahoo.com,South Africa,40,2024-10-30
1264,Elizabeth Reese,elizabeth.reese598@hotmail.com,South Africa,39,2024-07-23
1265,Denise Maxwell,denise.maxwell870@gmail.com,Nigeria,2,2023-06-28
1266,Alexander Odom,alexander.odom326@hotmail.com,Kenya,26,2025-11-13
1267,Keith Hall,keith.hall152@gmail.com,Rwanda,43,2025-05-25
1268,Alexander Miller,alexander.miller292@yahoo.com,Kenya,25,2024-09-22
1269,Ryan Harrison,ryan.harrison746@hotmail.com,South Africa,36,2025-05-01
1270,Samuel Henry,samuel.henry746@gmail.com,Ghana,19,2025-05-18
1271,Darrell Ortiz,darrell.ortiz613@gmail.com,Nigeria,9,2024-03-01
1272,Tiffany Walker,tiffany.walker538@hotmail.com,South Africa,31,2023-05-16
1273,Norma Jones DVM,norma.jones.dvm7@yahoo.com,Rwanda,49,2024-07-13
1274,Katherine Nguyen,katherine.nguyen728@yahoo.com,Ghana,12,2023-10-08
1275,Jessica Parsons,jessica.parsons297@hotmail.com,Ghana,12,2023-03-28
1276,Jamie Edwards,jamie.edwards573@hotmail.com,South Africa,38,2024-04-04
1277,Laura Herrera,laura.herrera308@hotmail.com,Nigeria,1,2025-08-25
1278,Rachel Meyer,rachel.meyer295@yahoo.com,Rwanda,42,2025-10-04
1279,Shawn Rich,,Ghana,16,2024-07-21
1280,Joshua Terrell,joshua.terrell371@gmail.com,Nigeria,5,2026-03-04
1281,Kelli Mccoy,kelli.mccoy488@gmail.com,Ghana,17,2023-09-02
1282,Jeffrey Wilkerson,jeffrey.wilkerson18@yahoo.com,South Africa,33,2023-11-30
1283,Jay Austin,jay.austin473@gmail.com,Nigeria,4,2023-10-05
1284,Stephanie Ford,stephanie.ford370@hotmail.com,Ghana,11,2024-12-30
1285,Nathan Wilson,nathan.wilson655@hotmail.com,Ghana,19,2025-11-18
1286,Melissa Taylor,melissa.taylor784@yahoo.com,Rwanda,50,2023-12-09
1287,Alexander Chavez,alexander.chavez847@hotmail.com,Kenya,21,2024-09-08
1288,Sonya Davis,sonya.davis372@yahoo.com,Rwanda,44,2026-04-02
1289,Susan Hogan,,Nigeria,10,2025-11-27
1290,Becky Wilson,becky.wilson422@yahoo.com,Kenya,24,2023-11-30
1291,Angela Zimmerman,angela.zimmerman227@hotmail.com,Ghana,14,2026-02-18
1292,Kayla Herring,kayla.herring539@yahoo.com,Rwanda,45,2026-02-02
1293,Amanda Jackson,amanda.jackson79@yahoo.com,Kenya,27,2023-09-26
1294,Mary Hernandez,mary.hernandez708@gmail.com,South Africa,31,2025-06-24
1295,Michael Barnes,michael.barnes351@yahoo.com,South Africa,34,2024-09-15
1296,Tonya Roberts,tonya.roberts228@gmail.com,Rwanda,48,2023-10-19
1297,Carlos Harris,carlos.harris134@hotmail.com,Ghana,20,2025-05-20
1298,Alexandria Jimenez,,Nigeria,5,2025-09-18
1299,Dr. Lawrence Snyder II,dr..lawrence.snyder.ii34@hotmail.com,Nigeria,3,2025-11-17
1300,Jason Miller,jason.miller931@hotmail.com,Nigeria,4,2023-05-16
1301,Stephen Ramirez,,Rwanda,43,2023-07-17
1302,Samantha Clark,samantha.clark923@gmail.com,South Africa,39,2024-12-20
1303,Matthew Johnson,matthew.johnson765@gmail.com,Nigeria,6,2026-04-02
1304,Sara Evans,sara.evans513@gmail.com,Kenya,23,2026-06-09
1305,Jason Thompson,jason.thompson102@hotmail.com,South Africa,33,2023-01-29
1306,Matthew Graves,matthew.graves988@hotmail.com,Ghana,14,2026-01-05
1307,Cassandra Gibson,cassandra.gibson220@hotmail.com,Rwanda,47,2025-08-30
1308,Andrew Mack,andrew.mack451@yahoo.com,Rwanda,45,2023-08-08
1309,James Jones,james.jones435@yahoo.com,Kenya,23,2024-04-11
1310,Ana Ruiz,ana.ruiz322@gmail.com,Nigeria,8,2023-08-14
1311,Denise Rose,denise.rose370@hotmail.com,Nigeria,9,2026-02-15
1312,Daniel Brown,daniel.brown119@hotmail.com,Nigeria,6,2025-07-24
1313,Lori Benitez,lori.benitez862@yahoo.com,Rwanda,48,2026-02-08
1314,Lisa French,lisa.french439@hotmail.com,Ghana,19,2023-05-23
1315,Lee Stewart,lee.stewart14@hotmail.com,Rwanda,44,2025-10-03
1316,Lisa Ho,lisa.ho675@hotmail.com,Kenya,26,2023-09-02
1317,Kelly Welch,kelly.welch605@yahoo.com,Kenya,26,2023-12-12
1318,Sophia Hall,sophia.hall347@yahoo.com,Kenya,24,2025-04-07
1319,April Johnson,april.johnson743@hotmail.com,Ghana,15,2026-04-06
1320,Nancy Clark,nancy.clark821@hotmail.com,Ghana,18,2025-03-30
1321,Mrs. Felicia Castro DDS,mrs..felicia.castro.dds973@gmail.com,South Africa,31,2025-09-19
1322,Melissa King,melissa.king466@gmail.com,Ghana,18,2024-05-28
1323,Jonathon Nguyen,jonathon.nguyen966@gmail.com,South Africa,32,2023-07-23
1324,Gary Foster,gary.foster28@hotmail.com,Nigeria,5,2025-02-22
1325,Alyssa Thompson,alyssa.thompson311@yahoo.com,Rwanda,44,2023-07-17
1326,Tammy Mendoza,tammy.mendoza786@yahoo.com,Rwanda,43,2025-08-12
1327,Maria Olson,maria.olson503@hotmail.com,Ghana,19,2026-01-15
1328,Sean Huang,sean.huang976@yahoo.com,South Africa,35,2025-05-31
1329,Jennifer Newton,jennifer.newton874@hotmail.com,Kenya,25,2025-07-30
1330,Nathaniel Stewart,nathaniel.stewart676@hotmail.com,Nigeria,3,2024-09-12
1331,Kenneth Rivera,kenneth.rivera320@yahoo.com,South Africa,32,2025-09-25
1332,Chase Pittman,chase.pittman676@yahoo.com,South Africa,37,2026-01-09
1333,Miss Sarah Duncan,miss.sarah.duncan875@yahoo.com,South Africa,31,2023-04-25
1334,Bruce Patton,bruce.patton995@yahoo.com,Ghana,17,2024-12-23
1335,Emily Johnson,emily.johnson605@yahoo.com,Kenya,21,2025-01-20
1336,Shawn Watson,shawn.watson784@yahoo.com,Rwanda,48,2024-11-29
1337,Eric Rodriguez,eric.rodriguez366@gmail.com,Nigeria,7,2023-04-26
1338,Susan Wallace,susan.wallace320@gmail.com,Ghana,16,2023-05-15
1339,Susan Moore,susan.moore21@yahoo.com,Nigeria,8,2023-03-18
1340,Morgan Mills,morgan.mills582@yahoo.com,Rwanda,43,2025-05-12
1341,Shane Short,SHANE.SHORT603@HOTMAIL.COM,Nigeria,2,2024-10-10
1342,Brandi Hardy,brandi.hardy587@yahoo.com,South Africa,37,2025-09-27
1343,Sean Wilson,sean.wilson345@yahoo.com,Rwanda,45,2024-11-26
1344,Melissa Wheeler,melissa.wheeler993@gmail.com,South Africa,40,2025-10-14
1345,Stephen Garcia,stephen.garcia549@hotmail.com,Nigeria,5,2024-06-27
1346,Alison Blake,alison.blake412@hotmail.com,Ghana,20,2023-07-08
1347,Erica Lee,erica.lee280@yahoo.com,Nigeria,7,2025-12-23
1348,Patricia Lambert,patricia.lambert815@yahoo.com,Kenya,28,2024-09-10
1349,Donald Smith,donald.smith553@hotmail.com,Ghana,20,2025-04-28
1350,Ashley Daniels,ashley.daniels465@hotmail.com,Ghana,17,2026-01-26
1351,Charles Bush,charles.bush529@yahoo.com,Nigeria,2,2026-03-27
1352,Carolyn Collins,carolyn.collins844@yahoo.com,Ghana,14,2025-08-15
1353,Amber Johnson,amber.johnson630@hotmail.com,Rwanda,41,2025-06-07
1354,James Miller,james.miller535@yahoo.com,Rwanda,47,2025-08-05
1355,Kyle Watkins,kyle.watkins702@hotmail.com,Ghana,16,2025-06-10
1356,Lisa Edwards,lisa.edwards934@gmail.com,Kenya,21,2024-02-21
1357,Megan Ferguson,megan.ferguson662@yahoo.com,Ghana,18,2026-05-16
1358,Anna Lang,anna.lang154@hotmail.com,Kenya,26,2024-05-17
1359,Jesus Cohen,jesus.cohen447@hotmail.com,Kenya,30,2023-03-17
1360,Julie Meza,julie.meza30@gmail.com,Ghana,11,2024-07-22
1361,Lisa Durham,lisa.durham873@yahoo.com,South Africa,36,2025-09-22
1362,Thomas Rivera,thomas.rivera86@yahoo.com,Nigeria,4,2024-09-02
1363,Andre Alvarez,andre.alvarez688@yahoo.com,Kenya,27,2023-07-04
1364,Ryan Campbell,ryan.campbell242@yahoo.com,Rwanda,47,2025-10-21
1365,Bethany Garcia,bethany.garcia595@hotmail.com,South Africa,34,2025-12-11
1366,Erika Banks,erika.banks244@yahoo.com,South Africa,32,2024-10-03
1367,Jennifer Gutierrez,jennifer.gutierrez826@hotmail.com,South Africa,38,2024-04-28
1368,Christopher Olson,christopher.olson180@gmail.com,Ghana,14,2024-07-16
1369,Robert Garza,robert.garza604@yahoo.com,Kenya,27,2025-12-28
1370,Gloria Benson,gloria.benson325@gmail.com,Rwanda,45,2025-08-30
1371,Angela Galvan,angela.galvan960@hotmail.com,Ghana,18,2025-08-31
1372,Ashley Carlson,,Ghana,20,2026-05-25
1373,Brent Wallace,brent.wallace964@yahoo.com,Rwanda,48,2024-05-05
1374,Andrea Rodriguez,andrea.rodriguez655@hotmail.com,South Africa,36,2025-01-13
1375,Jamie Snyder,jamie.snyder879@hotmail.com,South Africa,35,2023-01-17
1376,Daniel Taylor,daniel.taylor959@hotmail.com,Ghana,17,2024-04-27
1377,Makayla Smith,makayla.smith165@gmail.com,Ghana,14,2024-10-11
1378,Jodi Carter,jodi.carter281@hotmail.com,Kenya,27,2025-10-03
1379,Christina Maldonado,christina.maldonado862@yahoo.com,Rwanda,48,2025-05-15
1380,Robert Frazier,robert.frazier519@yahoo.com,Ghana,11,2025-05-11
1381,Suzanne Mooney,suzanne.mooney756@hotmail.com,Rwanda,47,2023-02-26
1382,William Powell,william.powell646@gmail.com,Rwanda,42,2023-10-06
1383,Amy Santana,amy.santana313@gmail.com,Kenya,26,2023-06-18
1384,Justin Irwin,justin.irwin731@gmail.com,Ghana,11,2023-09-24
1385,Sharon Young,sharon.young962@hotmail.com,Rwanda,44,2025-09-06
1386,Lori Joseph,lori.joseph608@yahoo.com,Ghana,17,2024-07-31
1387,Joshua Bates,joshua.bates187@yahoo.com,Nigeria,6,2025-02-11
1388,Justin Bridges,,Ghana,15,2023-02-17
1389,Jason Roberts,jason.roberts235@hotmail.com,Rwanda,42,2025-08-05
1390,Adam Wong,adam.wong173@gmail.com,Ghana,17,2026-06-19
1391,Katelyn Kim,katelyn.kim92@gmail.com,South Africa,39,2023-12-15
1392,Martin Perry,,Nigeria,8,2025-12-12
1393,Richard Munoz,richard.munoz465@yahoo.com,Rwanda,50,2025-10-09
1394,Jordan Coleman,jordan.coleman196@yahoo.com,Ghana,15,2024-06-29
1395,Darius Coleman,darius.coleman134@gmail.com,Rwanda,48,2024-02-28
1396,Sarah Young,sarah.young290@hotmail.com,Ghana,14,2024-01-23
1397,Timothy Johnston,TIMOTHY.JOHNSTON150@GMAIL.COM,Ghana,12,2024-06-20
1398,Laura Bush,laura.bush255@gmail.com,South Africa,40,2025-07-27
1399,Tonya Miller,tonya.miller893@hotmail.com,Nigeria,1,2025-03-25
1400,Victoria Terrell,victoria.terrell434@yahoo.com,Rwanda,46,2024-06-08
1401,Blake Wu,blake.wu54@gmail.com,Nigeria,7,2024-04-25
1402,Mark Alvarado,mark.alvarado962@hotmail.com,Kenya,23,2026-05-10
1403,Mark Yates,mark.yates635@yahoo.com,Nigeria,1,2025-03-19
1404,Stephanie Nichols,stephanie.nichols573@gmail.com,Nigeria,9,2024-01-03
1405,Jose Harrison,jose.harrison953@hotmail.com,Ghana,11,2025-08-16
1406,Harry Levine,harry.levine544@yahoo.com,Nigeria,6,2024-06-17
1407,Andrew Livingston,andrew.livingston131@hotmail.com,Kenya,21,2024-07-29
1408,Richard Green,richard.green898@hotmail.com,Kenya,28,2024-06-24
1409,Christopher Williams,christopher.williams169@yahoo.com,Kenya,21,2025-10-03
1410,Lori Mitchell,lori.mitchell674@gmail.com,South Africa,36,2025-06-20
1411,Billy Bowers,billy.bowers236@yahoo.com,Ghana,13,2025-08-21
1412,Douglas Hodge,douglas.hodge447@gmail.com,Ghana,11,2025-10-10
1413,Lindsey Kent,lindsey.kent727@hotmail.com,Kenya,29,2025-07-26
1414,Jeremy Morton,jeremy.morton888@yahoo.com,Nigeria,8,2024-12-16
1415,Cynthia White,cynthia.white185@hotmail.com,Ghana,14,2025-11-07
1416,Grace Miller,grace.miller600@gmail.com,South Africa,37,2023-01-09
1417,Samantha Monroe,samantha.monroe427@yahoo.com,Rwanda,50,2024-05-19
1418,Cynthia Alexander,CYNTHIA.ALEXANDER337@HOTMAIL.COM,Rwanda,44,2023-09-07
1419,Kenneth Wilkinson,kenneth.wilkinson975@gmail.com,Kenya,24,2024-10-24
1420,Nicole Wilson,nicole.wilson851@gmail.com,Nigeria,2,2025-09-09
1421,John Alvarez,john.alvarez609@hotmail.com,Rwanda,41,2024-11-05
1422,Michael Price,michael.price464@yahoo.com,Rwanda,42,2026-03-11
1423,Seth Smith,seth.smith821@yahoo.com,Ghana,14,2024-10-23
1424,Ethan Moreno,ethan.moreno975@gmail.com,Rwanda,48,2023-07-09
1425,Joseph Gomez,joseph.gomez989@yahoo.com,Ghana,17,2025-03-27
1426,Marissa Nelson,marissa.nelson167@yahoo.com,Nigeria,2,2025-04-04
1427,Brett Pena,brett.pena670@yahoo.com,Rwanda,42,2024-09-03
1428,Michael Allen,michael.allen944@hotmail.com,Kenya,28,2026-05-20
1429,Chloe Rogers,chloe.rogers853@hotmail.com,Kenya,23,2024-02-14
1430,Emily Smith MD,emily.smith.md488@gmail.com,Kenya,29,2026-05-14
1431,Brent Garcia,brent.garcia831@yahoo.com,Nigeria,6,2024-01-17
1432,Nicholas King,nicholas.king42@gmail.com,Rwanda,41,2025-08-07
1433,Brandon Mays,brandon.mays159@hotmail.com,Rwanda,42,2025-12-15
1434,Claire Greene,claire.greene298@gmail.com,Rwanda,42,2023-06-12
1435,Barbara Gates,barbara.gates131@gmail.com,Ghana,20,2024-09-07
1436,Phillip Wong,phillip.wong583@gmail.com,South Africa,34,2023-06-06
1437,Melissa King,melissa.king436@yahoo.com,South Africa,33,2025-08-09
1438,Angela Chavez,angela.chavez600@yahoo.com,Ghana,17,2025-10-28
1439,Melissa Contreras,melissa.contreras474@yahoo.com,Nigeria,8,2024-01-09
1440,Richard Ramirez,richard.ramirez898@gmail.com,Nigeria,3,2024-10-04
1441,Gary Brown,gary.brown687@yahoo.com,Rwanda,47,2024-06-26
1442,Benjamin Krause,benjamin.krause81@gmail.com,Ghana,12,2026-05-22
1443,Cassandra Vasquez,CASSANDRA.VASQUEZ548@GMAIL.COM,Rwanda,44,2025-03-19
1444,Jessica Mendez,jessica.mendez489@gmail.com,Nigeria,1,2025-04-09
1445,Michelle Garcia,michelle.garcia499@gmail.com,Rwanda,48,2026-06-17
1446,Nicholas Waters,nicholas.waters707@gmail.com,Rwanda,45,2024-09-11
1447,Brittany Bowman,brittany.bowman196@gmail.com,Nigeria,9,2023-02-02
1448,Deborah Graves,deborah.graves665@yahoo.com,Nigeria,2,2024-05-10
1449,Kaylee Case,kaylee.case552@yahoo.com,Rwanda,41,2024-09-08
1450,Jared Luna,jared.luna23@gmail.com,Nigeria,10,2023-11-09
1451,April Finley,april.finley881@yahoo.com,South Africa,32,2024-05-11
1452,Joseph Frey,joseph.frey854@yahoo.com,Ghana,19,2024-11-14
1453,Jennifer Chen,jennifer.chen731@hotmail.com,Nigeria,7,2025-05-01
1454,Joseph Woodward,joseph.woodward749@gmail.com,Rwanda,48,2024-08-18
1455,Paige Roberts,paige.roberts526@gmail.com,South Africa,32,2026-06-06
1456,Andrew Cruz,ANDREW.CRUZ541@GMAIL.COM,Ghana,15,2026-03-26
1457,James Rodriguez,james.rodriguez915@hotmail.com,South Africa,36,2025-08-27
1458,Bradley Chen,bradley.chen662@hotmail.com,South Africa,32,2025-06-12
1459,Andrew Johnson,andrew.johnson197@hotmail.com,Ghana,11,2025-06-16
1460,James Sparks,james.sparks931@hotmail.com,South Africa,33,2026-05-18
1461,Joseph Flowers,joseph.flowers301@yahoo.com,Kenya,30,2025-03-10
1462,Alexis Morgan,alexis.morgan369@yahoo.com,Rwanda,44,2023-11-28
1463,Amanda Wilson,amanda.wilson768@hotmail.com,Ghana,14,2025-09-15
1464,Judy Gregory,judy.gregory621@hotmail.com,Ghana,12,2025-05-01
1465,Kerry Buckley,kerry.buckley571@gmail.com,Ghana,20,2023-02-07
1466,Katherine Smith,katherine.smith163@hotmail.com,Ghana,17,2025-10-28
1467,Michael Anderson,michael.anderson117@gmail.com,Nigeria,5,2023-09-05
1468,Summer Hoover,summer.hoover349@gmail.com,Ghana,15,2023-04-06
1469,Christopher Garza,christopher.garza874@gmail.com,Ghana,18,2025-11-21
1470,Kurt Gilbert,kurt.gilbert52@gmail.com,Rwanda,43,2025-06-15
1471,Jessica Cain,jessica.cain109@hotmail.com,Rwanda,49,2026-06-02
1472,Erika Daugherty,erika.daugherty108@hotmail.com,South Africa,36,2023-08-30
1473,Erica Oconnell,erica.oconnell300@gmail.com,Kenya,24,2025-11-02
1474,Leslie Rogers,leslie.rogers158@gmail.com,Rwanda,47,2024-11-16
1475,Peter Jackson,peter.jackson450@yahoo.com,Nigeria,8,2023-01-14
1476,Jessica Frost,jessica.frost518@gmail.com,South Africa,31,2024-06-28
1477,Richard Chen,richard.chen370@yahoo.com,Rwanda,46,2024-05-17
1478,Alexis Tucker,alexis.tucker432@gmail.com,Rwanda,49,2023-10-10
1479,Timothy Mann,timothy.mann920@hotmail.com,Kenya,27,2025-11-23
1480,Jennifer Aguirre,JENNIFER.AGUIRRE789@YAHOO.COM,Nigeria,2,2025-11-25
1481,Christine Bowman,christine.bowman412@hotmail.com,Nigeria,6,2023-12-03
1482,David Thompson,david.thompson38@hotmail.com,Nigeria,4,2023-11-06
1483,Christopher Porter,christopher.porter731@gmail.com,Nigeria,4,2025-11-30
1484,Rachel Bailey,rachel.bailey698@gmail.com,Kenya,27,2024-09-15
1485,Cheryl Downs,,Kenya,23,2024-07-26
1486,Lisa Huffman,lisa.huffman718@hotmail.com,South Africa,40,2024-02-25
1487,Julie Sims,julie.sims668@gmail.com,South Africa,40,2024-12-08
1488,Cory Hogan,cory.hogan903@hotmail.com,Kenya,26,2023-03-17
1489,Susan Jimenez,susan.jimenez737@gmail.com,Kenya,22,2023-09-16
1490,Amanda Newman,amanda.newman96@yahoo.com,South Africa,35,2024-10-01
1491,David Jensen,DAVID.JENSEN164@YAHOO.COM,Kenya,22,2026-01-10
1492,Patrick Buckley,patrick.buckley793@gmail.com,Ghana,17,2025-05-15
1493,Allen Robertson,allen.robertson862@gmail.com,Nigeria,8,2025-11-05
1494,Mikayla Watkins,mikayla.watkins667@yahoo.com,Nigeria,8,2025-07-08
1495,Paul Villanueva,paul.villanueva465@gmail.com,South Africa,37,2024-04-28
1496,Erika Garcia,erika.garcia961@hotmail.com,South Africa,37,2025-12-28
1497,Curtis Vance,curtis.vance292@gmail.com,Ghana,15,2026-03-19
1498,John Zamora,john.zamora756@gmail.com,Rwanda,46,2024-11-02
1499,Leon Thompson,leon.thompson798@yahoo.com,South Africa,38,2023-07-20
1500,Nathan Chen,nathan.chen422@yahoo.com,Rwanda,46,2023-05-08
1501,Cameron Schwartz,cameron.schwartz457@gmail.com,Nigeria,9,2025-12-13
1502,Brian Owens,brian.owens798@yahoo.com,South Africa,38,2024-06-24
1503,Greg Tanner,greg.tanner451@hotmail.com,South Africa,32,2025-09-29
1504,Robert Cisneros,robert.cisneros131@gmail.com,Ghana,11,2025-07-26
1505,Kristen Hall,kristen.hall542@yahoo.com,Rwanda,46,2024-03-11
1506,Katherine Forbes,,South Africa,31,2023-11-18
1507,Sara Ramirez,sara.ramirez122@hotmail.com,Kenya,24,2025-04-16
1508,Shane Wright,shane.wright297@yahoo.com,Nigeria,8,2023-11-10
1509,Stephanie Vargas,stephanie.vargas384@gmail.com,Kenya,24,2025-09-22
1510,Stephanie Butler,stephanie.butler604@gmail.com,Nigeria,10,2024-09-16
1511,John Mack,john.mack758@gmail.com,Ghana,14,2023-09-08
1512,James Pacheco,james.pacheco46@hotmail.com,Kenya,23,2026-03-19
1513,Jodi Allen,jodi.allen346@hotmail.com,South Africa,37,2025-08-31
1514,Melissa Russell,melissa.russell517@gmail.com,Nigeria,9,2025-07-10
1515,Edward Holland,edward.holland334@gmail.com,Nigeria,10,2025-04-18
1516,Michael Martin,michael.martin348@yahoo.com,Ghana,15,2025-06-26
1517,Nicole Johnson,nicole.johnson170@yahoo.com,Rwanda,42,2026-03-17
1518,Charles Warner,charles.warner575@gmail.com,Rwanda,50,2026-02-19
1519,Jacqueline Marshall,jacqueline.marshall555@hotmail.com,Ghana,13,2023-04-19
1520,Mark Cruz,mark.cruz488@hotmail.com,South Africa,34,2023-02-08
1521,Andrew Simmons,andrew.simmons185@yahoo.com,Rwanda,43,2024-07-17
1522,Lisa Johnston,lisa.johnston860@gmail.com,Ghana,16,2025-06-28
1523,Angela Gilmore,angela.gilmore412@hotmail.com,South Africa,35,2025-10-03
1524,Kayla Kent,KAYLA.KENT425@YAHOO.COM,Kenya,22,2025-12-17
1525,Ashley Diaz,ashley.diaz118@hotmail.com,Kenya,25,2026-01-14
1526,Jacob Wong,jacob.wong262@hotmail.com,Ghana,19,2023-11-12
1527,Michael Harris,michael.harris61@yahoo.com,Kenya,27,2024-10-28
1528,Brian Mendoza,brian.mendoza306@hotmail.com,Nigeria,2,2024-10-17
1529,Michele Mullins,michele.mullins265@gmail.com,Kenya,27,2023-09-05
1530,Steven Gordon,steven.gordon612@yahoo.com,Ghana,13,2025-10-06
1531,Arthur Reed,arthur.reed973@yahoo.com,Rwanda,49,2023-05-05
1532,Sandra Harrison,sandra.harrison68@hotmail.com,Kenya,30,2025-04-14
1533,Kim Carter,kim.carter20@hotmail.com,Ghana,15,2026-04-15
1534,Michael Steele,michael.steele668@gmail.com,Ghana,16,2024-09-15
1535,Stephen Miller,stephen.miller867@yahoo.com,Kenya,27,2024-02-21
1536,Donna Frye,donna.frye173@gmail.com,Kenya,24,2026-01-05
1537,Brian Hernandez,brian.hernandez2@gmail.com,South Africa,36,2026-06-25
1538,Kelly Burton,kelly.burton1@yahoo.com,Rwanda,42,2025-09-14
1539,Michael Huynh,michael.huynh697@yahoo.com,South Africa,39,2024-12-20
1540,Jeremy Newman,jeremy.newman523@yahoo.com,Ghana,14,2023-11-27
1541,Alex Pham,alex.pham92@hotmail.com,South Africa,37,2023-09-09
1542,Jennifer Cooper,jennifer.cooper287@hotmail.com,Rwanda,47,2024-03-07
1543,Katelyn Wade,katelyn.wade326@hotmail.com,South Africa,33,2024-12-02
1544,Jill Torres,jill.torres725@gmail.com,Ghana,17,2024-05-18
1545,Elizabeth Mccormick,elizabeth.mccormick983@gmail.com,Kenya,22,2023-02-02
1546,Dr. Randy Williams,dr..randy.williams624@yahoo.com,Rwanda,42,2023-01-20
1547,Tyler Montgomery,tyler.montgomery714@gmail.com,Kenya,27,2025-03-15
1548,Dominique Mcpherson,dominique.mcpherson665@hotmail.com,Nigeria,6,2026-01-08
1549,Mary Hernandez,mary.hernandez127@gmail.com,Rwanda,43,2025-02-09
1550,Xavier Andrews,xavier.andrews860@yahoo.com,Kenya,23,2023-01-18
1551,Cody Hart,cody.hart198@gmail.com,Kenya,30,2024-03-29
1552,Vanessa Hernandez,vanessa.hernandez944@yahoo.com,Rwanda,49,2024-01-28
1553,Carla Turner,carla.turner828@gmail.com,South Africa,40,2024-04-24
1554,Jonathan Thomas,,Kenya,24,2025-10-06
1555,Francisco Smith,,Ghana,14,2025-03-22
1556,Vanessa Rivera,vanessa.rivera506@hotmail.com,Ghana,18,2024-02-01
1557,Steven Montes,steven.montes579@hotmail.com,Rwanda,44,2026-04-19
1558,Rebecca Chandler,rebecca.chandler266@yahoo.com,Rwanda,48,2024-04-11
1559,Brian Mendoza,brian.mendoza197@gmail.com,Rwanda,47,2023-02-17
1560,Juan Parker,juan.parker574@yahoo.com,South Africa,40,2023-01-05
1561,Connie Howard,connie.howard666@yahoo.com,Rwanda,42,2024-10-23
1562,Martin Silva,martin.silva697@gmail.com,Kenya,27,2025-10-11
1563,Pamela Gonzalez,pamela.gonzalez906@gmail.com,South Africa,34,2023-04-07
1564,Jill Powers,JILL.POWERS324@GMAIL.COM,Kenya,27,2024-02-03
1565,Jennifer Henry,JENNIFER.HENRY828@HOTMAIL.COM,Nigeria,6,2024-04-07
1566,Terri Kerr,terri.kerr202@yahoo.com,Nigeria,5,2024-09-28
1567,Mike Patterson,mike.patterson29@yahoo.com,Rwanda,41,2023-02-19
1568,Dustin Bell,dustin.bell861@yahoo.com,Rwanda,41,2023-08-09
1569,Anita Luna,anita.luna853@yahoo.com,Ghana,16,2024-11-14
1570,Jennifer Ramos,jennifer.ramos795@gmail.com,Ghana,16,2025-06-17
1571,Tracy Coleman,tracy.coleman128@yahoo.com,Rwanda,41,2023-05-05
1572,Kevin Miller,kevin.miller869@gmail.com,Kenya,25,2023-09-19
1573,William Fox,william.fox626@yahoo.com,Kenya,29,2023-05-15
1574,Tyler Avila,tyler.avila54@gmail.com,Rwanda,44,2025-02-20
1575,Mark Nelson,mark.nelson421@gmail.com,Nigeria,7,2026-05-12
1576,Michelle Fischer,michelle.fischer476@gmail.com,Nigeria,1,2026-06-24
1577,Ronnie Roberts,ronnie.roberts961@yahoo.com,Nigeria,7,2023-02-23
1578,Ronald Davenport,ronald.davenport198@yahoo.com,South Africa,34,2023-01-26
1579,Patrick Walker DDS,patrick.walker.dds809@gmail.com,Rwanda,46,2026-03-19
1580,Tyler Flowers,tyler.flowers364@yahoo.com,Rwanda,41,2026-06-25
1581,Maxwell Roberts,maxwell.roberts817@gmail.com,Ghana,12,2023-09-19
1582,Michael Sanchez Jr.,michael.sanchez.jr.983@yahoo.com,South Africa,38,2025-01-02
1583,Wesley George MD,wesley.george.md795@yahoo.com,South Africa,38,2025-08-19
1584,Sheena Burton,sheena.burton378@yahoo.com,South Africa,39,2025-11-26
1585,Sabrina Brooks,sabrina.brooks59@hotmail.com,Rwanda,43,2026-02-19
1586,Sarah Martin,sarah.martin206@gmail.com,Kenya,28,2024-02-17
1587,Joel Steele,joel.steele488@yahoo.com,Kenya,22,2025-08-15
1588,Dominic Barnes,dominic.barnes593@yahoo.com,Rwanda,45,2024-11-18
1589,Eddie Fowler,eddie.fowler167@gmail.com,Ghana,20,2023-03-28
1590,Pamela White,pamela.white655@gmail.com,Ghana,15,2024-04-16
1591,Carol Morris,carol.morris493@yahoo.com,South Africa,40,2024-11-09
1592,Melinda Turner,melinda.turner846@hotmail.com,Ghana,14,2025-01-13
1593,Heidi Ferguson,heidi.ferguson569@yahoo.com,Nigeria,5,2024-08-18
1594,Alexandria Holmes,alexandria.holmes935@yahoo.com,Ghana,13,2023-03-31
1595,Jennifer Mccall,jennifer.mccall179@gmail.com,Ghana,13,2024-06-20
1596,Christopher Walker,christopher.walker252@gmail.com,Kenya,22,2023-02-14
1597,Kristin Norris,kristin.norris22@hotmail.com,Ghana,17,2023-10-09
1598,Michelle Park,michelle.park114@gmail.com,Rwanda,42,2024-03-06
1599,Thomas Wilson,thomas.wilson829@gmail.com,Kenya,30,2023-12-17
1600,Karen Collins,karen.collins900@yahoo.com,South Africa,40,2023-08-31
1601,Jeremy Huerta,jeremy.huerta197@hotmail.com,Nigeria,9,2025-02-05
1602,Gloria Mckinney,gloria.mckinney652@gmail.com,South Africa,39,2023-04-05
1603,Barbara Anderson,barbara.anderson549@hotmail.com,South Africa,38,2023-11-01
1604,Darrell Martinez,darrell.martinez815@gmail.com,Ghana,16,2023-09-16
1605,Mrs. Pamela Rodriguez,mrs..pamela.rodriguez215@gmail.com,South Africa,38,2025-08-21
1606,Nicole Williams,nicole.williams398@gmail.com,Nigeria,5,2025-11-08
1607,Matthew Watkins,matthew.watkins184@yahoo.com,South Africa,32,2025-02-04
1608,David Jones,david.jones979@hotmail.com,Rwanda,45,2024-07-03
1609,Brent Martinez,brent.martinez810@hotmail.com,Kenya,26,2023-03-16
1610,Steven Lopez,steven.lopez463@yahoo.com,Ghana,15,2025-03-21
1611,Charles Francis,charles.francis387@yahoo.com,Ghana,20,2025-02-05
1612,Hannah Martin,hannah.martin770@hotmail.com,South Africa,36,2025-06-29
1613,Lisa Wagner,lisa.wagner43@gmail.com,Kenya,23,2026-06-26
1614,Kenneth Smith,kenneth.smith443@gmail.com,Kenya,28,2025-10-15
1615,Tracey Jackson,tracey.jackson184@hotmail.com,Ghana,18,2024-06-27
1616,Nicholas Glass,nicholas.glass85@hotmail.com,Nigeria,5,2025-10-24
1617,Karen Wolfe,karen.wolfe805@gmail.com,South Africa,35,2024-04-11
1618,Tyler White,tyler.white40@yahoo.com,Nigeria,8,2024-11-14
1619,Mrs. Kayla Russell,mrs..kayla.russell310@yahoo.com,Rwanda,44,2024-07-16
1620,Brian Taylor,brian.taylor142@yahoo.com,Rwanda,46,2026-01-17
1621,Kristin Williams,kristin.williams289@yahoo.com,Nigeria,1,2025-04-07
1622,James Bryant DDS,james.bryant.dds13@hotmail.com,South Africa,38,2025-11-15
1623,Jill Spencer,jill.spencer741@yahoo.com,Kenya,26,2025-08-29
1624,Mrs. Shannon Jacobson,mrs..shannon.jacobson566@yahoo.com,South Africa,34,2025-08-02
1625,Holly Smith,holly.smith193@hotmail.com,Nigeria,6,2025-05-05
1626,Brian Kim DDS,brian.kim.dds572@gmail.com,Kenya,29,2023-10-12
1627,James Neal,JAMES.NEAL756@GMAIL.COM,Nigeria,9,2024-12-27
1628,Stephanie Jackson,stephanie.jackson703@yahoo.com,Ghana,15,2026-01-06
1629,Gina Larson,gina.larson582@yahoo.com,Kenya,21,2023-10-12
1630,Ryan Hardy,ryan.hardy819@yahoo.com,Kenya,22,2026-05-29
1631,Pamela Wheeler,pamela.wheeler210@hotmail.com,Kenya,26,2023-05-11
1632,Heather Estrada,heather.estrada112@yahoo.com,Kenya,25,2025-07-13
1633,Ms. Brittany Gibson,ms..brittany.gibson107@gmail.com,Ghana,20,2023-12-30
1634,Jonathan Fuller,jonathan.fuller28@gmail.com,Rwanda,45,2023-05-23
1635,Oscar Greer,oscar.greer299@yahoo.com,Ghana,19,2023-05-24
1636,Valerie Reyes,valerie.reyes12@hotmail.com,Nigeria,4,2025-04-21
1637,Eric Hanson,eric.hanson133@gmail.com,Ghana,11,2025-09-06
1638,Kelly Vasquez,kelly.vasquez887@yahoo.com,Kenya,25,2024-02-26
1639,Matthew Henry,matthew.henry681@yahoo.com,Kenya,28,2026-05-21
1640,Rhonda Fernandez,rhonda.fernandez515@gmail.com,Ghana,20,2025-07-28
1641,Amanda Jordan,,Ghana,13,2023-10-20
1642,Janet Edwards,janet.edwards620@yahoo.com,Nigeria,5,2025-12-12
1643,Andrew Thompson,andrew.thompson472@hotmail.com,South Africa,37,2023-03-22
1644,Elizabeth Mccarthy,elizabeth.mccarthy941@yahoo.com,Ghana,19,2024-09-01
1645,Erik Price,erik.price871@gmail.com,South Africa,40,2024-05-25
1646,Katherine Spencer,katherine.spencer469@hotmail.com,South Africa,40,2024-01-11
1647,Karen Dickerson,karen.dickerson969@hotmail.com,Nigeria,7,2023-11-20
1648,Dennis Garza,dennis.garza683@yahoo.com,Rwanda,41,2024-03-20
1649,Heather Levine,heather.levine567@yahoo.com,Kenya,27,2025-01-25
1650,Kevin Anderson,kevin.anderson785@yahoo.com,Rwanda,49,2025-04-19
1651,Patrick Johnson,patrick.johnson519@hotmail.com,Ghana,11,2023-02-24
1652,Brent Reed,brent.reed768@yahoo.com,Rwanda,41,2024-12-04
1653,Anthony Sanchez,anthony.sanchez11@gmail.com,Ghana,13,2023-10-07
1654,Leslie Lozano,leslie.lozano497@gmail.com,Rwanda,43,2023-06-19
1655,Ashley Jackson,ashley.jackson973@hotmail.com,Rwanda,43,2025-08-22
1656,Joel Boyer,joel.boyer19@hotmail.com,Ghana,11,2023-12-29
1657,Jennifer Smith,jennifer.smith401@yahoo.com,Nigeria,8,2023-01-23
1658,Victoria Gray,victoria.gray183@yahoo.com,Nigeria,10,2023-03-12
1659,Brent Freeman,brent.freeman49@hotmail.com,Ghana,14,2025-12-06
1660,Gabriella Shaw,gabriella.shaw919@hotmail.com,Rwanda,43,2024-09-23
1661,Lucas Cox,lucas.cox50@yahoo.com,Nigeria,4,2024-02-18
1662,Mark Dickson,mark.dickson205@gmail.com,Kenya,24,2025-05-13
1663,Kimberly Mitchell,kimberly.mitchell197@gmail.com,Nigeria,1,2023-05-10
1664,Kenneth Ballard,kenneth.ballard851@hotmail.com,Nigeria,7,2023-12-09
1665,Anna Richard,anna.richard836@gmail.com,Kenya,27,2026-02-25
1666,Denise Knight,denise.knight957@hotmail.com,Ghana,13,2025-05-26
1667,Daniel Flynn,daniel.flynn366@hotmail.com,Ghana,15,2023-01-31
1668,Kathy Evans,kathy.evans399@hotmail.com,Rwanda,42,2024-03-26
1669,Christina Morales,christina.morales666@hotmail.com,Rwanda,43,2023-03-31
1670,Megan Kelley,megan.kelley786@gmail.com,Ghana,14,2023-07-28
1671,Kelli Lopez,kelli.lopez983@yahoo.com,South Africa,37,2024-10-26
1672,Victor Harmon,victor.harmon947@yahoo.com,Rwanda,45,2023-09-30
1673,Mark Lamb,mark.lamb906@yahoo.com,Ghana,12,2025-09-14
1674,Molly Brown,,Kenya,22,2026-04-13
1675,Joel Allen,joel.allen760@hotmail.com,Kenya,25,2026-04-18
1676,Elizabeth Graham,,Ghana,15,2023-09-12
1677,Ronald Brown,ronald.brown776@gmail.com,Ghana,16,2023-06-12
1678,Debra Mitchell,debra.mitchell304@gmail.com,Nigeria,9,2025-02-08
1679,Kyle Sullivan,,Rwanda,42,2026-05-09
1680,Corey Sanchez,corey.sanchez138@yahoo.com,Rwanda,48,2023-03-23
1681,Justin Graham,justin.graham296@hotmail.com,Kenya,27,2024-04-14
1682,Christina Nelson,christina.nelson553@gmail.com,Kenya,22,2024-05-23
1683,Robert Hopkins,robert.hopkins534@gmail.com,South Africa,39,2025-06-24
1684,Amanda Sharp,amanda.sharp504@gmail.com,Nigeria,1,2024-01-30
1685,Steven Edwards,steven.edwards961@yahoo.com,Rwanda,41,2023-07-07
1686,Stephanie Russell,stephanie.russell815@yahoo.com,South Africa,38,2024-04-28
1687,Stacey Sanders,stacey.sanders479@hotmail.com,Nigeria,6,2024-02-09
1688,Cynthia Duncan,cynthia.duncan255@hotmail.com,Kenya,28,2026-03-26
1689,Kelly Calderon,kelly.calderon884@hotmail.com,Rwanda,41,2023-06-13
1690,Stephen Young,stephen.young483@gmail.com,Kenya,26,2025-10-31
1691,Emily Collier,emily.collier160@hotmail.com,Rwanda,48,2025-09-14
1692,Paul Young,paul.young875@yahoo.com,Rwanda,49,2024-09-06
1693,Brian Lewis,brian.lewis745@yahoo.com,South Africa,35,2025-02-18
1694,David Lawrence,david.lawrence385@yahoo.com,Ghana,20,2025-09-11
1695,Melissa Rodriguez,melissa.rodriguez481@hotmail.com,Kenya,22,2024-01-24
1696,Michael Richmond,michael.richmond748@gmail.com,Nigeria,1,2025-10-03
1697,Mike Underwood,mike.underwood994@gmail.com,Kenya,27,2025-02-25
1698,Susan Johnson,susan.johnson603@hotmail.com,Ghana,20,2023-03-21
1699,Teresa Vazquez,teresa.vazquez167@hotmail.com,Kenya,25,2025-06-12
1700,Juan Parker,juan.parker740@hotmail.com,Rwanda,50,2025-09-27
1701,Robert Martinez,robert.martinez60@gmail.com,Rwanda,45,2025-05-18
1702,Jasmine Browning,jasmine.browning944@yahoo.com,Ghana,16,2023-02-27
1703,Tabitha Turner,tabitha.turner467@gmail.com,Nigeria,10,2023-10-29
1704,Scott Martin,scott.martin975@yahoo.com,Ghana,16,2023-11-27
1705,Sherry Wang,sherry.wang660@yahoo.com,Nigeria,8,2025-02-26
1706,Denise Miller,denise.miller923@yahoo.com,Rwanda,46,2024-01-22
1707,Jason Randall,jason.randall259@hotmail.com,Ghana,11,2025-10-22
1708,Thomas Garcia,thomas.garcia601@gmail.com,Rwanda,43,2025-04-22
1709,Katie Bell,katie.bell796@hotmail.com,Nigeria,7,2023-10-20
1710,Kimberly Murphy,kimberly.murphy767@hotmail.com,Rwanda,48,2024-09-22
1711,Anthony May,anthony.may2@hotmail.com,Ghana,11,2025-05-05
1712,Martin Smith,martin.smith751@gmail.com,Kenya,27,2023-12-28
1713,Emily Miller,emily.miller203@gmail.com,Ghana,12,2025-10-26
1714,Micheal Saunders,micheal.saunders218@hotmail.com,Kenya,29,2023-05-01
1715,Sarah Jennings,sarah.jennings924@yahoo.com,Rwanda,49,2025-06-21
1716,Shane Anderson,shane.anderson652@gmail.com,South Africa,40,2024-08-23
1717,Samantha Marsh,samantha.marsh66@gmail.com,Kenya,25,2026-04-14
1718,Jacob Long,jacob.long779@yahoo.com,South Africa,31,2023-05-06
1719,Stacey Walker,stacey.walker682@gmail.com,Rwanda,49,2023-03-27
1720,Maria Sims,maria.sims8@gmail.com,Ghana,14,2025-12-01
1721,Christina Haynes,christina.haynes346@gmail.com,South Africa,32,2024-11-20
1722,Luke Burke,luke.burke323@gmail.com,Rwanda,44,2025-01-09
1723,Jacob Valentine,jacob.valentine999@gmail.com,Kenya,25,2024-11-07
1724,Joseph Ayala,joseph.ayala716@yahoo.com,Nigeria,1,2023-10-12
1725,Kathleen Walker,kathleen.walker544@gmail.com,South Africa,39,2024-05-24
1726,Scott Casey,scott.casey675@yahoo.com,Kenya,29,2025-11-20
1727,Janet Reynolds,janet.reynolds654@gmail.com,Rwanda,43,2024-10-21
1728,Whitney Campbell,whitney.campbell47@hotmail.com,Rwanda,41,2024-10-28
1729,Christopher Sparks,christopher.sparks410@gmail.com,Ghana,15,2023-06-16
1730,Dennis Williamson,dennis.williamson965@gmail.com,Kenya,28,2023-07-25
1731,Michael Ellis,michael.ellis730@gmail.com,Ghana,19,2025-12-01
1732,Seth Mccann,seth.mccann131@yahoo.com,Rwanda,46,2023-06-28
1733,Michelle Erickson,michelle.erickson896@hotmail.com,Rwanda,44,2025-07-02
1734,Angel Hawkins,angel.hawkins247@gmail.com,South Africa,31,2023-12-16
1735,David Odonnell,DAVID.ODONNELL733@HOTMAIL.COM,Nigeria,7,2024-10-30
1736,Tracy George,tracy.george737@hotmail.com,Rwanda,50,2025-09-02
1737,Abigail Wagner,abigail.wagner548@yahoo.com,Rwanda,43,2025-10-04
1738,James Wood,james.wood230@hotmail.com,Rwanda,45,2026-05-15
1739,Christopher Jackson,christopher.jackson933@yahoo.com,Rwanda,42,2025-02-20
1740,Sherry Anderson,sherry.anderson990@yahoo.com,Rwanda,42,2024-04-22
1741,Jessica Green,jessica.green90@yahoo.com,Ghana,17,2024-11-27
1742,Carl Savage,carl.savage119@yahoo.com,Ghana,13,2023-09-18
1743,Tammy Campbell,tammy.campbell2@yahoo.com,Kenya,25,2026-04-23
1744,Pam Baker,pam.baker434@yahoo.com,Ghana,13,2025-01-17
1745,Christopher Doyle,christopher.doyle605@yahoo.com,South Africa,34,2025-03-20
1746,Brittany Farrell,brittany.farrell324@hotmail.com,South Africa,35,2024-08-30
1747,Jessica Lopez,jessica.lopez151@gmail.com,South Africa,32,2023-10-26
1748,Andrew Green,andrew.green515@hotmail.com,South Africa,39,2023-09-10
1749,Brian Woodard,brian.woodard647@yahoo.com,Rwanda,46,2025-10-10
1750,Herbert Fletcher,herbert.fletcher61@yahoo.com,Rwanda,46,2024-11-13
1751,Brian Cortez,brian.cortez751@gmail.com,Rwanda,46,2024-04-05
1752,Brandon Oneill,brandon.oneill500@gmail.com,Rwanda,50,2024-09-04
1753,Nicole Carson,nicole.carson346@hotmail.com,Nigeria,2,2025-08-27
1754,Laurie Silva,laurie.silva74@gmail.com,Rwanda,49,2024-08-02
1755,Laura Butler,laura.butler718@gmail.com,Rwanda,45,2025-03-17
1756,Jonathan Davis,jonathan.davis811@yahoo.com,Nigeria,9,2023-04-21
1757,Michael Becker,michael.becker592@yahoo.com,Kenya,30,2025-09-15
1758,Timothy Rodriguez,timothy.rodriguez824@yahoo.com,Nigeria,10,2023-01-19
1759,Brad Rivas,brad.rivas105@hotmail.com,Rwanda,47,2023-10-30
1760,Mark Adams,mark.adams173@hotmail.com,Kenya,28,2023-07-16
1761,Wayne Douglas,wayne.douglas54@yahoo.com,South Africa,31,2025-11-21
1762,Nicholas Navarro,nicholas.navarro994@hotmail.com,Kenya,22,2025-04-07
1763,Scott Solis,scott.solis407@yahoo.com,Nigeria,3,2026-05-05
1764,Anthony Jones,anthony.jones795@hotmail.com,Rwanda,42,2023-07-03
1765,James Thompson,james.thompson648@yahoo.com,Rwanda,42,2025-01-22
1766,Samuel Martin,samuel.martin125@yahoo.com,Nigeria,8,2025-11-09
1767,Paul Valdez,paul.valdez587@gmail.com,Nigeria,2,2023-07-13
1768,Robert Fitzgerald,robert.fitzgerald661@yahoo.com,Ghana,12,2024-09-03
1769,Lindsey Howard,lindsey.howard66@gmail.com,Nigeria,9,2026-01-05
1770,Kayla Burns,kayla.burns21@yahoo.com,Kenya,26,2026-01-03
1771,Justin Henderson,justin.henderson858@yahoo.com,South Africa,32,2023-09-12
1772,Lisa Hamilton,lisa.hamilton186@yahoo.com,Rwanda,43,2024-01-04
1773,Jose Mcpherson,jose.mcpherson322@hotmail.com,South Africa,36,2023-09-21
1774,Michael Moore,michael.moore90@yahoo.com,Ghana,14,2023-03-13
1775,Maria Miller,maria.miller373@yahoo.com,Nigeria,8,2023-12-18
1776,Terry Woods,,Rwanda,43,2024-09-07
1777,Carl Leach,carl.leach301@gmail.com,South Africa,34,2025-06-30
1778,Elizabeth Williams,elizabeth.williams321@gmail.com,South Africa,37,2024-12-22
1779,Kayla Dixon,kayla.dixon705@yahoo.com,South Africa,35,2023-04-02
1780,Matthew Carroll,matthew.carroll307@yahoo.com,Nigeria,3,2024-03-16
1781,Kevin Mack,kevin.mack606@gmail.com,South Africa,39,2023-09-21
1782,Matthew White,matthew.white262@gmail.com,Kenya,28,2023-12-01
1783,Amber Butler,amber.butler261@hotmail.com,Kenya,30,2023-10-21
1784,Kevin Gibson,kevin.gibson751@hotmail.com,Ghana,14,2024-01-30
1785,Robert Peterson,robert.peterson841@gmail.com,South Africa,37,2023-12-02
1786,Blake Hendrix,blake.hendrix807@yahoo.com,Nigeria,10,2023-02-23
1787,Ashley Ferguson,ashley.ferguson128@gmail.com,Ghana,16,2026-01-28
1788,Adam Rios,adam.rios92@yahoo.com,Nigeria,5,2024-11-14
1789,Sheila Church,sheila.church232@hotmail.com,Nigeria,10,2023-07-20
1790,Elizabeth Li,elizabeth.li108@hotmail.com,Ghana,15,2023-09-10
1791,Michael Vaughn,michael.vaughn314@yahoo.com,South Africa,34,2025-09-29
1792,Anita Taylor,anita.taylor586@gmail.com,South Africa,34,2026-02-03
1793,Alan Waller,alan.waller50@gmail.com,South Africa,39,2025-03-08
1794,Matthew Santos,matthew.santos695@yahoo.com,Kenya,23,2025-12-24
1795,Shannon Ryan,shannon.ryan413@gmail.com,South Africa,39,2023-09-19
1796,John Wells,john.wells731@gmail.com,Nigeria,1,2023-09-16
1797,Steven Rodgers,steven.rodgers274@yahoo.com,Kenya,25,2025-01-28
1798,Kaitlyn Heath,kaitlyn.heath724@hotmail.com,Rwanda,44,2025-06-17
1799,Edward Gallegos,edward.gallegos283@yahoo.com,Kenya,30,2025-12-02
1800,Adam Mccoy,adam.mccoy90@hotmail.com,Ghana,20,2025-04-12
1801,Jason Simpson,jason.simpson79@hotmail.com,Nigeria,6,2023-07-11
1802,Kristen Roberts,kristen.roberts762@yahoo.com,South Africa,37,2025-10-06
1803,Jose Hardy,jose.hardy955@hotmail.com,Kenya,28,2025-09-09
1804,Sharon Hall,sharon.hall694@gmail.com,South Africa,33,2023-09-13
1805,Jennifer Stewart,jennifer.stewart933@gmail.com,Nigeria,1,2023-01-15
1806,Matthew Small,matthew.small354@gmail.com,Rwanda,45,2025-12-17
1807,Todd Reed DDS,todd.reed.dds988@gmail.com,Nigeria,3,2025-12-08
1808,Nicholas Harrison,nicholas.harrison860@yahoo.com,Ghana,12,2024-12-24
1809,Daniel Stout,daniel.stout175@yahoo.com,Kenya,28,2023-08-20
1810,Sarah Espinoza,sarah.espinoza553@yahoo.com,Rwanda,44,2023-08-30
1811,Edward Dawson,edward.dawson272@yahoo.com,Ghana,20,2026-03-10
1812,Megan Navarro,megan.navarro952@yahoo.com,Ghana,14,2025-11-21
1813,Sarah Howell,sarah.howell869@yahoo.com,Kenya,30,2024-12-29
1814,Angelica Webb,angelica.webb306@gmail.com,South Africa,40,2023-01-11
1815,Larry Garcia,LARRY.GARCIA364@YAHOO.COM,Rwanda,47,2025-06-01
1816,Katherine Young,katherine.young527@hotmail.com,Ghana,13,2025-04-21
1817,Albert Ibarra,,South Africa,32,2024-05-27
1818,Christopher Clayton,christopher.clayton307@hotmail.com,South Africa,31,2024-01-09
1819,Arthur Jordan,arthur.jordan450@hotmail.com,Ghana,18,2025-06-18
1820,Justin Tucker,JUSTIN.TUCKER445@YAHOO.COM,Nigeria,9,2024-02-11
1821,Patricia Carrillo,patricia.carrillo137@hotmail.com,Ghana,13,2024-11-09
1822,Chris Vaughn,chris.vaughn972@hotmail.com,Ghana,11,2024-06-28
1823,Ashley Williams,ashley.williams508@yahoo.com,Kenya,27,2023-09-18
1824,Tonya Campos,tonya.campos903@gmail.com,Rwanda,49,2025-03-07
1825,Lisa Garrison,LISA.GARRISON812@GMAIL.COM,Nigeria,8,2023-11-15
1826,Amanda Garcia,,South Africa,33,2024-04-29
1827,Shelby Bartlett,shelby.bartlett440@gmail.com,Rwanda,44,2023-01-17
1828,Michelle Gill,michelle.gill498@yahoo.com,South Africa,31,2025-05-28
1829,Annette Holland,annette.holland524@yahoo.com,South Africa,40,2024-07-29
1830,Barbara Harris,barbara.harris254@yahoo.com,Ghana,17,2025-05-28
1831,Adriana Davenport,adriana.davenport830@yahoo.com,South Africa,31,2025-10-25
1832,Jonathan Miller,jonathan.miller876@yahoo.com,Ghana,12,2023-11-01
1833,Jennifer Soto,jennifer.soto40@gmail.com,Nigeria,8,2024-01-29
1834,Paul Fisher,,Kenya,28,2024-02-13
1835,Robert Gutierrez,robert.gutierrez538@yahoo.com,Nigeria,4,2024-04-18
1836,Tiffany Black,tiffany.black63@hotmail.com,Kenya,22,2023-04-16
1837,Allen Thomas,allen.thomas288@gmail.com,Nigeria,8,2025-05-06
1838,Kelly Jones,kelly.jones187@yahoo.com,Kenya,21,2023-04-17
1839,William Martin,william.martin287@gmail.com,Ghana,14,2023-07-26
1840,Andrew Nielsen,andrew.nielsen504@gmail.com,Ghana,12,2024-09-15
1841,Amy Welch,amy.welch700@hotmail.com,Nigeria,7,2023-09-24
1842,Sheri Kaufman,sheri.kaufman371@yahoo.com,Kenya,24,2026-04-21
1843,Michael Spencer,michael.spencer666@yahoo.com,South Africa,39,2026-04-11
1844,Emily Cooper,emily.cooper134@yahoo.com,Nigeria,6,2026-05-17
1845,Lisa Thomas,lisa.thomas935@yahoo.com,Nigeria,3,2024-01-26
1846,Daniel Stephens,daniel.stephens102@hotmail.com,Rwanda,46,2026-01-24
1847,Melissa Barron,melissa.barron486@hotmail.com,Kenya,22,2024-02-18
1848,Craig Turner,craig.turner131@gmail.com,Rwanda,47,2026-02-01
1849,Jean Higgins,jean.higgins929@gmail.com,Rwanda,49,2024-12-12
1850,Kimberly Lewis,kimberly.lewis121@hotmail.com,Kenya,29,2023-05-19
1851,Kelly Sherman,kelly.sherman976@gmail.com,Kenya,27,2023-02-14
1852,Steve Fernandez,steve.fernandez991@yahoo.com,South Africa,39,2023-04-04
1853,Raymond Barber,raymond.barber711@hotmail.com,Nigeria,4,2025-03-25
1854,Anthony Watson,anthony.watson526@hotmail.com,Rwanda,44,2023-12-05
1855,Becky Sherman,becky.sherman576@gmail.com,Rwanda,49,2025-03-31
1856,Kenneth Smith,kenneth.smith4@yahoo.com,Ghana,18,2024-03-22
1857,Dr. Virginia Cunningham,,Rwanda,45,2025-11-16
1858,Lori Ferguson,lori.ferguson538@hotmail.com,South Africa,33,2024-03-27
1859,Edwin Estrada,edwin.estrada122@hotmail.com,Rwanda,46,2023-04-04
1860,Brenda Gray,brenda.gray655@hotmail.com,Ghana,16,2024-07-22
1861,Garrett Aguilar,garrett.aguilar53@yahoo.com,Ghana,18,2024-05-24
1862,Charles Simmons,charles.simmons665@yahoo.com,South Africa,35,2026-05-24
1863,Antonio Beasley,antonio.beasley723@yahoo.com,Kenya,21,2024-06-24
1864,Blake Rhodes,blake.rhodes302@yahoo.com,Kenya,27,2023-04-28
1865,Kelly Foster,kelly.foster225@yahoo.com,Nigeria,1,2024-07-26
1866,Mallory Barajas,mallory.barajas551@hotmail.com,Ghana,17,2026-04-09
1867,Katherine Mcpherson,katherine.mcpherson392@gmail.com,Rwanda,47,2024-06-11
1868,Cameron Dawson,cameron.dawson212@gmail.com,Rwanda,41,2024-03-27
1869,Kayla Rice,kayla.rice645@hotmail.com,Ghana,18,2025-03-20
1870,John Francis,john.francis744@hotmail.com,Kenya,29,2023-10-31
1871,Trevor Guzman,trevor.guzman471@yahoo.com,Nigeria,6,2023-12-27
1872,Jacob Roberts,jacob.roberts747@hotmail.com,South Africa,37,2024-07-31
1873,Jacob Ritter,jacob.ritter182@yahoo.com,Ghana,20,2026-05-29
1874,Alfred Thomas,alfred.thomas437@hotmail.com,Nigeria,5,2025-04-04
1875,Timothy Torres,timothy.torres745@yahoo.com,Rwanda,47,2023-01-25
1876,Robert Burns,robert.burns22@gmail.com,Nigeria,7,2023-01-28
1877,Andrea Williams,andrea.williams789@yahoo.com,Nigeria,3,2023-10-20
1878,Krystal Mccullough,,South Africa,39,2023-01-20
1879,Karen Cortez,karen.cortez347@hotmail.com,South Africa,35,2023-06-24
1880,Charles Fields,charles.fields577@yahoo.com,Nigeria,9,2023-12-01
1881,Brittany Luna,brittany.luna250@gmail.com,Kenya,22,2024-07-01
1882,Mary Ortiz,mary.ortiz845@gmail.com,South Africa,35,2026-01-20
1883,Gina Williams,gina.williams857@hotmail.com,Nigeria,7,2023-01-03
1884,Nancy Brewer,nancy.brewer395@gmail.com,Nigeria,2,2024-08-10
1885,Laura Hogan,laura.hogan906@hotmail.com,Rwanda,44,2023-08-19
1886,Matthew Schneider,matthew.schneider230@gmail.com,Ghana,11,2024-07-31
1887,Luke Ray,luke.ray122@gmail.com,Nigeria,5,2023-06-23
1888,Kelly Christensen,kelly.christensen439@hotmail.com,South Africa,39,2026-05-13
1889,Barbara Mayer,barbara.mayer915@gmail.com,Rwanda,44,2024-09-09
1890,Denise Harris,denise.harris107@hotmail.com,Ghana,19,2025-10-19
1891,Lauren Miller,lauren.miller729@hotmail.com,Ghana,17,2023-01-05
1892,Jennifer Williams,jennifer.williams328@gmail.com,Rwanda,50,2025-07-03
1893,Christopher Johnson,christopher.johnson438@hotmail.com,Nigeria,5,2024-07-24
1894,David Wilson,david.wilson131@gmail.com,Nigeria,6,2025-02-27
1895,Dominique White,dominique.white493@gmail.com,Kenya,21,2025-04-27
1896,Tristan Gregory,tristan.gregory822@gmail.com,Rwanda,41,2024-05-18
1897,Erika Johnson,erika.johnson552@gmail.com,Kenya,27,2025-12-26
1898,Brett Thomas,brett.thomas595@yahoo.com,Ghana,15,2025-12-15
1899,Todd Lam,todd.lam767@gmail.com,Rwanda,50,2023-06-28
1900,Paul Willis,,Kenya,24,2023-02-05
1901,Paul Cruz Jr.,paul.cruz.jr.137@gmail.com,South Africa,36,2023-05-03
1902,Juan Jones,juan.jones888@gmail.com,Kenya,24,2023-10-13
1903,David Mercado,david.mercado874@yahoo.com,Kenya,30,2025-05-12
1904,Laurie Garcia,laurie.garcia58@hotmail.com,Ghana,14,2023-08-29
1905,Beth Carroll,beth.carroll713@yahoo.com,Kenya,25,2025-01-31
1906,Mark Harris,mark.harris596@gmail.com,Rwanda,45,2026-05-01
1907,William Casey,william.casey145@hotmail.com,Nigeria,2,2023-06-07
1908,Tonya Peters,tonya.peters427@gmail.com,South Africa,37,2024-01-09
1909,John Calderon,john.calderon541@yahoo.com,Rwanda,48,2024-09-05
1910,Carol Brown,carol.brown455@yahoo.com,Kenya,27,2023-01-28
1911,David Frazier,david.frazier903@yahoo.com,Nigeria,8,2026-05-22
1912,Christy Pittman,christy.pittman406@yahoo.com,South Africa,33,2025-07-19
1913,Patrick Hart,patrick.hart942@yahoo.com,Rwanda,46,2024-09-18
1914,Michael Rivas,michael.rivas279@hotmail.com,Kenya,28,2025-12-04
1915,Diana Reynolds,diana.reynolds411@hotmail.com,Nigeria,9,2024-03-24
1916,Rebekah Henson,rebekah.henson573@yahoo.com,Ghana,12,2023-06-08
1917,Veronica Zimmerman,veronica.zimmerman658@yahoo.com,South Africa,31,2025-02-18
1918,William Peterson,william.peterson663@yahoo.com,Nigeria,4,2024-07-06
1919,Erin Sloan,erin.sloan618@gmail.com,Nigeria,7,2024-11-18
1920,April Alvarez,april.alvarez555@gmail.com,Ghana,16,2024-03-09
1921,Jennifer Woodard,jennifer.woodard317@hotmail.com,Nigeria,1,2024-02-18
1922,James Miller PhD,james.miller.phd88@hotmail.com,Nigeria,3,2026-03-02
1923,Andre Collier,andre.collier496@hotmail.com,South Africa,37,2024-10-06
1924,Caleb Stanton,,Ghana,20,2024-12-31
1925,Kyle Hughes,kyle.hughes323@hotmail.com,Kenya,26,2024-12-29
1926,Mrs. Jacqueline Lee,mrs..jacqueline.lee340@gmail.com,Rwanda,45,2025-10-28
1927,Alejandro Campbell,ALEJANDRO.CAMPBELL154@HOTMAIL.COM,South Africa,33,2025-02-21
1928,Brandon Austin,brandon.austin39@yahoo.com,South Africa,38,2023-11-07
1929,Connie Baird,connie.baird96@yahoo.com,Nigeria,6,2024-04-19
1930,Johnathan Padilla,johnathan.padilla788@hotmail.com,Rwanda,44,2025-10-24
1931,Craig Nicholson,craig.nicholson536@yahoo.com,Rwanda,47,2024-11-30
1932,Donald Mason,donald.mason369@gmail.com,Nigeria,9,2025-06-01
1933,Mary Knight,mary.knight397@hotmail.com,Rwanda,46,2026-06-04
1934,Casey Chapman,casey.chapman581@hotmail.com,Nigeria,5,2025-10-15
1935,David Hudson,david.hudson892@gmail.com,Nigeria,1,2023-06-28
1936,Monica Hill,monica.hill174@hotmail.com,Nigeria,7,2023-11-27
1937,Wayne Byrd,wayne.byrd362@hotmail.com,Ghana,18,2024-01-02
1938,Justin Gibson,justin.gibson263@yahoo.com,Ghana,17,2025-06-24
1939,Terri Williams,terri.williams996@yahoo.com,Nigeria,9,2023-03-23
1940,Zachary Hill,zachary.hill878@hotmail.com,Ghana,19,2023-09-22
1941,Kathleen Holmes,kathleen.holmes640@gmail.com,Kenya,24,2025-02-04
1942,Courtney Ramirez,courtney.ramirez461@yahoo.com,Rwanda,44,2023-03-29
1943,Emily Myers,emily.myers810@yahoo.com,Rwanda,42,2026-02-22
1944,Kenneth Johnson,kenneth.johnson298@hotmail.com,Nigeria,10,2026-03-13
1945,Michael Rosario,michael.rosario896@gmail.com,Nigeria,5,2023-07-11
1946,Gary Brown,gary.brown548@hotmail.com,Kenya,30,2025-08-10
1947,John Morton,john.morton111@hotmail.com,Nigeria,6,2025-03-23
1948,Taylor Pittman,taylor.pittman67@gmail.com,Ghana,13,2026-05-22
1949,David Peterson,david.peterson488@gmail.com,Ghana,14,2025-07-19
1950,Kelly Young,kelly.young482@gmail.com,South Africa,35,2024-03-13
1951,Lisa Duran,,South Africa,37,2026-05-16
1952,Lauren Miller,lauren.miller371@gmail.com,Nigeria,4,2025-08-27
1953,Jamie Wu,jamie.wu24@hotmail.com,Nigeria,4,2025-05-16
1954,Cameron Ellison,cameron.ellison86@yahoo.com,Ghana,17,2024-07-14
1955,Leslie Reynolds,leslie.reynolds730@gmail.com,Nigeria,6,2025-05-09
1956,Kristin Phillips,kristin.phillips266@yahoo.com,Ghana,14,2023-04-21
1957,Luis Jenkins,luis.jenkins772@hotmail.com,Kenya,28,2024-02-11
1958,Lori Chavez,lori.chavez549@yahoo.com,Kenya,27,2023-11-26
1959,Sheryl Harvey,sheryl.harvey585@yahoo.com,Kenya,23,2023-01-21
1960,Megan Johnson,megan.johnson741@hotmail.com,South Africa,39,2026-06-16
1961,Corey Garcia,corey.garcia844@hotmail.com,Kenya,21,2024-10-10
1962,Leslie Randall,leslie.randall957@hotmail.com,Nigeria,10,2024-10-10
1963,Jordan Kelly,jordan.kelly534@yahoo.com,Rwanda,44,2025-07-11
1964,Jill Sanchez,jill.sanchez993@gmail.com,Rwanda,41,2023-03-16
1965,Eric Graham,eric.graham431@hotmail.com,Rwanda,48,2023-12-07
1966,Emily Mcclure,emily.mcclure215@gmail.com,Kenya,25,2026-03-27
1967,Eric Cooper,eric.cooper17@yahoo.com,Kenya,24,2024-09-20
1968,Kelly Sandoval,kelly.sandoval665@gmail.com,Nigeria,8,2025-04-27
1969,Jonathon Conley,jonathon.conley556@gmail.com,Kenya,23,2024-11-18
1970,Craig Gonzalez,craig.gonzalez383@gmail.com,Ghana,12,2026-05-03
1971,Gloria Contreras,gloria.contreras292@hotmail.com,South Africa,35,2025-06-14
1972,Julie Schwartz,julie.schwartz961@hotmail.com,Ghana,19,2023-07-23
1973,Gabriela Evans,gabriela.evans17@yahoo.com,Nigeria,7,2025-04-22
1974,Jesse Mccormick,jesse.mccormick639@gmail.com,South Africa,32,2023-07-24
1975,Thomas Fowler DDS,thomas.fowler.dds826@yahoo.com,Kenya,29,2024-08-16
1976,Cynthia Navarro,cynthia.navarro466@yahoo.com,Ghana,14,2023-08-23
1977,Jamie Ross,jamie.ross360@gmail.com,South Africa,31,2025-08-08
1978,Benjamin Johnson,benjamin.johnson759@gmail.com,Rwanda,42,2025-02-06
1979,Jeremiah Welch,jeremiah.welch901@yahoo.com,South Africa,33,2024-09-21
1980,Allen Gonzalez,allen.gonzalez922@gmail.com,Rwanda,44,2023-03-08
1981,Dennis Thompson,dennis.thompson384@hotmail.com,Nigeria,2,2025-11-28
1982,Craig Thompson,craig.thompson983@yahoo.com,Kenya,21,2025-05-30
1983,Alisha Byrd,alisha.byrd198@yahoo.com,South Africa,36,2025-03-16
1984,Stacey Morgan,stacey.morgan962@gmail.com,South Africa,37,2023-12-22
1985,David Pacheco,david.pacheco448@hotmail.com,Kenya,21,2023-09-16
1986,Joseph Lloyd,joseph.lloyd804@hotmail.com,Nigeria,8,2024-06-16
1987,Sherry Jones,sherry.jones209@gmail.com,Ghana,11,2023-02-22
1988,Bianca Lopez,bianca.lopez608@hotmail.com,Nigeria,1,2026-06-19
1989,James Greene,james.greene26@hotmail.com,Nigeria,6,2023-09-25
1990,Angel Jensen,angel.jensen367@gmail.com,Rwanda,41,2024-03-30
1991,Elizabeth Hernandez,elizabeth.hernandez252@gmail.com,Ghana,13,2025-02-13
1992,Robert Salas,robert.salas85@hotmail.com,Rwanda,43,2023-02-17
1993,Stacey Clark,stacey.clark114@gmail.com,South Africa,38,2026-05-05
1994,Rachel Mendez,rachel.mendez269@gmail.com,Nigeria,7,2023-07-10
1995,Nicole Newman,nicole.newman935@hotmail.com,South Africa,32,2025-03-11
1996,Joseph White,joseph.white424@hotmail.com,South Africa,32,2023-06-06
1997,Michael Baldwin,michael.baldwin912@yahoo.com,Rwanda,44,2025-07-12
1998,Kevin Little,kevin.little926@hotmail.com,Ghana,12,2026-03-07
1999,Christine Jacobson,christine.jacobson121@yahoo.com,South Africa,39,2024-12-11
2000,Jennifer Torres,jennifer.torres6@yahoo.com,South Africa,40,2024-06-05
