delivery_id,order_id,delivery_status,dispatch_date,delivery_date
1,7866,In Transit,2025-02-14,
2,7683,Delivered,2024-05-14,2024-05-20
3,6158,Delivered,2026-04-26,2026-05-05
4,6737,In Transit,2023-07-17,
5,3220,In Transit,2025-02-03,
6,3096,Delivered,2025-01-30,2025-02-08
7,6096,Delivered,2023-11-27,2023-12-01
8,2362,Delivered,2024-10-10,2024-10-15
9,4747,Delivered,2025-10-13,2025-10-18
10,4819,In Transit,2024-01-28,
11,3069,In Transit,2023-01-30,
12,2216,Delivered,2026-06-02,2026-06-08
13,4616,Delivered,2024-03-15,2024-03-18
14,2352,Delivered,2025-07-01,2025-07-07
15,4,Delivered,2024-08-28,2024-09-02
16,4111,Delivered,2025-05-24,2025-05-25
17,9724,Delivered,2024-01-18,2024-01-23
18,6382,Delivered,2024-03-04,2024-03-06
19,5043,Delivered,2023-12-05,2023-12-06
20,660,Delivered,2025-08-27,2025-09-05
21,149,Delivered,2024-07-16,2024-07-17
22,5021,Delivered,2025-02-07,2025-02-12
23,4375,Delivered,2024-09-26,2024-09-28
24,469,Delivered,2024-02-19,2024-02-27
25,7848,In Transit,2024-09-28,
26,2417,Delivered,2025-10-11,2025-10-19
27,5172,In Transit,2023-02-11,
28,8220,Delivered,2025-03-16,2025-03-17
29,1451,Delivered,2024-04-01,2024-04-02
30,1876,Delivered,2023-07-03,2023-07-06
31,3951,Delivered,2026-04-27,2026-04-30
32,8974,Delivered,2025-09-10,2025-09-14
33,5150,In Transit,2025-10-05,
34,9669,Failed,2023-04-04,
35,8847,Delivered,2023-09-30,2023-10-09
36,8929,Delivered,2025-02-21,2025-03-01
37,8032,Delivered,2023-04-23,2023-04-27
38,5102,In Transit,2024-03-15,
39,7678,In Transit,2026-03-22,
40,7854,Delivered,2024-02-04,2024-02-05
41,1698,Delivered,2025-08-14,2025-08-15
42,3870,Delivered,2025-05-01,2025-05-06
43,12,Delivered,2024-06-14,2024-06-24
44,1347,Delivered,2025-05-15,2025-05-19
45,598,Delivered,2025-02-12,2025-02-16
46,6683,Delivered,2024-06-20,2024-06-24
47,4594,Delivered,2024-08-29,2024-09-01
48,6446,Delivered,2026-03-25,2026-04-02
49,4790,Delivered,2023-01-07,2023-01-12
50,7805,Delivered,2024-06-24,2024-07-04
51,4853,Failed,2025-07-29,
52,4191,Delivered,2024-09-18,2024-09-26
53,7607,Delivered,2023-11-19,2023-11-24
54,1382,Delivered,2026-05-12,2026-05-13
55,190,Delivered,2025-08-09,2025-08-14
56,9846,Delivered,2023-07-11,2023-07-12
57,5233,Delivered,2025-05-13,2025-05-14
58,7874,Delivered,2025-12-30,2025-12-31
59,1553,Delivered,2025-01-23,2025-01-24
60,4670,Delivered,2023-04-06,2023-04-14
61,2949,Delivered,2023-07-18,2023-07-21
62,6956,Delivered,2026-02-21,2026-02-22
63,1810,Delivered,2025-11-23,2025-12-02
64,2427,Delivered,2024-03-14,2024-03-17
65,9528,Delivered,2024-02-22,2024-02-29
66,2339,Delivered,2026-04-10,2026-04-19
67,9163,Delivered,2024-02-10,2024-02-18
68,7992,Delayed,2023-10-31,2023-11-02
69,5044,Delivered,2024-02-23,2024-03-03
70,9469,Delivered,2026-03-19,2026-03-26
71,1568,Delivered,2025-04-08,2025-04-15
72,9392,Delivered,2023-12-16,2023-12-20
73,2059,Delivered,2025-07-06,2025-07-09
74,9011,Delivered,2025-04-27,2025-05-05
75,9326,Delivered,2025-07-31,2025-08-01
76,1981,Delivered,2023-09-30,2023-10-08
77,1306,Delivered,2025-05-06,2025-05-11
78,522,Delivered,2024-08-26,2024-08-31
79,2570,Delivered,2024-05-10,2024-05-17
80,1844,In Transit,2025-08-10,
81,1289,Delivered,2025-02-08,2025-02-17
82,2406,Delivered,2025-01-06,2025-01-13
83,8316,Delivered,2024-12-17,2024-12-19
84,8154,In Transit,2024-02-21,
85,9272,Failed,2026-01-18,
86,7647,Delivered,2026-02-14,2026-02-21
87,53,Delivered,2024-08-16,2024-08-22
88,7305,Delivered,2025-08-07,2025-08-16
89,4503,Delivered,2026-02-08,2026-02-11
90,3590,Delivered,2025-09-16,2025-09-17
91,153,Delivered,2024-07-28,2024-08-05
92,32,Delivered,2026-05-30,2026-06-02
93,5972,Delivered,2025-03-15,2025-03-16
94,4297,Delivered,2024-04-20,2024-04-29
95,744,Delivered,2023-03-04,2023-03-07
96,4504,Delayed,2025-07-08,2025-07-13
97,3147,Delivered,2025-11-21,2025-11-25
98,2854,Delivered,2023-04-05,2023-04-14
99,5131,Delivered,2023-10-13,2023-10-16
100,4188,In Transit,2024-12-18,
101,930,Delivered,2026-03-01,2026-03-04
102,2159,Delivered,2024-08-25,2024-08-27
103,233,Delivered,2023-01-05,2023-01-15
104,9156,Delivered,2025-06-25,2025-07-01
105,6643,Delivered,2024-05-28,2024-06-04
106,3701,Delivered,2025-03-15,2025-03-25
107,3243,In Transit,2023-10-04,
108,1807,Delivered,2026-03-20,2026-03-28
109,1691,Delivered,2026-04-22,2026-04-23
110,2317,Delivered,2024-01-09,2024-01-15
111,5743,Delivered,2025-08-23,2025-08-24
112,2067,Delivered,2024-10-20,2024-10-22
113,6445,Delivered,2023-06-23,2023-06-24
114,977,Delivered,2026-06-10,2026-06-19
115,4874,Delivered,2025-02-04,2025-02-09
116,7230,Delivered,2023-03-12,2023-03-17
117,2697,Delivered,2024-05-19,2024-05-29
118,7497,Delivered,2023-03-15,2023-03-22
119,6615,Delivered,2024-05-16,2024-05-24
120,3420,In Transit,2024-10-08,
121,8575,Delivered,2023-03-22,2023-03-23
122,2573,Delivered,2025-03-07,2025-03-11
123,6251,Delivered,2023-04-18,2023-04-22
124,834,Delivered,2025-05-18,2025-05-22
125,1378,Delivered,2024-07-06,2024-07-12
126,6288,Delivered,2025-03-24,2025-03-28
127,5938,Delivered,2026-01-26,2026-02-03
128,3371,Delivered,2024-03-05,2024-03-15
129,9942,Delivered,2024-04-26,2024-04-27
130,2930,Delivered,2026-06-21,2026-06-30
131,5642,Delivered,2023-12-15,2023-12-23
132,7877,Delivered,2023-05-25,2023-05-30
133,6511,Delivered,2024-04-03,2024-04-13
134,6895,Delivered,2023-11-25,2023-12-03
135,6431,Delivered,2025-03-17,2025-03-26
136,7339,In Transit,2024-12-01,
137,4639,Delivered,2023-08-19,2023-08-22
138,3745,Delivered,2025-04-03,2025-04-10
139,6436,Delivered,2023-11-23,2023-12-02
140,9084,Delivered,2024-02-16,2024-02-23
141,242,In Transit,2025-04-05,
142,5570,Delayed,2024-12-26,2024-12-30
143,2299,In Transit,2025-09-30,
144,9152,Delivered,2026-06-05,2026-06-07
145,4761,Failed,2023-08-29,
146,3975,Delivered,2026-01-08,2026-01-17
147,6439,Delivered,2024-02-08,2024-02-11
148,2741,Delivered,2023-12-21,2023-12-29
149,8558,Delayed,2023-01-01,2023-01-03
150,1705,Delivered,2026-01-11,2026-01-13
151,8328,Delivered,2023-05-16,2023-05-20
152,4983,Delivered,2025-04-21,2025-05-01
153,4851,Delivered,2024-06-18,2024-06-27
154,330,Delivered,2024-12-08,2024-12-10
155,2843,Delivered,2023-05-11,2023-05-17
156,5389,Delivered,2023-03-29,2023-04-04
157,9191,Delivered,2026-05-08,2026-05-15
158,6852,Delivered,2024-07-24,2024-08-01
159,31,Delivered,2026-01-09,2026-01-11
160,1003,In Transit,2025-04-13,
161,9116,Delivered,2023-12-15,2023-12-25
162,555,Delivered,2024-10-02,2024-10-05
163,8439,Delivered,2025-09-11,2025-09-12
164,4818,Delivered,2024-03-19,2024-03-22
165,4812,Delivered,2025-03-01,2025-03-05
166,7243,Delivered,2026-01-03,2026-01-07
167,422,Delivered,2023-07-27,2023-07-31
168,7738,Delivered,2025-02-22,2025-03-04
169,3172,Delivered,2026-04-05,2026-04-11
170,2513,Delivered,2023-11-24,2023-12-04
171,8608,Delivered,2025-07-03,2025-07-11
172,4689,In Transit,2025-08-09,
173,7261,Delivered,2023-04-06,2023-04-12
174,5862,Delivered,2025-07-14,2025-07-23
175,1297,Delivered,2025-07-26,2025-07-30
176,9517,Delivered,2024-11-01,2024-11-07
177,1385,Delivered,2023-06-22,2023-06-27
178,4915,Delivered,2025-05-08,2025-05-18
179,4782,Delivered,2026-03-21,2026-03-27
180,8448,Delayed,2026-05-24,2026-05-28
181,3583,Delivered,2023-03-29,2023-04-03
182,25,Delivered,2023-11-04,2023-11-07
183,272,Delivered,2024-10-16,2024-10-26
184,3803,Delivered,2024-12-14,2024-12-22
185,4239,Delivered,2025-06-07,2025-06-12
186,9624,Delivered,2025-06-03,2025-06-09
187,1176,Delivered,2025-12-30,2025-12-31
188,9089,Failed,2024-03-05,
189,9501,Delayed,2024-08-20,2024-08-30
190,4226,Delivered,2023-03-12,2023-03-22
191,6864,Delivered,2023-04-16,2023-04-21
192,2262,Delivered,2026-02-03,2026-02-11
193,7176,Delivered,2024-12-28,2025-01-06
194,8014,Delivered,2026-01-10,2026-01-14
195,2485,Delivered,2025-02-27,2025-03-04
196,9996,Delivered,2024-01-13,2024-01-16
197,4125,Delivered,2024-11-12,2024-11-17
198,4779,Delivered,2024-06-14,2024-06-21
199,8372,In Transit,2026-02-16,
200,2212,Delivered,2023-12-18,2023-12-28
201,2772,Delivered,2024-06-15,2024-06-22
202,6810,Delivered,2025-10-05,2025-10-08
203,1166,Delivered,2026-03-24,2026-03-27
204,2887,Delivered,2026-03-13,2026-03-15
205,5712,Delivered,2023-11-03,2023-11-11
206,3488,Delivered,2024-12-07,2024-12-16
207,2158,Delivered,2023-01-05,2023-01-13
208,85,Delivered,2024-04-25,2024-05-04
209,6531,Delivered,2024-01-25,2024-02-02
210,2072,Delivered,2026-03-16,2026-03-21
211,3731,Delivered,2023-12-06,2023-12-08
212,9869,Delivered,2026-02-20,2026-02-27
213,7192,Delivered,2026-01-09,2026-01-19
214,1331,Delivered,2025-12-07,2025-12-11
215,6725,Delivered,2025-06-16,2025-06-24
216,2527,Delivered,2024-01-01,2024-01-02
217,8592,Delivered,2024-02-02,2024-02-10
218,4737,Delivered,2024-01-07,2024-01-08
219,7981,Delivered,2024-03-24,2024-04-01
220,3587,Delivered,2024-05-07,2024-05-13
221,2237,Delivered,2026-03-24,2026-03-26
222,7338,In Transit,2024-02-29,
223,6990,Delivered,2023-03-10,2023-03-14
224,5357,Delivered,2025-10-14,2025-10-19
225,7978,Delivered,2025-07-22,2025-07-30
226,8991,Delivered,2023-08-16,2023-08-21
227,9870,Delivered,2024-02-25,2024-03-01
228,5818,Delivered,2025-04-01,2025-04-08
229,1789,Delayed,2024-01-01,2024-01-09
230,2586,Delivered,2025-02-25,2025-02-27
231,5748,Delivered,2023-04-28,2023-05-01
232,7297,Delivered,2023-07-12,2023-07-14
233,7518,Delivered,2026-03-27,2026-04-03
234,6049,Delayed,2023-02-12,2023-02-21
235,409,Delivered,2023-09-20,2023-09-24
236,1350,Delivered,2026-01-24,2026-01-27
237,4745,Failed,2025-01-19,
238,3394,Delivered,2024-07-19,2024-07-25
239,3373,Delivered,2026-04-26,2026-05-06
240,2730,Delivered,2023-09-26,2023-09-28
241,7496,Delivered,2024-09-25,2024-10-05
242,70,Delivered,2025-05-24,2025-06-03
243,8244,Delivered,2024-08-30,2024-09-02
244,2723,Delayed,2023-05-09,2023-05-17
245,6719,Delivered,2024-02-25,2024-02-28
246,4499,Delayed,2023-03-16,2023-03-21
247,305,Delayed,2026-05-20,2026-05-30
248,493,Delivered,2024-05-15,2024-05-22
249,9695,Delivered,2025-05-04,2025-05-13
250,4744,Delivered,2025-01-23,2025-01-25
251,1991,In Transit,2024-03-21,
252,6018,Delivered,2023-08-24,2023-09-03
253,7549,Delivered,2024-05-18,2024-05-28
254,4166,In Transit,2023-03-26,
255,9344,Delivered,2025-06-27,2025-07-06
256,3236,Delivered,2025-05-20,2025-05-29
257,9673,Delivered,2026-01-19,2026-01-29
258,7769,Delivered,2024-02-07,2024-02-10
259,4023,Delivered,2023-07-28,2023-08-03
260,5177,Delivered,2023-01-20,2023-01-23
261,7213,Delivered,2023-04-24,2023-04-29
262,646,Delivered,2026-02-28,2026-03-03
263,9038,Delivered,2023-09-28,2023-09-30
264,935,Delayed,2026-04-16,2026-04-21
265,5737,Delivered,2023-09-04,2023-09-12
266,8567,Delivered,2025-03-05,2025-03-08
267,2948,Delivered,2023-01-04,2023-01-10
268,9682,Delivered,2024-10-21,2024-10-26
269,1474,Delivered,2026-03-09,2026-03-13
270,320,Delivered,2024-11-09,2024-11-14
271,685,Delivered,2024-11-10,2024-11-13
272,9383,Delivered,2025-08-24,2025-08-30
273,8373,Delivered,2025-01-07,2025-01-11
274,1363,Delivered,2023-12-30,2024-01-05
275,6573,Delivered,2023-10-23,2023-10-28
276,4815,Delivered,2026-04-04,2026-04-05
277,9606,Delivered,2024-08-29,2024-09-03
278,4854,Delivered,2026-06-15,2026-06-19
279,4404,Delayed,2024-02-11,2024-02-19
280,6266,Delivered,2025-03-15,2025-03-24
281,8666,Delivered,2025-09-21,2025-09-27
282,5918,Delivered,2023-02-26,2023-03-03
283,3121,Delivered,2025-04-22,2025-04-24
284,8027,Delivered,2025-07-16,2025-07-20
285,3571,Delivered,2024-02-09,2024-02-12
286,9441,Delivered,2025-05-02,2025-05-10
287,8020,Delivered,2024-02-20,2024-02-28
288,2430,Delivered,2023-04-16,2023-04-17
289,9293,Delivered,2024-08-01,2024-08-03
290,7789,Delivered,2025-01-06,2025-01-13
291,5694,In Transit,2024-08-29,
292,1648,In Transit,2025-05-15,
293,2510,In Transit,2025-08-17,
294,2863,Delivered,2025-08-14,2025-08-23
295,4548,In Transit,2025-11-06,
296,1014,Delivered,2023-03-24,2023-04-02
297,8231,Delivered,2024-12-17,2024-12-19
298,2764,Delivered,2024-10-21,2024-10-27
299,3350,In Transit,2025-04-19,
300,5275,Delivered,2024-05-18,2024-05-24
301,8571,Delivered,2023-03-19,2023-03-29
302,7123,In Transit,2023-08-11,
303,4492,Delivered,2026-05-13,2026-05-22
304,321,Delayed,2026-05-04,2026-05-13
305,2778,Delivered,2026-05-24,2026-05-31
306,4196,Delivered,2024-09-06,2024-09-11
307,7147,Delivered,2023-10-31,2023-11-05
308,3463,Delivered,2025-07-16,2025-07-20
309,454,Delivered,2024-07-28,2024-08-06
310,7842,In Transit,2024-04-15,
311,386,Delivered,2024-06-20,2024-06-25
312,4403,Delivered,2025-07-10,2025-07-15
313,9118,Delivered,2025-10-10,2025-10-20
314,3226,Delivered,2025-09-27,2025-10-04
315,8574,In Transit,2025-02-24,
316,5658,Delivered,2024-11-03,2024-11-08
317,1504,Delivered,2024-02-15,2024-02-23
318,877,Delivered,2025-04-13,2025-04-20
319,5231,Delivered,2025-02-02,2025-02-12
320,139,Delivered,2024-07-10,2024-07-18
321,6954,Delivered,2023-03-08,2023-03-13
322,2680,Delivered,2023-11-23,2023-11-29
323,8881,Delayed,2024-04-03,2024-04-13
324,2196,Delivered,2023-10-19,2023-10-22
325,6703,Delivered,2023-08-12,2023-08-22
326,6359,Delivered,2024-08-07,2024-08-17
327,5856,Delivered,2023-11-26,2023-11-29
328,6427,Delivered,2024-05-12,2024-05-22
329,6187,Failed,2026-07-01,
330,7136,Delivered,2025-08-25,2025-09-03
331,964,Delivered,2023-10-31,2023-11-06
332,9540,Delivered,2026-05-27,2026-06-06
333,4596,Delivered,2023-02-14,2023-02-15
334,9748,In Transit,2023-10-19,
335,2439,Delivered,2024-01-24,2024-01-29
336,5598,Delivered,2025-06-29,2025-07-04
337,8590,Failed,2025-04-04,
338,120,In Transit,2025-03-17,
339,9150,Delivered,2023-07-31,2023-08-04
340,2408,Delivered,2024-06-01,2024-06-05
341,4564,Delivered,2025-07-21,2025-07-25
342,3774,Delivered,2023-08-09,2023-08-19
343,5412,Failed,2024-12-30,
344,7745,Delivered,2025-12-22,2025-12-31
345,7993,Delivered,2023-08-05,2023-08-09
346,2162,Delivered,2025-08-11,2025-08-20
347,5282,Delivered,2024-11-06,2024-11-10
348,2727,Delivered,2024-05-04,2024-05-11
349,114,Delivered,2024-02-02,2024-02-07
350,3287,Delivered,2024-11-19,2024-11-21
351,311,Delivered,2025-12-29,2026-01-04
352,3117,Delivered,2025-05-25,2025-05-27
353,9287,Delivered,2024-11-19,2024-11-24
354,5924,Failed,2025-09-26,
355,6404,Delivered,2024-12-21,2024-12-26
356,7101,Delivered,2025-03-21,2025-03-24
357,8715,Delayed,2025-12-11,2025-12-17
358,7234,Delivered,2024-05-14,2024-05-23
359,891,Delayed,2024-06-24,2024-06-28
360,6772,Delivered,2024-12-03,2024-12-05
361,9668,Delivered,2024-10-23,2024-11-02
362,8243,Delivered,2025-08-21,2025-08-25
363,1228,In Transit,2024-08-29,
364,7985,Delivered,2024-05-10,2024-05-14
365,3567,Delivered,2025-04-13,2025-04-14
366,5553,In Transit,2024-02-06,
367,2346,Delivered,2024-03-21,2024-03-24
368,306,In Transit,2025-08-03,
369,1805,In Transit,2024-11-04,
370,3277,Delivered,2023-12-19,2023-12-29
371,404,Delivered,2023-11-08,2023-11-13
372,7342,Delivered,2025-04-06,2025-04-14
373,5174,Delivered,2025-01-10,2025-01-20
374,9945,Delivered,2024-05-27,2024-05-31
375,3380,Delivered,2025-08-01,2025-08-02
376,4762,Delivered,2025-09-10,2025-09-11
377,3653,Failed,2023-08-22,
378,8954,Delivered,2024-01-31,2024-02-07
379,1061,Delivered,2025-05-29,2025-06-03
380,6623,Delivered,2024-03-20,2024-03-28
381,3508,Delivered,2026-05-26,2026-06-01
382,5887,Delivered,2023-03-17,2023-03-19
383,9777,Delivered,2025-05-03,2025-05-05
384,8045,In Transit,2023-12-07,
385,3320,Delivered,2025-04-18,2025-04-28
386,9069,Failed,2026-05-22,
387,5090,Delivered,2026-01-26,2026-01-30
388,5156,Delivered,2026-05-02,2026-05-12
389,6987,In Transit,2026-05-30,
390,2714,Delayed,2023-07-12,2023-07-19
391,9816,Delayed,2023-06-03,2023-06-08
392,7179,Delivered,2025-06-20,2025-06-21
393,2082,Delivered,2025-09-06,2025-09-07
394,1941,Delivered,2023-11-01,2023-11-10
395,9107,Delivered,2025-07-15,2025-07-23
396,1087,Delivered,2023-10-08,2023-10-15
397,8804,Delivered,2026-04-11,2026-04-16
398,8897,Delivered,2026-02-24,2026-02-26
399,428,Delivered,2024-08-24,2024-08-28
400,1418,Delivered,2025-09-12,2025-09-22
401,1467,Delivered,2026-06-22,2026-06-27
402,5040,Delivered,2025-06-04,2025-06-08
403,974,Delivered,2023-12-09,2023-12-10
404,6093,Delivered,2024-04-24,2024-04-28
405,8981,Failed,2023-01-25,
406,5785,Failed,2026-01-04,
407,317,Delivered,2024-05-12,2024-05-13
408,9536,Delivered,2025-01-31,2025-02-01
409,1801,Delivered,2023-04-21,2023-04-26
410,3687,Delivered,2025-01-26,2025-01-27
411,2019,Delivered,2023-04-29,2023-05-05
412,2762,Delivered,2025-02-21,2025-02-24
413,5356,Delivered,2024-02-07,2024-02-11
414,8122,In Transit,2023-12-07,
415,4835,In Transit,2024-04-04,
416,4647,In Transit,2024-03-24,
417,3756,Delivered,2025-03-03,2025-03-09
418,2781,Delivered,2023-06-29,2023-07-06
419,230,Delivered,2025-05-22,2025-05-30
420,4479,Failed,2024-04-18,
421,4732,Delivered,2025-07-03,2025-07-05
422,7677,Delivered,2025-06-07,2025-06-12
423,4654,Delivered,2024-04-02,2024-04-04
424,1624,In Transit,2026-01-16,
425,8303,Delivered,2026-01-26,2026-01-30
426,7520,Delivered,2026-02-26,2026-03-08
427,1033,Delivered,2025-03-09,2025-03-17
428,8344,Delivered,2023-04-16,2023-04-26
429,6234,Delivered,2023-05-08,2023-05-14
430,8629,Delivered,2025-09-26,2025-10-02
431,8998,Delivered,2025-10-07,2025-10-15
432,8888,Delivered,2025-01-30,2025-02-07
433,2791,Delivered,2024-06-29,2024-07-07
434,3318,Delivered,2024-07-09,2024-07-17
435,9857,Delivered,2025-12-20,2025-12-24
436,8989,In Transit,2025-02-20,
437,8552,Delivered,2023-04-09,2023-04-15
438,8904,Delivered,2026-06-24,2026-06-29
439,6112,Delivered,2024-12-17,2024-12-26
440,2329,Delivered,2024-11-29,2024-12-06
441,8868,Delivered,2026-05-06,2026-05-13
442,4626,Delivered,2025-06-03,2025-06-05
443,6027,Delivered,2026-06-06,2026-06-08
444,4197,Delivered,2025-08-07,2025-08-14
445,2588,Delivered,2023-03-26,2023-03-27
446,1706,Delivered,2025-08-30,2025-09-03
447,2392,Delivered,2023-08-29,2023-09-08
448,3066,Delivered,2025-06-11,2025-06-14
449,1521,Delivered,2025-03-21,2025-03-25
450,1575,Delivered,2023-05-15,2023-05-17
451,8911,Delivered,2025-01-23,2025-02-02
452,5827,Delivered,2024-03-09,2024-03-12
453,2862,Delivered,2026-04-01,2026-04-06
454,1282,Delivered,2023-08-14,2023-08-18
455,6663,Delivered,2026-01-05,2026-01-14
456,4962,Delivered,2025-12-27,2026-01-04
457,2270,Delivered,2024-08-27,2024-09-01
458,4842,Delivered,2023-11-22,2023-11-23
459,8671,Delivered,2024-06-10,2024-06-20
460,8464,Delivered,2025-08-19,2025-08-20
461,724,Delivered,2023-09-20,2023-09-27
462,1962,In Transit,2024-01-08,
463,7574,Delayed,2025-10-19,2025-10-27
464,6292,Delivered,2024-01-11,2024-01-13
465,5091,Delivered,2024-02-02,2024-02-04
466,9744,Delivered,2026-01-14,2026-01-17
467,4065,Delivered,2023-04-18,2023-04-23
468,2278,Delivered,2024-09-10,2024-09-12
469,3963,Delivered,2023-02-10,2023-02-20
470,7643,Delivered,2023-01-24,2023-02-01
471,1271,Delivered,2024-08-27,2024-08-28
472,1425,Delivered,2024-10-14,2024-10-23
473,4451,Delivered,2026-06-23,2026-06-29
474,2363,Delivered,2023-03-31,2023-04-07
475,9018,Delivered,2023-10-01,2023-10-04
476,8812,In Transit,2023-09-23,
477,2120,Delivered,2024-03-27,2024-04-01
478,5030,Delivered,2026-03-26,2026-03-31
479,4461,Delivered,2024-09-29,2024-10-05
480,1478,Delivered,2025-01-14,2025-01-15
481,9543,Delivered,2023-09-07,2023-09-12
482,6120,Delivered,2026-02-08,2026-02-12
483,9312,Delivered,2024-04-20,2024-04-30
484,1588,Delivered,2023-10-16,2023-10-20
485,556,In Transit,2025-10-22,
486,6806,Delivered,2026-04-25,2026-04-29
487,9311,Delivered,2023-10-11,2023-10-17
488,9569,Delivered,2025-02-12,2025-02-17
489,5200,Delivered,2023-09-17,2023-09-25
490,6369,Delivered,2024-04-23,2024-04-28
491,1783,Delivered,2023-04-06,2023-04-16
492,6463,Delivered,2024-09-08,2024-09-18
493,8366,Delivered,2024-08-07,2024-08-13
494,7125,Delivered,2024-05-21,2024-05-27
495,9060,Delayed,2025-12-08,2025-12-18
496,4896,Delivered,2025-10-16,2025-10-23
497,2385,Delivered,2025-08-03,2025-08-05
498,3709,Delivered,2025-07-13,2025-07-20
499,2195,Delivered,2024-03-23,2024-03-28
500,1839,Delivered,2023-04-16,2023-04-23
501,8887,Delivered,2023-11-27,2023-12-06
502,9884,Delivered,2026-06-05,2026-06-13
503,6003,In Transit,2024-03-16,
504,6640,Delivered,2026-05-18,2026-05-28
505,3524,In Transit,2025-12-21,
506,2626,Delivered,2023-02-26,2023-02-27
507,4999,Delivered,2023-04-08,2023-04-13
508,9952,Delivered,2025-08-13,2025-08-18
509,8506,Delivered,2026-06-20,2026-06-30
510,7562,Delivered,2023-02-19,2023-02-22
511,5662,Delivered,2025-03-06,2025-03-16
512,8828,Delivered,2023-08-26,2023-09-04
513,6212,Delivered,2023-04-06,2023-04-13
514,8777,Delivered,2024-01-28,2024-02-05
515,7578,Delayed,2025-03-07,2025-03-17
516,6985,Delivered,2026-05-18,2026-05-27
517,5691,Delivered,2025-11-01,2025-11-09
518,4259,Delivered,2025-12-26,2025-12-27
519,8341,In Transit,2024-12-10,
520,3102,Delivered,2024-02-18,2024-02-23
521,9190,Delivered,2023-11-06,2023-11-11
522,8000,In Transit,2023-07-16,
523,6991,In Transit,2023-04-10,
524,7835,Delivered,2024-03-04,2024-03-14
525,4773,In Transit,2024-09-01,
526,1635,Delivered,2024-10-19,2024-10-27
527,9426,Delivered,2023-02-24,2023-03-02
528,7931,Delayed,2023-07-11,2023-07-14
529,5337,Delivered,2025-01-05,2025-01-12
530,1322,Delivered,2024-09-29,2024-09-30
531,2864,Delivered,2026-01-11,2026-01-15
532,2671,Failed,2024-08-22,
533,7440,Delayed,2024-06-16,2024-06-18
534,7203,Delivered,2026-01-16,2026-01-17
535,3981,Delivered,2023-06-24,2023-06-30
536,9785,Delivered,2026-04-19,2026-04-27
537,308,Delivered,2023-01-18,2023-01-27
538,5895,Delivered,2023-12-14,2023-12-15
539,7680,Delivered,2024-08-10,2024-08-15
540,9599,In Transit,2026-05-30,
541,6652,Delivered,2023-06-03,2023-06-05
542,4138,Delivered,2024-07-29,2024-08-01
543,4039,Delivered,2025-09-22,2025-09-30
544,7510,Delivered,2023-06-03,2023-06-07
545,6724,Delayed,2023-06-10,2023-06-16
546,6397,Delivered,2023-07-05,2023-07-08
547,4847,Delivered,2025-05-06,2025-05-09
548,2968,Failed,2026-02-20,
549,9486,Delivered,2024-04-16,2024-04-26
550,7119,Delivered,2023-02-06,2023-02-16
551,3180,In Transit,2023-11-16,
552,2463,Delayed,2024-08-08,2024-08-18
553,5633,Delivered,2025-05-11,2025-05-20
554,7392,Delivered,2024-04-09,2024-04-12
555,2996,Delivered,2024-05-01,2024-05-08
556,7685,Delivered,2025-07-21,2025-07-28
557,6971,Failed,2024-06-01,
558,4902,In Transit,2024-12-31,
559,2453,Delivered,2025-09-01,2025-09-06
560,6430,Delivered,2025-07-21,2025-07-26
561,3163,Delayed,2025-05-29,2025-05-31
562,7499,Delivered,2023-05-18,2023-05-22
563,2559,Delivered,2023-04-02,2023-04-10
564,4612,Delivered,2025-02-06,2025-02-09
565,5673,Delivered,2023-01-06,2023-01-11
566,2699,Delivered,2026-06-20,2026-06-25
567,3056,Delayed,2025-06-05,2025-06-06
568,9024,Delivered,2025-10-09,2025-10-18
569,5178,Delivered,2023-04-09,2023-04-13
570,1879,Delivered,2026-01-20,2026-01-25
571,2855,Delivered,2023-11-18,2023-11-22
572,2197,Delivered,2024-01-31,2024-02-06
573,9206,Delivered,2025-05-04,2025-05-10
574,3233,Delivered,2025-09-25,2025-09-29
575,241,Delivered,2025-11-05,2025-11-12
576,1933,Delivered,2024-09-11,2024-09-21
577,9205,Delivered,2023-05-18,2023-05-26
578,4502,Delivered,2025-09-26,2025-10-02
579,6341,Delayed,2026-06-03,2026-06-04
580,6671,Failed,2025-10-06,
581,7524,Delivered,2024-03-06,2024-03-08
582,8485,Delivered,2025-03-31,2025-04-09
583,6140,Delivered,2026-04-25,2026-05-04
584,4711,Delivered,2025-12-22,2025-12-25
585,3777,Delivered,2026-04-24,2026-05-02
586,3298,Delayed,2024-03-02,2024-03-05
587,9351,Delayed,2023-11-29,2023-12-05
588,9596,Delivered,2024-04-22,2024-04-27
589,5262,Delivered,2024-07-27,2024-08-05
590,5900,Delivered,2025-12-04,2025-12-06
591,1431,In Transit,2024-04-28,
592,976,Delivered,2025-12-06,2025-12-16
593,3638,Failed,2025-01-19,
594,5394,Delivered,2024-09-09,2024-09-18
595,8680,Failed,2023-01-18,
596,6763,Delivered,2024-03-19,2024-03-29
597,4721,Delivered,2026-04-03,2026-04-04
598,5107,Delivered,2024-07-09,2024-07-11
599,9827,Delivered,2025-06-04,2025-06-12
600,7672,Delivered,2026-02-07,2026-02-13
601,6216,Delivered,2026-01-06,2026-01-08
602,8849,In Transit,2024-05-04,
603,2355,Delivered,2023-07-06,2023-07-15
604,9181,Delivered,2026-03-02,2026-03-11
605,3919,Delayed,2026-06-26,2026-07-02
606,9036,Delayed,2025-03-27,2025-04-03
607,5786,Delivered,2026-04-25,2026-05-03
608,1325,Delivered,2023-05-10,2023-05-14
609,852,Failed,2026-05-26,
610,1649,Delivered,2026-04-09,2026-04-16
611,2566,Delayed,2023-05-09,2023-05-11
612,6843,Delivered,2023-02-11,2023-02-13
613,9394,Delivered,2026-04-17,2026-04-22
614,858,Delivered,2023-10-12,2023-10-16
615,81,Delivered,2025-10-17,2025-10-18
616,7474,Delivered,2025-07-06,2025-07-11
617,4945,Delivered,2023-04-20,2023-04-29
618,123,Delivered,2024-09-28,2024-10-07
619,8051,Delivered,2023-05-01,2023-05-06
620,862,Delivered,2024-04-22,2024-05-02
621,2708,Delivered,2026-05-13,2026-05-14
622,1122,Delivered,2023-05-29,2023-06-04
623,7911,Delivered,2025-10-17,2025-10-18
624,8036,Delivered,2025-03-19,2025-03-20
625,4984,In Transit,2024-04-03,
626,8753,Delivered,2023-06-16,2023-06-19
627,3885,Delivered,2026-01-29,2026-02-07
628,1813,Delivered,2024-12-22,2024-12-31
629,2687,Delivered,2026-04-17,2026-04-22
630,1951,In Transit,2025-07-18,
631,3282,Delivered,2023-01-08,2023-01-11
632,8579,In Transit,2023-05-04,
633,9530,Delivered,2025-08-08,2025-08-13
634,4617,Delivered,2026-06-11,2026-06-17
635,4557,Delivered,2025-03-17,2025-03-27
636,2763,Delivered,2025-12-22,2025-12-25
637,2543,Delivered,2025-11-13,2025-11-19
638,3945,Failed,2025-12-10,
639,1151,Delivered,2024-02-07,2024-02-12
640,9373,Delivered,2024-10-08,2024-10-13
641,7507,Delivered,2023-11-04,2023-11-07
642,8463,Delivered,2025-02-04,2025-02-07
643,4366,Delivered,2024-04-16,2024-04-20
644,6907,Delivered,2024-07-09,2024-07-14
645,3202,In Transit,2023-04-12,
646,5227,Delivered,2024-06-22,2024-06-28
647,4113,Delivered,2023-09-23,2023-09-30
648,8449,Delivered,2025-12-01,2025-12-08
649,7355,Delivered,2023-08-06,2023-08-13
650,224,Delivered,2023-07-07,2023-07-11
651,8758,Delivered,2025-09-13,2025-09-16
652,6830,Delivered,2024-11-03,2024-11-06
653,6272,Delivered,2026-01-22,2026-01-26
654,1223,Delivered,2024-06-21,2024-06-26
655,3896,Delivered,2024-11-22,2024-11-30
656,6485,Delivered,2025-05-18,2025-05-19
657,5873,Delivered,2024-03-23,2024-03-31
658,9271,Delivered,2024-07-08,2024-07-11
659,9185,Failed,2025-07-06,
660,2450,In Transit,2023-02-02,
661,2562,Delivered,2025-04-04,2025-04-10
662,504,Delivered,2024-11-04,2024-11-13
663,2784,Delayed,2024-07-03,2024-07-04
664,7630,Delivered,2025-07-03,2025-07-13
665,6070,Delivered,2023-09-22,2023-09-26
666,5767,Delivered,2024-12-06,2024-12-15
667,7072,Delivered,2023-06-29,2023-07-04
668,6872,Delivered,2024-01-24,2024-01-27
669,4671,Delivered,2025-12-02,2025-12-10
670,3903,Delivered,2024-03-19,2024-03-22
671,1419,Delivered,2025-12-04,2025-12-06
672,9643,Delivered,2025-03-22,2025-03-28
673,8754,Delivered,2023-10-03,2023-10-04
674,6959,Delayed,2025-01-21,2025-01-27
675,5072,Delivered,2024-12-08,2024-12-15
676,9604,Delivered,2024-04-10,2024-04-13
677,7378,Delivered,2023-10-07,2023-10-15
678,9914,Delivered,2024-01-05,2024-01-11
679,2627,Delivered,2025-08-07,2025-08-15
680,3498,Delivered,2023-06-29,2023-07-07
681,1480,Delivered,2025-05-07,2025-05-15
682,616,Delayed,2024-11-18,2024-11-22
683,1720,Delivered,2024-10-18,2024-10-23
684,3815,Delivered,2025-09-09,2025-09-17
685,7160,In Transit,2026-02-13,
686,4510,Delivered,2026-01-30,2026-02-06
687,5552,Delivered,2024-09-12,2024-09-20
688,8371,In Transit,2024-11-12,
689,2746,In Transit,2023-12-14,
690,2094,Delivered,2025-08-04,2025-08-08
691,5070,Delivered,2026-06-07,2026-06-17
692,5441,In Transit,2023-10-03,
693,8968,Delivered,2025-07-14,2025-07-23
694,7287,Delayed,2023-07-29,2023-08-02
695,5364,Delivered,2025-03-30,2025-04-02
696,9741,Delivered,2023-09-22,2023-10-01
697,637,In Transit,2025-12-22,
698,8424,Delivered,2025-07-12,2025-07-16
699,185,Delivered,2025-10-24,2025-10-31
700,6403,Delivered,2025-08-04,2025-08-06
701,1507,Delayed,2024-03-08,2024-03-15
702,1777,Failed,2026-02-06,
703,3838,Delivered,2025-03-14,2025-03-22
704,2389,Delivered,2023-01-17,2023-01-25
705,2783,Delayed,2024-08-12,2024-08-15
706,7934,In Transit,2024-06-12,
707,2766,In Transit,2025-03-14,
708,1846,Delivered,2023-05-17,2023-05-20
709,5113,Delivered,2024-12-29,2024-12-30
710,7033,Delivered,2026-03-17,2026-03-18
711,4706,Delivered,2023-03-11,2023-03-16
712,1215,Delivered,2024-10-21,2024-10-31
713,442,Delivered,2024-02-08,2024-02-09
714,5060,Delivered,2024-05-24,2024-05-29
715,4989,In Transit,2024-12-05,
716,4406,In Transit,2025-02-01,
717,4236,Delivered,2026-06-09,2026-06-16
718,7973,Delivered,2023-09-10,2023-09-19
719,3856,Delayed,2025-09-10,2025-09-13
720,6331,Delivered,2023-12-14,2023-12-21
721,6618,Delivered,2023-01-28,2023-02-04
722,9856,Delivered,2024-10-30,2024-11-04
723,7968,Delivered,2025-08-17,2025-08-20
724,9619,Delayed,2023-12-29,2024-01-03
725,2066,Delivered,2025-01-03,2025-01-13
726,3246,Delivered,2025-05-14,2025-05-15
727,8494,Delivered,2023-11-14,2023-11-17
728,1590,Delivered,2025-04-24,2025-04-30
729,8422,Delivered,2025-12-15,2025-12-17
730,2022,Delivered,2023-05-18,2023-05-20
731,4900,Delivered,2025-11-22,2025-11-24
732,4603,Delivered,2024-04-02,2024-04-11
733,7054,Delivered,2025-02-17,2025-02-23
734,7062,Delivered,2023-04-25,2023-04-27
735,7155,Delivered,2023-01-24,2023-02-01
736,9402,Delivered,2024-11-07,2024-11-13
737,4627,Delivered,2023-07-27,2023-08-01
738,2441,Delayed,2026-03-06,2026-03-07
739,1083,Failed,2024-01-23,
740,4094,Delivered,2024-07-01,2024-07-11
741,6282,Delivered,2024-12-28,2025-01-07
742,9516,Delivered,2024-12-06,2024-12-13
743,9766,Delivered,2023-01-07,2023-01-15
744,7746,Delivered,2023-05-16,2023-05-23
745,4011,Delivered,2026-04-21,2026-04-23
746,4845,Failed,2025-05-04,
747,8351,Delivered,2024-05-16,2024-05-19
748,5631,In Transit,2026-04-09,
749,1341,Delivered,2024-02-04,2024-02-12
750,1394,In Transit,2023-09-26,
751,7362,Delivered,2025-09-05,2025-09-13
752,9919,Delivered,2025-07-09,2025-07-10
753,6348,In Transit,2026-02-09,
754,2285,Delivered,2024-08-13,2024-08-21
755,1861,Delivered,2025-09-09,2025-09-16
756,4708,Delivered,2023-12-23,2024-01-01
757,3736,In Transit,2025-05-13,
758,206,Delivered,2025-08-16,2025-08-18
759,5125,Delayed,2024-06-02,2024-06-10
760,9166,Delivered,2024-04-02,2024-04-03
761,3659,Delivered,2025-05-06,2025-05-15
762,1514,Delivered,2023-03-07,2023-03-15
763,8728,Delivered,2024-11-23,2024-11-30
764,5983,Delayed,2025-07-22,2025-07-30
765,9045,In Transit,2024-12-24,
766,4516,Delivered,2025-04-04,2025-04-05
767,5355,Delivered,2026-05-24,2026-06-02
768,8757,Delivered,2026-02-14,2026-02-15
769,8618,Delivered,2024-01-18,2024-01-23
770,4289,Delivered,2023-10-19,2023-10-28
771,3175,Delivered,2024-02-25,2024-03-02
772,4550,Delivered,2024-01-04,2024-01-05
773,4636,Delivered,2026-04-11,2026-04-14
774,5745,Delivered,2026-05-26,2026-06-02
775,9635,Delivered,2024-09-03,2024-09-08
776,7748,Delivered,2025-04-21,2025-05-01
777,8602,Delivered,2026-01-21,2026-01-24
778,5770,Delivered,2023-07-26,2023-07-31
779,9491,Delivered,2023-10-30,2023-11-08
780,3719,Delivered,2026-02-27,2026-03-02
781,7095,Delivered,2025-12-28,2026-01-05
782,8099,Delayed,2025-06-11,2025-06-16
783,9015,Delayed,2024-11-12,2024-11-21
784,3426,Failed,2023-02-08,
785,7608,Delivered,2026-03-23,2026-03-31
786,6167,Delivered,2025-11-03,2025-11-12
787,6519,Delivered,2026-02-28,2026-03-02
788,2328,Delivered,2023-03-20,2023-03-22
789,5450,Delivered,2024-12-23,2024-12-25
790,5469,Delivered,2025-09-30,2025-10-05
791,7340,Delivered,2026-02-11,2026-02-15
792,3168,Delivered,2025-12-12,2025-12-18
793,9465,Delivered,2025-01-09,2025-01-12
794,923,Delivered,2024-02-25,2024-03-05
795,7323,Delivered,2024-01-15,2024-01-17
796,939,Delivered,2025-07-16,2025-07-19
797,6239,Delivered,2024-06-27,2024-07-07
798,1663,Delivered,2025-02-07,2025-02-08
799,4353,Delayed,2025-03-27,2025-04-01
800,1552,Delivered,2023-03-29,2023-04-08
801,204,Delivered,2024-06-12,2024-06-13
802,4560,Delivered,2025-12-27,2026-01-01
803,8615,Delivered,2025-05-10,2025-05-13
804,8498,Delivered,2023-01-29,2023-01-31
805,6115,Delivered,2023-03-31,2023-04-10
806,1082,Delivered,2025-01-27,2025-01-31
807,3022,Delivered,2023-06-04,2023-06-05
808,4943,Failed,2023-08-01,
809,8649,Delivered,2023-12-19,2023-12-23
810,210,In Transit,2024-09-20,
811,8924,Delivered,2025-12-30,2026-01-02
812,8483,Delivered,2026-04-24,2026-04-29
813,6155,Delivered,2025-10-17,2025-10-27
814,5182,Delayed,2024-04-26,2024-05-06
815,5725,Delivered,2026-04-07,2026-04-08
816,3722,Failed,2025-11-27,
817,2908,In Transit,2023-05-20,
818,3833,Delivered,2024-03-26,2024-04-04
819,117,Delivered,2026-03-28,2026-03-29
820,8438,Delivered,2023-09-23,2023-09-28
821,2612,Delivered,2024-11-08,2024-11-09
822,390,Delivered,2025-01-13,2025-01-21
823,1330,Delivered,2024-10-23,2024-10-24
824,8215,Delivered,2025-05-01,2025-05-08
825,249,Delivered,2025-07-22,2025-07-27
826,3822,Delivered,2026-05-30,2026-06-09
827,4953,Failed,2025-05-04,
828,903,Delivered,2023-04-15,2023-04-20
829,1742,Delivered,2024-01-25,2024-02-04
830,2969,In Transit,2023-12-12,
831,8686,Delayed,2026-01-09,2026-01-17
832,5302,Delivered,2025-08-13,2025-08-14
833,6684,Delivered,2024-05-15,2024-05-21
834,6076,Delivered,2023-03-20,2023-03-26
835,3950,Delayed,2026-01-30,2026-02-02
836,5194,Delivered,2024-06-08,2024-06-10
837,3971,Delivered,2024-06-28,2024-07-03
838,3260,Delivered,2024-11-19,2024-11-28
839,4462,Delivered,2025-09-01,2025-09-04
840,5095,Delivered,2024-07-01,2024-07-11
841,9574,Delivered,2026-02-19,2026-02-24
842,1569,Delivered,2026-04-23,2026-05-03
843,1572,Delivered,2024-06-21,2024-06-30
844,1248,Delivered,2025-12-15,2025-12-22
845,413,Delivered,2023-09-13,2023-09-18
846,2502,Delivered,2025-04-10,2025-04-20
847,5793,Delivered,2026-02-10,2026-02-11
848,7026,Delivered,2024-05-01,2024-05-02
849,2188,Delivered,2024-11-03,2024-11-12
850,9609,Delivered,2026-01-29,2026-02-05
851,9666,Delivered,2024-12-17,2024-12-21
852,5307,In Transit,2026-03-24,
853,4878,Delivered,2023-08-08,2023-08-18
854,7811,Delivered,2025-10-26,2025-11-05
855,8314,Delivered,2025-08-02,2025-08-09
856,6654,Delivered,2024-05-19,2024-05-27
857,9511,In Transit,2024-02-06,
858,2554,Delivered,2024-04-26,2024-04-30
859,3877,Delivered,2024-01-22,2024-01-29
860,2884,Delivered,2025-12-30,2026-01-09
861,192,Delivered,2023-12-13,2023-12-14
862,1452,Delivered,2024-08-22,2024-08-30
863,1814,Delivered,2024-01-13,2024-01-14
864,3874,Delivered,2023-04-20,2023-04-28
865,4257,Delivered,2024-01-09,2024-01-15
866,9524,Delivered,2023-04-29,2023-05-05
867,4653,Delayed,2025-03-26,2025-03-27
868,5890,Delivered,2024-12-11,2024-12-21
869,7142,Delivered,2025-08-28,2025-08-30
870,5829,Delivered,2023-03-18,2023-03-23
871,799,Delivered,2023-01-31,2023-02-03
872,3606,Delivered,2025-10-29,2025-11-08
873,3664,Delivered,2024-03-29,2024-04-01
874,8747,Delivered,2025-09-22,2025-09-24
875,4248,Delivered,2023-05-22,2023-05-27
876,8674,Delivered,2025-09-25,2025-10-03
877,4048,Delivered,2025-01-20,2025-01-24
878,6532,Delivered,2025-02-25,2025-03-03
879,1543,Delivered,2025-07-13,2025-07-22
880,292,Delivered,2025-10-10,2025-10-11
881,2416,Delivered,2024-07-26,2024-07-27
882,8082,Delivered,2024-12-11,2024-12-14
883,7331,Delivered,2024-08-17,2024-08-21
884,667,Delivered,2024-12-28,2024-12-31
885,7653,Delivered,2025-09-16,2025-09-22
886,4245,Delivered,2026-02-25,2026-03-03
887,3755,In Transit,2025-05-03,
888,1365,In Transit,2023-02-16,
889,8211,Delivered,2023-09-17,2023-09-26
890,4651,Delivered,2023-05-30,2023-06-07
891,3000,Delivered,2024-01-21,2024-01-26
892,3223,Delivered,2025-02-27,2025-03-08
893,5124,In Transit,2024-06-16,
894,1909,Delivered,2024-03-02,2024-03-09
895,9838,Delivered,2023-04-19,2023-04-25
896,9719,Delivered,2024-05-04,2024-05-12
897,4447,Delivered,2025-04-15,2025-04-20
898,1854,Delivered,2025-01-05,2025-01-12
899,2174,Delivered,2024-10-14,2024-10-23
900,2122,Delivered,2025-01-18,2025-01-23
901,2952,Delivered,2025-10-05,2025-10-06
902,6287,In Transit,2025-11-21,
903,8670,Delivered,2026-05-28,2026-06-07
904,3688,Delivered,2024-08-21,2024-08-26
905,6641,Delivered,2025-10-02,2025-10-12
906,7143,Delivered,2024-11-20,2024-11-25
907,8775,Delivered,2026-06-18,2026-06-24
908,444,In Transit,2024-08-04,
909,3644,Delivered,2024-10-16,2024-10-18
910,9976,Delivered,2025-11-05,2025-11-09
911,6953,Delivered,2025-01-21,2025-01-30
912,798,Delivered,2025-10-15,2025-10-25
913,7965,Delayed,2024-06-21,2024-06-23
914,2501,Delivered,2024-05-27,2024-06-04
915,1247,In Transit,2023-08-01,
916,1793,Delivered,2024-05-07,2024-05-12
917,353,Delivered,2026-06-15,2026-06-16
918,9711,Delivered,2024-03-02,2024-03-12
919,6689,Delayed,2024-11-10,2024-11-12
920,3231,Delivered,2024-07-15,2024-07-18
921,6825,In Transit,2026-02-01,
922,1701,Delivered,2025-10-06,2025-10-16
923,756,Delayed,2023-11-10,2023-11-17
924,423,Failed,2025-06-10,
925,7504,Delivered,2026-01-27,2026-02-03
926,6924,Delivered,2024-02-06,2024-02-11
927,2166,Delivered,2025-03-25,2025-03-31
928,8846,Delivered,2026-04-26,2026-05-01
929,1237,Delayed,2023-02-17,2023-02-20
930,8644,Delivered,2023-10-26,2023-11-01
931,6022,In Transit,2024-09-25,
932,1875,Delivered,2024-05-14,2024-05-19
933,5341,Delayed,2025-04-16,2025-04-23
934,3205,Delivered,2025-06-16,2025-06-20
935,6415,Delivered,2023-07-14,2023-07-22
936,9112,Delivered,2024-06-01,2024-06-02
937,8126,In Transit,2025-09-03,
938,4520,Delivered,2025-05-27,2025-05-29
939,5683,Delivered,2024-12-14,2024-12-23
940,9593,Delivered,2024-08-22,2024-08-27
941,8807,Delayed,2025-02-23,2025-03-05
942,9203,Delivered,2025-08-30,2025-09-09
943,8291,Delivered,2024-05-22,2024-05-31
944,3130,Delivered,2023-03-28,2023-04-04
945,24,Delivered,2026-06-28,2026-07-05
946,822,Delivered,2024-01-22,2024-01-30
947,201,Delayed,2024-03-09,2024-03-12
948,2207,Delivered,2023-11-29,2023-12-03
949,5258,Delivered,2023-02-18,2023-02-26
950,9041,Delivered,2024-12-30,2025-01-05
951,3403,Delivered,2023-01-17,2023-01-21
952,1862,Delivered,2024-03-23,2024-03-24
953,1412,Delivered,2023-08-08,2023-08-15
954,1041,Delivered,2025-01-09,2025-01-18
955,8648,Delivered,2025-12-08,2025-12-16
956,3502,Delayed,2023-02-22,2023-02-27
957,9301,Delivered,2024-03-11,2024-03-21
958,3853,Delivered,2024-07-28,2024-08-06
959,3990,Delivered,2024-03-10,2024-03-11
960,1225,In Transit,2025-11-25,
961,8584,Delivered,2025-01-16,2025-01-21
962,6153,Delivered,2026-01-05,2026-01-14
963,5953,In Transit,2025-08-25,
964,8910,Delivered,2023-08-01,2023-08-06
965,8191,Delivered,2023-12-11,2023-12-16
966,5627,Delivered,2026-04-06,2026-04-07
967,1984,Delivered,2025-01-04,2025-01-13
968,4524,Delivered,2023-08-10,2023-08-12
969,4591,Failed,2026-02-16,
970,3669,In Transit,2024-09-23,
971,1258,Delivered,2026-01-31,2026-02-02
972,3624,Delivered,2023-04-13,2023-04-19
973,1236,Delivered,2026-01-18,2026-01-25
974,9457,Delivered,2026-03-25,2026-04-04
975,1673,Delivered,2023-08-12,2023-08-18
976,221,Delivered,2025-07-31,2025-08-07
977,4759,Delivered,2025-11-24,2025-11-29
978,2048,In Transit,2025-12-22,
979,3864,Delivered,2025-04-18,2025-04-19
980,3029,Delivered,2025-03-09,2025-03-17
981,9872,Delivered,2023-05-14,2023-05-21
982,6184,Delivered,2025-10-24,2025-11-01
983,2086,Delivered,2023-08-24,2023-09-01
984,3363,Delivered,2026-04-01,2026-04-11
985,1926,Delivered,2025-05-08,2025-05-15
986,6392,Delivered,2024-11-29,2024-12-09
987,8948,Delivered,2025-04-05,2025-04-10
988,7429,Delivered,2024-06-27,2024-07-05
989,5970,Delivered,2025-11-13,2025-11-17
990,8916,Delivered,2024-02-16,2024-02-21
991,1547,Delivered,2024-05-30,2024-05-31
992,2093,Delivered,2024-12-31,2025-01-05
993,9143,In Transit,2023-09-07,
994,4637,Delivered,2023-04-26,2023-04-28
995,7571,Delivered,2025-01-12,2025-01-13
996,4741,Delivered,2025-11-06,2025-11-14
997,3952,In Transit,2025-11-09,
998,8075,Delivered,2024-03-22,2024-03-26
999,3569,Delivered,2023-08-02,2023-08-08
1000,7019,Delivered,2023-03-18,2023-03-25
1001,577,Failed,2025-12-06,
1002,9493,Failed,2024-12-02,
1003,2837,Delivered,2024-06-23,2024-07-02
1004,7857,Delivered,2026-01-15,2026-01-25
1005,9212,Delivered,2024-03-06,2024-03-12
1006,8284,Delivered,2025-12-18,2025-12-21
1007,6084,Delivered,2023-09-04,2023-09-10
1008,6823,Delayed,2023-12-06,2023-12-15
1009,3780,Delivered,2024-04-08,2024-04-10
1010,3358,Delivered,2024-02-26,2024-02-27
1011,3507,In Transit,2024-03-29,
1012,6435,Delivered,2024-04-26,2024-05-03
1013,5741,Failed,2024-12-02,
1014,1179,Delayed,2023-12-07,2023-12-09
1015,4203,Delivered,2024-11-21,2024-11-22
1016,6364,Delivered,2025-12-01,2025-12-07
1017,5792,Delivered,2023-03-20,2023-03-21
1018,4834,Delivered,2026-06-05,2026-06-15
1019,7174,Delivered,2023-02-25,2023-03-05
1020,7150,Delivered,2025-02-07,2025-02-08
1021,4038,Delivered,2023-07-01,2023-07-07
1022,2274,Delivered,2025-02-04,2025-02-11
1023,2928,Delivered,2025-10-03,2025-10-12
1024,6765,Delivered,2026-02-23,2026-02-25
1025,9734,Delivered,2026-06-16,2026-06-21
1026,293,Delivered,2023-11-20,2023-11-26
1027,7706,Delivered,2024-10-14,2024-10-17
1028,6770,Delivered,2025-03-14,2025-03-23
1029,6001,Delayed,2025-05-17,2025-05-23
1030,8737,In Transit,2024-11-09,
1031,2710,Delivered,2023-10-22,2023-10-26
1032,6393,In Transit,2023-01-18,
1033,1355,Delivered,2025-03-29,2025-04-08
1034,9850,Delayed,2025-01-29,2025-02-06
1035,5354,Delivered,2025-12-29,2026-01-01
1036,1172,Delivered,2024-04-10,2024-04-15
1037,4339,Delivered,2025-04-15,2025-04-24
1038,9083,Delivered,2024-09-25,2024-10-03
1039,6281,In Transit,2024-03-19,
1040,1397,Delayed,2024-05-01,2024-05-04
1041,9924,Failed,2025-03-03,
1042,5218,Delivered,2025-02-03,2025-02-12
1043,7797,Delivered,2024-07-22,2024-08-01
1044,9753,Delivered,2024-06-13,2024-06-22
1045,4890,Failed,2024-03-10,
1046,2549,Delayed,2023-12-22,2023-12-30
1047,7669,Delivered,2026-06-11,2026-06-14
1048,7191,Failed,2025-12-01,
1049,5714,Delivered,2023-04-28,2023-05-07
1050,4766,Delayed,2025-11-29,2025-12-06
1051,3415,Delivered,2025-12-16,2025-12-23
1052,7627,Delivered,2024-10-14,2024-10-22
1053,8838,Delivered,2024-12-11,2024-12-19
1054,2716,Delivered,2025-07-03,2025-07-08
1055,5407,Delivered,2025-03-12,2025-03-21
1056,6054,Delivered,2024-06-04,2024-06-05
1057,4276,Delivered,2025-10-18,2025-10-27
1058,4956,Delivered,2024-08-30,2024-09-09
1059,1850,Delivered,2024-03-15,2024-03-24
1060,4582,Delivered,2024-07-06,2024-07-08
1061,8131,Delivered,2025-02-19,2025-02-20
1062,9418,Delivered,2025-06-11,2025-06-14
1063,5495,Delivered,2026-05-26,2026-06-05
1064,3379,Delivered,2024-08-18,2024-08-25
1065,6030,In Transit,2026-01-01,
1066,315,Delivered,2024-06-22,2024-06-28
1067,1428,Delivered,2025-02-25,2025-03-03
1068,8221,Delivered,2023-03-31,2023-04-05
1069,2118,Delivered,2023-02-06,2023-02-08
1070,6332,Delivered,2023-02-09,2023-02-16
1071,3910,Delivered,2023-07-15,2023-07-16
1072,6863,Delivered,2023-10-02,2023-10-09
1073,9578,Delivered,2023-09-04,2023-09-12
1074,1483,Delivered,2026-03-29,2026-04-06
1075,4652,Delivered,2023-02-14,2023-02-18
1076,9727,Delivered,2025-10-06,2025-10-13
1077,1630,Delivered,2023-06-01,2023-06-07
1078,7366,Delivered,2023-08-21,2023-08-24
1079,3169,Delivered,2026-01-12,2026-01-16
1080,5909,Delivered,2025-11-01,2025-11-06
1081,2729,Delivered,2026-05-25,2026-05-31
1082,3489,Delivered,2025-03-01,2025-03-11
1083,3799,Delivered,2024-12-13,2024-12-17
1084,9802,Delivered,2025-02-27,2025-03-07
1085,2642,Delivered,2025-11-01,2025-11-03
1086,1549,In Transit,2023-09-11,
1087,9916,Delivered,2024-02-02,2024-02-08
1088,6972,Delivered,2023-05-17,2023-05-18
1089,5493,Delivered,2026-01-03,2026-01-04
1090,1032,Delivered,2023-05-18,2023-05-23
1091,8932,Delayed,2023-05-23,2023-05-24
1092,8265,Delivered,2023-02-23,2023-03-01
1093,3809,Delivered,2023-01-07,2023-01-10
1094,2266,Delivered,2024-12-09,2024-12-16
1095,4340,Delivered,2026-01-29,2026-02-02
1096,4667,Delivered,2024-05-26,2024-06-03
1097,188,Delivered,2024-09-29,2024-10-09
1098,618,Delivered,2023-11-28,2023-11-30
1099,1903,Delivered,2024-04-15,2024-04-24
1100,4458,Failed,2023-07-22,
1101,7329,Delivered,2024-08-22,2024-08-25
1102,274,Delivered,2026-06-03,2026-06-11
1103,593,Delivered,2024-11-11,2024-11-21
1104,4435,Delivered,2025-05-15,2025-05-23
1105,399,Delayed,2023-05-30,2023-06-06
1106,1200,Delivered,2026-04-17,2026-04-19
1107,2546,Delivered,2025-02-16,2025-02-26
1108,5353,Delivered,2025-06-04,2025-06-14
1109,2078,Delivered,2024-07-19,2024-07-23
1110,2771,Delivered,2025-04-22,2025-04-28
1111,1251,Delivered,2024-03-21,2024-03-27
1112,5531,Delivered,2026-05-09,2026-05-15
1113,9438,Delivered,2023-10-17,2023-10-22
1114,4476,Delivered,2023-05-24,2023-06-02
1115,2070,Delivered,2024-02-27,2024-02-28
1116,6229,Delivered,2024-12-26,2024-12-31
1117,3683,Delivered,2026-03-07,2026-03-09
1118,9420,Delivered,2025-11-18,2025-11-28
1119,8664,Delivered,2023-01-16,2023-01-18
1120,4767,Delivered,2025-01-19,2025-01-24
1121,4803,In Transit,2023-11-03,
1122,7964,Delayed,2026-03-12,2026-03-19
1123,2648,Delivered,2023-06-21,2023-06-27
1124,1573,Delivered,2023-05-23,2023-06-01
1125,6761,Delivered,2025-11-15,2025-11-23
1126,8977,Delivered,2023-05-26,2023-06-01
1127,7583,Delivered,2025-08-04,2025-08-05
1128,4655,Delivered,2023-08-30,2023-09-06
1129,7836,Delivered,2023-06-24,2023-06-27
1130,4800,Delivered,2025-09-17,2025-09-22
1131,9151,Delivered,2024-07-05,2024-07-12
1132,6662,Delivered,2025-03-20,2025-03-29
1133,9039,Delivered,2023-03-20,2023-03-21
1134,4397,Delivered,2025-08-03,2025-08-12
1135,4529,Delivered,2023-03-18,2023-03-21
1136,2148,Delivered,2025-07-20,2025-07-25
1137,3782,In Transit,2023-08-10,
1138,402,Delivered,2025-06-05,2025-06-10
1139,657,Delivered,2025-04-22,2025-04-29
1140,8711,Delayed,2024-02-16,2024-02-19
1141,9518,Delivered,2025-06-11,2025-06-17
1142,9944,Delivered,2026-02-08,2026-02-10
1143,202,Delivered,2024-08-17,2024-08-25
1144,4714,Delivered,2023-08-25,2023-08-26
1145,7208,Delivered,2024-05-21,2024-05-27
1146,1016,Delivered,2024-07-01,2024-07-02
1147,1076,Delivered,2025-12-07,2025-12-17
1148,312,Delivered,2023-05-04,2023-05-10
1149,8645,Delivered,2024-08-17,2024-08-20
1150,2315,Delivered,2025-09-01,2025-09-11
1151,6951,Delivered,2024-11-17,2024-11-21
1152,8158,Delivered,2023-02-02,2023-02-04
1153,4949,Delayed,2025-05-08,2025-05-18
1154,1943,Delivered,2024-06-24,2024-07-02
1155,9235,Failed,2026-06-03,
1156,9354,Delivered,2023-11-17,2023-11-21
1157,8992,Delivered,2024-07-08,2024-07-15
1158,4830,Delivered,2025-02-25,2025-02-28
1159,7656,Delivered,2023-08-06,2023-08-13
1160,3549,Delivered,2023-02-26,2023-02-28
1161,7893,Delivered,2025-06-09,2025-06-19
1162,7465,Delivered,2024-08-06,2024-08-15
1163,4876,Delayed,2023-04-23,2023-04-26
1164,7196,Delivered,2025-01-17,2025-01-20
1165,9178,In Transit,2024-09-08,
1166,5459,Delivered,2024-03-03,2024-03-11
1167,827,Delivered,2024-01-19,2024-01-23
1168,9658,In Transit,2025-10-07,
1169,3580,Delivered,2023-08-22,2023-08-25
1170,3285,Delivered,2023-01-27,2023-01-28
1171,3458,Delivered,2023-09-17,2023-09-23
1172,9790,In Transit,2024-02-08,
1173,332,Delivered,2023-12-13,2023-12-15
1174,3385,Delivered,2025-02-16,2025-02-19
1175,8534,Delivered,2025-02-26,2025-03-08
1176,2965,Failed,2026-05-23,
1177,9861,Delivered,2025-06-20,2025-06-25
1178,9071,Delivered,2026-05-24,2026-05-29
1179,4486,Delivered,2026-02-28,2026-03-10
1180,3119,Delivered,2024-05-20,2024-05-25
1181,7231,Delivered,2024-12-16,2024-12-22
1182,4710,Delivered,2024-05-08,2024-05-14
1183,3045,Delivered,2023-02-14,2023-02-18
1184,9831,Delivered,2025-05-21,2025-05-28
1185,5524,Delayed,2024-07-02,2024-07-08
1186,8495,Delivered,2024-10-19,2024-10-25
1187,5448,Failed,2024-07-24,
1188,2757,Delayed,2024-08-06,2024-08-09
1189,2689,Delivered,2025-05-08,2025-05-18
1190,7714,Delivered,2025-07-02,2025-07-12
1191,4822,Delivered,2023-10-20,2023-10-28
1192,4923,Delivered,2025-08-30,2025-09-08
1193,3126,Delivered,2025-09-04,2025-09-05
1194,8746,Delivered,2025-05-22,2025-05-27
1195,2944,Delivered,2026-02-17,2026-02-19
1196,6215,In Transit,2023-12-11,
1197,1202,Delivered,2025-02-02,2025-02-12
1198,2673,Delivered,2026-03-31,2026-04-06
1199,9042,Delivered,2025-12-24,2025-12-28
1200,7948,Delivered,2024-07-28,2024-08-03
1201,3370,In Transit,2024-09-12,
1202,9685,Delivered,2026-05-29,2026-06-06
1203,1993,Delivered,2024-02-11,2024-02-15
1204,7681,Delivered,2024-05-14,2024-05-17
1205,4266,Failed,2025-12-06,
1206,4599,Delivered,2026-04-26,2026-05-03
1207,3378,Delivered,2023-11-28,2023-12-02
1208,9721,Delivered,2024-12-27,2025-01-03
1209,8698,Delayed,2023-11-11,2023-11-13
1210,1426,Delivered,2023-11-06,2023-11-11
1211,465,Delivered,2023-04-08,2023-04-11
1212,9499,Delivered,2025-05-08,2025-05-11
1213,8482,Delivered,2025-11-06,2025-11-11
1214,6644,Delivered,2024-11-09,2024-11-12
1215,2018,Delayed,2024-01-16,2024-01-24
1216,5711,Failed,2023-10-28,
1217,5288,Delivered,2025-06-24,2025-07-04
1218,5267,Delivered,2024-07-12,2024-07-13
1219,3197,Delivered,2026-05-23,2026-05-24
1220,7354,In Transit,2026-05-25,
1221,3382,Delivered,2025-11-10,2025-11-16
1222,146,In Transit,2023-07-13,
1223,7341,Delivered,2024-10-17,2024-10-25
1224,4911,Delivered,2025-01-04,2025-01-05
1225,2775,Delivered,2023-08-30,2023-09-04
1226,6706,Delivered,2026-04-11,2026-04-15
1227,6507,In Transit,2024-05-08,
1228,7046,Delivered,2024-01-22,2024-02-01
1229,8794,Delivered,2024-10-20,2024-10-29
1230,5682,Delivered,2023-06-21,2023-06-23
1231,4148,Delivered,2024-10-15,2024-10-18
1232,8462,Delivered,2026-06-04,2026-06-05
1233,4482,Delivered,2026-01-06,2026-01-15
1234,4162,Delivered,2024-03-26,2024-04-01
1235,1911,Delivered,2025-06-17,2025-06-25
1236,2429,Delivered,2025-12-12,2025-12-22
1237,5261,Delivered,2024-02-11,2024-02-12
1238,6335,Failed,2024-09-07,
1239,2983,Delivered,2026-03-27,2026-04-05
1240,8349,Delivered,2023-03-06,2023-03-14
1241,5795,Delivered,2025-09-05,2025-09-06
1242,2377,Delivered,2025-02-17,2025-02-23
1243,9160,Delivered,2026-03-05,2026-03-10
1244,3457,Delivered,2023-01-12,2023-01-16
1245,4455,Delivered,2024-03-12,2024-03-21
1246,8720,Delivered,2023-11-06,2023-11-11
1247,8816,Delivered,2025-02-10,2025-02-12
1248,2991,Delivered,2024-04-30,2024-05-07
1249,3613,Delivered,2025-09-02,2025-09-11
1250,7245,Delivered,2026-03-01,2026-03-08
1251,2531,Delivered,2024-09-28,2024-09-29
1252,3531,Delivered,2025-07-05,2025-07-09
1253,5400,Delivered,2025-01-19,2025-01-20
1254,6106,Delivered,2023-12-12,2023-12-15
1255,1724,Delivered,2025-11-22,2025-11-27
1256,200,In Transit,2023-03-20,
1257,6921,Delivered,2024-10-24,2024-11-01
1258,8565,Delivered,2023-10-04,2023-10-06
1259,7577,In Transit,2023-03-10,
1260,3272,Delayed,2023-07-15,2023-07-16
1261,2647,Delivered,2023-10-24,2023-10-28
1262,4579,In Transit,2023-08-04,
1263,5734,Delivered,2024-05-04,2024-05-12
1264,1657,Delivered,2026-02-12,2026-02-18
1265,5880,Delivered,2023-03-22,2023-03-26
1266,9750,Delivered,2023-09-16,2023-09-24
1267,5480,In Transit,2024-04-20,
1268,7589,Delivered,2024-11-11,2024-11-12
1269,9385,Delivered,2023-03-10,2023-03-17
1270,7775,Delayed,2025-04-09,2025-04-10
1271,144,Delivered,2023-01-21,2023-01-25
1272,4640,Delivered,2023-06-01,2023-06-09
1273,4318,Delayed,2026-04-17,2026-04-27
1274,8821,Delivered,2024-04-11,2024-04-12
1275,2840,Delivered,2024-09-12,2024-09-17
1276,7386,In Transit,2025-12-08,
1277,4525,Delivered,2023-11-12,2023-11-17
1278,6453,Delivered,2025-06-24,2025-07-04
1279,5481,In Transit,2025-03-20,
1280,8891,Delivered,2026-06-10,2026-06-19
1281,6897,Delivered,2026-02-27,2026-03-04
1282,7416,In Transit,2025-07-02,
1283,6052,Delayed,2023-03-31,2023-04-05
1284,9114,Delivered,2026-03-20,2026-03-29
1285,6702,Delivered,2025-02-14,2025-02-18
1286,4292,Delivered,2023-10-13,2023-10-16
1287,1422,Delivered,2024-02-20,2024-02-21
1288,3519,Delayed,2024-08-22,2024-09-01
1289,9029,In Transit,2025-10-28,
1290,5444,In Transit,2026-03-14,
1291,90,Delivered,2024-05-21,2024-05-28
1292,5813,Delayed,2025-11-22,2025-11-29
1293,4656,Delivered,2025-11-04,2025-11-10
1294,5038,Delivered,2024-06-21,2024-06-28
1295,2643,Delivered,2023-03-04,2023-03-07
1296,3908,Delivered,2024-04-17,2024-04-20
1297,3027,In Transit,2025-12-10,
1298,902,Delivered,2024-07-22,2024-07-30
1299,8732,Delayed,2025-10-07,2025-10-08
1300,8702,Delivered,2023-05-10,2023-05-11
1301,3537,Delivered,2026-02-03,2026-02-12
1302,9655,Delivered,2024-11-18,2024-11-20
1303,3372,Delivered,2025-09-08,2025-09-13
1304,6882,Delivered,2024-02-17,2024-02-20
1305,4475,In Transit,2024-09-30,
1306,5672,Delayed,2025-01-31,2025-02-05
1307,7152,Delivered,2025-12-13,2025-12-21
1308,7692,Delivered,2025-12-14,2025-12-20
1309,8289,Delivered,2024-08-24,2024-09-02
1310,630,Delivered,2025-03-09,2025-03-14
1311,5604,Failed,2025-01-30,
1312,4117,In Transit,2023-02-05,
1313,2190,Delivered,2023-01-05,2023-01-08
1314,3679,Delivered,2024-02-05,2024-02-09
1315,4416,Delayed,2024-06-14,2024-06-15
1316,9468,Delayed,2024-01-12,2024-01-21
1317,6354,Delivered,2023-08-05,2023-08-13
1318,7697,Delivered,2023-12-07,2023-12-08
1319,7427,Delivered,2025-06-20,2025-06-28
1320,9901,Delivered,2023-06-18,2023-06-20
1321,1929,Delivered,2025-01-12,2025-01-16
1322,3835,Delivered,2025-09-05,2025-09-10
1323,1948,Delivered,2025-12-20,2025-12-22
1324,2428,Delivered,2026-06-27,2026-07-06
1325,5952,Delivered,2025-07-22,2025-07-25
1326,6009,Delivered,2024-08-16,2024-08-26
1327,1411,Delivered,2025-01-29,2025-02-01
1328,7096,Delivered,2023-05-23,2023-05-30
1329,9691,Delivered,2024-02-24,2024-02-28
1330,6456,Delivered,2023-09-02,2023-09-10
1331,7347,Delivered,2024-05-08,2024-05-10
1332,2789,Delivered,2023-10-09,2023-10-16
1333,6476,Delivered,2024-04-10,2024-04-17
1334,6227,Delivered,2023-03-17,2023-03-20
1335,3292,Delivered,2025-05-20,2025-05-21
1336,9958,Delivered,2025-08-08,2025-08-12
1337,6875,Delivered,2024-09-16,2024-09-25
1338,4916,Delivered,2023-10-03,2023-10-11
1339,2672,Delayed,2025-07-31,2025-08-09
1340,1825,In Transit,2023-06-14,
1341,6116,Delivered,2023-12-28,2024-01-07
1342,3727,In Transit,2025-06-03,
1343,1586,Delivered,2023-08-25,2023-08-27
1344,6141,Delivered,2024-03-29,2024-04-03
1345,2344,Delivered,2025-05-23,2025-05-29
1346,8175,Delivered,2024-04-05,2024-04-12
1347,6912,Failed,2025-12-12,
1348,9973,Delivered,2024-07-02,2024-07-07
1349,3401,Failed,2023-06-29,
1350,8716,In Transit,2025-11-22,
1351,2422,Delivered,2023-03-02,2023-03-10
1352,9960,Delivered,2025-01-19,2025-01-22
1353,5241,Delivered,2024-09-28,2024-10-04
1354,5960,Delivered,2023-06-06,2023-06-10
1355,3690,Delivered,2026-03-19,2026-03-24
1356,5181,Delayed,2023-03-16,2023-03-25
1357,1372,Delivered,2023-06-29,2023-07-04
1358,1505,Delivered,2025-11-15,2025-11-18
1359,6974,Delivered,2023-07-03,2023-07-09
1360,8949,Delayed,2023-09-29,2023-10-08
1361,4277,Delivered,2025-11-26,2025-12-05
1362,6686,Delivered,2025-05-21,2025-05-30
1363,8443,Delivered,2026-01-07,2026-01-16
1364,3375,Delivered,2023-06-29,2023-07-07
1365,2218,Delivered,2025-11-03,2025-11-05
1366,7830,In Transit,2023-04-04,
1367,5520,Delivered,2023-03-04,2023-03-08
1368,4291,Delivered,2024-05-22,2024-05-26
1369,4151,In Transit,2023-01-18,
1370,5954,Delivered,2024-04-20,2024-04-30
1371,8028,In Transit,2026-03-31,
1372,9186,Delivered,2024-12-01,2024-12-04
1373,9406,Delivered,2023-06-28,2023-06-30
1374,5215,In Transit,2025-01-10,
1375,2631,Delivered,2025-06-24,2025-07-02
1376,7422,Delivered,2025-12-12,2025-12-17
1377,8957,Delivered,2023-09-09,2023-09-13
1378,3608,Delivered,2023-05-31,2023-06-07
1379,9238,Failed,2025-04-20,
1380,9829,Delivered,2024-12-30,2025-01-01
1381,5752,Delivered,2026-05-19,2026-05-20
1382,6621,Delivered,2026-06-01,2026-06-11
1383,1477,Delivered,2023-10-22,2023-10-25
1384,4769,Delivered,2024-06-14,2024-06-19
1385,2263,Delivered,2024-06-21,2024-06-30
1386,8336,Delivered,2024-08-09,2024-08-15
1387,5271,Delivered,2024-11-11,2024-11-15
1388,464,In Transit,2026-05-17,
1389,7272,Delivered,2023-05-13,2023-05-14
1390,7984,Delivered,2025-10-02,2025-10-11
1391,2821,Delivered,2024-02-23,2024-03-02
1392,2507,Delivered,2023-01-05,2023-01-12
1393,1255,Delivered,2025-04-14,2025-04-22
1394,5371,Delivered,2023-03-12,2023-03-17
1395,3033,Delivered,2025-09-06,2025-09-13
1396,5010,Delivered,2024-08-30,2024-09-04
1397,896,Delivered,2024-11-21,2024-11-26
1398,4280,Delivered,2025-03-06,2025-03-12
1399,665,Delivered,2025-03-18,2025-03-22
1400,8076,Delivered,2024-04-30,2024-05-01
1401,7049,Delivered,2025-09-03,2025-09-06
1402,655,Delivered,2023-07-29,2023-07-30
1403,1439,Delivered,2026-06-13,2026-06-23
1404,5515,In Transit,2024-05-22,
1405,2633,Delivered,2025-02-26,2025-03-03
1406,8840,Delivered,2023-09-15,2023-09-17
1407,1463,Failed,2025-07-24,
1408,4921,Delivered,2024-08-29,2024-09-03
1409,6426,Delivered,2023-12-01,2023-12-11
1410,9138,Delivered,2023-11-18,2023-11-27
1411,463,Delivered,2023-02-06,2023-02-09
1412,8263,Delivered,2025-07-04,2025-07-14
1413,3545,Delivered,2025-09-26,2025-10-01
1414,5808,Delivered,2025-07-29,2025-08-02
1415,4756,Delivered,2025-12-06,2025-12-15
1416,9933,Delivered,2025-07-13,2025-07-14
1417,9625,Delivered,2025-10-11,2025-10-18
1418,5562,Delivered,2026-02-03,2026-02-05
1419,4774,In Transit,2024-06-04,
1420,4330,Delivered,2026-03-27,2026-03-31
1421,9467,Delivered,2025-04-27,2025-04-28
1422,1659,Delivered,2024-06-18,2024-06-21
1423,682,Delivered,2023-11-15,2023-11-17
1424,2330,Delivered,2024-04-25,2024-05-05
1425,6466,Delivered,2025-05-14,2025-05-20
1426,7506,Delivered,2025-09-30,2025-10-10
1427,3873,Delivered,2025-12-14,2025-12-15
1428,4078,Delivered,2026-05-12,2026-05-13
1429,9681,Delivered,2023-07-04,2023-07-12
1430,2021,Delivered,2024-05-12,2024-05-19
1431,6325,Delivered,2024-05-10,2024-05-20
1432,8080,Delivered,2025-06-23,2025-07-03
1433,7463,Delayed,2026-02-18,2026-02-19
1434,5803,Delivered,2025-07-31,2025-08-05
1435,940,Delivered,2024-07-26,2024-07-31
1436,4887,Delivered,2023-11-09,2023-11-18
1437,625,Delivered,2025-09-03,2025-09-07
1438,5754,Delivered,2023-11-04,2023-11-11
1439,3335,Delivered,2025-10-16,2025-10-26
1440,1256,In Transit,2023-01-25,
1441,9144,Delivered,2025-03-25,2025-03-31
1442,8264,Delivered,2026-06-06,2026-06-14
1443,7557,Delivered,2024-09-06,2024-09-12
1444,8931,Delivered,2023-03-03,2023-03-07
1445,8339,Delivered,2025-09-02,2025-09-09
1446,5189,Delivered,2026-04-17,2026-04-22
1447,3879,Delivered,2023-06-10,2023-06-13
1448,5595,Delivered,2023-08-26,2023-08-31
1449,9399,Delivered,2025-01-23,2025-01-27
1450,7736,Delivered,2025-11-27,2025-12-06
1451,6983,Delivered,2026-02-11,2026-02-13
1452,8549,Delivered,2023-04-23,2023-04-24
1453,9840,Delivered,2024-01-24,2024-02-03
1454,3114,Delivered,2024-09-11,2024-09-20
1455,4448,Delivered,2024-09-11,2024-09-12
1456,7827,Delivered,2024-02-23,2024-02-28
1457,8527,In Transit,2025-08-28,
1458,6999,Delivered,2024-12-12,2024-12-21
1459,3500,Failed,2023-11-16,
1460,6192,Delivered,2026-05-06,2026-05-15
1461,8925,Delivered,2025-01-17,2025-01-25
1462,3847,Delayed,2024-03-20,2024-03-29
1463,1262,In Transit,2024-03-14,
1464,1084,Delivered,2025-02-02,2025-02-08
1465,4583,Delivered,2024-04-01,2024-04-10
1466,8125,In Transit,2025-11-28,
1467,590,Delayed,2024-02-24,2024-02-25
1468,2874,Delivered,2024-08-27,2024-08-31
1469,6815,Delivered,2023-02-03,2023-02-06
1470,6375,Delivered,2023-06-23,2023-06-27
1471,6175,Delayed,2024-06-15,2024-06-23
1472,9551,Delivered,2025-08-10,2025-08-16
1473,49,Delivered,2025-04-06,2025-04-10
1474,5968,Delivered,2025-04-05,2025-04-08
1475,1559,Delivered,2023-12-25,2024-01-04
1476,7478,In Transit,2023-11-12,
1477,9600,Delivered,2024-01-27,2024-02-05
1478,7387,Failed,2025-01-20,
1479,4978,Delivered,2025-12-24,2026-01-02
1480,9490,Delivered,2026-01-22,2026-01-26
1481,7367,Failed,2025-08-24,
1482,1318,Delivered,2023-07-21,2023-07-30
1483,7655,Delivered,2025-08-16,2025-08-26
1484,2628,Delivered,2025-09-14,2025-09-23
1485,6816,Delivered,2025-02-07,2025-02-15
1486,2769,Delivered,2025-07-02,2025-07-08
1487,3204,Delayed,2025-12-29,2026-01-06
1488,4776,Delivered,2025-05-23,2025-06-02
1489,9067,In Transit,2024-04-22,
1490,3585,Delivered,2026-01-10,2026-01-20
1491,7311,Delayed,2024-07-08,2024-07-16
1492,6926,Delivered,2024-06-12,2024-06-21
1493,8946,Delayed,2025-01-04,2025-01-09
1494,4918,Delivered,2026-01-29,2026-02-03
1495,2039,In Transit,2023-02-02,
1496,3188,Delivered,2025-06-13,2025-06-20
1497,5269,Delivered,2026-01-13,2026-01-20
1498,4938,Delayed,2024-12-17,2024-12-18
1499,1229,Delivered,2024-09-23,2024-10-03
1500,9128,Delivered,2024-10-15,2024-10-24
1501,5179,Delivered,2025-12-16,2025-12-26
1502,4357,Delayed,2023-03-10,2023-03-18
1503,3909,In Transit,2024-01-15,
1504,7172,Delivered,2023-08-26,2023-09-05
1505,3969,Delivered,2025-04-19,2025-04-28
1506,9476,Delayed,2026-04-25,2026-04-26
1507,2189,Delivered,2024-09-27,2024-09-30
1508,730,In Transit,2024-05-28,
1509,7824,Delivered,2025-04-14,2025-04-16
1510,2584,Delivered,2026-06-15,2026-06-25
1511,1516,Delivered,2024-03-14,2024-03-15
1512,4586,In Transit,2024-05-20,
1513,4064,Delayed,2026-06-02,2026-06-10
1514,3814,In Transit,2026-01-07,
1515,1639,Delivered,2024-08-15,2024-08-25
1516,3313,Delivered,2024-07-03,2024-07-10
1517,535,In Transit,2025-09-02,
1518,6966,Delayed,2024-01-21,2024-01-24
1519,1093,Delivered,2025-01-16,2025-01-18
1520,9283,Delivered,2026-03-09,2026-03-15
1521,5139,Delivered,2023-11-29,2023-12-03
1522,6889,Delivered,2025-07-18,2025-07-20
1523,3070,Delivered,2025-11-09,2025-11-11
1524,7604,Delivered,2024-01-17,2024-01-23
1525,3080,In Transit,2024-08-31,
1526,4121,Delivered,2023-09-10,2023-09-14
1527,7879,Delivered,2026-05-28,2026-06-01
1528,268,Delivered,2024-07-19,2024-07-23
1529,4279,Delivered,2023-04-02,2023-04-06
1530,559,In Transit,2023-02-13,
1531,2372,Delivered,2024-11-16,2024-11-20
1532,9922,Delivered,2026-06-15,2026-06-21
1533,5994,Delivered,2024-08-22,2024-08-30
1534,2514,Delivered,2023-10-15,2023-10-20
1535,275,Delivered,2024-11-06,2024-11-16
1536,5525,Delivered,2024-05-22,2024-05-24
1537,6424,Delivered,2026-06-24,2026-07-04
1538,9769,Delayed,2023-10-29,2023-10-30
1539,1471,Delivered,2025-07-25,2025-07-26
1540,4936,Delivered,2023-02-26,2023-03-01
1541,9155,Delivered,2024-01-25,2024-02-01
1542,6537,In Transit,2024-08-01,
1543,9489,In Transit,2024-10-24,
1544,1000,In Transit,2025-05-09,
1545,4870,Delivered,2025-04-02,2025-04-03
1546,4736,Delivered,2023-11-25,2023-11-30
1547,985,Delivered,2024-02-04,2024-02-14
1548,5175,Delivered,2025-12-23,2026-01-01
1549,105,In Transit,2024-11-10,
1550,4194,Delivered,2026-04-09,2026-04-13
1551,1849,Delivered,2023-01-07,2023-01-14
1552,5083,Delivered,2023-01-11,2023-01-19
1553,949,Delivered,2024-07-13,2024-07-19
1554,7628,Delivered,2025-06-12,2025-06-16
1555,2785,Delivered,2024-07-06,2024-07-13
1556,8456,Delivered,2026-05-17,2026-05-26
1557,6080,Delivered,2024-03-08,2024-03-18
1558,2666,Delivered,2024-07-01,2024-07-06
1559,3563,Delivered,2023-05-06,2023-05-09
1560,7183,Delivered,2025-01-13,2025-01-20
1561,3155,Delayed,2023-07-06,2023-07-16
1562,6890,Delivered,2026-04-20,2026-04-21
1563,2198,Delayed,2023-04-04,2023-04-10
1564,6743,Delivered,2024-10-07,2024-10-14
1565,540,In Transit,2023-05-01,
1566,7622,Delivered,2023-06-18,2023-06-21
1567,5654,Delivered,2025-06-30,2025-07-08
1568,9197,Delayed,2024-02-18,2024-02-26
1569,863,Delivered,2025-03-14,2025-03-18
1570,9938,Delivered,2025-12-30,2026-01-01
1571,5555,Delivered,2024-08-07,2024-08-16
1572,8428,Delivered,2024-10-27,2024-10-29
1573,4163,Delivered,2025-03-30,2025-04-07
1574,8979,Delivered,2025-05-25,2025-05-30
1575,1685,Delivered,2023-12-21,2023-12-28
1576,2581,Delivered,2025-08-17,2025-08-23
1577,6075,Delivered,2023-10-08,2023-10-09
1578,7394,In Transit,2025-02-08,
1579,466,Delivered,2025-12-23,2025-12-26
1580,5599,Delivered,2024-12-22,2024-12-23
1581,6600,Delivered,2024-03-26,2024-04-04
1582,2698,Delivered,2024-11-11,2024-11-19
1583,3217,Delivered,2024-11-10,2024-11-13
1584,3475,Delivered,2025-03-24,2025-03-26
1585,1503,Delivered,2026-04-19,2026-04-21
1586,8675,Delivered,2025-04-16,2025-04-24
1587,515,Failed,2023-11-23,
1588,3422,Delayed,2023-09-28,2023-09-30
1589,7742,Delayed,2023-04-09,2023-04-19
1590,4085,Delivered,2025-10-30,2025-11-03
1591,9164,Delivered,2024-09-01,2024-09-04
1592,1218,Delivered,2024-05-08,2024-05-11
1593,1102,Delivered,2026-02-05,2026-02-13
1594,2384,Delayed,2023-06-06,2023-06-10
1595,9751,Delivered,2024-04-18,2024-04-23
1596,6949,Delivered,2024-01-02,2024-01-05
1597,7412,Failed,2023-03-01,
1598,2833,Failed,2025-10-01,
1599,6380,Delivered,2023-02-02,2023-02-10
1600,2464,Delivered,2024-06-08,2024-06-11
1601,1027,Delivered,2023-06-02,2023-06-11
1602,7599,Delivered,2023-05-02,2023-05-08
1603,3535,Failed,2025-06-16,
1604,5923,Delivered,2023-10-19,2023-10-21
1605,681,Delivered,2023-08-11,2023-08-13
1606,6159,Delivered,2024-09-24,2024-09-26
1607,872,Delayed,2025-01-12,2025-01-20
1608,5187,Delayed,2025-03-23,2025-03-27
1609,5506,Delivered,2024-10-18,2024-10-26
1610,6588,Delivered,2025-09-13,2025-09-20
1611,6931,Delivered,2026-03-24,2026-03-31
1612,1666,Delivered,2024-10-09,2024-10-16
1613,4507,Delivered,2025-03-31,2025-04-03
1614,3806,Delivered,2023-09-29,2023-10-08
1615,3795,Delivered,2024-06-05,2024-06-08
1616,4093,Delivered,2023-03-04,2023-03-07
1617,6635,Delayed,2025-03-18,2025-03-27
1618,4312,Delivered,2024-06-04,2024-06-09
1619,6050,Delivered,2024-06-05,2024-06-11
1620,5805,Delayed,2025-06-21,2025-06-22
1621,9778,Delivered,2026-05-23,2026-05-29
1622,9296,In Transit,2023-02-21,
1623,361,In Transit,2024-12-04,
1624,2804,Delivered,2023-07-01,2023-07-06
1625,8824,Delivered,2024-10-03,2024-10-08
1626,8192,Delivered,2023-07-30,2023-08-01
1627,4069,Delivered,2024-12-31,2025-01-10
1628,971,Delivered,2025-06-07,2025-06-14
1629,1154,Delivered,2023-06-06,2023-06-14
1630,4158,Delivered,2026-03-10,2026-03-18
1631,193,Delivered,2023-06-18,2023-06-21
1632,5867,Failed,2023-09-16,
1633,6876,Delivered,2025-09-29,2025-10-08
1634,7017,Delivered,2025-03-26,2025-03-31
1635,8431,Delivered,2026-02-15,2026-02-21
1636,5556,Delivered,2026-06-25,2026-06-26
1637,773,Delivered,2026-06-01,2026-06-05
1638,3251,In Transit,2025-07-27,
1639,3167,Delayed,2025-05-13,2025-05-21
1640,2655,Delayed,2025-04-06,2025-04-09
1641,8167,Delivered,2023-03-07,2023-03-11
1642,8817,In Transit,2024-07-25,
1643,6868,In Transit,2024-07-03,
1644,2544,In Transit,2023-10-29,
1645,3449,Delivered,2026-02-21,2026-02-27
1646,9290,Delivered,2023-10-12,2023-10-14
1647,876,Delivered,2023-09-18,2023-09-28
1648,2219,Delivered,2026-01-16,2026-01-24
1649,8002,Delivered,2023-04-01,2023-04-09
1650,35,Delivered,2024-04-18,2024-04-24
1651,5508,Delivered,2025-10-12,2025-10-19
1652,4288,Delayed,2026-02-19,2026-02-22
1653,5832,In Transit,2024-10-24,
1654,8364,Delivered,2024-06-07,2024-06-13
1655,8188,Delayed,2026-02-06,2026-02-09
1656,5278,Delayed,2024-05-06,2024-05-15
1657,9962,Delivered,2023-05-13,2023-05-16
1658,8187,Delivered,2023-10-17,2023-10-21
1659,4849,In Transit,2024-01-01,
1660,9338,Delivered,2024-05-14,2024-05-17
1661,3052,Delivered,2023-05-01,2023-05-03
1662,8446,Delivered,2023-09-08,2023-09-16
1663,7476,Delivered,2024-12-27,2024-12-31
1664,4702,Delivered,2025-10-01,2025-10-04
1665,2202,Delivered,2026-06-05,2026-06-13
1666,868,Delivered,2025-03-08,2025-03-16
1667,2011,Delivered,2025-06-09,2025-06-12
1668,5666,In Transit,2024-01-16,
1669,9781,Delivered,2025-11-24,2025-11-29
1670,6391,Failed,2025-07-11,
1671,6886,Delivered,2025-05-31,2025-06-02
1672,5611,Delivered,2026-03-02,2026-03-09
1673,7364,Delivered,2025-12-31,2026-01-03
1674,376,Delivered,2024-02-14,2024-02-15
1675,7691,Delivered,2025-09-28,2025-10-04
1676,310,Delivered,2026-01-06,2026-01-13
1677,4573,Delivered,2024-04-19,2024-04-25
1678,5286,Delivered,2024-08-21,2024-08-28
1679,5797,Delivered,2026-05-11,2026-05-12
1680,8833,Delivered,2024-04-07,2024-04-16
1681,3330,Delivered,2026-03-07,2026-03-13
1682,9016,Delivered,2023-03-25,2023-04-01
1683,947,Delivered,2025-01-26,2025-02-01
1684,6572,Delivered,2024-08-24,2024-08-27
1685,2688,Delayed,2025-11-02,2025-11-11
1686,6442,Delivered,2025-01-16,2025-01-22
1687,7505,Delivered,2026-05-28,2026-05-30
1688,6566,Delivered,2025-08-06,2025-08-11
1689,2290,Delivered,2023-04-27,2023-05-06
1690,5159,Delivered,2025-02-21,2025-02-23
1691,3032,Delivered,2025-08-19,2025-08-20
1692,5831,Delivered,2024-08-09,2024-08-13
1693,5675,Delayed,2025-05-21,2025-05-26
1694,1881,Delivered,2025-05-20,2025-05-28
1695,2375,Delayed,2025-02-08,2025-02-11
1696,9843,In Transit,2024-12-06,
1697,8786,Delivered,2025-09-09,2025-09-17
1698,2700,Delayed,2023-03-10,2023-03-15
1699,5022,In Transit,2023-11-04,
1700,1717,Delivered,2025-12-24,2025-12-30
1701,1587,Failed,2024-06-27,
1702,3400,Delivered,2024-08-31,2024-09-05
1703,164,Delivered,2023-12-07,2023-12-10
1704,8223,In Transit,2023-01-14,
1705,3812,Delivered,2025-03-03,2025-03-13
1706,9775,Delivered,2024-12-03,2024-12-09
1707,3171,In Transit,2023-05-15,
1708,734,Delivered,2024-06-29,2024-07-07
1709,9289,Delivered,2023-10-09,2023-10-16
1710,7986,In Transit,2025-10-10,
1711,8875,Delivered,2024-02-12,2024-02-15
1712,1356,Delivered,2025-08-06,2025-08-10
1713,3804,Delivered,2023-10-28,2023-10-31
1714,8101,Delivered,2024-06-25,2024-06-27
1715,7833,Delivered,2023-05-24,2023-06-03
1716,1009,In Transit,2023-01-20,
1717,5366,Delivered,2025-01-29,2025-02-04
1718,6870,Delivered,2025-01-04,2025-01-10
1719,1982,Delivered,2025-04-15,2025-04-18
1720,5842,Delivered,2025-03-14,2025-03-16
1721,5957,Delivered,2026-02-22,2026-02-26
1722,6377,Delivered,2025-04-23,2025-04-25
1723,6046,Delivered,2023-09-16,2023-09-26
1724,6710,Delivered,2026-04-24,2026-05-02
1725,6293,Delivered,2025-11-24,2025-11-30
1726,1599,Delayed,2026-01-25,2026-01-27
1727,6489,Delivered,2026-06-03,2026-06-12
1728,1743,In Transit,2023-05-09,
1729,1640,Delivered,2025-04-03,2025-04-12
1730,3619,Delivered,2023-10-14,2023-10-21
1731,1413,Delivered,2023-02-25,2023-03-07
1732,3462,Delivered,2025-02-16,2025-02-18
1733,1890,Delivered,2023-09-13,2023-09-23
1734,7436,Delivered,2024-03-13,2024-03-22
1735,248,Delivered,2024-06-13,2024-06-22
1736,2458,Delivered,2024-07-08,2024-07-09
1737,5660,Delivered,2025-02-16,2025-02-26
1738,5291,Delayed,2023-04-02,2023-04-05
1739,5596,Delivered,2023-10-06,2023-10-07
1740,4785,Delivered,2023-05-30,2023-06-01
1741,8432,Delivered,2025-02-22,2025-02-25
1742,8184,Delayed,2023-01-16,2023-01-18
1743,5838,Delivered,2024-11-28,2024-12-01
1744,5937,Delivered,2025-11-10,2025-11-11
1745,6813,Delivered,2024-03-09,2024-03-17
1746,2733,Delayed,2024-09-12,2024-09-17
1747,1235,In Transit,2025-04-06,
1748,8703,Delivered,2024-02-26,2024-03-04
1749,9300,Delivered,2025-06-15,2025-06-22
1750,3991,Delivered,2026-05-10,2026-05-13
1751,3120,Delivered,2024-09-02,2024-09-10
1752,2550,Delivered,2024-07-21,2024-07-24
1753,2827,Delivered,2025-05-18,2025-05-24
1754,1829,Delivered,2024-09-28,2024-10-07
1755,9091,Delivered,2023-07-11,2023-07-16
1756,396,Delivered,2023-05-21,2023-05-26
1757,5104,Delivered,2023-03-07,2023-03-13
1758,571,Delivered,2025-07-21,2025-07-30
1759,4000,Delivered,2026-05-27,2026-05-28
1760,6173,Delivered,2023-02-01,2023-02-11
1761,7280,Delivered,2026-03-27,2026-04-02
1762,7020,Delivered,2024-07-26,2024-07-28
1763,9103,Delivered,2025-07-03,2025-07-09
1764,8673,Delivered,2024-01-24,2024-02-01
1765,557,Delayed,2024-04-11,2024-04-14
1766,2916,Delivered,2025-02-25,2025-03-04
1767,2396,In Transit,2026-03-13,
1768,2657,Delivered,2025-09-14,2025-09-19
1769,2937,Delivered,2024-01-26,2024-02-05
1770,914,Delivered,2024-02-22,2024-02-27
1771,4311,Delivered,2025-02-23,2025-03-03
1772,2651,Delayed,2025-10-24,2025-10-26
1773,3194,Delivered,2024-10-24,2024-10-27
1774,9956,Delivered,2024-03-11,2024-03-13
1775,5710,Delivered,2024-12-31,2025-01-06
1776,2982,Delivered,2023-06-02,2023-06-03
1777,2599,Delivered,2023-10-19,2023-10-22
1778,2153,Delivered,2025-10-05,2025-10-11
1779,2465,Delivered,2025-05-12,2025-05-22
1780,9580,Delivered,2024-04-26,2024-05-03
1781,6103,Delivered,2024-04-25,2024-04-28
1782,9347,Delivered,2023-08-04,2023-08-08
1783,5281,In Transit,2024-04-21,
1784,6307,Delivered,2024-06-19,2024-06-27
1785,4160,Delayed,2023-03-13,2023-03-16
1786,1632,Delivered,2023-12-02,2023-12-06
1787,9419,In Transit,2024-03-21,
1788,5423,Delivered,2025-11-14,2025-11-23
1789,4517,Delayed,2023-07-05,2023-07-09
1790,2324,Delivered,2024-04-04,2024-04-08
1791,3317,Delivered,2025-02-01,2025-02-07
1792,3324,Delivered,2023-07-31,2023-08-03
1793,8217,Delivered,2025-09-11,2025-09-19
1794,8609,Delivered,2023-01-05,2023-01-09
1795,3766,In Transit,2026-06-14,
1796,4541,Delivered,2023-11-19,2023-11-23
1797,6327,In Transit,2024-09-02,
1798,2819,Delivered,2025-10-25,2025-10-30
1799,5260,Delivered,2025-07-05,2025-07-08
1800,6591,Delivered,2025-09-30,2025-10-09
1801,7508,Delivered,2025-05-17,2025-05-26
1802,5729,Delayed,2023-03-15,2023-03-21
1803,6977,In Transit,2024-06-21,
1804,6599,Delivered,2023-09-03,2023-09-11
1805,4505,Delivered,2024-12-21,2024-12-30
1806,163,Delivered,2024-10-11,2024-10-18
1807,2793,Delivered,2024-10-02,2024-10-10
1808,4802,Delivered,2024-10-06,2024-10-11
1809,8152,Delivered,2023-06-06,2023-06-09
1810,6690,Delivered,2023-12-30,2023-12-31
1811,2239,Delayed,2024-12-04,2024-12-07
1812,6402,Delivered,2024-07-13,2024-07-20
1813,5719,Delivered,2025-02-24,2025-03-03
1814,8411,In Transit,2023-06-25,
1815,9414,Delivered,2026-02-04,2026-02-12
1816,7703,Delivered,2024-05-25,2024-06-01
1817,615,Delivered,2025-11-01,2025-11-06
1818,5300,Delayed,2024-02-03,2024-02-06
1819,776,Delivered,2025-04-11,2025-04-20
1820,1831,Delivered,2025-11-07,2025-11-15
1821,7418,Failed,2025-10-17,
1822,8145,Delivered,2025-07-19,2025-07-29
1823,1246,Delayed,2024-10-08,2024-10-12
1824,8791,Delayed,2024-01-25,2024-02-04
1825,6607,Delivered,2026-05-30,2026-06-07
1826,3770,Delivered,2025-10-27,2025-11-04
1827,4213,Delivered,2025-04-23,2025-04-26
1828,5606,Delivered,2026-04-19,2026-04-22
1829,8556,Delivered,2024-07-04,2024-07-08
1830,7547,Delivered,2025-06-03,2025-06-12
1831,4165,Delivered,2024-12-09,2024-12-12
1832,7021,Delivered,2025-12-24,2026-01-02
1833,6477,In Transit,2023-05-06,
1834,6935,Delayed,2024-03-07,2024-03-09
1835,9684,In Transit,2025-02-05,
1836,2032,Delivered,2025-01-25,2025-02-04
1837,9274,Delivered,2025-10-04,2025-10-06
1838,9201,Delivered,2026-03-22,2026-03-25
1839,4961,Delivered,2025-12-13,2025-12-23
1840,3241,In Transit,2023-01-07,
1841,3978,Delivered,2025-11-25,2025-11-28
1842,2092,Delivered,2026-03-06,2026-03-10
1843,4328,Delivered,2025-01-08,2025-01-11
1844,9106,Delivered,2023-09-06,2023-09-15
1845,4176,In Transit,2025-03-04,
1846,4997,In Transit,2023-03-08,
1847,3640,Delivered,2023-12-09,2023-12-10
1848,217,Delivered,2023-12-07,2023-12-09
1849,3888,Delivered,2026-05-14,2026-05-19
1850,8606,In Transit,2024-04-22,
1851,6842,Delivered,2023-09-22,2023-10-01
1852,4004,Delivered,2025-08-02,2025-08-08
1853,6841,Delivered,2023-07-17,2023-07-26
1854,9978,Delivered,2023-10-03,2023-10-10
1855,6580,Delivered,2024-04-15,2024-04-17
1856,6313,In Transit,2025-02-11,
1857,3854,Delivered,2025-02-12,2025-02-15
1858,770,Delivered,2025-11-08,2025-11-14
1859,380,Delivered,2025-02-09,2025-02-18
1860,440,Delivered,2023-09-21,2023-09-25
1861,8162,Delivered,2025-05-01,2025-05-10
1862,366,In Transit,2023-12-20,
1863,8005,Delayed,2023-09-16,2023-09-24
1864,1566,Delivered,2023-06-11,2023-06-21
1865,7282,Delivered,2023-06-03,2023-06-07
1866,7771,In Transit,2023-04-05,
1867,3359,Delivered,2023-04-04,2023-04-14
1868,5299,Delivered,2023-12-10,2023-12-20
1869,7407,Delivered,2023-01-27,2023-02-04
1870,9480,Delivered,2026-02-19,2026-02-21
1871,239,Failed,2025-08-10,
1872,1755,Delayed,2023-07-07,2023-07-16
1873,8134,Delivered,2025-04-19,2025-04-23
1874,9706,Delivered,2024-07-04,2024-07-13
1875,403,Delivered,2025-03-11,2025-03-18
1876,6980,Delayed,2026-06-17,2026-06-23
1877,4861,Delivered,2025-11-23,2025-11-24
1878,4661,Delivered,2023-11-03,2023-11-08
1879,9628,Delivered,2025-06-14,2025-06-18
1880,9946,Delivered,2024-05-17,2024-05-24
1881,5013,Delivered,2025-03-04,2025-03-09
1882,333,Failed,2023-01-31,
1883,7698,Delayed,2024-10-06,2024-10-11
1884,6230,Delivered,2023-09-28,2023-10-07
1885,9864,Delivered,2023-05-28,2023-06-02
1886,6495,In Transit,2024-07-29,
1887,5202,Delivered,2025-01-05,2025-01-12
1888,4136,In Transit,2025-10-28,
1889,1626,Delivered,2025-10-26,2025-10-30
1890,3301,Delivered,2024-03-15,2024-03-16
1891,6040,Delivered,2023-09-30,2023-10-09
1892,474,Delivered,2023-05-19,2023-05-20
1893,9891,Delivered,2024-05-14,2024-05-17
1894,3946,Delivered,2025-09-09,2025-09-10
1895,6045,Delivered,2025-11-12,2025-11-19
1896,4493,Delivered,2025-10-24,2025-10-27
1897,1931,Delivered,2025-03-14,2025-03-15
1898,4399,Delivered,2023-10-01,2023-10-11
1899,6769,Delivered,2024-04-01,2024-04-04
1900,5615,Delivered,2025-02-09,2025-02-14
1901,8958,Delivered,2024-01-18,2024-01-24
1902,2474,Delivered,2026-01-14,2026-01-17
1903,4679,Delivered,2024-01-27,2024-02-03
1904,7793,Delivered,2024-02-15,2024-02-23
1905,6311,Delayed,2023-02-21,2023-03-02
1906,546,Delivered,2025-04-15,2025-04-16
1907,7662,Delivered,2025-11-09,2025-11-12
1908,9286,Failed,2024-05-17,
1909,3714,Delayed,2025-10-06,2025-10-08
1910,2713,Delivered,2024-01-09,2024-01-18
1911,1867,Delayed,2024-10-06,2024-10-15
1912,9149,Failed,2025-05-20,
1913,5042,Delivered,2023-09-22,2023-09-25
1914,5603,Delivered,2025-10-14,2025-10-18
1915,9330,Delivered,2024-04-19,2024-04-20
1916,8136,In Transit,2025-07-09,
1917,9714,Delivered,2026-05-19,2026-05-28
1918,4059,Delivered,2026-04-21,2026-04-28
1919,6776,Delivered,2023-11-24,2023-11-27
1920,4214,Delivered,2024-09-10,2024-09-19
1921,2761,Delivered,2025-08-07,2025-08-17
1922,7391,In Transit,2025-06-29,
1923,905,Delivered,2023-10-17,2023-10-27
1924,3053,Delivered,2026-06-04,2026-06-13
1925,5424,In Transit,2023-08-28,
1926,2661,Delivered,2023-08-24,2023-08-31
1927,753,Delivered,2023-03-13,2023-03-23
1928,5931,Delayed,2025-05-18,2025-05-28
1929,5665,Delivered,2023-10-09,2023-10-12
1930,2370,Delivered,2026-05-12,2026-05-13
1931,9565,Delivered,2023-12-28,2024-01-03
1932,4271,Delivered,2026-03-19,2026-03-22
1933,4742,Delivered,2023-09-02,2023-09-09
1934,7133,Delivered,2025-09-08,2025-09-13
1935,2111,Delivered,2024-08-11,2024-08-18
1936,158,In Transit,2023-10-21,
1937,3177,Delivered,2025-03-29,2025-03-31
1938,853,Delivered,2025-06-02,2025-06-12
1939,8943,In Transit,2025-01-31,
1940,58,Delivered,2024-09-01,2024-09-09
1941,1892,Delivered,2023-08-19,2023-08-29
1942,2010,Delivered,2023-07-06,2023-07-07
1943,7223,Delivered,2025-06-25,2025-06-28
1944,9525,Delivered,2023-11-27,2023-11-28
1945,8722,Delayed,2026-06-04,2026-06-13
1946,1039,In Transit,2026-05-22,
1947,9040,Delivered,2024-01-05,2024-01-14
1948,8826,Delivered,2023-11-13,2023-11-18
1949,7212,Delivered,2024-11-01,2024-11-07
1950,8308,In Transit,2025-08-05,
1951,1766,Delivered,2026-04-27,2026-04-28
1952,8611,Delivered,2025-01-25,2025-01-29
1953,8744,Delivered,2024-12-08,2024-12-18
1954,1414,Delivered,2026-02-21,2026-02-25
1955,4553,Delivered,2025-05-04,2025-05-13
1956,878,In Transit,2024-05-09,
1957,2802,In Transit,2023-09-30,
1958,1494,Delivered,2025-08-11,2025-08-19
1959,5940,Delivered,2023-06-05,2023-06-06
1960,213,Delivered,2024-06-03,2024-06-04
1961,5221,Failed,2024-09-23,
1962,9515,Delivered,2023-08-28,2023-09-07
1963,539,Delivered,2023-05-15,2023-05-24
1964,1090,Delayed,2024-08-24,2024-09-02
1965,815,Delivered,2025-03-25,2025-03-26
1966,9196,Delivered,2024-07-09,2024-07-12
1967,1021,Delivered,2023-11-30,2023-12-09
1968,6555,Failed,2025-08-11,
1969,3566,Delivered,2024-08-02,2024-08-08
1970,2907,Delivered,2023-11-13,2023-11-19
1971,9030,In Transit,2025-04-09,
1972,5055,Delayed,2023-05-22,2023-05-23
1973,6936,Delivered,2025-04-14,2025-04-15
1974,994,Delivered,2024-05-19,2024-05-22
1975,1392,Delayed,2026-06-05,2026-06-10
1976,6832,Delivered,2024-04-21,2024-04-24
1977,472,Delivered,2023-01-03,2023-01-05
1978,38,Delivered,2025-01-14,2025-01-20
1979,7083,Delivered,2023-03-29,2023-04-02
1980,9533,Delivered,2024-07-09,2024-07-17
1981,9126,Delivered,2024-07-02,2024-07-09
1982,6820,Delivered,2023-09-07,2023-09-13
1983,9125,Delivered,2025-11-29,2025-12-08
1984,6789,Delivered,2024-05-15,2024-05-17
1985,7332,Delivered,2024-02-20,2024-02-29
1986,703,Delivered,2024-10-17,2024-10-22
1987,26,Delivered,2024-10-05,2024-10-07
1988,1580,Delivered,2025-06-18,2025-06-26
1989,8113,Delivered,2023-07-27,2023-07-30
1990,7402,Delivered,2026-02-01,2026-02-03
1991,2608,Delivered,2023-02-02,2023-02-03
1992,6767,Delivered,2023-09-10,2023-09-15
1993,6610,Delivered,2024-01-14,2024-01-24
1994,1011,Delivered,2023-10-01,2023-10-03
1995,5779,Delayed,2025-05-22,2025-05-23
1996,4385,Delivered,2024-10-17,2024-10-19
1997,9321,Delivered,2024-03-06,2024-03-07
1998,5427,Delivered,2023-04-03,2023-04-08
1999,2926,Delivered,2025-12-15,2025-12-24
2000,4508,Delivered,2026-05-11,2026-05-13
2001,908,Delivered,2025-05-16,2025-05-20
2002,4275,Delivered,2023-05-18,2023-05-23
2003,640,In Transit,2025-04-17,
2004,2961,Delivered,2025-03-13,2025-03-19
2005,3733,Delivered,2025-08-16,2025-08-26
2006,9762,Delivered,2024-06-20,2024-06-26
2007,1188,Delivered,2026-04-04,2026-04-06
2008,9478,Delivered,2024-02-23,2024-02-25
2009,6154,Delivered,2025-06-28,2025-07-01
2010,9161,Delayed,2023-01-04,2023-01-08
2011,9054,Delivered,2024-06-07,2024-06-14
2012,2069,Delivered,2023-11-29,2023-12-03
2013,7807,Delivered,2023-09-02,2023-09-05
2014,5413,Delivered,2025-02-21,2025-02-25
2015,4314,Delivered,2025-03-02,2025-03-05
2016,3594,Failed,2024-12-01,
2017,9537,In Transit,2024-11-12,
2018,2878,Delivered,2026-03-15,2026-03-17
2019,6425,In Transit,2024-11-28,
2020,1842,Delivered,2024-11-27,2024-12-06
2021,1445,In Transit,2024-10-30,
2022,6160,Delivered,2023-06-19,2023-06-28
2023,552,Delivered,2023-09-02,2023-09-08
2024,7041,Delivered,2023-04-16,2023-04-19
2025,9725,Delivered,2023-07-20,2023-07-25
2026,6969,Delivered,2025-09-01,2025-09-07
2027,524,In Transit,2023-11-16,
2028,1288,Failed,2025-12-20,
2029,4632,Delivered,2026-01-01,2026-01-11
2030,5089,Delivered,2024-04-27,2024-05-07
2031,3103,Delivered,2023-05-02,2023-05-11
2032,3842,Delivered,2024-01-19,2024-01-29
2033,7149,Failed,2026-01-19,
2034,5383,In Transit,2025-09-21,
2035,1563,Delivered,2023-01-12,2023-01-19
2036,9597,Delivered,2023-10-24,2023-11-02
2037,3601,Delivered,2023-01-20,2023-01-25
2038,3848,Delayed,2023-01-10,2023-01-17
2039,6073,Delivered,2023-06-18,2023-06-21
2040,1642,Delivered,2026-01-09,2026-01-12
2041,6493,Delivered,2023-07-25,2023-08-04
2042,3742,Delivered,2026-06-24,2026-07-03
2043,6851,Delivered,2025-03-18,2025-03-25
2044,3576,Delivered,2023-08-02,2023-08-11
2045,3289,Delivered,2023-11-12,2023-11-18
2046,6877,Delivered,2025-08-07,2025-08-13
2047,2519,Delivered,2025-04-18,2025-04-28
2048,4633,Delivered,2024-11-04,2024-11-12
2049,9791,Delivered,2023-02-23,2023-02-25
2050,7610,Delivered,2026-03-25,2026-04-02
2051,5061,In Transit,2025-01-26,
2052,3641,Delivered,2023-03-22,2023-03-30
2053,4028,Delayed,2026-04-11,2026-04-12
2054,3250,Delivered,2024-03-08,2024-03-18
2055,6606,Delivered,2025-12-12,2025-12-13
2056,9132,Delivered,2026-06-23,2026-06-26
2057,5708,Delivered,2025-05-23,2025-05-28
2058,6172,Delivered,2025-12-10,2025-12-14
2059,8183,Delivered,2024-12-31,2025-01-03
2060,4572,Failed,2023-08-04,
2061,5398,In Transit,2025-12-17,
2062,8354,Delivered,2025-07-08,2025-07-18
2063,9698,Delivered,2024-01-03,2024-01-07
2064,4991,Delivered,2024-04-13,2024-04-22
2065,7569,Delivered,2025-07-05,2025-07-15
2066,9153,Delivered,2023-12-21,2023-12-28
2067,5504,Delivered,2024-06-27,2024-06-29
2068,3384,Delivered,2023-03-20,2023-03-25
2069,4695,Delivered,2024-04-02,2024-04-09
2070,513,Delivered,2024-01-20,2024-01-27
2071,3746,Delivered,2023-11-03,2023-11-08
2072,5026,Delivered,2025-01-12,2025-01-13
2073,4043,Delivered,2024-06-22,2024-06-23
2074,6111,In Transit,2025-11-18,
2075,9627,Delivered,2023-11-22,2023-11-28
2076,5501,Delivered,2024-12-22,2024-12-31
2077,97,Delayed,2024-03-26,2024-03-27
2078,6596,Delivered,2026-04-08,2026-04-13
2079,176,Delivered,2025-10-04,2025-10-12
2080,1144,Delivered,2024-01-13,2024-01-21
2081,5533,Delivered,2025-08-22,2025-08-30
2082,1286,Delivered,2025-12-19,2025-12-25
2083,8692,Delivered,2023-02-01,2023-02-10
2084,2644,Delivered,2025-03-17,2025-03-22
2085,8451,Delivered,2024-10-27,2024-11-05
2086,6182,Delivered,2025-06-05,2025-06-08
2087,8025,Delivered,2023-11-18,2023-11-26
2088,1915,Delivered,2023-04-28,2023-05-02
2089,3817,Delivered,2025-09-23,2025-10-03
2090,2492,Delivered,2026-04-24,2026-05-04
2091,3596,Delivered,2026-02-21,2026-02-26
2092,5,Delivered,2024-07-16,2024-07-20
2093,8923,Delivered,2023-05-17,2023-05-26
2094,2845,Delivered,2023-11-30,2023-12-04
2095,2171,Delivered,2026-05-26,2026-05-27
2096,1747,Failed,2025-04-16,
2097,3091,Delivered,2025-10-23,2025-10-25
2098,1195,Delivered,2023-10-31,2023-11-07
2099,9955,Delivered,2024-12-31,2025-01-02
2100,1719,Delivered,2026-02-08,2026-02-09
2101,4106,Delivered,2026-04-11,2026-04-21
2102,1145,Delivered,2023-11-05,2023-11-12
2103,4839,Delivered,2024-10-11,2024-10-15
2104,5439,In Transit,2025-10-31,
2105,797,Delivered,2023-05-15,2023-05-21
2106,375,Delivered,2025-05-25,2025-06-01
2107,8803,Delivered,2023-12-17,2023-12-24
2108,4749,Delivered,2024-04-03,2024-04-11
2109,2432,Delivered,2023-03-14,2023-03-15
2110,5324,Delivered,2023-05-05,2023-05-14
2111,2835,Delayed,2023-07-07,2023-07-10
2112,6257,Delivered,2023-05-27,2023-06-03
2113,2953,Delivered,2026-04-19,2026-04-29
2114,892,Delivered,2026-06-09,2026-06-11
2115,110,Delivered,2025-04-02,2025-04-06
2116,6809,Delayed,2024-07-24,2024-08-01
2117,4386,Delivered,2025-01-01,2025-01-09
2118,1026,Delivered,2023-11-02,2023-11-06
2119,6494,Delivered,2024-07-14,2024-07-19
2120,2165,In Transit,2025-07-06,
2121,3124,In Transit,2023-05-24,
2122,842,Delivered,2025-11-03,2025-11-12
2123,9571,Delivered,2026-02-19,2026-02-23
2124,5054,Delivered,2025-06-02,2025-06-05
2125,6013,Delayed,2025-07-31,2025-08-02
2126,4072,Delivered,2023-07-26,2023-08-03
2127,668,Delivered,2026-06-28,2026-07-01
2128,2857,Delivered,2023-03-09,2023-03-12
2129,7071,In Transit,2024-04-16,
2130,2129,Delivered,2023-05-21,2023-05-22
2131,5977,Delivered,2023-04-25,2023-04-26
2132,9059,In Transit,2023-08-17,
2133,6642,In Transit,2024-02-12,
2134,7199,Delivered,2025-08-21,2025-08-25
2135,9475,In Transit,2024-01-17,
2136,8546,Delivered,2025-08-17,2025-08-20
2137,356,In Transit,2024-09-06,
2138,6978,Delivered,2023-07-15,2023-07-25
2139,4568,Delivered,2025-04-18,2025-04-23
2140,8049,Delivered,2023-08-18,2023-08-22
2141,9618,In Transit,2025-12-20,
2142,4580,Delivered,2025-03-11,2025-03-18
2143,6858,Delivered,2025-11-24,2025-12-03
2144,9108,In Transit,2023-09-20,
2145,8171,Delivered,2025-11-01,2025-11-07
2146,608,Delivered,2024-01-14,2024-01-24
2147,5057,Failed,2023-08-25,
2148,2415,Failed,2025-07-14,
2149,972,Delivered,2026-02-05,2026-02-12
2150,5758,Delayed,2025-05-22,2025-05-29
2151,1437,Delayed,2024-07-29,2024-08-02
2152,5226,Delayed,2025-05-28,2025-06-04
2153,9898,Delivered,2026-04-20,2026-04-24
2154,1873,Delivered,2023-04-06,2023-04-15
2155,4090,Delivered,2026-03-10,2026-03-19
2156,6887,Delivered,2023-03-09,2023-03-14
2157,3893,Delivered,2026-02-10,2026-02-13
2158,3485,Delivered,2025-10-07,2025-10-10
2159,3858,Delivered,2025-04-02,2025-04-11
2160,6091,Delivered,2024-02-03,2024-02-09
2161,9058,Delivered,2023-06-11,2023-06-16
2162,9280,Delivered,2024-10-12,2024-10-21
2163,3504,Delivered,2024-02-14,2024-02-21
2164,5289,Delivered,2023-09-11,2023-09-14
2165,43,Delivered,2025-11-02,2025-11-03
2166,8801,Delivered,2024-03-05,2024-03-15
2167,5834,Delivered,2024-05-31,2024-06-07
2168,8348,Delivered,2024-05-30,2024-06-05
2169,9425,Delivered,2026-04-22,2026-04-30
2170,5545,Delivered,2024-09-04,2024-09-09
2171,8858,Delivered,2023-11-03,2023-11-09
2172,4660,Delayed,2024-01-03,2024-01-05
2173,9051,Delivered,2024-11-08,2024-11-09
2174,7815,Delayed,2025-08-19,2025-08-27
2175,5488,Delivered,2023-01-16,2023-01-26
2176,5263,Delivered,2026-06-16,2026-06-25
2177,1976,Delivered,2025-08-02,2025-08-06
2178,1487,Delivered,2026-05-08,2026-05-18
2179,385,Delivered,2025-06-16,2025-06-24
2180,8388,Delivered,2023-08-11,2023-08-12
2181,6232,Delivered,2023-04-20,2023-04-26
2182,6727,Delivered,2026-02-18,2026-02-21
2183,5148,Delivered,2026-01-16,2026-01-17
2184,261,In Transit,2023-07-28,
2185,9168,Delivered,2024-09-09,2024-09-11
2186,7897,Delivered,2023-08-29,2023-08-31
2187,8907,Delivered,2023-10-15,2023-10-18
2188,9503,Delivered,2023-02-11,2023-02-12
2189,7661,Delivered,2025-05-27,2025-05-28
2190,208,Delivered,2025-01-07,2025-01-13
2191,6099,Delivered,2023-12-20,2023-12-22
2192,991,In Transit,2026-03-28,
2193,9297,In Transit,2026-03-01,
2194,4327,Delivered,2023-04-17,2023-04-25
2195,4913,Delivered,2024-02-11,2024-02-18
2196,9880,In Transit,2025-12-21,
2197,514,Delivered,2025-09-24,2025-09-29
2198,2246,Delivered,2024-09-22,2024-09-26
2199,5964,Delivered,2025-01-11,2025-01-19
2200,9594,Delivered,2024-05-26,2024-05-28
2201,4869,Delivered,2023-09-03,2023-09-11
2202,7784,Delivered,2025-04-13,2025-04-18
2203,1190,Delivered,2026-05-30,2026-06-07
2204,501,In Transit,2025-06-21,
2205,8436,Delivered,2025-09-17,2025-09-20
2206,5969,Delivered,2023-08-11,2023-08-14
2207,5933,Delivered,2024-05-05,2024-05-14
2208,509,Delivered,2024-10-21,2024-10-26
2209,838,Delivered,2024-11-23,2024-11-30
2210,369,Delivered,2025-02-01,2025-02-06
2211,313,Delivered,2023-03-26,2023-03-29
2212,2818,In Transit,2025-11-08,
2213,6881,Delivered,2026-06-03,2026-06-04
2214,4608,Delivered,2023-07-11,2023-07-20
2215,1342,Delivered,2023-10-01,2023-10-05
2216,658,Delivered,2024-07-31,2024-08-09
2217,9972,Delivered,2025-10-29,2025-11-01
2218,5646,Delivered,2023-10-06,2023-10-16
2219,1479,Delivered,2024-02-24,2024-02-27
2220,8102,Delivered,2026-04-25,2026-05-03
2221,8766,Delivered,2024-06-28,2024-07-03
2222,9878,In Transit,2025-07-23,
2223,7731,Delivered,2024-11-11,2024-11-16
2224,8653,Delivered,2024-04-05,2024-04-10
2225,2405,Delivered,2025-11-04,2025-11-12
2226,8829,Failed,2025-01-19,
2227,9842,Delivered,2023-08-11,2023-08-13
2228,2898,Delivered,2025-02-11,2025-02-18
2229,9224,In Transit,2025-07-12,
2230,1697,Failed,2024-06-08,
2231,7855,Delivered,2025-12-12,2025-12-20
2232,8031,Delivered,2025-02-09,2025-02-16
2233,3633,Delivered,2024-01-19,2024-01-20
2234,8633,Delivered,2023-09-17,2023-09-20
2235,5157,Delivered,2025-09-26,2025-10-03
2236,8597,Delivered,2023-07-03,2023-07-11
2237,8379,Delivered,2023-10-11,2023-10-20
2238,5519,Failed,2024-03-26,
2239,4929,Delivered,2024-11-11,2024-11-20
2240,7651,Delivered,2026-01-13,2026-01-20
2241,9707,Delivered,2026-01-12,2026-01-13
2242,768,Delivered,2026-04-22,2026-05-01
2243,5751,Delivered,2025-02-08,2025-02-14
2244,5397,Delivered,2024-10-24,2024-11-03
2245,2650,Delivered,2024-10-23,2024-10-26
2246,2971,Delayed,2024-07-31,2024-08-02
2247,4103,Delivered,2025-09-05,2025-09-11
2248,151,In Transit,2024-06-07,
2249,5825,Delivered,2023-08-23,2023-08-27
2250,7592,Delivered,2023-08-31,2023-09-08
2251,9092,Delivered,2024-10-11,2024-10-12
2252,7229,Delivered,2025-06-14,2025-06-21
2253,6595,Delivered,2025-05-02,2025-05-11
2254,7963,Delivered,2024-12-03,2024-12-08
2255,5942,Delivered,2023-05-09,2023-05-13
2256,6237,In Transit,2024-01-14,
2257,1012,Delivered,2025-01-03,2025-01-04
2258,140,Delivered,2026-02-28,2026-03-09
2259,9965,In Transit,2025-09-26,
2260,6383,Delivered,2023-01-27,2023-02-06
2261,8363,Delivered,2024-07-24,2024-07-25
2262,5385,Delivered,2024-09-17,2024-09-26
2263,8090,Delivered,2025-08-15,2025-08-20
2264,938,Delivered,2023-04-16,2023-04-22
2265,1473,In Transit,2023-03-04,
2266,9193,Delivered,2025-05-22,2025-05-23
2267,6918,Delivered,2024-07-18,2024-07-19
2268,2249,Delivered,2024-09-11,2024-09-21
2269,9795,Delivered,2023-12-19,2023-12-25
2270,8792,Delivered,2024-10-14,2024-10-18
2271,8559,Delivered,2024-02-07,2024-02-08
2272,9310,Delivered,2025-01-27,2025-02-02
2273,8669,Delivered,2025-10-14,2025-10-19
2274,9370,Delivered,2025-10-05,2025-10-07
2275,3681,Delivered,2026-05-21,2026-05-29
2276,7236,Delayed,2026-03-12,2026-03-22
2277,7646,Delayed,2025-11-05,2025-11-10
2278,2480,Delivered,2023-02-13,2023-02-15
2279,2525,In Transit,2024-10-29,
2280,7471,Delivered,2024-06-04,2024-06-09
2281,4528,Delivered,2024-08-30,2024-09-07
2282,4044,Delivered,2023-12-07,2023-12-13
2283,1118,Delivered,2023-01-03,2023-01-06
2284,5033,Delivered,2026-03-09,2026-03-16
2285,8945,Delivered,2025-03-03,2025-03-05
2286,4566,Delivered,2023-09-17,2023-09-25
2287,1571,In Transit,2023-09-14,
2288,4325,Delivered,2024-03-22,2024-03-27
2289,9279,Failed,2023-12-11,
2290,5951,Delivered,2023-09-09,2023-09-13
2291,3499,Delivered,2025-04-16,2025-04-19
2292,6795,Delivered,2024-03-31,2024-04-05
2293,4634,Delivered,2026-05-13,2026-05-22
2294,3134,Delivered,2026-04-12,2026-04-16
2295,429,Delivered,2025-05-09,2025-05-18
2296,3800,Delivered,2025-04-01,2025-04-10
2297,174,Delayed,2023-04-02,2023-04-03
2298,5468,Delivered,2024-01-29,2024-02-08
2299,4415,Delivered,2025-06-09,2025-06-18
2300,9434,Delivered,2026-06-28,2026-06-29
2301,7850,Delivered,2025-10-22,2025-10-30
2302,7918,Delivered,2026-03-09,2026-03-15
2303,6597,Delivered,2025-05-14,2025-05-18
2304,5049,Failed,2025-01-10,
2305,5368,Delivered,2025-10-18,2025-10-27
2306,2622,Delivered,2025-08-04,2025-08-07
2307,2068,Delivered,2025-08-15,2025-08-20
2308,6873,Delayed,2024-05-01,2024-05-09
2309,8200,Delivered,2024-07-22,2024-07-30
2310,2563,Delivered,2025-05-18,2025-05-22
2311,1098,Delivered,2024-01-13,2024-01-23
2312,4083,Delivered,2025-12-16,2025-12-21
2313,8832,Delivered,2025-02-05,2025-02-07
2314,1857,Delivered,2026-03-12,2026-03-21
2315,6733,Delivered,2024-06-29,2024-07-01
2316,1974,Delivered,2024-07-30,2024-08-04
2317,266,Delivered,2026-01-09,2026-01-13
2318,8180,Delivered,2026-02-15,2026-02-17
2319,9017,In Transit,2024-02-15,
2320,109,Delivered,2024-05-22,2024-05-25
2321,9607,Delivered,2024-09-08,2024-09-09
2322,654,Delivered,2025-09-01,2025-09-08
2323,1390,In Transit,2025-07-15,
2324,4433,Delivered,2025-08-02,2025-08-12
2325,2797,Delivered,2025-05-27,2025-05-31
2326,3145,Delivered,2025-10-23,2025-10-25
2327,9847,Delivered,2024-03-14,2024-03-16
2328,942,In Transit,2023-04-19,
2329,1983,Delivered,2024-07-26,2024-07-28
2330,3453,Delivered,2024-08-31,2024-09-06
2331,7990,Delivered,2026-04-16,2026-04-22
2332,1128,Delivered,2023-10-27,2023-10-28
2333,4927,In Transit,2026-06-25,
2334,9586,Delivered,2023-08-24,2023-08-27
2335,1389,Delivered,2026-01-09,2026-01-16
2336,3652,Delivered,2026-04-21,2026-04-24
2337,3166,Delivered,2024-10-25,2024-10-30
2338,728,Delivered,2024-02-04,2024-02-12
2339,106,Delivered,2023-01-31,2023-02-10
2340,3383,Delivered,2024-01-23,2024-01-26
2341,2114,Delivered,2023-04-09,2023-04-15
2342,8194,Delivered,2025-08-01,2025-08-09
2343,3084,Delivered,2024-11-07,2024-11-09
2344,1315,Delivered,2023-10-30,2023-11-06
2345,5802,Delivered,2023-10-09,2023-10-13
2346,436,Delivered,2024-12-15,2024-12-16
2347,7114,Delivered,2026-06-01,2026-06-06
2348,42,Delivered,2024-12-01,2024-12-10
2349,5826,Delivered,2026-04-16,2026-04-22
2350,2026,Delivered,2023-01-28,2023-02-06
2351,9851,Delivered,2025-05-25,2025-05-28
2352,1316,Delivered,2025-02-24,2025-02-27
2353,8782,Delivered,2023-01-07,2023-01-12
2354,5436,Delivered,2025-02-14,2025-02-21
2355,44,Delivered,2024-02-10,2024-02-15
2356,6010,Delivered,2025-01-03,2025-01-07
2357,9943,Delayed,2024-08-27,2024-08-29
2358,1057,Delivered,2024-09-19,2024-09-27
2359,1525,In Transit,2025-02-18,
2360,2841,Delivered,2024-08-04,2024-08-05
2361,1953,Delivered,2024-05-06,2024-05-15
2362,8778,Delivered,2024-08-17,2024-08-22
2363,4798,Delivered,2025-07-13,2025-07-22
2364,4832,Delivered,2026-04-21,2026-04-26
2365,7013,Delivered,2023-09-21,2023-09-30
2366,9826,Delayed,2024-11-23,2024-11-28
2367,9808,Delivered,2023-02-12,2023-02-19
2368,1294,Delivered,2026-05-11,2026-05-14
2369,6692,Delivered,2023-04-10,2023-04-18
2370,7032,Delivered,2025-01-15,2025-01-16
2371,4061,Delivered,2023-04-26,2023-05-06
2372,1387,Delivered,2025-06-23,2025-07-03
2373,558,Delivered,2024-11-29,2024-12-07
2374,8890,In Transit,2024-12-15,
2375,8445,Delivered,2025-02-13,2025-02-18
2376,6304,Delivered,2026-05-28,2026-05-29
2377,8591,Delivered,2026-01-09,2026-01-16
2378,3006,Delivered,2023-07-05,2023-07-14
2379,7324,Delivered,2023-08-07,2023-08-09
2380,1204,Delivered,2023-08-26,2023-08-31
2381,301,Delivered,2025-03-11,2025-03-13
2382,5833,Delivered,2024-01-03,2024-01-04
2383,3726,Delivered,2024-06-02,2024-06-05
2384,5753,Delayed,2024-12-21,2024-12-31
2385,5659,Delivered,2023-10-25,2023-10-27
2386,3513,Failed,2025-02-19,
2387,8163,Delivered,2026-04-07,2026-04-15
2388,5816,In Transit,2023-07-26,
2389,589,Delivered,2024-01-16,2024-01-22
2390,4073,In Transit,2025-04-14,
2391,6133,Delivered,2024-07-24,2024-07-28
2392,5315,Delivered,2024-03-29,2024-03-30
2393,3186,Delivered,2023-10-23,2023-10-25
2394,5405,Delayed,2025-07-03,2025-07-13
2395,899,Delivered,2026-05-26,2026-05-29
2396,2136,Delivered,2024-01-13,2024-01-18
2397,8518,Delivered,2023-09-29,2023-10-08
2398,5513,Delivered,2024-03-19,2024-03-28
2399,1279,Delivered,2024-10-18,2024-10-28
2400,3146,In Transit,2024-10-18,
2401,7926,Failed,2024-02-09,
2402,8103,Delivered,2024-01-07,2024-01-17
2403,3224,Delivered,2023-09-11,2023-09-19
2404,6225,Delivered,2024-07-16,2024-07-17
2405,4717,Delayed,2026-06-08,2026-06-14
2406,8272,Delayed,2026-04-06,2026-04-10
2407,3360,Delayed,2023-07-04,2023-07-14
2408,1143,Delivered,2024-05-15,2024-05-21
2409,8283,Delivered,2026-01-16,2026-01-25
2410,8790,Delivered,2024-10-12,2024-10-13
2411,8624,Delivered,2023-07-25,2023-07-27
2412,8830,Delivered,2025-08-29,2025-09-05
2413,5505,Delivered,2024-05-04,2024-05-05
2414,9258,Delivered,2025-03-08,2025-03-13
2415,7917,Delivered,2026-04-17,2026-04-21
2416,669,Delivered,2024-06-02,2024-06-12
2417,6312,Failed,2023-11-18,
2418,2043,Delivered,2025-07-20,2025-07-25
2419,8504,Failed,2023-12-25,
2420,59,Delivered,2025-12-11,2025-12-21
2421,7209,Delivered,2024-03-26,2024-03-28
2422,7664,Delivered,2024-09-22,2024-09-23
2423,76,Delivered,2023-06-02,2023-06-09
2424,632,Delivered,2025-08-02,2025-08-08
2425,1852,Delivered,2026-06-10,2026-06-11
2426,2770,Delivered,2023-08-19,2023-08-27
2427,4823,Delayed,2024-01-12,2024-01-22
2428,2602,Delivered,2025-01-18,2025-01-25
2429,5489,Delivered,2026-06-22,2026-07-01
2430,3088,Delivered,2024-09-15,2024-09-21
2431,5577,Delivered,2025-02-27,2025-03-03
2432,1935,Delivered,2025-06-07,2025-06-17
2433,1871,Delayed,2023-07-18,2023-07-25
2434,1940,In Transit,2026-06-21,
2435,3468,Delivered,2023-10-17,2023-10-24
2436,2524,Delivered,2025-02-07,2025-02-10
2437,7007,Delivered,2025-10-02,2025-10-04
2438,4489,In Transit,2023-02-20,
2439,8078,Delivered,2023-08-07,2023-08-15
2440,2413,In Transit,2024-06-20,
2441,3321,Delivered,2026-03-26,2026-04-03
2442,5868,Delivered,2024-11-02,2024-11-10
2443,1191,In Transit,2026-02-06,
2444,5206,Delivered,2023-11-23,2023-11-26
2445,5671,Delivered,2024-10-29,2024-10-30
2446,4833,Delivered,2026-05-07,2026-05-11
2447,9428,Delivered,2023-02-05,2023-02-14
2448,1671,Delivered,2025-04-09,2025-04-18
2449,9006,Delivered,2024-06-20,2024-06-25
2450,1290,In Transit,2025-01-29,
2451,450,Delivered,2023-03-13,2023-03-19
2452,2820,Delivered,2025-03-04,2025-03-07
2453,6628,In Transit,2023-11-08,
2454,2851,Delivered,2026-04-05,2026-04-07
2455,8988,Delivered,2026-04-22,2026-04-29
2456,4866,In Transit,2025-02-03,
2457,67,In Transit,2025-11-10,
2458,4144,Delivered,2024-08-19,2024-08-20
2459,3717,Delivered,2026-01-03,2026-01-04
2460,7491,Delivered,2023-09-10,2023-09-16
2461,6204,Delivered,2024-06-04,2024-06-06
2462,2140,Delivered,2026-04-14,2026-04-23
2463,2403,Delivered,2024-07-10,2024-07-18
2464,5721,In Transit,2026-03-24,
2465,3482,Delivered,2023-05-03,2023-05-13
2466,9887,In Transit,2023-04-18,
2467,5517,Delivered,2023-03-04,2023-03-05
2468,8472,Delivered,2023-09-05,2023-09-06
2469,1800,Delivered,2023-04-03,2023-04-13
2470,219,Delayed,2023-10-14,2023-10-22
2471,8970,In Transit,2023-06-08,
2472,2054,Delivered,2024-12-23,2024-12-28
2473,610,Delivered,2023-10-23,2023-10-30
2474,3311,Delayed,2025-04-08,2025-04-17
2475,8370,Delivered,2025-05-01,2025-05-11
2476,4542,Delivered,2024-11-04,2024-11-08
2477,3732,Delivered,2023-12-22,2023-12-26
2478,2817,Delayed,2023-06-17,2023-06-22
2479,3626,Delivered,2023-03-19,2023-03-29
2480,4225,Delivered,2025-08-02,2025-08-07
2481,4465,In Transit,2023-05-31,
2482,6483,Delivered,2023-10-09,2023-10-16
2483,1072,Delivered,2024-07-26,2024-08-01
2484,7309,Delivered,2025-05-06,2025-05-15
2485,2910,Delivered,2023-05-20,2023-05-24
2486,3483,Delivered,2024-12-03,2024-12-07
2487,1491,Delayed,2023-07-22,2023-07-29
2488,1160,Delayed,2025-07-13,2025-07-21
2489,5244,Delivered,2024-02-27,2024-03-04
2490,166,Delivered,2023-09-05,2023-09-11
2491,4770,Delivered,2024-05-15,2024-05-19
2492,86,Failed,2024-01-04,
2493,6398,Delivered,2023-02-28,2023-03-07
2494,4917,Delivered,2026-01-25,2026-01-30
2495,6019,Delivered,2023-10-09,2023-10-14
2496,523,Delivered,2024-04-08,2024-04-13
2497,1968,Delivered,2024-03-16,2024-03-20
2498,7659,Delivered,2025-08-25,2025-09-01
2499,7008,Delayed,2024-08-07,2024-08-15
2500,4456,Delivered,2024-12-12,2024-12-22
2501,1345,Delivered,2024-02-27,2024-03-07
2502,4563,Delivered,2025-04-19,2025-04-25
2503,3620,Delivered,2025-07-29,2025-08-07
2504,9611,Delivered,2025-01-17,2025-01-19
2505,7256,Delivered,2024-09-12,2024-09-13
2506,9317,Delayed,2023-05-20,2023-05-25
2507,775,Delivered,2025-07-03,2025-07-08
2508,5074,Delivered,2023-10-09,2023-10-11
2509,7979,Delivered,2025-07-01,2025-07-10
2510,5403,Delivered,2023-04-02,2023-04-04
2511,4967,Delivered,2024-08-23,2024-08-28
2512,2552,Delivered,2024-02-07,2024-02-14
2513,1370,Delayed,2023-10-25,2023-11-02
2514,9623,Delivered,2024-10-31,2024-11-08
2515,2977,Delivered,2023-10-28,2023-11-05
2516,7682,Delivered,2026-01-31,2026-02-02
2517,7167,In Transit,2026-03-28,
2518,2222,Delivered,2025-11-02,2025-11-08
2519,3435,Delivered,2024-04-11,2024-04-18
2520,39,Delivered,2025-05-10,2025-05-16
2521,1646,Delivered,2023-08-05,2023-08-12
2522,2568,Delivered,2023-06-14,2023-06-15
2523,6357,Delivered,2024-06-11,2024-06-19
2524,8330,Delivered,2024-02-18,2024-02-23
2525,6475,Delivered,2026-02-16,2026-02-21
2526,6121,Delivered,2024-06-16,2024-06-18
2527,5857,In Transit,2025-10-29,
2528,6744,Delivered,2026-01-19,2026-01-23
2529,9645,Delivered,2025-02-08,2025-02-16
2530,7052,Delivered,2024-12-09,2024-12-13
2531,66,Delivered,2024-04-19,2024-04-28
2532,1711,Delivered,2024-04-14,2024-04-18
2533,4298,Delivered,2026-06-27,2026-07-03
2534,1907,In Transit,2026-03-30,
2535,3859,Delivered,2024-11-19,2024-11-24
2536,497,Delivered,2023-03-30,2023-03-31
2537,2836,Delivered,2025-12-30,2026-01-04
2538,7826,Failed,2025-07-06,
2539,4511,Delivered,2024-06-17,2024-06-18
2540,6338,Delivered,2024-01-27,2024-02-06
2541,4287,In Transit,2023-04-20,
2542,3610,In Transit,2024-03-21,
2543,384,Delivered,2026-04-24,2026-04-29
2544,9930,In Transit,2024-06-12,
2545,4694,In Transit,2024-06-02,
2546,9862,Delivered,2024-06-20,2024-06-30
2547,6709,In Transit,2024-01-10,
2548,7022,Delivered,2023-09-14,2023-09-17
2549,5284,Delivered,2025-07-17,2025-07-23
2550,3968,Delayed,2024-10-25,2024-11-01
2551,575,Delivered,2026-04-25,2026-05-05
2552,2704,Delivered,2023-09-28,2023-10-07
2553,5408,Delivered,2025-02-02,2025-02-11
2554,8515,Delivered,2025-10-28,2025-10-31
2555,9708,Delivered,2023-01-08,2023-01-11
2556,8299,Delivered,2025-04-17,2025-04-26
2557,5740,In Transit,2024-07-07,
2558,8013,Delivered,2024-12-14,2024-12-23
2559,9756,Delivered,2025-11-12,2025-11-15
2560,1114,Delivered,2024-03-11,2024-03-14
2561,7205,Delivered,2025-04-07,2025-04-08
2562,5537,In Transit,2024-12-08,
2563,3525,Delivered,2023-11-24,2023-11-29
2564,8764,Delivered,2025-08-26,2025-09-01
2565,9557,Failed,2025-09-25,
2566,7941,Delivered,2025-01-06,2025-01-15
2567,3249,Delivered,2023-09-07,2023-09-17
2568,1704,Delivered,2025-09-29,2025-10-06
2569,3304,Delivered,2024-09-03,2024-09-13
2570,3013,Delivered,2025-05-12,2025-05-19
2571,7221,Delayed,2023-09-07,2023-09-11
2572,3200,Delivered,2024-09-26,2024-10-06
2573,5925,Delayed,2024-02-11,2024-02-21
2574,695,Delivered,2024-04-13,2024-04-19
2575,7044,Delivered,2023-02-06,2023-02-08
2576,5946,Delivered,2024-07-29,2024-08-05
2577,7788,Delivered,2026-06-21,2026-06-27
2578,3429,Delivered,2023-09-16,2023-09-26
2579,1603,Delivered,2026-01-11,2026-01-16
2580,3089,Delivered,2023-11-29,2023-12-01
2581,2418,Delivered,2026-03-03,2026-03-09
2582,978,Delivered,2025-01-23,2025-01-27
2583,8253,Delivered,2025-06-01,2025-06-07
2584,2981,Delivered,2023-06-15,2023-06-17
2585,9990,Delivered,2023-03-06,2023-03-10
2586,5464,Delivered,2023-07-04,2023-07-06
2587,9375,Delivered,2025-06-01,2025-06-03
2588,6291,Delivered,2024-04-14,2024-04-16
2589,4053,Failed,2026-02-01,
2590,1117,Delivered,2023-09-16,2023-09-25
2591,6345,Delivered,2026-04-03,2026-04-08
2592,4168,Delivered,2023-04-12,2023-04-22
2593,4463,Delivered,2025-02-06,2025-02-08
2594,6083,In Transit,2025-05-08,
2595,6593,Delivered,2025-11-07,2025-11-11
2596,8996,Delivered,2024-03-24,2024-03-27
2597,2326,In Transit,2025-06-02,
2598,8861,Delivered,2023-11-26,2023-11-30
2599,1973,Delivered,2026-01-31,2026-02-04
2600,2540,Delivered,2024-08-24,2024-08-30
2601,5225,Delivered,2025-07-12,2025-07-20
2602,678,Delivered,2024-06-21,2024-06-30
2603,9316,Delivered,2026-05-24,2026-05-26
2604,9379,Delivered,2026-02-25,2026-03-03
2605,5386,Delivered,2025-05-27,2025-06-02
2606,8706,Delivered,2025-07-04,2025-07-13
2607,1299,Delivered,2024-05-25,2024-06-02
2608,5756,Delayed,2025-01-27,2025-02-04
2609,8219,Delivered,2023-01-27,2023-02-03
2610,1291,Delivered,2023-04-11,2023-04-14
2611,5514,Delivered,2026-04-05,2026-04-10
2612,5254,Delivered,2024-08-08,2024-08-09
2613,6917,Delivered,2024-02-06,2024-02-16
2614,3930,Delivered,2023-05-15,2023-05-22
2615,3412,Delivered,2023-11-27,2023-12-04
2616,6844,Delivered,2025-11-12,2025-11-14
2617,7457,Delivered,2024-03-15,2024-03-25
2618,6277,Delivered,2025-09-02,2025-09-12
2619,5498,Delayed,2025-04-21,2025-04-25
2620,2151,Delivered,2024-06-01,2024-06-11
2621,6909,Delayed,2023-04-03,2023-04-09
2622,9322,Delivered,2024-11-25,2024-12-04
2623,6056,Delivered,2025-09-04,2025-09-13
2624,4057,Delivered,2025-02-11,2025-02-18
2625,1661,Delivered,2026-03-19,2026-03-28
2626,9630,Delivered,2024-03-03,2024-03-12
2627,5528,Delivered,2023-04-22,2023-04-28
2628,1124,In Transit,2023-08-15,
2629,8655,Delivered,2025-08-10,2025-08-18
2630,7705,In Transit,2024-08-20,
2631,7528,Delivered,2024-07-25,2024-07-27
2632,5904,Delivered,2023-04-30,2023-05-04
2633,613,Delivered,2024-05-29,2024-06-08
2634,6677,Delivered,2025-06-30,2025-07-08
2635,1887,Delivered,2026-02-03,2026-02-09
2636,2046,Delivered,2024-01-16,2024-01-19
2637,1308,Delivered,2025-12-02,2025-12-10
2638,1756,Delivered,2026-01-15,2026-01-25
2639,6688,Delivered,2025-05-28,2025-06-06
2640,5637,Delivered,2025-01-28,2025-02-07
2641,9165,Delivered,2025-04-02,2025-04-12
2642,5039,Delivered,2024-02-19,2024-02-23
2643,4199,Delayed,2024-06-02,2024-06-08
2644,6665,Delivered,2026-05-02,2026-05-07
2645,4246,In Transit,2023-12-23,
2646,6067,In Transit,2023-10-23,
2647,9722,Failed,2024-08-20,
2648,2030,Delivered,2025-09-05,2025-09-14
2649,9362,Delivered,2023-11-27,2023-12-06
2650,9566,Delivered,2025-01-29,2025-02-04
2651,3694,Delivered,2025-01-11,2025-01-17
2652,8985,Delivered,2024-01-01,2024-01-05
2653,319,In Transit,2024-05-17,
2654,1029,Delivered,2023-09-10,2023-09-18
2655,6079,Delivered,2025-10-03,2025-10-13
2656,1351,Delivered,2023-12-14,2023-12-20
2657,8491,Failed,2023-07-13,
2658,794,Delivered,2024-04-28,2024-05-03
2659,9803,Delivered,2024-12-29,2025-01-04
2660,8836,Delivered,2024-03-06,2024-03-11
2661,626,Delivered,2026-06-17,2026-06-21
2662,2321,Delayed,2024-08-24,2024-08-31
2663,2477,Delivered,2023-11-02,2023-11-12
2664,9492,In Transit,2026-03-15,
2665,6033,Delivered,2024-01-30,2024-02-05
2666,3312,Delivered,2025-04-10,2025-04-13
2667,8011,Delivered,2024-01-19,2024-01-20
2668,7564,Delivered,2026-05-25,2026-05-27
2669,7139,Delivered,2023-10-05,2023-10-10
2670,7018,Delivered,2024-10-25,2024-10-30
2671,3749,Delivered,2024-12-20,2024-12-27
2672,1629,In Transit,2023-02-18,
2673,3554,In Transit,2023-12-09,
2674,6529,Delivered,2024-05-21,2024-05-28
2675,4755,In Transit,2024-01-10,
2676,8467,Delivered,2024-09-18,2024-09-24
2677,3455,Delivered,2025-12-25,2026-01-01
2678,349,Delivered,2025-06-27,2025-07-06
2679,7064,In Transit,2025-08-29,
2680,9975,Delivered,2024-06-12,2024-06-16
2681,2717,Delivered,2025-02-04,2025-02-09
2682,2305,Delayed,2024-08-31,2024-09-04
2683,3332,Delivered,2023-07-16,2023-07-21
2684,8234,Delivered,2025-04-01,2025-04-05
2685,83,Delivered,2026-02-19,2026-02-27
2686,389,Delivered,2024-03-17,2024-03-22
2687,5594,Delivered,2023-02-03,2023-02-13
2688,1086,Delayed,2026-05-03,2026-05-11
2689,7124,Delivered,2024-02-07,2024-02-14
2690,5732,Delivered,2024-01-28,2024-01-30
2691,4544,Delayed,2023-03-23,2023-03-24
2692,5171,Delivered,2023-05-07,2023-05-14
2693,1094,Delivered,2025-04-15,2025-04-21
2694,227,Delivered,2025-08-27,2025-09-05
2695,4567,Delivered,2026-05-14,2026-05-19
2696,3193,Delivered,2023-12-19,2023-12-21
2697,9897,Delivered,2023-05-23,2023-06-02
2698,6674,In Transit,2023-11-23,
2699,181,Delivered,2024-02-03,2024-02-10
2700,4410,Failed,2024-09-28,
2701,79,Delivered,2026-04-17,2026-04-21
2702,6390,Delivered,2023-01-16,2023-01-25
2703,5507,Delivered,2024-06-03,2024-06-11
2704,3480,In Transit,2024-05-14,
2705,8651,Delayed,2024-10-02,2024-10-09
2706,7812,Delivered,2024-12-08,2024-12-15
2707,5859,Delivered,2025-03-24,2025-03-26
2708,2205,Delivered,2024-03-26,2024-04-03
2709,244,Delivered,2025-10-28,2025-11-02
2710,1545,Delivered,2024-12-14,2024-12-20
2711,431,Delivered,2023-03-03,2023-03-05
2712,6015,Delivered,2023-03-01,2023-03-06
2713,7228,Delivered,2025-03-14,2025-03-16
2714,4624,Delivered,2023-06-13,2023-06-20
2715,8500,Delivered,2025-01-26,2025-01-31
2716,2777,Delivered,2023-03-06,2023-03-12
2717,2008,Delivered,2025-03-22,2025-03-28
2718,1668,Delivered,2025-07-13,2025-07-18
2719,7774,Delivered,2023-07-06,2023-07-15
2720,5467,Delivered,2024-01-02,2024-01-08
2721,8433,Delivered,2025-07-05,2025-07-10
2722,3215,In Transit,2025-11-09,
2723,9369,Delivered,2023-03-11,2023-03-16
2724,439,Failed,2023-01-05,
2725,732,In Transit,2023-11-02,
2726,5336,Delivered,2026-03-17,2026-03-18
2727,2858,In Transit,2025-07-19,
2728,9545,Delivered,2026-03-05,2026-03-09
2729,5723,Delivered,2024-08-02,2024-08-11
2730,3162,Delivered,2023-04-29,2023-05-01
2731,1597,Delivered,2025-10-31,2025-11-05
2732,8168,Delivered,2025-08-02,2025-08-03
2733,1886,Delivered,2023-07-07,2023-07-12
2734,5477,Delivered,2026-05-19,2026-05-20
2735,6903,Delivered,2025-07-23,2025-07-29
2736,2780,Delivered,2024-11-30,2024-12-03
2737,9306,Delivered,2025-10-21,2025-10-24
2738,5764,Delivered,2024-07-27,2024-07-30
2739,3390,Delivered,2024-06-02,2024-06-09
2740,6952,Delivered,2025-06-11,2025-06-20
2741,2936,Delivered,2025-11-25,2025-11-29
2742,2472,Delivered,2024-02-17,2024-02-24
2743,5123,Delivered,2023-03-12,2023-03-15
2744,3622,Delivered,2024-05-15,2024-05-18
2745,4355,Delivered,2023-10-15,2023-10-22
2746,4844,Delivered,2026-03-28,2026-04-01
2747,981,Delivered,2025-02-14,2025-02-20
2748,7487,In Transit,2023-11-02,
2749,3240,In Transit,2025-02-13,
2750,9481,Delivered,2024-04-27,2024-05-04
2751,8566,Delivered,2024-01-30,2024-02-08
2752,6766,Delivered,2025-04-27,2025-05-07
2753,8120,In Transit,2023-07-16,
2754,7657,In Transit,2026-04-16,
2755,7976,Delivered,2024-10-19,2024-10-25
2756,3692,Delivered,2025-12-29,2025-12-30
2757,1051,Delivered,2024-04-02,2024-04-04
2758,6804,In Transit,2025-05-02,
2759,4169,Delivered,2024-09-06,2024-09-14
2760,7215,Delivered,2023-11-19,2023-11-26
2761,8198,Delivered,2023-12-28,2024-01-07
2762,4321,Delivered,2025-05-10,2025-05-11
2763,8487,Delivered,2024-03-26,2024-03-30
2764,7725,Delivered,2023-06-21,2023-06-29
2765,8278,Delivered,2026-01-14,2026-01-17
2766,1712,Delivered,2023-01-25,2023-01-27
2767,777,Delivered,2023-08-07,2023-08-10
2768,6616,Delivered,2025-12-10,2025-12-20
2769,2992,Delivered,2023-01-20,2023-01-29
2770,5769,Delivered,2025-08-09,2025-08-17
2771,4454,In Transit,2026-03-23,
2772,3760,Delivered,2025-11-15,2025-11-24
2773,6979,Delivered,2023-08-10,2023-08-17
2774,3872,Delivered,2023-05-26,2023-06-02
2775,7312,Delivered,2023-09-11,2023-09-13
2776,9460,Delivered,2023-09-04,2023-09-12
2777,9207,Delivered,2023-02-08,2023-02-09
2778,6817,Failed,2023-02-24,
2779,3875,Delivered,2023-04-07,2023-04-09
2780,8408,Delayed,2025-06-23,2025-06-30
2781,6602,Delivered,2025-11-14,2025-11-16
2782,2927,Delivered,2024-08-17,2024-08-24
2783,3658,Delivered,2025-06-30,2025-07-02
2784,3786,In Transit,2023-08-19,
2785,9683,Delayed,2026-01-25,2026-01-29
2786,7700,In Transit,2023-04-15,
2787,1013,Delivered,2024-11-10,2024-11-13
2788,5183,Delivered,2025-06-10,2025-06-13
2789,7039,Delivered,2025-05-22,2025-05-31
2790,811,Delivered,2025-01-05,2025-01-07
2791,9327,Delivered,2025-12-20,2025-12-30
2792,7852,Delivered,2026-05-29,2026-06-07
2793,2279,Delivered,2023-09-19,2023-09-27
2794,7210,Delivered,2024-05-21,2024-05-22
2795,3075,Delivered,2026-01-15,2026-01-18
2796,7977,Delivered,2025-11-01,2025-11-08
2797,7166,Delivered,2026-03-22,2026-03-24
2798,1696,In Transit,2024-07-04,
2799,2995,Delivered,2026-04-16,2026-04-24
2800,4022,Delivered,2025-03-29,2025-03-30
2801,6902,Delivered,2024-04-11,2024-04-20
2802,1489,Delivered,2023-10-14,2023-10-23
2803,3334,Delivered,2024-02-08,2024-02-12
2804,4663,Delivered,2025-08-03,2025-08-10
2805,1472,Delivered,2024-03-23,2024-03-29
2806,1859,In Transit,2023-05-04,
2807,1430,Delivered,2023-09-28,2023-10-02
2808,9378,Delivered,2023-04-03,2023-04-09
2809,8079,Delivered,2025-02-21,2025-02-26
2810,1694,Delivered,2023-12-27,2024-01-05
2811,8041,Delivered,2025-05-25,2025-06-04
2812,4700,Delivered,2023-02-18,2023-02-19
2813,2560,Failed,2024-09-29,
2814,754,Delivered,2026-03-12,2026-03-20
2815,7094,Delivered,2023-09-25,2023-10-05
2816,7919,Delivered,2025-05-31,2025-06-05
2817,6633,Delivered,2025-10-27,2025-11-04
2818,196,Delayed,2025-04-27,2025-05-06
2819,4130,Delivered,2026-01-03,2026-01-11
2820,4002,Delivered,2024-05-08,2024-05-13
2821,3905,Delivered,2025-09-10,2025-09-13
2822,7585,Delivered,2023-02-10,2023-02-19
2823,8315,Delivered,2024-04-13,2024-04-18
2824,3953,Delivered,2026-06-07,2026-06-09
2825,631,Delivered,2023-02-13,2023-02-18
2826,5991,Delivered,2023-07-15,2023-07-20
2827,3492,In Transit,2023-09-02,
2828,4134,In Transit,2024-12-04,
2829,6255,Delivered,2025-10-31,2025-11-04
2830,3111,Delivered,2025-05-02,2025-05-11
2831,7361,Delivered,2026-06-13,2026-06-23
2832,3004,Delivered,2023-04-01,2023-04-04
2833,8696,Delivered,2025-11-15,2025-11-24
2834,4491,Delivered,2025-05-07,2025-05-10
2835,9907,Delivered,2026-05-04,2026-05-09
2836,7310,In Transit,2023-09-07,
2837,5641,Delivered,2024-04-30,2024-05-03
2838,6334,Delivered,2026-06-30,2026-07-04
2839,2178,Delivered,2024-11-19,2024-11-25
2840,9073,Delivered,2024-02-17,2024-02-18
2841,4546,In Transit,2025-11-29,
2842,6992,Delivered,2024-04-01,2024-04-08
2843,2037,Delivered,2024-01-16,2024-01-23
2844,3643,Delivered,2023-06-26,2023-07-02
2845,8139,In Transit,2025-05-13,
2846,4960,Delivered,2024-07-13,2024-07-18
2847,408,Delivered,2024-01-10,2024-01-13
2848,8022,Delivered,2024-12-30,2025-01-03
2849,1113,Delivered,2024-01-23,2024-01-28
2850,8837,Delivered,2025-12-21,2025-12-24
2851,5097,Delivered,2025-07-27,2025-08-01
2852,6413,Delivered,2026-04-13,2026-04-23
2853,854,Delivered,2025-01-24,2025-01-31
2854,8305,Delivered,2026-04-11,2026-04-18
2855,6092,Delayed,2026-03-10,2026-03-20
2856,3660,Delivered,2023-02-20,2023-03-01
2857,6547,Delayed,2025-10-30,2025-11-09
2858,1019,Delivered,2025-11-20,2025-11-26
2859,1232,Delivered,2024-05-30,2024-06-07
2860,6420,In Transit,2023-11-02,
2861,6779,Delivered,2025-01-09,2025-01-13
2862,6317,Delivered,2024-01-06,2024-01-10
2863,2131,Delivered,2023-10-01,2023-10-11
2864,1748,Delivered,2023-03-16,2023-03-26
2865,5607,Delivered,2023-03-22,2023-03-25
2866,5454,Delivered,2025-02-12,2025-02-19
2867,5716,Delivered,2025-06-13,2025-06-21
2868,760,Delivered,2025-03-23,2025-03-28
2869,6333,Delivered,2026-06-29,2026-07-03
2870,3656,Delivered,2024-01-04,2024-01-09
2871,9765,Delivered,2023-12-04,2023-12-10
2872,795,Delivered,2026-02-15,2026-02-17
2873,4753,Delivered,2025-12-22,2025-12-25
2874,6649,Delivered,2024-08-23,2024-08-27
2875,6071,Delivered,2024-07-08,2024-07-17
2876,2541,Delivered,2023-11-23,2023-11-27
2877,4382,Delivered,2023-05-19,2023-05-23
2878,4389,Delivered,2024-12-02,2024-12-04
2879,7514,Delivered,2023-08-01,2023-08-06
2880,5108,Delivered,2023-12-27,2023-12-29
2881,7173,In Transit,2023-01-08,
2882,4251,Failed,2023-12-09,
2883,9281,Delivered,2023-09-23,2023-10-03
2884,3302,Delivered,2024-11-20,2024-11-26
2885,2742,Delayed,2023-10-04,2023-10-12
2886,365,Delayed,2023-11-13,2023-11-19
2887,3914,Delivered,2025-01-24,2025-02-01
2888,6017,Delivered,2023-05-30,2023-06-02
2889,7554,Delivered,2023-04-15,2023-04-16
2890,2204,In Transit,2024-02-15,
2891,4873,Delivered,2024-04-11,2024-04-13
2892,9883,Delivered,2025-05-03,2025-05-08
2893,6072,Delivered,2024-07-26,2024-08-03
2894,800,Delivered,2024-07-31,2024-08-04
2895,527,Delayed,2026-06-08,2026-06-12
2896,8507,Delivered,2023-08-24,2023-08-28
2897,823,Delivered,2023-08-12,2023-08-14
2898,1904,Delayed,2024-06-02,2024-06-09
2899,456,Delivered,2026-02-01,2026-02-09
2900,931,Delivered,2023-02-14,2023-02-24
2901,8927,Delivered,2025-04-04,2025-04-12
2902,2801,Delivered,2024-12-21,2024-12-24
2903,7000,Delivered,2023-11-24,2023-11-25
2904,9660,Delivered,2025-08-26,2025-08-31
2905,6781,Delivered,2023-10-30,2023-11-08
2906,3960,Delivered,2025-07-07,2025-07-09
2907,6650,Delivered,2023-11-27,2023-11-30
2908,9675,Delivered,2026-05-25,2026-05-29
2909,8400,Delayed,2025-02-03,2025-02-10
2910,1828,Delivered,2024-10-27,2024-11-02
2911,2528,Delayed,2024-09-09,2024-09-19
2912,7974,Delivered,2023-07-26,2023-07-27
2913,3547,Delivered,2023-10-17,2023-10-20
2914,9849,Delivered,2025-11-15,2025-11-20
2915,6888,Delivered,2023-08-03,2023-08-09
2916,2495,In Transit,2024-10-14,
2917,8393,Delivered,2023-01-21,2023-01-29
2918,4363,Delivered,2025-01-17,2025-01-27
2919,2395,Delivered,2026-05-28,2026-06-01
2920,3466,Delivered,2023-06-22,2023-07-01
2921,9137,Delivered,2024-12-03,2024-12-11
2922,8915,In Transit,2026-03-11,
2923,22,Delayed,2023-02-20,2023-02-26
2924,6742,Delivered,2025-01-21,2025-01-26
2925,2529,Delivered,2026-06-29,2026-07-08
2926,8561,Delivered,2023-09-14,2023-09-16
2927,5285,In Transit,2024-03-08,
2928,9348,In Transit,2026-04-18,
2929,4994,Delivered,2023-03-02,2023-03-03
2930,7754,Delivered,2024-04-08,2024-04-15
2931,4260,Delivered,2024-01-23,2024-01-25
2932,1333,Delivered,2024-03-27,2024-03-30
2933,1035,Delivered,2025-05-17,2025-05-22
2934,6637,Delivered,2024-05-22,2024-06-01
2935,8820,In Transit,2023-07-02,
2936,3486,Delivered,2026-05-13,2026-05-19
2937,843,Delivered,2024-07-17,2024-07-18
2938,8460,Delivered,2023-01-17,2023-01-20
2939,1735,Failed,2023-04-12,
2940,4581,Delivered,2023-11-11,2023-11-17
2941,8901,Delivered,2025-05-14,2025-05-15
2942,5649,Delivered,2025-04-27,2025-05-06
2943,8309,Delivered,2023-06-06,2023-06-15
2944,133,Delivered,2023-06-18,2023-06-19
2945,8040,Delivered,2023-11-10,2023-11-12
2946,1020,Delivered,2024-08-06,2024-08-15
2947,8350,Delivered,2026-01-06,2026-01-14
2948,2625,Delivered,2023-10-17,2023-10-19
2949,9062,Delivered,2025-07-02,2025-07-03
2950,1518,Delivered,2024-01-03,2024-01-11
2951,7232,Delivered,2025-04-18,2025-04-21
2952,4977,Delivered,2023-03-17,2023-03-19
2953,4265,Delayed,2023-10-04,2023-10-10
2954,8983,Delivered,2025-01-05,2025-01-10
2955,2331,Delayed,2026-01-14,2026-01-24
2956,3677,Delivered,2023-11-24,2023-11-28
2957,720,Delivered,2025-11-28,2025-11-29
2958,1722,Delivered,2024-06-09,2024-06-16
2959,9035,Delivered,2024-07-31,2024-08-01
2960,4010,Delivered,2024-03-01,2024-03-03
2961,481,Delivered,2024-09-29,2024-10-09
2962,4301,Delivered,2026-03-23,2026-03-25
2963,9210,Delivered,2023-06-19,2023-06-27
2964,240,Delivered,2025-04-10,2025-04-11
2965,4338,Delivered,2026-04-23,2026-04-28
2966,1141,Delivered,2025-11-25,2025-12-02
2967,955,Delivered,2024-08-12,2024-08-20
2968,9264,Delivered,2024-05-21,2024-05-22
2969,4364,Delayed,2025-05-18,2025-05-21
2970,2828,Delivered,2025-06-28,2025-07-04
2971,8471,Delivered,2024-04-09,2024-04-19
2972,7568,Delivered,2025-07-05,2025-07-08
2973,547,Delivered,2024-10-09,2024-10-12
2974,6144,Delivered,2023-02-26,2023-03-06
2975,3999,Delivered,2024-10-05,2024-10-13
2976,692,Delivered,2024-01-16,2024-01-22
2977,5322,Delivered,2023-08-06,2023-08-11
2978,6386,Delivered,2023-01-06,2023-01-14
2979,9822,Delivered,2025-06-23,2025-06-28
2980,8301,Delivered,2023-02-15,2023-02-17
2981,4167,Delivered,2025-04-07,2025-04-16
2982,6300,Delivered,2026-06-21,2026-06-28
2983,3617,Delivered,2024-06-30,2024-07-03
2984,2005,Delayed,2026-05-28,2026-06-02
2985,229,Delivered,2025-03-31,2025-04-09
2986,8926,Delivered,2024-01-19,2024-01-22
2987,7003,Delivered,2025-03-09,2025-03-19
2988,3801,Delivered,2023-04-11,2023-04-14
2989,8361,In Transit,2025-03-10,
2990,4439,Delivered,2026-03-25,2026-04-01
2991,7761,In Transit,2024-01-05,
2992,5886,Delivered,2023-04-18,2023-04-24
2993,9735,In Transit,2023-12-26,
2994,1244,Delivered,2024-08-22,2024-08-25
2995,4478,Delivered,2025-10-14,2025-10-16
2996,9413,Delivered,2023-10-18,2023-10-22
2997,8842,Delivered,2023-02-23,2023-02-25
2998,4077,Delivered,2026-05-10,2026-05-13
2999,5222,Delivered,2023-07-18,2023-07-23
3000,3266,Delivered,2025-02-04,2025-02-12
3001,72,Delivered,2025-06-30,2025-07-08
3002,8405,Delivered,2024-08-05,2024-08-06
3003,8450,Delivered,2023-06-13,2023-06-15
3004,7271,Delivered,2023-03-23,2023-04-02
3005,1101,Delivered,2026-01-31,2026-02-04
3006,2721,Delivered,2024-04-15,2024-04-20
3007,5701,Delivered,2025-01-22,2025-01-28
3008,3343,Delivered,2023-12-06,2023-12-08
3009,8848,Delivered,2023-03-31,2023-04-10
3010,6625,Delivered,2025-07-01,2025-07-11
3011,4006,Delivered,2025-09-01,2025-09-02
3012,9440,Delivered,2026-06-09,2026-06-16
3013,9812,Delivered,2026-01-08,2026-01-09
3014,8236,Delivered,2024-02-09,2024-02-19
3015,8128,In Transit,2026-03-27,
3016,4987,Delivered,2026-04-11,2026-04-19
3017,7350,Delivered,2025-02-14,2025-02-17
3018,7995,Delivered,2025-10-08,2025-10-15
3019,6612,Delivered,2023-09-04,2023-09-11
3020,4565,Delayed,2023-09-15,2023-09-25
3021,1689,Delivered,2023-04-20,2023-04-30
3022,1199,Delivered,2023-02-21,2023-02-27
3023,3346,Delivered,2026-04-22,2026-04-26
3024,9910,Delivered,2025-12-12,2025-12-13
3025,925,Delivered,2025-03-08,2025-03-15
3026,8724,Delivered,2024-01-21,2024-01-30
3027,7710,In Transit,2023-04-07,
3028,8533,Delivered,2023-11-02,2023-11-06
3029,8241,In Transit,2024-08-05,
3030,6465,Delivered,2023-05-29,2023-06-05
3031,9415,Delivered,2025-03-12,2025-03-14
3032,5298,Delivered,2024-10-05,2024-10-11
3033,5213,Delivered,2026-01-05,2026-01-11
3034,1614,Delivered,2026-02-07,2026-02-16
3035,8867,Delivered,2024-08-08,2024-08-13
3036,2130,Delivered,2023-02-05,2023-02-09
3037,1809,Delayed,2023-08-27,2023-09-01
3038,801,Delivered,2023-02-22,2023-03-03
3039,8995,Delivered,2025-12-19,2025-12-20
3040,4014,Delivered,2023-11-05,2023-11-08
3041,1108,Delivered,2024-05-23,2024-05-24
3042,612,Delivered,2023-04-01,2023-04-05
3043,5538,Delayed,2024-01-19,2024-01-21
3044,1675,Failed,2025-05-23,
3045,5268,Delivered,2024-06-09,2024-06-17
3046,7249,Delayed,2025-12-27,2026-01-03
3047,1700,Delivered,2025-07-05,2025-07-08
3048,2045,Delivered,2025-09-18,2025-09-28
3049,5963,Delivered,2024-07-24,2024-07-30
3050,398,Delivered,2026-03-23,2026-03-28
3051,1688,Delayed,2025-05-21,2025-05-23
3052,4198,Delivered,2023-04-11,2023-04-13
3053,706,Delivered,2025-10-23,2025-10-30
3054,5796,In Transit,2024-01-02,
3055,1623,Delayed,2026-04-05,2026-04-09
3056,3651,Delivered,2023-03-21,2023-03-31
3057,3533,Delivered,2026-04-13,2026-04-20
3058,662,Delivered,2024-01-10,2024-01-18
3059,808,Delivered,2025-08-17,2025-08-22
3060,5002,Delayed,2023-10-23,2023-11-02
3061,7371,Delivered,2025-03-15,2025-03-16
3062,6314,Delivered,2025-06-03,2025-06-06
3063,2294,Delivered,2026-01-04,2026-01-13
3064,7040,Failed,2024-06-13,
3065,1092,Delivered,2024-11-27,2024-12-03
3066,2044,Delivered,2025-08-30,2025-09-05
3067,6367,Delivered,2025-02-18,2025-02-24
3068,9072,Delivered,2026-02-12,2026-02-14
3069,5860,Delivered,2024-08-06,2024-08-09
3070,6780,In Transit,2026-04-14,
3071,3646,Delivered,2023-08-24,2023-09-02
3072,1055,Delivered,2023-04-08,2023-04-11
3073,1417,Delivered,2025-11-18,2025-11-21
3074,3510,Delivered,2026-03-13,2026-03-19
3075,4450,Delivered,2024-08-06,2024-08-09
3076,1969,Delayed,2025-07-28,2025-08-06
3077,1427,Delivered,2023-06-28,2023-07-04
3078,8781,In Transit,2024-02-01,
3079,3048,In Transit,2024-09-03,
3080,3928,Delivered,2023-12-21,2023-12-29
3081,1602,Delivered,2025-06-21,2025-07-01
3082,6157,Delivered,2024-05-23,2024-05-26
3083,3591,Delivered,2024-11-07,2024-11-13
3084,7482,Delivered,2025-02-22,2025-02-25
3085,5084,Delivered,2024-10-29,2024-11-04
3086,1089,Delivered,2024-10-12,2024-10-16
3087,6675,Delivered,2025-05-24,2025-05-28
3088,5749,Delivered,2023-06-21,2023-06-26
3089,4395,Delivered,2023-10-05,2023-10-11
3090,6619,In Transit,2024-03-01,
3091,6401,Delivered,2025-04-03,2025-04-09
3092,3869,Delivered,2024-12-23,2024-12-29
3093,441,Delivered,2023-07-17,2023-07-25
3094,652,Delivered,2024-02-21,2024-02-26
3095,2004,Delivered,2026-02-04,2026-02-06
3096,254,Delivered,2023-03-17,2023-03-22
3097,1023,Delivered,2025-05-09,2025-05-19
3098,3364,Delivered,2023-06-21,2023-06-24
3099,9094,Delivered,2023-11-18,2023-11-26
3100,9581,Delivered,2025-07-21,2025-07-29
3101,5695,Delivered,2026-06-21,2026-06-28
3102,6043,Delivered,2024-05-18,2024-05-25
3103,3,Delivered,2024-07-16,2024-07-17
3104,3139,Delivered,2025-08-18,2025-08-21
3105,3446,Delivered,2024-04-26,2024-05-06
3106,9937,Delivered,2025-08-18,2025-08-20
3107,7406,In Transit,2026-03-21,
3108,8307,Delayed,2024-05-07,2024-05-17
3109,6347,In Transit,2024-03-22,
3110,2551,Delivered,2023-09-13,2023-09-20
3111,4781,Delivered,2026-03-11,2026-03-19
3112,4789,Delivered,2024-02-03,2024-02-06
3113,1481,Delivered,2025-10-09,2025-10-10
3114,1254,Delayed,2024-11-04,2024-11-06
3115,9810,Delivered,2024-11-29,2024-12-09
3116,7844,Delivered,2024-05-10,2024-05-14
3117,7936,Delayed,2025-01-02,2025-01-09
3118,6316,In Transit,2024-12-31,
3119,7137,Delayed,2024-05-28,2024-06-07
3120,9867,Delivered,2023-10-30,2023-11-09
3121,8738,Delivered,2025-02-06,2025-02-07
3122,2091,Delivered,2025-02-23,2025-03-04
3123,6567,Delivered,2026-01-05,2026-01-10
3124,1375,Delivered,2025-12-09,2025-12-16
3125,8260,Delivered,2025-01-30,2025-02-01
3126,3094,Delivered,2023-05-22,2023-05-25
3127,2241,Delayed,2024-09-05,2024-09-12
3128,6701,Delivered,2023-08-11,2023-08-20
3129,9754,Delivered,2025-09-23,2025-09-28
3130,6194,In Transit,2023-05-08,
3131,1126,Delivered,2025-01-25,2025-01-26
3132,831,Delayed,2026-06-15,2026-06-20
3133,3839,In Transit,2024-03-24,
3134,7417,Delivered,2024-09-09,2024-09-16
3135,6041,Failed,2025-08-29,
3136,3156,Delivered,2023-10-31,2023-11-02
3137,7435,Delivered,2023-03-18,2023-03-25
3138,7887,Delivered,2023-06-10,2023-06-20
3139,1024,Delivered,2024-11-02,2024-11-10
3140,7219,Delivered,2024-08-18,2024-08-21
3141,5839,Delivered,2023-04-17,2023-04-26
3142,2875,Delivered,2025-02-06,2025-02-09
3143,302,Delivered,2025-07-29,2025-08-08
3144,7529,Delivered,2026-01-21,2026-01-25
3145,3891,In Transit,2023-09-08,
3146,279,In Transit,2023-03-11,
3147,276,Delivered,2023-01-28,2023-02-02
3148,656,Delivered,2023-12-02,2023-12-10
3149,956,Delayed,2025-03-20,2025-03-25
3150,1679,Delivered,2025-03-12,2025-03-20
3151,2436,Delivered,2024-10-05,2024-10-15
3152,6837,Delivered,2024-04-21,2024-04-28
3153,717,Delivered,2026-05-29,2026-06-07
3154,2539,Delivered,2025-06-24,2025-07-04
3155,4046,Delivered,2025-04-12,2025-04-16
3156,4471,Delayed,2026-05-03,2026-05-09
3157,2911,Delivered,2023-03-12,2023-03-14
3158,1435,Delivered,2026-01-11,2026-01-12
3159,1091,Delivered,2023-10-10,2023-10-17
3160,7631,Delivered,2024-07-12,2024-07-16
3161,1319,Delivered,2024-10-07,2024-10-16
3162,5482,Delivered,2024-02-04,2024-02-14
3163,8092,Delivered,2026-02-14,2026-02-17
3164,8475,Delivered,2025-04-05,2025-04-09
3165,4088,Failed,2023-03-04,
3166,7159,Delivered,2024-10-20,2024-10-24
3167,4908,Delivered,2026-01-02,2026-01-11
3168,1040,Delivered,2024-01-08,2024-01-10
3169,7945,Delivered,2024-04-12,2024-04-13
3170,1613,Delivered,2025-05-17,2025-05-26
3171,322,Delivered,2024-08-16,2024-08-18
3172,9266,Delivered,2024-05-09,2024-05-19
3173,7605,Delivered,2024-05-12,2024-05-14
3174,7535,Delivered,2024-02-26,2024-03-07
3175,2394,In Transit,2026-03-23,
3176,2400,Failed,2025-10-05,
3177,5766,Delivered,2025-10-23,2025-10-25
3178,8863,Delivered,2024-11-20,2024-11-25
3179,5136,Delivered,2024-09-21,2024-10-01
3180,7345,Delivered,2026-06-15,2026-06-23
3181,7873,Delivered,2025-12-23,2026-01-01
3182,1245,In Transit,2024-12-28,
3183,2369,Delivered,2025-06-19,2025-06-27
3184,5393,Delivered,2024-12-12,2024-12-18
3185,7920,Delivered,2024-10-25,2024-10-31
3186,1201,Delivered,2023-07-23,2023-07-31
3187,3085,Delivered,2024-04-14,2024-04-23
3188,3570,Delivered,2024-09-30,2024-10-01
3189,8458,Delivered,2025-07-25,2025-08-01
3190,4021,Delivered,2026-05-16,2026-05-19
3191,7809,Delivered,2025-11-06,2025-11-07
3192,4031,Delivered,2026-04-18,2026-04-25
3193,1410,Delivered,2024-03-29,2024-04-05
3194,5602,In Transit,2024-11-08,
3195,3347,Delivered,2025-03-22,2025-03-24
3196,602,Delivered,2025-09-27,2025-10-04
3197,5140,In Transit,2026-05-28,
3198,7153,Delivered,2025-04-25,2025-04-29
3199,2508,Delivered,2023-03-10,2023-03-12
3200,41,Delivered,2026-04-12,2026-04-17
3201,9202,Delivered,2026-07-03,2026-07-08
3202,3961,Delivered,2025-05-08,2025-05-09
3203,9821,Delivered,2023-06-29,2023-07-02
3204,7545,Delivered,2025-04-05,2025-04-14
3205,1105,Failed,2023-07-13,
3206,2434,Delivered,2025-01-11,2025-01-20
3207,98,Delivered,2025-07-07,2025-07-16
3208,3740,Delivered,2024-04-12,2024-04-15
3209,2572,Delivered,2026-02-10,2026-02-16
3210,5974,Delivered,2024-01-13,2024-01-17
3211,4181,Delivered,2023-05-13,2023-05-23
3212,4985,Delivered,2023-03-24,2023-03-26
3213,1804,Delivered,2023-06-27,2023-07-06
3214,5518,Delivered,2024-07-17,2024-07-25
3215,1217,Delivered,2023-03-24,2023-03-31
3216,9713,Delivered,2025-08-11,2025-08-20
3217,5096,Delivered,2023-07-01,2023-07-08
3218,4892,Delivered,2025-07-30,2025-08-08
3219,3454,Delivered,2024-01-08,2024-01-09
3220,9368,Delivered,2024-06-27,2024-07-03
3221,4370,Delivered,2026-01-11,2026-01-16
3222,5622,Delivered,2026-06-29,2026-07-08
3223,2323,Delivered,2026-04-28,2026-05-04
3224,2915,Delivered,2026-01-14,2026-01-19
3225,2998,Delivered,2024-02-15,2024-02-25
3226,415,Delivered,2024-02-12,2024-02-20
3227,9522,Delivered,2026-04-06,2026-04-08
3228,2695,Delivered,2026-04-13,2026-04-23
3229,7121,Delayed,2023-06-11,2023-06-18
3230,2255,Delivered,2024-11-02,2024-11-07
3231,7665,In Transit,2025-09-11,
3232,3198,Delivered,2024-06-23,2024-06-27
3233,7648,Delivered,2025-05-24,2025-05-30
3234,4427,Delivered,2024-08-15,2024-08-21
3235,7006,Delivered,2025-10-14,2025-10-15
3236,992,Delivered,2024-11-08,2024-11-12
3237,9004,Failed,2025-06-02,
3238,222,Delivered,2023-11-02,2023-11-08
3239,4074,Delivered,2024-10-03,2024-10-05
3240,4428,In Transit,2023-10-14,
3241,2002,Delayed,2024-04-09,2024-04-14
3242,7633,Delivered,2023-02-07,2023-02-17
3243,2838,Delivered,2023-03-05,2023-03-12
3244,8516,Delivered,2023-10-14,2023-10-23
3245,1219,Delivered,2025-07-31,2025-08-09
3246,9954,Delivered,2023-07-24,2023-08-02
3247,4388,Delivered,2024-04-18,2024-04-22
3248,7373,Delivered,2025-10-05,2025-10-09
3249,8917,Delivered,2024-10-27,2024-10-31
3250,8749,Delivered,2025-12-26,2025-12-31
3251,9806,Delivered,2025-04-13,2025-04-20
3252,9799,Delivered,2023-10-31,2023-11-10
3253,2869,In Transit,2023-12-28,
3254,2227,Delivered,2025-03-01,2025-03-04
3255,594,Delivered,2025-02-02,2025-02-03
3256,8531,Delivered,2023-02-23,2023-03-04
3257,9999,Delivered,2025-10-02,2025-10-09
3258,6250,Delivered,2023-09-19,2023-09-22
3259,5614,Delivered,2025-06-03,2025-06-04
3260,4041,Delivered,2025-10-23,2025-10-28
3261,6384,Delivered,2025-12-06,2025-12-14
3262,2244,Delivered,2025-06-15,2025-06-24
3263,3699,Delayed,2024-02-07,2024-02-14
3264,4208,In Transit,2025-02-04,
3265,9595,Delivered,2023-12-02,2023-12-05
3266,2154,Delivered,2026-02-15,2026-02-17
3267,6458,Delivered,2023-06-06,2023-06-16
3268,4054,Delivered,2026-06-23,2026-06-26
3269,1077,Delivered,2024-12-20,2024-12-25
3270,5128,Delivered,2026-03-27,2026-04-01
3271,9770,Delivered,2026-05-12,2026-05-21
3272,9218,Delivered,2026-02-23,2026-03-04
3273,1667,Delivered,2025-06-28,2025-07-08
3274,1332,Delivered,2025-04-22,2025-04-29
3275,2168,Delivered,2025-07-16,2025-07-18
3276,7502,Delivered,2024-04-08,2024-04-09
3277,4300,Failed,2025-09-10,
3278,3101,Delivered,2023-01-09,2023-01-13
3279,2694,Delivered,2023-03-11,2023-03-17
3280,8094,Delivered,2024-06-09,2024-06-18
3281,9833,Delivered,2023-06-03,2023-06-11
3282,3611,Delivered,2025-07-06,2025-07-11
3283,5941,Delivered,2023-04-04,2023-04-14
3284,4341,Delivered,2025-06-22,2025-06-28
3285,5546,Delivered,2024-05-24,2024-06-02
3286,5910,Delivered,2023-05-25,2023-05-27
3287,2735,Delivered,2024-03-04,2024-03-10
3288,8282,Delivered,2023-02-01,2023-02-04
3289,3655,Delivered,2024-11-19,2024-11-24
3290,7704,Delivered,2025-05-15,2025-05-21
3291,7084,Delivered,2023-01-30,2023-02-06
3292,2892,Delivered,2025-02-05,2025-02-06
3293,8208,Delivered,2024-10-03,2024-10-04
3294,3970,Delivered,2024-12-04,2024-12-05
3295,3469,In Transit,2026-06-19,
3296,8851,In Transit,2024-05-19,
3297,3471,Delivered,2023-09-27,2023-10-03
3298,7322,Delivered,2023-11-06,2023-11-10
3299,9299,Delivered,2025-07-13,2025-07-19
3300,1214,Delivered,2025-04-28,2025-05-06
3301,5373,Delivered,2025-07-16,2025-07-20
3302,7635,Delivered,2026-06-30,2026-07-06
3303,4071,Delivered,2024-09-02,2024-09-04
3304,6498,Delivered,2026-06-21,2026-06-23
3305,6433,Delivered,2025-07-19,2025-07-25
3306,499,In Transit,2024-05-04,
3307,4864,Delivered,2025-12-10,2025-12-12
3308,8682,Delivered,2024-10-20,2024-10-25
3309,9871,Delivered,2025-02-12,2025-02-17
3310,231,Delivered,2025-09-28,2025-09-29
3311,6590,Delivered,2024-02-17,2024-02-19
3312,9892,Delivered,2023-02-13,2023-02-16
3313,6988,In Transit,2023-03-29,
3314,180,Delivered,2023-05-08,2023-05-10
3315,4828,Delivered,2024-06-03,2024-06-13
3316,6617,Delivered,2023-01-11,2023-01-13
3317,4212,Delivered,2024-06-23,2024-06-29
3318,8928,Delivered,2026-01-31,2026-02-03
3319,2859,Delivered,2026-05-17,2026-05-19
3320,2425,Delivered,2025-10-12,2025-10-19
3321,6224,Failed,2025-01-20,
3322,7252,Delivered,2025-09-20,2025-09-21
3323,9603,In Transit,2023-07-04,
3324,6098,In Transit,2023-02-09,
3325,3528,Delivered,2026-03-30,2026-04-08
3326,159,In Transit,2023-06-09,
3327,4990,Delivered,2025-11-20,2025-11-28
3328,4434,Delivered,2023-05-16,2023-05-18
3329,3816,Delivered,2025-08-12,2025-08-18
3330,9257,In Transit,2023-10-08,
3331,3150,Delivered,2026-07-01,2026-07-02
3332,6510,Delivered,2025-05-05,2025-05-07
3333,9504,Delayed,2024-05-02,2024-05-09
3334,152,Delivered,2023-06-11,2023-06-21
3335,8595,Delivered,2025-08-17,2025-08-19
3336,205,Delivered,2025-11-24,2025-11-29
3337,6896,Delivered,2026-04-16,2026-04-21
3338,5858,Delivered,2023-06-25,2023-07-01
3339,1099,In Transit,2024-04-21,
3340,475,Delivered,2025-09-13,2025-09-16
3341,8643,Delayed,2024-06-18,2024-06-20
3342,9789,Delivered,2024-03-17,2024-03-22
3343,2302,Delivered,2025-07-07,2025-07-12
3344,6462,Delivered,2023-02-22,2023-03-02
3345,3411,Delivered,2023-08-18,2023-08-21
3346,5958,In Transit,2025-07-20,
3347,6570,Delivered,2025-02-25,2025-03-03
3348,7451,Delivered,2024-11-26,2024-12-05
3349,6259,In Transit,2023-08-14,
3350,1274,Delivered,2023-04-05,2023-04-09
3351,5510,Delivered,2024-06-15,2024-06-23
3352,7120,Delivered,2023-10-25,2023-10-26
3353,2590,Delivered,2026-02-01,2026-02-03
3354,1621,Delivered,2023-11-08,2023-11-13
3355,2532,Delivered,2024-12-18,2024-12-25
3356,8827,Delivered,2025-01-09,2025-01-11
3357,7845,In Transit,2024-05-05,
3358,4859,Delayed,2023-06-04,2023-06-11
3359,4709,Delivered,2025-05-06,2025-05-14
3360,9563,Delivered,2024-12-30,2025-01-03
3361,6252,Delivered,2023-07-23,2023-07-30
3362,2902,In Transit,2025-10-11,
3363,1956,In Transit,2024-03-03,
3364,8941,Delivered,2023-09-27,2023-10-02
3365,8479,Delivered,2023-09-30,2023-10-02
3366,9825,Delivered,2023-11-27,2023-12-07
3367,8750,Delivered,2026-01-03,2026-01-10
3368,7907,Delivered,2026-01-05,2026-01-06
3369,95,Delivered,2024-10-15,2024-10-17
3370,5727,Delivered,2025-03-23,2025-04-02
3371,5628,Delayed,2023-04-16,2023-04-17
3372,8999,Delivered,2024-12-27,2024-12-31
3373,7116,Delivered,2024-11-14,2024-11-22
3374,4684,Delivered,2024-10-08,2024-10-16
3375,7420,Delivered,2024-12-15,2024-12-16
3376,7591,Delivered,2023-12-29,2024-01-07
3377,5155,Delivered,2025-12-13,2025-12-14
3378,8642,Delivered,2024-05-26,2024-05-31
3379,3023,Delivered,2025-06-24,2025-07-01
3380,580,Delivered,2023-06-21,2023-07-01
3381,8570,Delivered,2025-02-24,2025-02-27
3382,2308,In Transit,2024-02-21,
3383,9548,In Transit,2024-10-01,
3384,2849,Delivered,2025-03-04,2025-03-11
3385,4193,Delivered,2026-03-02,2026-03-07
3386,7658,Delivered,2025-05-30,2025-06-02
3387,9074,Delivered,2023-08-02,2023-08-11
3388,6571,In Transit,2026-04-12,
3389,9446,Delivered,2025-01-07,2025-01-14
3390,1216,Delivered,2023-12-18,2023-12-21
3391,2619,Delivered,2024-04-25,2024-05-05
3392,9277,Delivered,2023-06-22,2023-06-25
3393,294,Delivered,2024-11-16,2024-11-26
3394,6713,Delivered,2025-03-04,2025-03-05
3395,3708,Delivered,2025-05-20,2025-05-27
3396,7728,Delivered,2025-04-11,2025-04-15
3397,5195,Delivered,2025-06-29,2025-07-05
3398,6726,Delivered,2023-05-27,2023-06-04
3399,9147,Delivered,2025-08-10,2025-08-11
3400,9078,Delivered,2023-05-25,2023-05-27
3401,8548,Delivered,2025-11-05,2025-11-09
3402,6388,Delivered,2023-05-08,2023-05-17
3403,327,Delivered,2024-04-11,2024-04-21
3404,9021,In Transit,2024-08-21,
3405,4571,Delivered,2025-11-24,2025-12-01
3406,9881,Delivered,2023-04-30,2023-05-10
3407,7238,In Transit,2023-07-31,
3408,8937,Delivered,2023-05-07,2023-05-09
3409,460,Delivered,2024-12-12,2024-12-17
3410,6564,Delayed,2023-12-13,2023-12-20
3411,4877,Delivered,2026-03-15,2026-03-23
3412,5476,Delivered,2024-05-30,2024-06-05
3413,8605,Delivered,2023-12-07,2023-12-16
3414,2009,Delivered,2024-03-31,2024-04-08
3415,8357,In Transit,2024-05-13,
3416,2379,Delivered,2024-05-09,2024-05-16
3417,5894,Delivered,2024-03-26,2024-04-01
3418,4793,Delivered,2025-04-20,2025-04-30
3419,348,Delivered,2024-10-18,2024-10-20
3420,7579,Delivered,2024-06-05,2024-06-12
3421,4419,Delivered,2025-01-11,2025-01-15
3422,1866,Delivered,2024-12-13,2024-12-18
3423,5657,Delivered,2026-03-14,2026-03-15
3424,2137,In Transit,2026-01-17,
3425,6048,Delivered,2024-12-22,2024-12-28
3426,3915,Delivered,2025-04-23,2025-05-03
3427,1386,Failed,2025-11-06,
3428,1234,Delivered,2025-02-07,2025-02-13
3429,6533,Delivered,2024-03-25,2024-03-28
3430,2213,Delivered,2025-07-15,2025-07-21
3431,9251,In Transit,2026-03-01,
3432,9025,Delivered,2025-10-16,2025-10-26
3433,9558,Delivered,2024-07-31,2024-08-10
3434,3065,Delivered,2023-04-22,2023-04-23
3435,3244,Delivered,2024-07-04,2024-07-07
3436,1790,Delivered,2024-11-02,2024-11-07
3437,6238,In Transit,2026-03-04,
3438,9767,Delivered,2024-07-18,2024-07-20
3439,9692,Delivered,2025-01-07,2025-01-17
3440,4172,Delivered,2025-01-19,2025-01-21
3441,2545,Delivered,2024-03-06,2024-03-07
3442,4332,Delivered,2024-11-30,2024-12-02
3443,4431,Delivered,2023-05-04,2023-05-11
3444,6395,Delivered,2023-10-10,2023-10-16
3445,3389,Delivered,2025-06-06,2025-06-12
3446,9169,In Transit,2023-05-22,
3447,60,Delivered,2024-08-07,2024-08-17
3448,9723,Delivered,2026-04-28,2026-05-06
3449,7277,Delivered,2023-02-08,2023-02-17
3450,5687,Delivered,2026-02-28,2026-03-06
3451,1017,In Transit,2023-05-29,
3452,4718,Delivered,2024-09-17,2024-09-27
3453,1046,Delivered,2023-03-25,2023-03-28
3454,8788,Delivered,2025-03-12,2025-03-22
3455,9951,Delivered,2023-01-04,2023-01-11
3456,6569,Delivered,2026-04-25,2026-05-02
3457,3107,Delivered,2025-12-09,2025-12-14
3458,6085,Delivered,2025-09-29,2025-10-05
3459,7849,In Transit,2025-02-16,
3460,6826,Delivered,2023-04-10,2023-04-18
3461,8859,Delivered,2023-04-26,2023-05-04
3462,1529,Delivered,2023-10-20,2023-10-24
3463,6036,Delivered,2025-11-06,2025-11-09
3464,8169,Delivered,2024-02-23,2024-02-27
3465,2743,Delivered,2025-11-07,2025-11-11
3466,6007,In Transit,2025-08-15,
3467,8320,Delivered,2026-01-23,2026-01-25
3468,928,Delivered,2025-04-12,2025-04-14
3469,5378,Delivered,2024-04-17,2024-04-27
3470,869,Delivered,2023-10-27,2023-10-28
3471,6399,Delivered,2025-12-30,2026-01-04
3472,7063,Delayed,2024-09-28,2024-10-02
3473,6210,Delivered,2026-01-07,2026-01-16
3474,4056,Delivered,2024-11-07,2024-11-10
3475,9227,Delivered,2023-06-03,2023-06-04
3476,6752,Delivered,2025-02-11,2025-02-12
3477,8185,Delivered,2023-08-10,2023-08-15
3478,3307,Delivered,2026-04-09,2026-04-18
3479,6734,Delivered,2025-02-13,2025-02-20
3480,3758,Delivered,2023-12-09,2023-12-15
3481,29,Delivered,2023-06-12,2023-06-21
3482,5143,Delivered,2024-08-04,2024-08-05
3483,5415,Delivered,2025-09-08,2025-09-18
3484,5266,Failed,2024-08-07,
3485,2790,Delivered,2025-08-15,2025-08-18
3486,7130,Delivered,2023-03-17,2023-03-22
3487,1902,Delivered,2026-02-04,2026-02-10
3488,9610,Delivered,2023-02-25,2023-03-06
3489,3011,Delivered,2025-10-13,2025-10-20
3490,5853,Delivered,2026-03-06,2026-03-10
3491,4227,Delivered,2023-12-31,2024-01-05
3492,1423,Delivered,2026-06-23,2026-06-28
3493,2289,Failed,2023-07-31,
3494,5930,Delivered,2023-05-25,2023-05-28
3495,4974,Delivered,2024-12-14,2024-12-23
3496,7300,Delivered,2023-03-20,2023-03-28
3497,3319,Delivered,2024-04-23,2024-05-02
3498,2373,Failed,2025-06-02,
3499,5077,Failed,2023-05-15,
3500,3182,In Transit,2023-10-02,
3501,1532,Delivered,2023-11-16,2023-11-25
3502,7081,Delayed,2025-03-20,2025-03-27
3503,9554,Delivered,2026-03-15,2026-03-20
3504,4810,Delivered,2023-08-02,2023-08-09
3505,6326,Delivered,2025-05-03,2025-05-13
3506,116,Delivered,2025-07-29,2025-08-04
3507,4971,Delivered,2025-11-04,2025-11-08
3508,6899,In Transit,2026-04-09,
3509,1725,Delivered,2026-05-11,2026-05-15
3510,8776,Delivered,2024-01-01,2024-01-03
3511,3059,Delivered,2023-03-11,2023-03-17
3512,624,Failed,2023-03-17,
3513,5217,In Transit,2026-04-28,
3514,8396,Delivered,2025-10-26,2025-10-27
3515,2245,Delivered,2026-02-26,2026-03-02
3516,5589,Delivered,2025-08-14,2025-08-15
3517,4635,Delivered,2023-07-23,2023-07-31
3518,2110,Delivered,2023-07-06,2023-07-08
3519,620,Delivered,2026-06-22,2026-07-01
3520,3790,Delivered,2025-06-28,2025-06-29
3521,762,Delivered,2024-04-12,2024-04-19
3522,1522,Delayed,2023-01-21,2023-01-25
3523,6582,Delivered,2023-02-27,2023-03-09
3524,6361,Delivered,2026-02-06,2026-02-13
3525,3034,Delivered,2024-06-28,2024-07-01
3526,2745,Delivered,2024-10-17,2024-10-23
3527,6256,Delivered,2025-08-29,2025-09-02
3528,6558,Failed,2023-09-12,
3529,9236,Delivered,2024-03-14,2024-03-24
3530,4235,Delivered,2024-04-20,2024-04-26
3531,7645,Delivered,2023-10-23,2023-10-28
3532,250,Delivered,2023-09-06,2023-09-16
3533,5790,Delivered,2023-08-21,2023-08-31
3534,8767,Delivered,2025-07-02,2025-07-04
3535,4797,Delivered,2024-10-04,2024-10-11
3536,6214,Delivered,2026-05-21,2026-05-29
3537,1362,In Transit,2026-01-09,
3538,3333,Delivered,2023-06-22,2023-06-27
3539,6139,Delivered,2025-02-04,2025-02-08
3540,988,Delivered,2025-09-16,2025-09-24
3541,6905,Delivered,2025-10-08,2025-10-12
3542,5557,In Transit,2026-06-15,
3543,4536,Delivered,2024-04-08,2024-04-10
3544,3575,In Transit,2023-03-18,
3545,5544,Delivered,2024-06-03,2024-06-09
3546,4955,Delivered,2025-04-04,2025-04-06
3547,8880,Delivered,2023-12-09,2023-12-14
3548,6179,Delivered,2024-04-17,2024-04-24
3549,7966,Delivered,2024-12-18,2024-12-19
3550,9512,Delivered,2025-02-14,2025-02-20
3551,9640,Delivered,2025-06-13,2025-06-19
3552,9740,In Transit,2024-11-24,
3553,9654,Delivered,2023-12-03,2023-12-08
3554,7671,Delivered,2024-05-22,2024-05-26
3555,416,Delivered,2023-07-13,2023-07-15
3556,5198,Delivered,2025-11-22,2025-11-24
3557,5932,In Transit,2023-05-27,
3558,3913,Delivered,2023-11-20,2023-11-25
3559,1585,Delivered,2025-11-24,2025-11-26
3560,6746,Delivered,2025-01-25,2025-01-29
3561,1495,Delivered,2025-06-19,2025-06-26
3562,7778,Delivered,2023-05-24,2023-06-01
3563,1208,Delivered,2024-08-14,2024-08-24
3564,9653,Delivered,2025-05-06,2025-05-10
3565,2225,Delivered,2026-05-13,2026-05-20
3566,6460,Delivered,2023-04-13,2023-04-20
3567,1259,Delivered,2024-05-17,2024-05-26
3568,2496,Delivered,2025-01-27,2025-01-28
3569,4965,Delivered,2023-07-06,2023-07-14
3570,2947,Delivered,2026-05-25,2026-05-26
3571,1377,Delivered,2026-05-04,2026-05-06
3572,4474,Delivered,2024-12-09,2024-12-16
3573,7251,Delivered,2024-10-28,2024-10-30
3574,9634,Delivered,2023-03-12,2023-03-20
3575,839,Delivered,2024-10-26,2024-11-05
3576,7544,Delivered,2025-04-22,2025-04-27
3577,1053,Delivered,2025-03-21,2025-03-22
3578,4534,Delivered,2023-05-05,2023-05-11
3579,5420,Failed,2026-05-16,
3580,9142,Delivered,2025-03-27,2025-04-06
3581,9027,Delivered,2023-02-24,2023-03-05
3582,6077,Delivered,2024-11-25,2024-11-27
3583,2421,Delivered,2023-10-23,2023-10-26
3584,3649,Failed,2025-02-21,
3585,7739,Delivered,2023-06-07,2023-06-16
3586,9253,Delivered,2023-10-29,2023-11-07
3587,8768,In Transit,2024-06-30,
3588,7314,Delivered,2024-02-10,2024-02-11
3589,6183,Delivered,2025-03-20,2025-03-22
3590,680,Delivered,2024-10-14,2024-10-21
3591,6976,Delivered,2024-11-18,2024-11-21
3592,7716,Delivered,2023-07-23,2023-08-02
3593,8984,Delivered,2024-01-27,2024-01-29
3594,6011,Delivered,2023-09-14,2023-09-15
3595,7220,Delivered,2024-09-15,2024-09-23
3596,2530,Delivered,2025-10-20,2025-10-29
3597,4417,Delivered,2024-12-03,2024-12-12
3598,1374,Delivered,2024-06-27,2024-07-01
3599,5332,Delayed,2023-05-04,2023-05-06
3600,4972,Delivered,2025-06-18,2025-06-24
3601,7740,Delivered,2024-12-28,2025-01-01
3602,1721,Delivered,2026-01-07,2026-01-09
3603,7445,Delivered,2023-05-23,2023-05-31
3604,1353,Delivered,2025-06-02,2025-06-10
3605,6408,Delivered,2024-09-24,2024-09-26
3606,4372,Delivered,2023-06-09,2023-06-19
3607,3395,Delivered,2025-05-23,2025-05-28
3608,1,Delivered,2025-11-28,2025-11-30
3609,6284,Delivered,2023-05-17,2023-05-22
3610,7642,Delayed,2023-02-24,2023-02-27
3611,9621,Delivered,2023-05-21,2023-05-30
3612,9986,Delivered,2024-07-26,2024-08-05
3613,4979,Delivered,2023-05-07,2023-05-10
3614,7867,Delivered,2026-01-26,2026-01-31
3615,3511,Delivered,2024-05-13,2024-05-18
3616,8640,Delivered,2025-12-17,2025-12-22
3617,9329,Delivered,2025-11-10,2025-11-18
3618,1442,Delivered,2023-03-25,2023-03-30
3619,6020,Delivered,2024-05-22,2024-05-30
3620,8964,Delivered,2026-04-07,2026-04-08
3621,3948,In Transit,2024-11-03,
3622,1360,In Transit,2023-12-21,
3623,9520,In Transit,2023-09-18,
3624,3228,Delivered,2023-01-29,2023-02-08
3625,7195,Delivered,2023-08-21,2023-08-28
3626,165,Delivered,2025-06-15,2025-06-25
3627,2401,Delivered,2023-02-16,2023-02-21
3628,2378,In Transit,2026-06-13,
3629,5409,Delivered,2023-03-12,2023-03-15
3630,2598,Delivered,2024-05-19,2024-05-28
3631,3381,Delivered,2023-06-06,2023-06-07
3632,3423,Delivered,2023-09-01,2023-09-02
3633,5376,Delayed,2023-09-03,2023-09-08
3634,5457,Delivered,2026-03-19,2026-03-27
3635,2371,Delivered,2024-05-10,2024-05-20
3636,2693,In Transit,2025-02-02,
3637,234,Failed,2024-04-18,
3638,8613,Delivered,2023-05-29,2023-06-02
3639,7357,Delivered,2024-05-19,2024-05-23
3640,5460,Delivered,2024-11-21,2024-11-25
3641,3876,Delivered,2025-10-20,2025-10-25
3642,1163,Delivered,2025-09-03,2025-09-09
3643,7598,Delivered,2024-05-23,2024-06-02
3644,1097,Delivered,2023-07-16,2023-07-18
3645,2155,Delivered,2024-08-15,2024-08-23
3646,3154,Delivered,2023-06-27,2023-06-29
3647,5414,Delivered,2024-07-10,2024-07-17
3648,1459,Delivered,2025-02-12,2025-02-17
3649,7890,Delivered,2024-06-01,2024-06-03
3650,7485,Delivered,2023-09-10,2023-09-12
3651,7281,Delivered,2026-03-05,2026-03-14
3652,7768,Delivered,2023-12-29,2024-01-07
3653,578,Delayed,2024-08-03,2024-08-13
3654,7307,Delivered,2026-01-26,2026-02-01
3655,4326,Delivered,2023-02-10,2023-02-17
3656,2668,Delivered,2025-07-12,2025-07-19
3657,211,Delivered,2023-02-17,2023-02-25
3658,3273,In Transit,2025-02-05,
3659,9590,Delayed,2024-12-31,2025-01-09
3660,6394,Delivered,2023-12-10,2023-12-12
3661,6443,Delivered,2025-01-18,2025-01-26
3662,2822,Delivered,2025-11-22,2025-11-27
3663,3767,Delivered,2025-05-09,2025-05-14
3664,1449,Delivered,2026-06-19,2026-06-28
3665,766,Delivered,2025-03-24,2025-04-01
3666,6885,Delivered,2024-08-24,2024-08-31
3667,4390,Delivered,2024-02-20,2024-02-24
3668,2252,Delivered,2025-02-21,2025-02-24
3669,3693,Delivered,2025-12-12,2025-12-20
3670,6253,Delivered,2024-05-28,2024-06-04
3671,6199,In Transit,2025-11-10,
3672,8402,Delivered,2026-02-13,2026-02-23
3673,7679,Delivered,2024-03-03,2024-03-13
3674,1357,Delivered,2023-06-04,2023-06-13
3675,7025,Delivered,2025-06-12,2025-06-17
3676,3904,Delayed,2025-07-18,2025-07-27
3677,9261,Delivered,2024-03-01,2024-03-03
3678,4473,Delivered,2025-09-23,2025-10-01
3679,6906,Delivered,2024-06-06,2024-06-10
3680,2938,Delivered,2024-09-27,2024-09-28
3681,5945,Delivered,2023-01-26,2023-01-29
3682,4685,Delivered,2023-10-29,2023-11-02
3683,2830,Delivered,2023-02-01,2023-02-02
3684,6180,Delivered,2024-09-29,2024-10-04
3685,4552,Delivered,2026-06-14,2026-06-24
3686,9313,Delayed,2025-06-04,2025-06-14
3687,8787,Delivered,2026-04-08,2026-04-13
3688,9513,Delivered,2025-07-17,2025-07-26
3689,3942,Delivered,2026-02-10,2026-02-13
3690,5893,Delivered,2024-04-26,2024-05-01
3691,8822,Delivered,2023-09-28,2023-09-29
3692,6042,Delivered,2024-07-15,2024-07-21
3693,9176,Delivered,2025-03-22,2025-03-29
3694,8176,In Transit,2025-10-30,
3695,3361,Delivered,2025-10-09,2025-10-18
3696,4988,Delivered,2025-03-30,2025-04-02
3697,6248,Delayed,2025-04-15,2025-04-16
3698,2015,Delivered,2025-11-10,2025-11-16
3699,5323,Delivered,2025-04-28,2025-05-02
3700,6163,Delivered,2025-09-30,2025-10-07
3701,1812,Delivered,2023-05-25,2023-06-02
3702,9255,Delivered,2025-11-20,2025-11-26
3703,4539,Delivered,2025-03-04,2025-03-07
3704,6757,Delivered,2025-04-04,2025-04-13
3705,9463,Delivered,2025-11-10,2025-11-20
3706,1900,Delivered,2023-04-20,2023-04-30
3707,1556,Delivered,2024-05-19,2024-05-28
3708,9309,Delivered,2023-01-19,2023-01-20
3709,8636,Delayed,2025-04-16,2025-04-18
3710,5539,Delivered,2025-08-21,2025-08-24
3711,2481,Delivered,2024-08-21,2024-08-27
3712,395,Delivered,2024-10-31,2024-11-01
3713,9591,Delivered,2025-01-05,2025-01-14
3714,8599,Delivered,2024-02-20,2024-02-23
3715,1052,Failed,2023-03-24,
3716,3128,Delivered,2026-02-14,2026-02-18
3717,5775,In Transit,2024-12-26,
3718,1730,In Transit,2026-02-17,
3719,3416,Delivered,2026-05-07,2026-05-11
3720,8967,Delivered,2025-10-31,2025-11-05
3721,893,Delivered,2024-01-25,2024-01-28
3722,7889,Delivered,2025-09-12,2025-09-15
3723,3082,Delivered,2023-07-27,2023-07-31
3724,1683,Delivered,2023-08-12,2023-08-19
3725,4699,Delivered,2025-08-24,2025-09-02
3726,7532,Delayed,2024-09-26,2024-09-28
3727,147,Delivered,2025-08-18,2025-08-28
3728,6898,Delivered,2025-01-21,2025-01-30
3729,5509,Delayed,2024-07-12,2024-07-19
3730,5847,Delivered,2025-12-21,2025-12-22
3731,6034,Delayed,2026-05-01,2026-05-07
3732,3473,Delivered,2024-05-10,2024-05-14
3733,3993,Delivered,2024-02-08,2024-02-12
3734,731,Delivered,2024-10-04,2024-10-14
3735,3153,Delivered,2024-03-13,2024-03-21
3736,6012,Delivered,2025-09-02,2025-09-07
3737,3062,Delivered,2023-03-13,2023-03-22
3738,381,In Transit,2024-07-20,
3739,8576,Delivered,2025-06-02,2025-06-10
3740,7030,Delivered,2025-11-19,2025-11-21
3741,9667,Delivered,2023-10-22,2023-10-27
3742,5837,Delivered,2024-07-21,2024-07-24
3743,4858,Delivered,2025-06-18,2025-06-23
3744,2904,Delivered,2025-12-11,2025-12-19
3745,2006,Failed,2025-11-01,
3746,1937,Delivered,2024-12-07,2024-12-09
3747,4852,Delivered,2026-05-28,2026-06-07
3748,2397,Delivered,2024-07-25,2024-07-29
3749,2479,Delayed,2023-01-05,2023-01-14
3750,3196,Delivered,2023-09-18,2023-09-19
3751,6648,Delivered,2025-03-26,2025-03-28
3752,740,In Transit,2026-05-26,
3753,8273,Delivered,2026-04-05,2026-04-11
3754,3673,Delivered,2023-09-15,2023-09-21
3755,5961,Delivered,2023-06-22,2023-07-01
3756,2847,In Transit,2023-10-31,
3757,1136,In Transit,2024-07-20,
3758,5344,Delayed,2024-06-23,2024-06-26
3759,7250,Delivered,2023-05-13,2023-05-23
3760,4175,In Transit,2024-10-18,
3761,5134,Delivered,2023-08-19,2023-08-24
3762,5137,Delivered,2024-10-17,2024-10-18
3763,1799,Delayed,2023-06-26,2023-07-03
3764,295,Delivered,2025-02-26,2025-03-02
3765,1047,Delayed,2024-08-18,2024-08-21
3766,2591,Delivered,2023-03-06,2023-03-16
3767,999,Delivered,2026-01-16,2026-01-20
3768,5455,Delivered,2023-06-22,2023-06-25
3769,467,Delivered,2023-12-09,2023-12-16
3770,7764,Failed,2025-09-29,
3771,7650,Delivered,2025-08-12,2025-08-19
3772,7956,Delivered,2023-06-04,2023-06-07
3773,3738,Failed,2023-01-13,
3774,7304,Delivered,2023-06-29,2023-07-01
3775,2997,Delivered,2023-02-20,2023-02-21
3776,9702,Delivered,2023-08-15,2023-08-18
3777,7860,Delivered,2025-04-27,2025-05-02
3778,1257,Delivered,2026-04-16,2026-04-18
3779,6955,Delivered,2024-04-04,2024-04-08
3780,3705,Delivered,2026-02-22,2026-02-27
3781,6608,Delayed,2025-05-23,2025-05-27
3782,3118,Delivered,2025-08-23,2025-08-31
3783,6923,Delivered,2025-06-02,2025-06-07
3784,5915,Delivered,2023-03-15,2023-03-22
3785,2025,Delivered,2024-09-17,2024-09-25
3786,2712,Delivered,2024-07-25,2024-07-27
3787,8383,Delivered,2023-03-21,2023-03-23
3788,8030,Delivered,2026-06-24,2026-06-25
3789,2210,Delivered,2024-04-28,2024-05-01
3790,5678,Delivered,2024-06-06,2024-06-09
3791,2164,In Transit,2023-05-29,
3792,55,Delivered,2026-05-03,2026-05-05
3793,3428,In Transit,2024-05-13,
3794,6911,Delivered,2025-07-01,2025-07-04
3795,9053,In Transit,2024-03-18,
3796,8705,Delivered,2024-12-14,2024-12-23
3797,2173,Delivered,2024-10-25,2024-11-03
3798,8572,Delivered,2023-11-03,2023-11-07
3799,7831,Delivered,2024-02-22,2024-03-01
3800,7480,Delivered,2024-08-12,2024-08-19
3801,141,Delivered,2024-02-26,2024-03-03
3802,8501,Delivered,2025-01-27,2025-02-03
3803,3787,In Transit,2023-04-21,
3804,4281,Delivered,2024-06-11,2024-06-19
3805,7663,Delivered,2023-04-06,2023-04-08
3806,8825,Delivered,2023-10-19,2023-10-27
3807,2794,Delivered,2023-07-08,2023-07-09
3808,3793,Delivered,2025-06-27,2025-07-03
3809,7061,In Transit,2026-04-23,
3810,1939,Delivered,2023-03-24,2023-03-30
3811,2624,Failed,2025-01-30,
3812,1010,Delivered,2023-11-08,2023-11-10
3813,1806,Delivered,2026-03-09,2026-03-16
3814,9014,Delivered,2023-07-14,2023-07-20
3815,3434,Delivered,2025-10-18,2025-10-19
3816,7185,In Transit,2026-05-16,
3817,8588,Delivered,2026-04-11,2026-04-20
3818,5773,Delivered,2025-01-13,2025-01-15
3819,663,In Transit,2026-03-06,
3820,9848,Delivered,2025-12-11,2025-12-20
3821,7055,Delivered,2025-12-30,2026-01-02
3822,9860,Delivered,2023-08-11,2023-08-12
3823,9247,Delivered,2025-11-03,2025-11-05
3824,9925,Delayed,2025-06-15,2025-06-21
3825,2535,Delayed,2025-03-19,2025-03-21
3826,9122,Delivered,2023-12-06,2023-12-11
3827,4319,Delivered,2023-06-13,2023-06-23
3828,7551,Delivered,2023-06-10,2023-06-19
3829,9079,Delivered,2024-05-30,2024-06-05
3830,3811,Delivered,2026-02-02,2026-02-09
3831,3092,Delivered,2024-02-27,2024-03-07
3832,1763,Delivered,2026-02-11,2026-02-16
3833,6638,Delayed,2026-04-05,2026-04-14
3834,6565,Delivered,2024-04-16,2024-04-21
3835,2526,Delivered,2024-06-13,2024-06-15
3836,8536,In Transit,2024-08-18,
3837,5012,Delivered,2023-02-25,2023-03-03
3838,3225,Delivered,2026-01-23,2026-01-26
3839,6805,Delivered,2024-01-13,2024-01-21
3840,8440,In Transit,2025-08-26,
3841,7921,Delivered,2024-05-26,2024-06-05
3842,6827,Delivered,2023-10-13,2023-10-20
3843,647,Delivered,2023-11-06,2023-11-09
3844,8039,Delivered,2024-10-29,2024-10-31
3845,6303,Delivered,2023-11-04,2023-11-06
3846,4930,Delivered,2025-07-14,2025-07-16
3847,8469,Delivered,2025-04-14,2025-04-17
3848,5287,Delivered,2026-04-18,2026-04-27
3849,7393,Delivered,2023-01-07,2023-01-12
3850,1619,Delivered,2025-02-26,2025-03-07
3851,8710,Delivered,2024-05-02,2024-05-05
3852,5197,Delivered,2023-03-23,2023-03-27
3853,7292,Delivered,2024-12-27,2025-01-01
3854,6659,Delivered,2026-02-26,2026-03-05
3855,5153,Delivered,2025-08-27,2025-09-05
3856,6231,Delivered,2026-01-10,2026-01-12
3857,8898,Delivered,2025-11-09,2025-11-14
3858,1440,In Transit,2026-06-14,
3859,8452,In Transit,2024-08-10,
3860,2641,Delivered,2023-09-17,2023-09-25
3861,9927,Delivered,2024-10-01,2024-10-04
3862,3242,Delivered,2024-05-07,2024-05-10
3863,915,Delivered,2023-07-06,2023-07-09
3864,1851,Delivered,2024-08-07,2024-08-10
3865,2012,Delivered,2025-04-04,2025-04-05
3866,5451,Delivered,2023-09-03,2023-09-08
3867,4840,In Transit,2026-01-13,
3868,4420,Delivered,2024-09-23,2024-09-28
3869,9455,Delivered,2023-08-06,2023-08-10
3870,8694,Delivered,2023-01-30,2023-02-03
3871,5898,Delivered,2023-03-25,2023-04-04
3872,7816,Delivered,2025-11-10,2025-11-20
3873,1129,Delivered,2024-05-15,2024-05-18
3874,4757,In Transit,2025-11-21,
3875,1616,Delivered,2024-12-27,2024-12-30
3876,4897,In Transit,2026-05-11,
3877,6244,Delivered,2025-06-13,2025-06-20
3878,5787,Delayed,2023-10-26,2023-10-31
3879,7654,Delivered,2025-06-07,2025-06-09
3880,5161,Delivered,2025-01-14,2025-01-15
3881,6218,Delivered,2025-06-08,2025-06-16
3882,1745,Delivered,2023-04-11,2023-04-21
3883,6803,Delivered,2025-05-24,2025-05-27
3884,772,Delivered,2026-02-16,2026-02-24
3885,435,Delivered,2026-05-10,2026-05-16
3886,5685,Delivered,2026-01-25,2026-02-04
3887,4233,Delivered,2023-04-29,2023-04-30
3888,5955,Delivered,2025-08-10,2025-08-16
3889,4100,Delayed,2025-03-29,2025-04-03
3890,785,Delivered,2024-05-25,2024-05-26
3891,285,Delivered,2026-01-08,2026-01-14
3892,7259,Delivered,2025-02-25,2025-03-01
3893,7037,Delivered,2023-09-13,2023-09-14
3894,996,Delivered,2025-04-10,2025-04-20
3895,2084,Delivered,2024-05-26,2024-06-04
3896,8437,Delivered,2026-04-03,2026-04-06
3897,7414,Delivered,2025-05-01,2025-05-05
3898,8275,Delivered,2024-11-17,2024-11-20
3899,4968,Delivered,2025-09-14,2025-09-21
3900,178,Delivered,2023-11-13,2023-11-21
3901,2348,In Transit,2023-06-20,
3902,6661,Delivered,2024-10-20,2024-10-30
3903,7244,Delivered,2023-04-05,2023-04-08
3904,8646,Delivered,2025-10-21,2025-10-24
3905,4133,Delivered,2024-03-05,2024-03-09
3906,1544,Delivered,2026-07-01,2026-07-06
3907,1127,Delivered,2025-11-28,2025-11-29
3908,3565,Delivered,2023-03-17,2023-03-18
3909,3275,In Transit,2024-02-29,
3910,8658,Delivered,2024-12-02,2024-12-03
3911,2516,Delivered,2024-11-01,2024-11-03
3912,5888,In Transit,2026-05-11,
3913,4302,Delivered,2023-09-10,2023-09-11
3914,4142,Delivered,2026-07-02,2026-07-12
3915,9541,In Transit,2026-05-28,
3916,6130,Delivered,2023-07-10,2023-07-12
3917,1947,Delivered,2024-05-09,2024-05-10
3918,2614,Delivered,2024-07-20,2024-07-24
3919,7279,Delivered,2023-12-06,2023-12-14
3920,7527,Delivered,2024-05-21,2024-05-30
3921,4720,Delivered,2023-02-08,2023-02-10
3922,7327,Delivered,2025-06-18,2025-06-23
3923,599,Delivered,2025-09-29,2025-10-08
3924,1301,Delivered,2024-02-06,2024-02-14
3925,4644,Delivered,2025-11-15,2025-11-18
3926,9632,Delivered,2025-03-27,2025-04-01
3927,4129,Delivered,2026-05-02,2026-05-11
3928,372,Delivered,2025-04-18,2025-04-19
3929,3627,Delivered,2023-11-07,2023-11-13
3930,1209,In Transit,2025-02-19,
3931,1644,Failed,2025-04-01,
3932,4772,Delivered,2026-04-18,2026-04-27
3933,9131,Delivered,2025-05-21,2025-05-30
3934,3398,Delivered,2024-11-29,2024-12-01
3935,5000,Delivered,2025-11-14,2025-11-15
3936,3666,Delivered,2024-05-17,2024-05-27
3937,4101,Delivered,2026-02-07,2026-02-10
3938,9947,Delayed,2023-11-30,2023-12-06
3939,3209,Delivered,2024-04-19,2024-04-22
3940,6170,Delivered,2024-06-14,2024-06-21
3941,391,Failed,2024-06-15,
3942,7543,Delivered,2024-03-22,2024-03-27
3943,9726,Delivered,2024-04-05,2024-04-10
3944,9010,Delivered,2023-08-13,2023-08-20
3945,5550,Delivered,2025-05-25,2025-05-28
3946,3818,Delivered,2023-02-19,2023-02-22
3947,5025,Delivered,2026-01-26,2026-02-04
3948,21,Delivered,2023-05-27,2023-06-03
3949,7847,Delivered,2023-11-14,2023-11-15
3950,6137,Delivered,2024-08-25,2024-09-04
3951,7517,Delivered,2024-10-23,2024-11-01
3952,5996,Delivered,2023-06-21,2023-06-29
3953,237,Delivered,2025-09-14,2025-09-22
3954,8596,Delivered,2024-02-22,2024-02-23
3955,3996,Delivered,2024-09-12,2024-09-14
3956,8480,Delivered,2023-04-11,2023-04-15
3957,4036,In Transit,2026-07-02,
3958,1464,Delivered,2025-09-11,2025-09-13
3959,6502,Delivered,2024-08-19,2024-08-28
3960,5190,Delivered,2023-01-10,2023-01-13
3961,5950,Delivered,2023-05-15,2023-05-25
3962,1078,Delivered,2025-06-07,2025-06-10
3963,3573,Delivered,2025-07-08,2025-07-16
3964,8165,Delivered,2026-06-15,2026-06-21
3965,5052,Delivered,2025-03-15,2025-03-22
3966,2765,Delivered,2025-05-09,2025-05-18
3967,5724,Delivered,2025-05-10,2025-05-11
3968,3424,Delivered,2025-09-29,2025-10-09
3969,1500,Delivered,2024-10-19,2024-10-22
3970,3828,Delivered,2025-07-19,2025-07-23
3971,4365,Delivered,2026-01-20,2026-01-23
3972,3546,Delivered,2025-03-21,2025-03-31
3973,7464,Failed,2023-08-09,
3974,9226,Failed,2023-01-04,
3975,251,Delivered,2025-01-27,2025-02-04
3976,8143,Delivered,2026-02-01,2026-02-07
3977,4794,Delivered,2026-02-11,2026-02-12
3978,9336,Delivered,2025-08-10,2025-08-12
3979,6428,Failed,2024-02-07,
3980,3185,Delivered,2024-03-26,2024-04-01
3981,6267,Delivered,2026-03-02,2026-03-04
3982,3702,Delivered,2026-03-18,2026-03-24
3983,4645,Delivered,2024-09-12,2024-09-15
3984,9391,Delivered,2024-05-30,2024-06-03
3985,2610,Delivered,2025-01-17,2025-01-20
3986,7511,Delivered,2023-03-04,2023-03-11
3987,3661,Delayed,2023-10-09,2023-10-12
3988,5620,Delivered,2023-04-26,2023-04-28
3989,671,Delivered,2024-05-04,2024-05-08
3990,307,Delivered,2024-11-11,2024-11-17
3991,7552,Delivered,2025-09-22,2025-09-26
3992,8895,Delivered,2023-06-13,2023-06-20
3993,6246,Delivered,2024-04-06,2024-04-15
3994,6941,Delivered,2025-02-25,2025-03-01
3995,1781,Failed,2024-06-26,
3996,743,Delivered,2024-09-03,2024-09-12
3997,8170,Delayed,2025-11-14,2025-11-18
3998,4250,Delivered,2023-07-03,2023-07-07
3999,1816,Delivered,2024-11-22,2024-11-24
4000,5920,Delivered,2024-04-15,2024-04-17
4001,1381,Delivered,2026-05-25,2026-06-01
4002,3058,Delivered,2023-06-06,2023-06-12
4003,4951,Delivered,2023-01-30,2023-02-01
4004,6559,In Transit,2025-06-14,
4005,245,Delivered,2025-12-31,2026-01-05
4006,9424,Delivered,2025-11-29,2025-12-04
4007,9183,Delivered,2023-10-30,2023-11-01
4008,6358,Delivered,2025-09-13,2025-09-21
4009,5667,Delivered,2025-09-24,2025-10-02
4010,763,Delayed,2023-02-20,2023-02-23
4011,5452,Delivered,2025-08-17,2025-08-27
4012,4704,Delivered,2024-11-03,2024-11-07
4013,3984,Delivered,2024-03-02,2024-03-05
4014,8918,In Transit,2025-05-30,
4015,7403,Delivered,2025-08-31,2025-09-09
4016,46,In Transit,2025-08-23,
4017,4254,Delivered,2023-10-28,2023-10-31
4018,8769,Delivered,2024-08-15,2024-08-16
4019,6797,Delivered,2025-06-02,2025-06-11
4020,1323,Delivered,2023-03-02,2023-03-03
4021,6584,Delivered,2025-10-12,2025-10-17
4022,1388,Delivered,2026-01-19,2026-01-24
4023,1998,In Transit,2024-03-14,
4024,6492,Delivered,2025-03-11,2025-03-20
4025,2336,Delivered,2024-11-04,2024-11-10
4026,5830,Delivered,2023-04-21,2023-04-27
4027,1582,Delivered,2023-07-24,2023-07-29
4028,1865,Delivered,2024-11-18,2024-11-24
4029,3443,In Transit,2023-04-13,
4030,5919,Delivered,2023-08-09,2023-08-11
4031,4283,Delivered,2024-04-20,2024-04-21
4032,4690,Delivered,2026-02-12,2026-02-13
4033,1488,Delivered,2023-08-21,2023-08-30
4034,9561,Delivered,2023-04-18,2023-04-28
4035,8447,Delivered,2024-07-09,2024-07-10
4036,7582,Delivered,2025-04-24,2025-04-29
4037,6759,Delivered,2023-10-25,2023-10-30
4038,1784,Delivered,2023-01-09,2023-01-13
4039,4483,Delayed,2025-06-06,2025-06-08
4040,9175,Delivered,2024-09-19,2024-09-25
4041,5051,Delivered,2023-11-14,2023-11-21
4042,5234,Delivered,2023-03-04,2023-03-12
4043,102,Delivered,2024-12-24,2024-12-29
4044,3829,Delivered,2025-07-03,2025-07-10
4045,6784,Delayed,2023-04-14,2023-04-23
4046,5801,Delivered,2025-07-16,2025-07-20
4047,8338,Delivered,2026-02-13,2026-02-17
4048,3734,Delivered,2023-10-21,2023-10-30
4049,1542,Delivered,2025-01-13,2025-01-20
4050,2895,Delivered,2025-04-22,2025-04-30
4051,4437,Delivered,2024-04-01,2024-04-03
4052,3819,Delayed,2023-07-25,2023-08-01
4053,8796,Delivered,2024-09-07,2024-09-15
4054,4049,Delivered,2023-10-20,2023-10-28
4055,4788,Delayed,2023-07-22,2023-07-29
4056,6262,Delivered,2023-06-23,2023-07-02
4057,9592,Delivered,2023-05-23,2023-05-25
4058,8569,Delivered,2023-05-03,2023-05-08
4059,859,Delivered,2024-01-18,2024-01-27
4060,1531,In Transit,2023-09-27,
4061,4678,Delivered,2025-03-23,2025-03-28
4062,7298,Delivered,2025-02-23,2025-02-24
4063,5081,Delivered,2025-12-13,2025-12-23
4064,4600,Delayed,2025-08-18,2025-08-23
4065,1305,In Transit,2023-11-15,
4066,6913,In Transit,2024-11-08,
4067,8347,Delivered,2023-02-02,2023-02-09
4068,1581,Delivered,2026-02-14,2026-02-21
4069,4872,Delivered,2023-04-26,2023-05-02
4070,7594,Delivered,2025-06-19,2025-06-22
4071,8459,Delivered,2024-05-18,2024-05-25
4072,5512,Delivered,2025-09-15,2025-09-20
4073,8953,Delivered,2023-07-20,2023-07-25
4074,4982,Delivered,2023-03-30,2023-04-07
4075,2459,Delivered,2026-01-14,2026-01-21
4076,2332,Delivered,2024-08-13,2024-08-18
4077,2994,Delivered,2026-01-22,2026-01-25
4078,8713,Delayed,2024-10-28,2024-10-29
4079,742,Delivered,2025-02-10,2025-02-19
4080,4032,Delayed,2023-05-21,2023-05-27
4081,7363,Delivered,2025-12-24,2026-01-02
4082,5578,Delivered,2024-09-09,2024-09-17
4083,8104,Delivered,2023-06-20,2023-06-24
4084,8386,Delivered,2025-11-26,2025-11-27
4085,3081,Delivered,2026-04-25,2026-04-29
4086,8034,Delivered,2025-02-03,2025-02-12
4087,371,Delivered,2025-05-04,2025-05-06
4088,3882,Failed,2023-12-02,
4089,1570,Delivered,2023-04-16,2023-04-23
4090,56,Delivered,2025-02-17,2025-02-27
4091,2933,Delivered,2023-05-09,2023-05-14
4092,3824,In Transit,2026-04-12,
4093,3614,Delivered,2025-06-11,2025-06-12
4094,3931,Delivered,2024-01-29,2024-02-05
4095,9110,Delivered,2024-01-09,2024-01-13
4096,6127,Delivered,2025-01-09,2025-01-18
4097,9787,Delivered,2025-07-19,2025-07-27
4098,7257,Delivered,2023-01-31,2023-02-05
4099,392,Delivered,2023-10-15,2023-10-23
4100,9882,Delayed,2024-04-25,2024-04-30
4101,379,Delivered,2025-03-11,2025-03-19
4102,5024,Delivered,2024-06-22,2024-07-02
4103,3376,Delivered,2023-07-21,2023-07-26
4104,6708,Delivered,2024-08-26,2024-08-29
4105,8147,Delivered,2023-08-24,2023-08-26
4106,676,Delivered,2024-07-07,2024-07-12
4107,1443,Delivered,2024-04-15,2024-04-16
4108,3577,Delivered,2026-02-21,2026-03-03
4109,6235,Delivered,2024-01-26,2024-01-29
4110,8865,Delivered,2024-01-13,2024-01-17
4111,5781,Delivered,2026-01-16,2026-01-24
4112,4827,Delivered,2023-12-22,2023-12-27
4113,8009,Delivered,2025-08-17,2025-08-20
4114,5369,Delivered,2024-10-23,2024-10-26
4115,3639,In Transit,2025-03-16,
4116,8392,Delivered,2023-11-18,2023-11-23
4117,2099,Delivered,2025-01-08,2025-01-13
4118,4751,Delivered,2024-10-28,2024-10-31
4119,4187,Delivered,2026-03-17,2026-03-19
4120,7415,Delivered,2024-08-27,2024-08-28
4121,8404,Delivered,2024-11-22,2024-11-28
4122,8952,Delivered,2023-06-15,2023-06-21
4123,8874,Delivered,2023-12-03,2023-12-07
4124,4729,Delivered,2024-11-12,2024-11-22
4125,6147,Delivered,2024-12-01,2024-12-11
4126,4320,Delivered,2023-04-05,2023-04-11
4127,5447,Delivered,2024-06-25,2024-07-03
4128,8210,Delivered,2023-06-02,2023-06-09
4129,1405,Delivered,2025-03-13,2025-03-23
4130,7794,Delivered,2023-04-28,2023-04-30
4131,7776,Delivered,2023-07-18,2023-07-21
4132,3329,Delayed,2023-07-27,2023-07-31
4133,8360,Delivered,2023-11-24,2023-11-26
4134,8148,Delivered,2023-11-14,2023-11-22
4135,169,In Transit,2025-02-22,
4136,1598,Delivered,2025-11-09,2025-11-12
4137,1923,Delivered,2025-03-06,2025-03-08
4138,6520,Delivered,2025-11-25,2025-11-28
4139,3050,Failed,2025-09-17,
4140,960,Delivered,2024-03-01,2024-03-02
4141,1173,Delivered,2024-02-23,2024-03-03
4142,1450,Failed,2025-10-03,
4143,3203,Delivered,2024-10-26,2024-11-01
4144,4211,Delivered,2025-04-20,2025-04-24
4145,8150,Delivered,2024-07-04,2024-07-11
4146,3959,Delivered,2024-03-17,2024-03-27
4147,8912,Delivered,2024-09-16,2024-09-18
4148,2877,Failed,2024-05-24,
4149,2670,In Transit,2023-03-23,
4150,7197,Delivered,2023-05-21,2023-05-23
4151,3747,Delivered,2024-01-14,2024-01-17
4152,4686,Delivered,2023-06-26,2023-06-30
4153,5144,Delivered,2023-06-04,2023-06-08
4154,2383,Delivered,2024-06-12,2024-06-13
4155,4804,Delivered,2024-06-02,2024-06-09
4156,4620,Delivered,2023-11-11,2023-11-19
4157,7246,Delivered,2024-10-31,2024-11-05
4158,3271,Delivered,2024-05-16,2024-05-21
4159,3889,Delivered,2024-06-04,2024-06-09
4160,4425,Delivered,2024-08-13,2024-08-20
4161,3326,Delayed,2026-01-26,2026-01-30
4162,2095,Delivered,2025-12-21,2025-12-25
4163,1183,Delivered,2026-06-07,2026-06-11
4164,1914,Delivered,2025-04-16,2025-04-26
4165,1399,Delivered,2025-07-25,2025-07-27
4166,6541,Delayed,2023-04-11,2023-04-13
4167,5949,Delayed,2023-04-06,2023-04-11
4168,3581,Delivered,2025-06-19,2025-06-29
4169,3402,Delivered,2025-01-10,2025-01-17
4170,8681,Delivered,2023-10-07,2023-10-16
4171,6773,Delivered,2026-06-12,2026-06-13
4172,2649,Delivered,2024-06-11,2024-06-20
4173,4615,In Transit,2026-04-11,
4174,8084,In Transit,2026-02-22,
4175,3900,Delivered,2023-12-28,2023-12-29
4176,6423,Delivered,2025-01-11,2025-01-21
4177,649,Delivered,2026-06-11,2026-06-18
4178,568,Delivered,2024-10-03,2024-10-10
4179,4249,In Transit,2025-12-09,
4180,9124,Delivered,2025-11-29,2025-12-01
4181,3057,Delivered,2025-10-06,2025-10-16
4182,6554,Delivered,2025-12-04,2025-12-14
4183,7188,Delivered,2023-11-23,2023-11-24
4184,6016,Delivered,2023-07-07,2023-07-14
4185,1718,Delivered,2023-05-17,2023-05-26
4186,7162,Delivered,2025-07-05,2025-07-13
4187,7938,Delivered,2023-06-14,2023-06-15
4188,6275,Delivered,2023-05-05,2023-05-14
4189,7757,Delivered,2024-10-24,2024-10-28
4190,6957,In Transit,2023-10-01,
4191,1908,Delivered,2023-09-17,2023-09-21
4192,6997,Delivered,2025-05-31,2025-06-08
4193,341,Delivered,2026-03-07,2026-03-11
4194,7144,In Transit,2025-01-27,
4195,9716,Delivered,2023-05-21,2023-05-27
4196,4922,Delivered,2023-08-02,2023-08-05
4197,1182,Delivered,2026-03-08,2026-03-15
4198,2220,Failed,2024-05-22,
4199,6452,Delivered,2025-03-05,2025-03-10
4200,5149,Delivered,2026-01-02,2026-01-08
4201,5864,Delivered,2025-06-11,2025-06-18
4202,7274,In Transit,2025-04-15,
4203,1715,Delivered,2025-05-21,2025-05-24
4204,2885,Delivered,2023-02-03,2023-02-04
4205,2311,In Transit,2024-02-17,
4206,9276,Delayed,2025-08-04,2025-08-05
4207,6586,Delivered,2024-09-05,2024-09-10
4208,5777,Delayed,2024-08-04,2024-08-11
4209,5526,Delivered,2025-09-22,2025-09-29
4210,6321,Delivered,2025-09-28,2025-10-06
4211,8667,Delivered,2025-11-26,2025-12-02
4212,8542,Delivered,2023-05-28,2023-05-31
4213,6148,Failed,2026-01-10,
4214,7880,Delivered,2024-04-01,2024-04-02
4215,9291,Delivered,2023-02-01,2023-02-10
4216,2692,Delayed,2026-05-05,2026-05-10
4217,8111,Delivered,2025-12-07,2025-12-10
4218,9614,Delivered,2026-01-30,2026-02-04
4219,3820,In Transit,2025-07-25,
4220,2466,Delivered,2023-01-22,2023-01-23
4221,8197,Delivered,2023-06-06,2023-06-08
4222,4601,Delivered,2023-08-09,2023-08-15
4223,7353,Delivered,2023-10-21,2023-10-24
4224,9177,Delivered,2024-04-17,2024-04-27
4225,1795,Delivered,2025-02-05,2025-02-12
4226,9494,Delivered,2024-09-13,2024-09-15
4227,3136,Delivered,2024-07-10,2024-07-19
4228,9656,Delivered,2024-04-04,2024-04-14
4229,4506,Failed,2024-04-04,
4230,8254,Delayed,2025-05-07,2025-05-11
4231,9382,Delivered,2023-03-11,2023-03-15
4232,314,Delivered,2025-06-21,2025-06-25
4233,8461,Delayed,2023-03-08,2023-03-11
4234,6808,Delivered,2023-08-06,2023-08-08
4235,8976,Delivered,2026-01-30,2026-01-31
4236,3017,Delivered,2025-10-29,2025-11-06
4237,5564,Delivered,2023-03-13,2023-03-23
4238,8093,Delivered,2024-12-08,2024-12-12
4239,9113,Delayed,2024-04-24,2024-05-03
4240,5817,Delivered,2023-01-11,2023-01-20
4241,1476,Delivered,2023-06-04,2023-06-08
4242,3860,Delivered,2025-12-05,2025-12-07
4243,63,In Transit,2024-10-08,
4244,7146,In Transit,2024-02-05,
4245,4047,Delayed,2025-09-11,2025-09-20
4246,5936,Delivered,2023-02-26,2023-03-07
4247,4578,Delivered,2025-07-29,2025-08-06
4248,1512,Delivered,2023-07-02,2023-07-12
4249,6721,Delivered,2025-11-11,2025-11-16
4250,4905,Delivered,2023-10-26,2023-10-27
4251,3208,Delivered,2025-04-25,2025-05-02
4252,2229,Delivered,2025-12-09,2025-12-16
4253,1510,Delivered,2025-08-03,2025-08-10
4254,8019,Delivered,2026-03-25,2026-03-26
4255,7303,Delivered,2026-05-07,2026-05-11
4256,9214,Delivered,2023-01-07,2023-01-10
4257,410,Delivered,2024-10-08,2024-10-12
4258,8908,Delivered,2023-01-02,2023-01-07
4259,7696,Delivered,2023-04-18,2023-04-27
4260,8081,Delivered,2024-09-19,2024-09-20
4261,7785,Delivered,2024-01-31,2024-02-06
4262,1803,Delivered,2023-02-01,2023-02-09
4263,360,Delivered,2025-06-04,2025-06-09
4264,8709,Delayed,2026-02-18,2026-02-25
4265,4156,Failed,2026-01-16,
4266,7912,Delivered,2024-10-01,2024-10-05
4267,1309,Delivered,2026-05-19,2026-05-26
4268,4559,Delivered,2024-04-11,2024-04-15
4269,2826,Delivered,2025-07-22,2025-07-31
4270,9102,Delivered,2024-11-08,2024-11-10
4271,758,Delivered,2024-11-25,2024-11-30
4272,8815,In Transit,2025-05-02,
4273,9105,Delivered,2023-01-02,2023-01-10
4274,3078,Delivered,2024-10-05,2024-10-07
4275,7453,Delivered,2025-10-11,2025-10-18
4276,4530,Delivered,2026-03-12,2026-03-13
4277,697,Delivered,2024-03-24,2024-03-25
4278,387,Delivered,2023-02-14,2023-02-17
4279,34,In Transit,2024-05-14,
4280,3336,Delivered,2025-08-23,2025-08-29
4281,61,Delivered,2023-10-22,2023-10-28
4282,8619,In Transit,2025-02-18,
4283,3351,Delivered,2026-02-01,2026-02-10
4284,4958,Delivered,2023-12-18,2023-12-26
4285,2603,Delayed,2025-12-09,2025-12-19
4286,9230,Delivered,2025-11-01,2025-11-09
4287,4284,Delayed,2026-03-14,2026-03-20
4288,7759,Delivered,2024-12-15,2024-12-17
4289,4244,Delivered,2024-04-12,2024-04-19
4290,4574,Delayed,2026-04-17,2026-04-24
4291,9608,Delivered,2026-03-25,2026-03-26
4292,6986,Delayed,2023-02-08,2023-02-12
4293,3892,In Transit,2024-06-21,
4294,778,Delivered,2024-09-06,2024-09-14
4295,563,Delivered,2024-01-25,2024-01-31
4296,7410,Delayed,2026-05-09,2026-05-11
4297,1393,Delivered,2026-03-24,2026-03-25
4298,7356,Delivered,2025-05-22,2025-05-29
4299,8207,Failed,2025-05-14,
4300,5986,In Transit,2023-03-22,
4301,1877,Delivered,2026-06-19,2026-06-24
4302,7455,In Transit,2026-04-06,
4303,9364,Delivered,2023-01-04,2023-01-05
4304,5811,Delivered,2023-05-23,2023-05-31
4305,5086,Delivered,2025-01-01,2025-01-07
4306,5804,Delivered,2024-05-18,2024-05-20
4307,7035,In Transit,2024-08-02,
4308,7294,Delivered,2023-05-05,2023-05-14
4309,1702,In Transit,2025-06-19,
4310,9786,In Transit,2024-01-23,
4311,5706,Delivered,2024-08-03,2024-08-05
4312,5320,Delivered,2025-01-13,2025-01-14
4313,5530,Delivered,2025-06-14,2025-06-16
4314,4128,In Transit,2025-04-27,
4315,6717,Delivered,2024-02-05,2024-02-12
4316,5540,Delivered,2025-09-14,2025-09-22
4317,3686,Delayed,2023-02-24,2023-03-04
4318,479,Delivered,2026-04-16,2026-04-25
4319,6691,Delivered,2024-10-11,2024-10-15
4320,2749,Failed,2023-12-22,
4321,6478,Delayed,2026-06-17,2026-06-27
4322,9319,In Transit,2025-10-11,
4323,2842,In Transit,2025-07-10,
4324,8959,Delivered,2023-03-09,2023-03-12
4325,1095,Delivered,2024-01-16,2024-01-19
4326,2557,Delivered,2026-01-06,2026-01-15
4327,7900,Delivered,2025-05-14,2025-05-21
4328,1878,Delayed,2025-07-23,2025-08-01
4329,7756,Delivered,2024-10-04,2024-10-14
4330,8155,Delivered,2023-03-20,2023-03-24
4331,9647,Delivered,2024-09-29,2024-10-08
4332,2034,Delivered,2024-12-02,2024-12-06
4333,2116,Delivered,2024-11-23,2024-11-30
4334,1168,In Transit,2023-07-20,
4335,6589,Delivered,2024-08-14,2024-08-24
4336,7288,Delivered,2025-03-02,2025-03-05
4337,8969,Delivered,2024-01-16,2024-01-26
4338,8997,Delivered,2023-04-03,2023-04-08
4339,1678,Delivered,2025-04-01,2025-04-11
4340,5809,Delivered,2024-09-11,2024-09-20
4341,9117,Delivered,2024-06-21,2024-06-24
4342,6406,Delivered,2023-07-06,2023-07-10
4343,5899,Delivered,2024-12-22,2024-12-25
4344,340,Delivered,2026-01-06,2026-01-12
4345,6973,In Transit,2023-11-26,
4346,7141,Delivered,2026-04-25,2026-04-30
4347,6185,In Transit,2025-06-12,
4348,5914,Delivered,2024-11-20,2024-11-27
4349,727,Delivered,2025-09-03,2025-09-12
4350,6647,Delivered,2026-02-12,2026-02-19
4351,2456,Delivered,2023-06-13,2023-06-19
4352,5799,Delivered,2026-02-17,2026-02-26
4353,6004,In Transit,2025-11-18,
4354,6631,Delayed,2023-05-21,2023-05-25
4355,5601,Failed,2025-11-07,
4356,8365,Delivered,2023-03-20,2023-03-29
4357,6836,Delivered,2024-08-29,2024-09-05
4358,7501,Delivered,2026-03-08,2026-03-15
4359,9145,Delivered,2026-03-28,2026-04-05
4360,3264,Delivered,2024-05-08,2024-05-18
4361,5566,Delivered,2023-04-21,2023-04-26
4362,9044,Delivered,2024-03-23,2024-03-24
4363,2522,Delivered,2026-03-08,2026-03-10
4364,4253,Delivered,2026-04-15,2026-04-24
4365,2215,Delivered,2023-12-31,2024-01-04
4366,4680,Delivered,2023-01-17,2023-01-22
4367,407,Delayed,2023-11-09,2023-11-11
4368,2177,Delivered,2024-09-02,2024-09-11
4369,9487,Delivered,2023-06-24,2023-06-28
4370,2974,Delivered,2024-12-04,2024-12-11
4371,7462,Delayed,2024-10-22,2024-10-24
4372,3207,Delivered,2024-07-01,2024-07-09
4373,9893,Delivered,2023-10-18,2023-10-20
4374,926,Delivered,2023-06-10,2023-06-18
4375,5877,Delivered,2023-06-19,2023-06-28
4376,383,Delivered,2024-10-29,2024-11-04
4377,3212,Delivered,2025-11-05,2025-11-15
4378,477,Delayed,2024-02-04,2024-02-12
4379,8637,Delivered,2023-02-26,2023-02-28
4380,5210,Delivered,2024-10-02,2024-10-10
4381,9709,Delivered,2023-06-29,2023-07-05
4382,4034,Delivered,2024-01-17,2024-01-25
4383,5623,Failed,2024-01-21,
4384,4981,Delivered,2023-02-18,2023-02-21
4385,6576,Delivered,2024-11-10,2024-11-20
4386,5728,In Transit,2024-11-11,
4387,6349,Delivered,2024-01-13,2024-01-23
4388,215,In Transit,2025-11-06,
4389,9473,Delivered,2025-05-30,2025-06-09
4390,452,Delivered,2026-03-28,2026-03-31
4391,9133,Delivered,2025-07-16,2025-07-22
4392,909,Delivered,2023-05-05,2023-05-08
4393,195,Delivered,2024-08-11,2024-08-14
4394,2276,Delayed,2025-03-18,2025-03-21
4395,7239,Delivered,2024-01-31,2024-02-10
4396,9693,Delivered,2025-09-21,2025-09-29
4397,2753,Delayed,2026-05-28,2026-06-03
4398,6432,Delivered,2023-06-09,2023-06-18
4399,382,In Transit,2023-08-18,
4400,9837,Delivered,2023-10-30,2023-11-08
4401,9564,Delayed,2024-09-17,2024-09-18
4402,2621,Delivered,2025-02-11,2025-02-19
4403,8468,Delivered,2025-09-09,2025-09-14
4404,3008,Delayed,2024-12-19,2024-12-25
4405,1111,Delivered,2025-11-12,2025-11-14
4406,4676,Delivered,2023-02-05,2023-02-10
4407,8088,Delivered,2023-05-30,2023-06-07
4408,8130,Delivered,2025-01-10,2025-01-15
4409,804,Delivered,2023-04-08,2023-04-12
4410,5232,Delivered,2025-11-12,2025-11-19
4411,7755,Delivered,2025-03-13,2025-03-20
4412,8647,Delivered,2023-10-14,2023-10-17
4413,4629,Delivered,2023-09-09,2023-09-13
4414,9873,Delayed,2023-08-11,2023-08-21
4415,3367,Delivered,2023-06-01,2023-06-07
4416,7458,Delivered,2023-08-05,2023-08-15
4417,6835,Delivered,2024-05-07,2024-05-10
4418,6322,Failed,2025-04-27,
4419,4331,In Transit,2025-01-12,
4420,1008,Delivered,2023-06-22,2023-06-26
4421,171,Delivered,2026-04-18,2026-04-24
4422,3281,In Transit,2025-07-20,
4423,7709,Delivered,2024-04-06,2024-04-11
4424,8310,In Transit,2023-06-04,
4425,6176,Delivered,2023-05-26,2023-06-02
4426,6879,Delivered,2023-05-21,2023-05-22
4427,6169,Delivered,2025-10-23,2025-10-30
4428,7766,Delivered,2026-04-17,2026-04-18
4429,4693,Delivered,2025-11-07,2025-11-13
4430,701,Delivered,2026-06-26,2026-07-06
4431,1802,Delivered,2025-08-07,2025-08-16
4432,9733,Delivered,2023-11-17,2023-11-25
4433,4901,Delivered,2025-10-29,2025-11-07
4434,5652,Delayed,2024-05-08,2024-05-15
4435,5757,In Transit,2023-01-26,
4436,6553,Delivered,2024-02-29,2024-03-10
4437,2731,Delivered,2024-04-29,2024-05-02
4438,7541,Delayed,2024-03-26,2024-04-01
4439,4112,Delivered,2024-02-28,2024-03-04
4440,6626,Delivered,2024-10-28,2024-11-04
4441,9100,Delivered,2023-05-05,2023-05-10
4442,9433,Delivered,2023-10-23,2023-11-01
4443,126,Delivered,2025-08-27,2025-09-04
4444,943,Delivered,2023-12-28,2024-01-05
4445,7596,Delivered,2025-03-05,2025-03-11
4446,6336,Delivered,2024-04-13,2024-04-15
4447,5854,In Transit,2024-09-14,
4448,7029,In Transit,2026-02-25,
4449,6901,Delivered,2026-02-21,2026-02-23
4450,3461,Delivered,2023-03-02,2023-03-04
4451,4262,Delivered,2026-01-13,2026-01-17
4452,764,Delivered,2025-09-07,2025-09-12
4453,6245,In Transit,2023-05-14,
4454,7722,Delivered,2024-12-01,2024-12-03
4455,1734,Failed,2026-03-06,
4456,6062,Delivered,2026-04-29,2026-05-08
4457,3192,Delivered,2023-01-31,2023-02-03
4458,9452,Delivered,2025-01-12,2025-01-22
4459,103,Delivered,2024-03-10,2024-03-12
4460,4613,Delivered,2023-02-25,2023-02-27
4461,1847,In Transit,2026-06-30,
4462,290,Delivered,2023-08-07,2023-08-17
4463,6222,Delivered,2023-09-21,2023-09-26
4464,2360,Delivered,2023-06-14,2023-06-20
4465,7315,Failed,2023-11-12,
4466,8202,Delivered,2023-10-21,2023-10-29
4467,8238,Delivered,2025-10-19,2025-10-24
4468,5101,Delivered,2025-06-18,2025-06-27
4469,1384,Delivered,2026-06-04,2026-06-14
4470,8397,Delivered,2023-06-16,2023-06-20
4471,7821,Delayed,2025-10-07,2025-10-10
4472,2940,Delivered,2023-02-24,2023-02-28
4473,8107,Delivered,2025-08-29,2025-09-05
4474,6620,Delivered,2025-02-04,2025-02-08
4475,683,Delivered,2023-06-06,2023-06-11
4476,8015,Delivered,2025-06-30,2025-07-06
4477,4109,Delivered,2024-03-29,2024-04-08
4478,6165,Delivered,2023-09-10,2023-09-12
4479,7925,Delivered,2026-02-03,2026-02-04
4480,7899,In Transit,2024-12-06,
4481,3538,In Transit,2026-03-07,
4482,9886,Delivered,2026-06-02,2026-06-06
4483,3700,Delivered,2024-11-29,2024-12-09
4484,1893,Delayed,2024-11-12,2024-11-15
4485,1760,Delivered,2023-10-16,2023-10-23
4486,7923,Delivered,2024-09-02,2024-09-12
4487,4484,Delivered,2023-01-05,2023-01-10
4488,7641,Delivered,2024-07-12,2024-07-19
4489,5359,Delivered,2025-02-08,2025-02-17
4490,735,Delivered,2024-07-19,2024-07-23
4491,5115,Delivered,2025-04-27,2025-05-07
4492,4829,Delivered,2026-05-12,2026-05-13
4493,2564,Delivered,2023-10-21,2023-10-23
4494,8271,Delivered,2024-09-18,2024-09-26
4495,7516,Delivered,2026-02-19,2026-02-28
4496,4628,Delivered,2025-08-06,2025-08-16
4497,2354,Delivered,2026-04-14,2026-04-18
4498,4809,Delivered,2025-05-10,2025-05-12
4499,5421,Delivered,2026-01-19,2026-01-29
4500,1863,Delivered,2026-04-04,2026-04-13
4501,5618,Delivered,2025-01-24,2025-01-26
4502,252,Delivered,2023-02-18,2023-02-19
4503,6536,Delivered,2024-04-19,2024-04-29
4504,4407,Delivered,2024-03-11,2024-03-19
4505,9471,Delivered,2024-07-07,2024-07-13
4506,789,Delivered,2024-01-28,2024-02-06
4507,9488,Delivered,2024-05-14,2024-05-24
4508,3964,In Transit,2024-06-19,
4509,6109,Delivered,2023-01-28,2023-02-05
4510,2973,Delivered,2026-01-07,2026-01-17
4511,6523,Delivered,2025-04-29,2025-05-03
4512,6025,Delivered,2024-10-10,2024-10-19
4513,2665,Delivered,2025-04-29,2025-05-01
4514,8540,Delivered,2025-09-15,2025-09-17
4515,5822,Delayed,2024-07-27,2024-08-02
4516,5585,In Transit,2023-06-23,
4517,5309,Delivered,2025-10-25,2025-11-03
4518,5705,Delivered,2025-07-04,2025-07-14
4519,6695,Delivered,2023-01-30,2023-02-07
4520,8934,Delivered,2024-09-02,2024-09-05
4521,6488,Delivered,2025-08-23,2025-08-27
4522,5375,Delivered,2024-04-12,2024-04-17
4523,5434,Delivered,2025-03-01,2025-03-07
4524,3337,Delivered,2023-07-16,2023-07-18
4525,5361,In Transit,2025-03-05,
4526,2186,Delivered,2025-05-04,2025-05-05
4527,288,In Transit,2025-04-02,
4528,1669,Delivered,2024-01-31,2024-02-05
4529,3280,Delivered,2024-10-20,2024-10-27
4530,3647,Delayed,2023-04-27,2023-05-05
4531,5201,In Transit,2026-03-25,
4532,5897,Delivered,2026-01-31,2026-02-08
4533,3064,Delivered,2023-03-20,2023-03-28
4534,8029,Failed,2025-02-03,
4535,3568,Delivered,2024-03-16,2024-03-24
4536,9268,Delivered,2026-05-20,2026-05-23
4537,3821,Delivered,2025-01-17,2025-01-21
4538,2814,Delivered,2025-04-09,2025-04-13
4539,7828,Delivered,2025-01-27,2025-02-02
4540,694,Failed,2023-09-11,
4541,4464,Delivered,2023-04-25,2023-04-27
4542,3579,Delayed,2025-03-11,2025-03-15
4543,2509,Delivered,2025-10-15,2025-10-20
4544,2792,Delivered,2026-05-04,2026-05-08
4545,9562,Delivered,2024-03-08,2024-03-18
4546,7563,In Transit,2023-03-12,
4547,3836,Delivered,2023-10-16,2023-10-24
4548,5283,Delayed,2024-12-29,2024-12-30
4549,2630,Delivered,2024-09-23,2024-10-03
4550,5978,In Transit,2024-12-28,
4551,6526,Delayed,2023-11-28,2023-12-08
4552,1260,Delivered,2025-10-15,2025-10-23
4553,7570,Delivered,2024-10-09,2024-10-18
4554,505,Delivered,2025-07-24,2025-07-30
4555,9423,Delivered,2025-03-10,2025-03-15
4556,9483,Delivered,2024-03-23,2024-03-29
4557,8813,Delayed,2023-01-08,2023-01-09
4558,1899,Delivered,2025-11-08,2025-11-09
4559,9665,Delivered,2026-06-13,2026-06-15
4560,1080,Delivered,2026-04-16,2026-04-22
4561,3541,Delivered,2025-12-21,2025-12-30
4562,9774,Delivered,2025-02-05,2025-02-15
4563,4119,Delivered,2024-05-21,2024-05-28
4564,8718,Delayed,2025-06-11,2025-06-14
4565,1754,Delayed,2025-03-15,2025-03-19
4566,6118,Delivered,2024-11-28,2024-12-02
4567,4998,Delivered,2026-05-03,2026-05-10
4568,6350,Delivered,2025-09-21,2025-09-24
4569,9470,Delayed,2023-08-04,2023-08-07
4570,7214,Delivered,2023-04-05,2023-04-14
4571,9405,Delivered,2025-03-24,2025-04-03
4572,3352,Delivered,2023-08-18,2023-08-26
4573,8297,Delivered,2024-04-14,2024-04-16
4574,948,Delivered,2024-05-21,2024-05-31
4575,520,Delivered,2024-06-25,2024-06-27
4576,8087,Delivered,2025-05-25,2025-06-02
4577,1787,Delivered,2024-12-03,2024-12-08
4578,7090,In Transit,2025-08-10,
4579,8355,Delivered,2025-05-22,2025-05-27
4580,8331,Delivered,2023-07-14,2023-07-17
4581,847,Delivered,2023-11-14,2023-11-15
4582,6198,Delivered,2024-05-11,2024-05-14
4583,5478,Delivered,2024-04-06,2024-04-08
4584,2701,Delivered,2026-02-12,2026-02-19
4585,3322,In Transit,2023-11-13,
4586,9792,Delivered,2025-07-30,2025-08-03
4587,609,Delivered,2024-05-11,2024-05-17
4588,5388,Delivered,2025-11-27,2025-12-07
4589,128,Delivered,2024-10-02,2024-10-04
4590,7241,Delivered,2024-06-21,2024-06-30
4591,6834,Delivered,2025-09-26,2025-10-04
4592,2358,Delivered,2024-02-04,2024-02-08
4593,3589,Delivered,2023-10-18,2023-10-20
4594,9824,In Transit,2024-12-19,
4595,2361,Delivered,2023-09-15,2023-09-18
4596,350,Delivered,2026-04-25,2026-05-01
4597,485,Delivered,2024-06-09,2024-06-19
4598,5731,Delivered,2023-03-10,2023-03-12
4599,1919,In Transit,2025-05-02,
4600,5549,Delivered,2025-04-09,2025-04-19
4601,2664,Delivered,2026-04-14,2026-04-19
4602,4631,In Transit,2024-06-23,
4603,2431,Delivered,2025-07-08,2025-07-16
4604,5438,Delivered,2023-09-20,2023-09-28
4605,8342,Delayed,2025-10-30,2025-11-06
4606,585,Delivered,2025-12-30,2026-01-06
4607,916,In Transit,2025-09-25,
4608,9008,Delivered,2026-04-12,2026-04-17
4609,9879,Delivered,2024-05-25,2024-05-30
4610,9793,Delivered,2023-10-04,2023-10-08
4611,2167,Delivered,2026-05-09,2026-05-14
4612,7073,Delivered,2025-09-28,2025-10-04
4613,6128,In Transit,2023-06-07,
4614,9828,Delivered,2026-05-04,2026-05-10
4615,4514,Delivered,2025-10-04,2025-10-07
4616,4089,Delayed,2026-03-20,2026-03-26
4617,9915,In Transit,2024-10-18,
4618,6697,Delivered,2024-10-17,2024-10-24
4619,7138,Delivered,2024-08-11,2024-08-20
4620,8173,Delivered,2023-12-25,2023-12-31
4621,5132,Delivered,2025-09-01,2025-09-09
4622,3937,Delivered,2024-03-04,2024-03-06
4623,713,Delivered,2023-12-21,2023-12-22
4624,4114,In Transit,2023-07-23,
4625,4731,In Transit,2024-10-26,
4626,1732,Delivered,2023-11-06,2023-11-12
4627,7933,Delayed,2024-07-08,2024-07-17
4628,6664,Delivered,2023-03-12,2023-03-22
4629,4857,Delivered,2023-05-28,2023-06-06
4630,2890,In Transit,2023-03-22,
4631,9432,Delivered,2025-10-21,2025-10-22
4632,7066,Delivered,2025-12-01,2025-12-08
4633,2623,Delivered,2023-11-14,2023-11-20
4634,2316,Delivered,2025-06-11,2025-06-20
4635,7450,Delivered,2025-11-29,2025-12-02
4636,8809,Delivered,2026-05-08,2026-05-10
4637,856,Delivered,2023-05-21,2023-05-22
4638,9573,Delivered,2024-02-29,2024-03-07
4639,688,Delayed,2025-06-07,2025-06-08
4640,507,Delivered,2024-10-26,2024-10-27
4641,8677,Delivered,2024-08-25,2024-08-31
4642,9411,Delivered,2024-01-02,2024-01-05
4643,1070,Delivered,2023-09-08,2023-09-09
4644,8990,Delivered,2026-02-28,2026-03-06
4645,9012,Delivered,2024-04-30,2024-05-10
4646,4306,Delivered,2025-09-14,2025-09-21
4647,5273,Delivered,2025-07-12,2025-07-17
4648,952,Delivered,2026-03-22,2026-03-29
4649,4216,Delivered,2023-07-18,2023-07-25
4650,3636,Delivered,2024-05-08,2024-05-09
4651,9352,Delivered,2025-08-21,2025-08-22
4652,6481,Delivered,2024-06-20,2024-06-22
4653,9033,Delivered,2023-06-23,2023-06-30
4654,9417,Delivered,2025-12-03,2025-12-11
4655,2577,In Transit,2023-09-05,
4656,6577,Delivered,2025-10-25,2025-11-04
4657,6927,Delivered,2025-02-12,2025-02-19
4658,5406,Delivered,2025-08-26,2025-09-04
4659,2233,Delivered,2025-12-31,2026-01-07
4660,9969,Delayed,2023-12-05,2023-12-14
4661,2014,Delivered,2023-11-11,2023-11-18
4662,3278,In Transit,2025-09-22,
4663,7444,Delivered,2024-02-26,2024-02-29
4664,6753,Delivered,2026-01-14,2026-01-22
4665,3678,Delivered,2025-11-21,2025-11-24
4666,9819,Delivered,2023-10-05,2023-10-08
4667,427,Delivered,2025-08-23,2025-08-26
4668,8091,Delivered,2023-01-07,2023-01-09
4669,7399,Delivered,2026-03-10,2026-03-16
4670,4733,Delivered,2023-05-01,2023-05-07
4671,7763,Delivered,2025-09-17,2025-09-22
4672,9005,Delivered,2026-03-21,2026-03-31
4673,8712,Delayed,2026-01-12,2026-01-18
4674,4107,In Transit,2024-06-16,
4675,2457,Delivered,2026-02-18,2026-02-24
4676,2365,Delivered,2023-04-01,2023-04-02
4677,7385,Delivered,2024-07-08,2024-07-18
4678,6540,Delivered,2023-06-30,2023-07-07
4679,6561,Delivered,2023-10-09,2023-10-16
4680,8196,Delivered,2023-12-15,2023-12-19
4681,5762,Delivered,2023-02-12,2023-02-13
4682,1140,Delivered,2025-01-31,2025-02-08
4683,5483,Delivered,2023-12-25,2023-12-27
4684,9521,Delayed,2025-06-20,2025-06-27
4685,9265,Delivered,2024-01-31,2024-02-07
4686,1409,Delivered,2023-12-11,2023-12-20
4687,4642,Delivered,2026-06-30,2026-07-01
4688,5771,Delivered,2026-05-14,2026-05-24
4689,2081,In Transit,2024-11-03,
4690,6283,Delivered,2025-04-27,2025-05-04
4691,2834,Delivered,2024-10-23,2024-10-25
4692,4349,Delivered,2024-05-12,2024-05-20
4693,3584,Delivered,2024-03-01,2024-03-06
4694,9249,Delivered,2026-03-19,2026-03-27
4695,155,Delivered,2026-03-27,2026-04-04
4696,9444,Delivered,2025-03-18,2025-03-26
4697,796,Delivered,2025-09-11,2025-09-13
4698,127,Delivered,2024-04-22,2024-04-30
4699,820,Delivered,2025-03-15,2025-03-20
4700,343,In Transit,2025-07-26,
4701,5892,Delivered,2025-09-22,2025-09-28
4702,5979,Delivered,2024-01-19,2024-01-27
4703,4411,Delivered,2024-05-03,2024-05-13
4704,4126,Delivered,2025-10-07,2025-10-08
4705,2085,Delivered,2026-03-15,2026-03-19
4706,6188,Delivered,2026-05-02,2026-05-03
4707,1115,Failed,2024-08-25,
4708,3509,Delivered,2024-05-19,2024-05-28
4709,5003,Delivered,2026-01-30,2026-02-01
4710,1001,Delivered,2023-12-01,2023-12-09
4711,919,Delivered,2024-09-26,2024-10-06
4712,6205,In Transit,2024-03-09,
4713,5534,Delivered,2025-05-24,2025-05-31
4714,844,Delivered,2023-04-13,2023-04-18
4715,6125,Delivered,2026-02-15,2026-02-16
4716,4855,Delivered,2026-01-23,2026-01-24
4717,108,Delivered,2023-11-21,2023-11-28
4718,8290,Delivered,2023-02-22,2023-03-02
4719,7492,Delivered,2023-08-26,2023-09-05
4720,4170,Delivered,2023-11-10,2023-11-17
4721,3927,Delivered,2025-06-07,2025-06-14
4722,9234,Delivered,2026-01-11,2026-01-19
4723,2734,Delivered,2025-10-08,2025-10-16
4724,9585,Delivered,2025-02-10,2025-02-13
4725,1882,Delivered,2024-05-07,2024-05-16
4726,65,Delivered,2024-08-15,2024-08-21
4727,4108,Delivered,2024-11-07,2024-11-11
4728,9275,Delivered,2023-04-14,2023-04-20
4729,7405,Delayed,2024-05-30,2024-06-07
4730,9560,Delivered,2023-04-16,2023-04-17
4731,4359,Delayed,2024-11-29,2024-12-09
4732,1146,Delivered,2026-02-10,2026-02-18
4733,6948,In Transit,2024-10-26,
4734,5433,Delayed,2024-06-09,2024-06-14
4735,6168,Delivered,2024-05-28,2024-06-03
4736,7580,Delivered,2025-12-02,2025-12-09
4737,7227,Delivered,2024-02-16,2024-02-23
4738,4348,Delivered,2023-12-13,2023-12-18
4739,3810,Delayed,2023-12-15,2023-12-16
4740,7904,Delivered,2023-08-05,2023-08-07
4741,6457,Delivered,2025-08-10,2025-08-17
4742,2468,Delivered,2026-02-18,2026-02-26
4743,5516,Delivered,2025-12-13,2025-12-15
4744,9047,Delayed,2026-02-15,2026-02-25
4745,848,In Transit,2023-01-12,
4746,9651,In Transit,2025-03-11,
4747,4255,Delivered,2025-03-19,2025-03-24
4748,6856,Delivered,2024-08-24,2024-09-03
4749,9732,Delivered,2023-11-29,2023-12-09
4750,9076,Delivered,2023-06-05,2023-06-06
4751,7233,Delivered,2023-09-22,2023-10-01
4752,5416,Delivered,2024-04-12,2024-04-22
4753,5656,Delivered,2024-09-19,2024-09-27
4754,3409,Delivered,2024-07-10,2024-07-11
4755,4228,Delivered,2025-03-27,2025-03-29
4756,8978,Delivered,2025-08-20,2025-08-22
4757,7715,Delivered,2025-09-12,2025-09-19
4758,561,Delivered,2023-01-26,2023-02-01
4759,1069,Delivered,2024-07-08,2024-07-14
4760,9,Delivered,2025-09-13,2025-09-23
4761,7108,Delivered,2025-07-03,2025-07-07
4762,170,Delivered,2024-02-09,2024-02-16
4763,6946,Delivered,2024-04-11,2024-04-15
4764,2143,Delivered,2025-07-14,2025-07-15
4765,8798,Delivered,2025-06-25,2025-07-04
4766,6297,Delivered,2024-02-13,2024-02-22
4767,6657,Delivered,2025-03-05,2025-03-13
4768,2248,Delivered,2025-11-08,2025-11-12
4769,2941,Delivered,2023-09-23,2023-09-28
4770,2451,Delivered,2024-07-06,2024-07-13
4771,5446,Delivered,2024-12-23,2024-12-24
4772,7285,Delivered,2024-04-17,2024-04-19
4773,4787,Delivered,2024-03-09,2024-03-13
4774,2829,Delivered,2023-05-08,2023-05-18
4775,8287,Delivered,2023-02-06,2023-02-11
4776,9101,Delivered,2024-11-04,2024-11-05
4777,3245,Delivered,2024-03-04,2024-03-10
4778,2499,Delivered,2024-05-06,2024-05-09
4779,3460,Delivered,2024-11-26,2024-12-02
4780,5442,Delivered,2026-05-11,2026-05-12
4781,2484,Delivered,2023-01-09,2023-01-13
4782,4883,Delivered,2026-05-21,2026-05-31
4783,6086,Delivered,2024-02-04,2024-02-12
4784,5730,Delivered,2023-05-13,2023-05-14
4785,2322,Delivered,2025-09-11,2025-09-12
4786,7059,Delivered,2026-05-03,2026-05-13
4787,453,Delivered,2026-06-29,2026-07-09
4788,7548,Delivered,2024-11-13,2024-11-20
4789,508,Delayed,2023-11-28,2023-12-04
4790,4286,Delivered,2024-11-22,2024-11-24
4791,8375,Delivered,2025-04-11,2025-04-16
4792,7498,Delivered,2024-06-19,2024-06-24
4793,6117,Delivered,2025-03-18,2025-03-24
4794,207,Delivered,2026-04-22,2026-04-30
4795,6994,Delivered,2023-08-07,2023-08-13
4796,8955,Delivered,2025-05-14,2025-05-16
4797,780,Delivered,2026-03-08,2026-03-12
4798,990,Delivered,2026-06-17,2026-06-24
4799,9061,Delivered,2025-02-13,2025-02-15
4800,5679,Delivered,2024-06-02,2024-06-06
4801,5426,Failed,2025-11-21,
4802,4726,Delivered,2023-07-19,2023-07-25
4803,7962,In Transit,2024-01-07,
4804,7113,Delayed,2024-01-11,2024-01-13
4805,4015,Delivered,2024-12-04,2024-12-10
4806,5237,Delivered,2025-10-09,2025-10-11
4807,3476,Delivered,2023-03-09,2023-03-17
4808,7005,Delivered,2025-06-07,2025-06-14
4809,5707,Delivered,2024-08-01,2024-08-11
4810,3157,Delivered,2026-02-28,2026-03-05
4811,5884,Delivered,2025-10-22,2025-10-28
4812,5145,Delivered,2026-03-07,2026-03-15
4813,9854,Delivered,2024-08-22,2024-08-30
4814,1155,Delivered,2025-04-23,2025-04-28
4815,4836,Delivered,2025-05-05,2025-05-07
4816,1934,Delivered,2024-01-27,2024-01-29
4817,5220,Delivered,2025-03-01,2025-03-08
4818,2488,Delivered,2025-08-01,2025-08-03
4819,2257,In Transit,2025-03-23,
4820,2675,Delivered,2024-05-09,2024-05-17
4821,1524,Delivered,2024-02-03,2024-02-06
4822,850,Delivered,2024-11-30,2024-12-01
4823,5870,Delivered,2024-10-06,2024-10-08
4824,8201,Delivered,2024-05-01,2024-05-06
4825,5130,In Transit,2026-06-10,
4826,9895,Delivered,2023-03-28,2023-04-01
4827,2919,Delivered,2024-04-22,2024-04-28
4828,4393,Delayed,2025-05-25,2025-05-27
4829,4691,Delivered,2024-03-01,2024-03-02
4830,8157,In Transit,2023-10-29,
4831,2144,In Transit,2023-07-24,
4832,2359,Delivered,2023-09-06,2023-09-07
4833,690,Delivered,2024-02-10,2024-02-12
4834,7097,Delivered,2025-06-18,2025-06-26
4835,2553,Delivered,2025-08-09,2025-08-15
4836,2374,Delivered,2025-07-12,2025-07-19
4837,4602,Delivered,2025-08-18,2025-08-24
4838,1870,In Transit,2023-11-04,
4839,4124,Delivered,2025-04-20,2025-04-24
4840,4496,Delivered,2023-08-23,2023-08-27
4841,5015,Delivered,2023-06-05,2023-06-09
4842,1583,Delivered,2025-09-22,2025-09-25
4843,807,Delayed,2024-12-13,2024-12-22
4844,8920,Delivered,2024-08-27,2024-09-06
4845,6720,Delivered,2023-01-21,2023-01-29
4846,223,Delivered,2023-06-15,2023-06-24
4847,3055,Delayed,2024-08-06,2024-08-15
4848,2402,Delivered,2026-02-22,2026-02-26
4849,5593,Delivered,2025-10-25,2025-10-28
4850,1174,Delivered,2024-09-07,2024-09-10
4851,8249,Delivered,2025-07-09,2025-07-16
4852,5338,In Transit,2023-10-17,
4853,283,Delivered,2024-12-21,2024-12-29
4854,927,Delivered,2023-12-14,2023-12-18
4855,2112,Delivered,2024-09-10,2024-09-13
4856,8784,Delivered,2025-05-03,2025-05-07
4857,757,Delivered,2024-04-29,2024-05-01
4858,3962,In Transit,2024-11-27,
4859,1618,Delivered,2025-05-16,2025-05-19
4860,199,Delivered,2025-12-09,2025-12-11
4861,1992,Delivered,2023-06-29,2023-07-01
4862,6574,Delivered,2024-06-13,2024-06-20
4863,5503,Delivered,2025-02-27,2025-03-01
4864,4641,Delivered,2024-01-30,2024-01-31
4865,8285,Failed,2025-09-02,
4866,2575,Delivered,2026-04-08,2026-04-10
4867,1605,Delivered,2023-07-14,2023-07-24
4868,3496,Delayed,2025-08-24,2025-08-29
4869,1945,Delivered,2025-01-21,2025-01-22
4870,69,Delivered,2023-02-24,2023-03-03
4871,5185,Delivered,2025-08-30,2025-09-09
4872,2865,Delivered,2023-08-21,2023-08-27
4873,6449,Delivered,2024-09-08,2024-09-15
4874,5736,Delivered,2023-01-07,2023-01-16
4875,3396,Delivered,2026-05-09,2026-05-10
4876,4232,Delivered,2024-12-30,2025-01-08
4877,2985,Delivered,2024-05-25,2024-05-29
4878,3227,Delivered,2023-08-25,2023-08-31
4879,6801,In Transit,2023-11-11,
4880,4060,Delivered,2023-07-07,2023-07-15
4881,6265,Delivered,2024-07-21,2024-07-28
4882,1302,Delivered,2024-04-01,2024-04-05
4883,5062,Delivered,2024-06-10,2024-06-20
4884,2756,Delivered,2025-01-12,2025-01-18
4885,7433,Delivered,2023-07-06,2023-07-10
4886,7940,In Transit,2024-01-30,
4887,7184,Delivered,2026-06-08,2026-06-14
4888,7773,Delivered,2026-04-27,2026-05-02
4889,9715,Delivered,2025-09-21,2025-09-23
4890,7810,Delivered,2024-09-21,2024-09-30
4891,1034,Delivered,2025-03-25,2025-03-28
4892,2706,Delivered,2023-09-17,2023-09-21
4893,5192,Delivered,2025-03-27,2025-04-03
4894,2016,Delivered,2024-08-22,2024-08-27
4895,2779,Delivered,2024-07-25,2024-08-04
4896,8324,Delivered,2025-12-21,2025-12-27
4897,774,In Transit,2025-03-17,
4898,3791,Delivered,2025-09-20,2025-09-29
4899,5425,Failed,2026-05-29,
4900,4067,Failed,2024-08-27,
4901,4881,In Transit,2024-04-17,
4902,8852,Delivered,2023-06-11,2023-06-12
4903,5782,In Transit,2025-10-01,
4904,6306,Delivered,2024-09-17,2024-09-25
4905,3248,In Transit,2024-11-02,
4906,1132,Delivered,2024-02-23,2024-02-25
4907,528,Delivered,2026-02-04,2026-02-12
4908,3211,Delivered,2026-06-11,2026-06-13
4909,5863,Delayed,2026-06-24,2026-06-25
4910,5099,Delivered,2025-01-03,2025-01-08
4911,8514,Delivered,2023-03-30,2023-04-04
4912,4570,In Transit,2023-06-12,
4913,494,Delivered,2024-06-30,2024-07-03
4914,9542,Delivered,2025-12-05,2025-12-06
4915,2075,Delivered,2024-06-13,2024-06-16
4916,7128,Delivered,2025-08-04,2025-08-13
4917,8526,Delivered,2024-03-08,2024-03-12
4918,259,Delivered,2025-12-11,2025-12-15
4919,8802,Delivered,2024-05-10,2024-05-11
4920,1371,Delivered,2024-04-06,2024-04-16
4921,1765,Delivered,2025-09-20,2025-09-22
4922,5428,Delivered,2024-01-20,2024-01-29
4923,5308,Delivered,2024-04-01,2024-04-07
4924,1167,Delivered,2025-01-03,2025-01-08
4925,7943,Delayed,2024-06-20,2024-06-27
4926,3866,In Transit,2023-01-21,
4927,3039,Delivered,2024-08-16,2024-08-23
4928,2206,Delivered,2023-12-13,2023-12-23
4929,6286,Delivered,2024-02-25,2024-03-04
4930,459,Delivered,2023-08-17,2023-08-18
4931,7600,Delayed,2023-07-26,2023-08-02
4932,2585,Delivered,2024-02-23,2024-02-29
4933,187,Delivered,2025-11-01,2025-11-03
4934,2224,Delivered,2024-04-03,2024-04-09
4935,7872,In Transit,2026-01-24,
4936,5989,In Transit,2023-12-23,
4937,3789,Delivered,2025-03-24,2025-03-30
4938,906,Delivered,2023-03-26,2023-04-03
4939,9784,Delayed,2023-01-07,2023-01-14
4940,7674,In Transit,2023-07-16,
4941,5018,Delivered,2025-12-22,2025-12-30
4942,7823,Delivered,2024-03-12,2024-03-14
4943,4241,Delivered,2025-04-29,2025-04-30
4944,1764,In Transit,2025-08-26,
4945,2163,Delivered,2026-06-12,2026-06-15
4946,9346,In Transit,2023-05-29,
4947,825,Delayed,2026-01-15,2026-01-21
4948,9957,In Transit,2023-11-26,
4949,7467,Delayed,2026-06-03,2026-06-10
4950,9836,Delivered,2023-03-30,2023-04-04
4951,8550,Delivered,2023-09-30,2023-10-05
4952,50,Delivered,2024-11-21,2024-11-27
4953,2798,Delivered,2025-04-22,2025-04-27
4954,723,Delayed,2023-09-23,2023-10-01
4955,9814,Delivered,2024-07-08,2024-07-11
4956,4401,Delivered,2023-11-15,2023-11-17
4957,5162,Delivered,2025-10-02,2025-10-05
4958,6646,Delivered,2024-05-26,2024-06-05
4959,7624,Delivered,2026-03-30,2026-04-08
4960,7750,Delivered,2026-03-01,2026-03-10
4961,2754,Delivered,2025-06-27,2025-07-03
4962,8228,Delayed,2023-07-17,2023-07-27
4963,5985,In Transit,2023-10-08,
4964,1161,Delivered,2026-06-06,2026-06-12
4965,4278,Delivered,2023-07-30,2023-08-04
4966,1638,Delivered,2023-07-22,2023-07-30
4967,1654,Delivered,2025-09-08,2025-09-17
4968,2963,Delivered,2026-05-16,2026-05-19
4969,2882,Delivered,2024-09-25,2024-09-27
4970,8415,Delivered,2025-05-06,2025-05-08
4971,5810,Delivered,2024-12-19,2024-12-21
4972,526,Delivered,2024-03-21,2024-03-30
4973,2087,Delivered,2024-09-10,2024-09-18
4974,4016,Delivered,2025-05-18,2025-05-25
4975,1737,Delivered,2024-01-15,2024-01-21
4976,7723,Delivered,2025-08-23,2025-08-27
4977,1536,Delivered,2023-06-25,2023-07-04
4978,9514,Delivered,2025-03-01,2025-03-06
4979,4597,Delivered,2025-03-30,2025-04-09
4980,3912,Delivered,2024-07-09,2024-07-18
4981,4267,Delivered,2023-05-06,2023-05-15
4982,567,Delivered,2023-03-06,2023-03-15
4983,3037,Delivered,2023-10-23,2023-11-01
4984,7818,Delivered,2023-09-05,2023-09-13
4985,8562,Delivered,2025-03-17,2025-03-25
4986,2232,Delivered,2023-08-17,2023-08-22
4987,7512,Delivered,2023-04-01,2023-04-02
4988,5064,Delivered,2023-11-12,2023-11-19
4989,8654,Delivered,2025-12-06,2025-12-09
4990,2613,Delivered,2023-01-07,2023-01-10
4991,425,Delivered,2024-10-25,2024-11-01
4992,4490,Delivered,2023-03-20,2023-03-24
4993,1253,Delivered,2023-06-24,2023-07-01
4994,9119,Delivered,2024-02-18,2024-02-20
4995,6270,Delayed,2025-03-27,2025-04-06
4996,2199,Delivered,2024-03-23,2024-04-01
4997,100,Delivered,2026-06-05,2026-06-15
4998,9977,Delivered,2023-05-13,2023-05-14
4999,6624,Delayed,2023-09-19,2023-09-29
5000,7972,Delivered,2024-11-01,2024-11-07
5001,6613,Delivered,2023-01-23,2023-01-30
5002,6729,Delayed,2024-10-17,2024-10-24
5003,8329,Delivered,2023-03-14,2023-03-15
5004,8455,Delivered,2023-11-07,2023-11-15
5005,8733,Delivered,2026-02-18,2026-02-23
5006,9845,Delivered,2024-10-13,2024-10-21
5007,1822,Delivered,2023-10-12,2023-10-17
5008,8771,Delivered,2025-03-02,2025-03-04
5009,8808,Delivered,2024-03-01,2024-03-08
5010,2235,Delivered,2023-11-07,2023-11-09
5011,8854,Delayed,2023-10-23,2023-10-31
5012,8719,Failed,2024-10-20,
5013,5718,Delivered,2023-05-28,2023-05-31
5014,6824,Delivered,2023-11-19,2023-11-24
5015,6039,In Transit,2025-07-13,
5016,7088,Delivered,2023-09-23,2023-09-26
5017,623,Delayed,2026-03-10,2026-03-12
5018,8523,Delivered,2024-04-14,2024-04-15
5019,3796,Delivered,2023-01-14,2023-01-20
5020,4329,In Transit,2025-04-26,
5021,5664,Delivered,2023-10-12,2023-10-19
5022,8457,In Transit,2023-12-01,
5023,5840,Delivered,2026-03-17,2026-03-18
5024,714,Delivered,2023-07-15,2023-07-22
5025,6678,Delivered,2024-04-04,2024-04-09
5026,9646,Delivered,2023-10-10,2023-10-18
5027,5846,In Transit,2024-11-24,
5028,4605,In Transit,2025-06-28,
5029,1462,Delivered,2025-08-25,2025-08-31
5030,1058,Delivered,2024-03-14,2024-03-17
5031,2945,Delivered,2023-12-08,2023-12-17
5032,8086,Delivered,2025-12-31,2026-01-04
5033,7390,Delivered,2026-06-18,2026-06-27
5034,7808,Delivered,2025-10-04,2025-10-06
5035,1226,Delivered,2025-12-20,2025-12-24
5036,1615,Delayed,2026-02-08,2026-02-09
5037,4414,Delivered,2025-08-23,2025-09-02
5038,574,Delivered,2025-04-10,2025-04-19
5039,2127,Delivered,2023-12-19,2023-12-22
5040,4723,Delivered,2023-02-28,2023-03-07
5041,8340,In Transit,2025-09-26,
5042,8661,Delivered,2025-01-31,2025-02-01
5043,866,Delivered,2024-05-14,2024-05-15
5044,8774,Delivered,2023-09-05,2023-09-12
5045,7182,Delivered,2025-11-03,2025-11-05
5046,9763,Delivered,2025-09-20,2025-09-29
5047,5609,Delivered,2024-09-28,2024-10-07
5048,1757,Delivered,2024-07-05,2024-07-13
5049,8121,Delivered,2025-09-16,2025-09-20
5050,6078,Delivered,2023-10-05,2023-10-06
5051,6968,Delivered,2025-07-03,2025-07-09
5052,154,Delivered,2025-12-05,2025-12-10
5053,4037,Delivered,2023-05-21,2023-05-29
5054,3994,Delivered,2023-07-04,2023-07-14
5055,4609,Delivered,2024-11-15,2024-11-16
5056,3100,Delivered,2025-03-05,2025-03-13
5057,629,Delayed,2024-04-06,2024-04-11
5058,8332,Delivered,2023-11-09,2023-11-19
5059,2955,Delivered,2024-07-20,2024-07-27
5060,9815,Delivered,2026-01-24,2026-02-01
5061,2809,Delivered,2025-02-28,2025-03-04
5062,6178,Delivered,2023-01-16,2023-01-25
5063,4937,Delivered,2024-08-12,2024-08-16
5064,3484,Delivered,2024-12-01,2024-12-10
5065,9350,In Transit,2024-06-15,
5066,2182,Delivered,2023-11-21,2023-11-29
5067,9601,Delivered,2023-10-12,2023-10-18
5068,2353,Failed,2023-11-02,
5069,4217,Delivered,2026-04-26,2026-05-01
5070,7278,Delivered,2026-01-31,2026-02-06
5071,1429,Delivered,2026-04-27,2026-05-07
5072,3750,Delivered,2024-06-17,2024-06-20
5073,7140,Delivered,2023-12-20,2023-12-22
5074,9204,Delivered,2025-02-18,2025-02-23
5075,1142,Delayed,2026-03-08,2026-03-14
5076,898,Delivered,2026-03-10,2026-03-17
5077,9343,Delivered,2025-08-03,2025-08-05
5078,5314,Delivered,2026-05-14,2026-05-23
5079,9136,Delivered,2024-02-04,2024-02-08
5080,6400,Delivered,2023-03-25,2023-03-26
5081,8417,Delivered,2026-04-20,2026-04-24
5082,2634,Delivered,2024-06-18,2024-06-24
5083,7713,Delivered,2024-04-25,2024-04-30
5084,265,Delivered,2026-03-17,2026-03-26
5085,1031,Delivered,2023-03-11,2023-03-17
5086,5883,Delayed,2025-03-23,2025-03-31
5087,421,Delivered,2023-02-03,2023-02-06
5088,4205,Delayed,2024-09-24,2024-10-04
5089,1493,Delayed,2024-06-28,2024-07-02
5090,6967,Delivered,2023-07-01,2023-07-10
5091,8292,Delivered,2024-03-03,2024-03-06
5092,8632,In Transit,2024-04-19,
5093,3599,Delivered,2023-01-12,2023-01-20
5094,3338,Delivered,2026-02-08,2026-02-10
5095,586,Delivered,2024-01-21,2024-01-28
5096,8783,Delivered,2025-06-19,2025-06-20
5097,7862,Delivered,2026-01-22,2026-01-28
5098,6102,Delivered,2024-10-24,2024-10-31
5099,7379,Delivered,2024-11-05,2024-11-09
5100,1625,Failed,2024-03-31,
5101,3138,Delivered,2023-10-17,2023-10-19
5102,1771,Delivered,2025-02-19,2025-02-27
5103,6152,Delayed,2024-01-23,2024-01-26
5104,573,Failed,2023-10-17,
5105,8240,Delivered,2024-04-13,2024-04-19
5106,5845,Delivered,2023-05-20,2023-05-26
5107,7625,Delivered,2025-07-07,2025-07-15
5108,711,Delivered,2023-02-20,2023-03-02
5109,3939,Delivered,2023-03-19,2023-03-27
5110,2946,Delivered,2024-12-23,2024-12-30
5111,9088,Delivered,2025-02-27,2025-03-01
5112,4316,Delivered,2025-06-14,2025-06-19
5113,1924,Delivered,2024-02-22,2024-02-24
5114,9111,Delivered,2025-09-07,2025-09-15
5115,738,Delivered,2024-10-20,2024-10-28
5116,7801,Delayed,2024-08-08,2024-08-09
5117,1709,In Transit,2023-03-09,
5118,277,Delivered,2023-11-08,2023-11-14
5119,6323,Delivered,2023-12-07,2023-12-17
5120,8905,Delivered,2025-01-22,2025-01-28
5121,6146,In Transit,2025-01-25,
5122,7217,Delivered,2024-04-21,2024-04-22
5123,9066,Delayed,2024-09-10,2024-09-13
5124,260,In Transit,2025-02-05,
5125,1196,Delivered,2026-01-27,2026-02-06
5126,7426,Delivered,2024-10-01,2024-10-10
5127,2411,Delivered,2023-02-20,2023-02-28
5128,4307,Delivered,2024-11-25,2024-11-27
5129,9080,Delivered,2024-03-06,2024-03-07
5130,6563,Delayed,2023-04-23,2023-04-24
5131,4219,Delivered,2024-10-18,2024-10-28
5132,6434,Delivered,2025-08-27,2025-08-29
5133,9920,Delivered,2024-07-30,2024-08-09
5134,2533,Delivered,2025-04-20,2025-04-24
5135,4848,Delivered,2025-06-23,2025-06-30
5136,2538,Delivered,2026-06-27,2026-07-01
5137,9572,In Transit,2025-04-28,
5138,1517,Delayed,2025-02-17,2025-02-22
5139,238,Delivered,2024-01-03,2024-01-07
5140,8065,Delivered,2026-03-13,2026-03-20
5141,7980,Delayed,2023-02-10,2023-02-13
5142,841,Delivered,2023-09-21,2023-10-01
5143,7254,Delivered,2023-08-23,2023-08-27
5144,3865,Delivered,2023-07-15,2023-07-21
5145,6302,Delivered,2023-09-08,2023-09-10
5146,5532,Delivered,2024-06-22,2024-06-29
5147,7423,Delivered,2026-02-08,2026-02-13
5148,1238,In Transit,2024-07-27,
5149,7540,Delivered,2023-12-08,2023-12-09
5150,135,Delivered,2023-12-08,2023-12-18
5151,9485,Delivered,2026-05-26,2026-06-02
5152,7693,Delivered,2023-06-12,2023-06-22
5153,6849,Delivered,2025-08-25,2025-08-27
5154,5272,Delivered,2026-02-06,2026-02-07
5155,2103,In Transit,2023-10-05,
5156,8492,Delivered,2026-03-17,2026-03-20
5157,5568,Delivered,2026-06-28,2026-07-01
5158,6396,Delivered,2026-01-28,2026-02-01
5159,9686,Delivered,2025-07-08,2025-07-15
5160,6285,Delivered,2024-02-18,2024-02-25
5161,2298,Delivered,2024-10-04,2024-10-09
5162,5703,Delivered,2023-08-13,2023-08-23
5163,2073,Delivered,2025-04-29,2025-05-08
5164,2659,Delayed,2023-09-07,2023-09-10
5165,1631,Delivered,2024-05-23,2024-05-26
5166,7566,Delivered,2026-03-12,2026-03-18
5167,5778,Delivered,2024-12-23,2024-12-25
5168,1420,Delivered,2023-06-26,2023-06-30
5169,1184,In Transit,2024-03-17,
5170,6467,Delayed,2025-02-15,2025-02-21
5171,3123,Delivered,2024-04-03,2024-04-04
5172,2803,Delivered,2023-05-18,2023-05-27
5173,8819,Delivered,2023-12-19,2023-12-24
5174,2135,In Transit,2024-06-19,
5175,1096,Delivered,2026-05-20,2026-05-22
5176,3754,Delivered,2025-05-06,2025-05-10
5177,5165,Delivered,2025-09-16,2025-09-19
5178,7822,Delivered,2025-02-06,2025-02-15
5179,9662,Delivered,2026-02-23,2026-03-05
5180,3697,Delivered,2024-12-18,2024-12-27
5181,2437,In Transit,2023-10-10,
5182,4273,Delivered,2025-08-13,2025-08-14
5183,5027,Delivered,2023-12-12,2023-12-14
5184,1817,Delivered,2024-07-15,2024-07-20
5185,4648,In Transit,2025-12-22,
5186,2052,Failed,2026-03-31,
5187,8095,In Transit,2026-04-24,
5188,1576,Delivered,2026-06-06,2026-06-13
5189,579,Delivered,2024-08-25,2024-08-31
5190,2366,In Transit,2024-09-08,
5191,689,Delivered,2025-03-06,2025-03-09
5192,576,Delivered,2024-10-20,2024-10-30
5193,5704,In Transit,2024-11-27,
5194,4760,Delivered,2025-10-15,2025-10-23
5195,7702,Delivered,2023-05-25,2023-05-27
5196,2145,Delivered,2025-12-23,2025-12-27
5197,8742,In Transit,2023-11-12,
5198,4035,Delivered,2024-10-08,2024-10-11
5199,8525,Delivered,2023-02-06,2023-02-14
5200,7368,Delivered,2023-06-20,2023-06-25
5201,7819,Delivered,2023-02-23,2023-02-25
5202,9482,Delivered,2024-10-08,2024-10-12
5203,8382,In Transit,2026-03-04,
5204,278,Delivered,2025-12-26,2026-01-03
5205,5431,Delivered,2025-12-13,2025-12-23
5206,11,Delivered,2026-02-04,2026-02-08
5207,3672,Delivered,2025-09-07,2025-09-16
5208,6280,Delivered,2023-02-27,2023-03-05
5209,1135,In Transit,2024-09-14,
5210,1156,Delivered,2023-05-30,2023-06-02
5211,4919,Delivered,2024-07-31,2024-08-09
5212,3936,Delivered,2026-01-09,2026-01-12
5213,2512,Delivered,2024-12-06,2024-12-09
5214,8975,Delivered,2026-05-06,2026-05-09
5215,4768,Delivered,2025-11-14,2025-11-16
5216,565,Delayed,2026-05-15,2026-05-24
5217,4515,Delivered,2025-06-01,2025-06-07
5218,2654,Delivered,2024-06-16,2024-06-21
5219,570,Delivered,2024-01-31,2024-02-09
5220,6060,Delivered,2023-11-15,2023-11-23
5221,6799,Delivered,2023-06-01,2023-06-10
5222,9135,Delivered,2023-08-03,2023-08-05
5223,4837,Delivered,2023-09-15,2023-09-17
5224,6711,Delivered,2023-10-15,2023-10-16
5225,5807,Delivered,2025-10-10,2025-10-12
5226,7068,In Transit,2024-10-31,
5227,7218,Delayed,2025-01-01,2025-01-03
5228,2446,Delivered,2025-08-28,2025-08-29
5229,370,Delivered,2024-10-09,2024-10-12
5230,4333,Delivered,2023-11-07,2023-11-09
5231,6263,Delivered,2023-12-30,2024-01-05
5232,5812,Delivered,2023-10-19,2023-10-20
5233,5223,Delivered,2024-04-03,2024-04-09
5234,7135,Delivered,2024-03-10,2024-03-13
5235,9244,Delivered,2025-03-04,2025-03-13
5236,9761,Delivered,2025-06-13,2025-06-19
5237,2901,Delivered,2025-09-06,2025-09-11
5238,8381,Failed,2025-11-17,
5239,3604,Delivered,2023-08-27,2023-08-30
5240,1751,Delivered,2025-06-17,2025-06-24
5241,1746,Delivered,2026-02-03,2026-02-04
5242,6126,Delivered,2026-03-02,2026-03-09
5243,5573,Delivered,2024-03-04,2024-03-09
5244,1658,Delivered,2025-04-23,2025-05-01
5245,5303,Delivered,2026-02-20,2026-02-27
5246,1278,In Transit,2023-02-25,
5247,7442,Delivered,2023-04-30,2023-05-07
5248,4269,Delivered,2023-01-04,2023-01-13
5249,7802,Delivered,2024-10-07,2024-10-11
5250,5648,Delivered,2025-04-10,2025-04-11
5251,5374,Delivered,2024-11-27,2024-12-04
5252,1513,Delivered,2023-09-23,2023-09-29
5253,91,Delivered,2023-08-24,2023-08-30
5254,8042,Delivered,2023-02-18,2023-02-26
5255,1339,Delivered,2026-05-17,2026-05-26
5256,8862,Delivered,2026-04-16,2026-04-18
5257,541,Delivered,2023-05-11,2023-05-19
5258,7070,Delayed,2023-08-25,2023-08-28
5259,7832,Delayed,2026-06-17,2026-06-22
5260,4468,Delivered,2025-10-20,2025-10-26
5261,1292,Delivered,2023-05-14,2023-05-21
5262,2433,Delivered,2025-03-11,2025-03-14
5263,5967,Delivered,2023-03-05,2023-03-09
5264,6221,In Transit,2026-06-25,
5265,553,Delivered,2026-03-23,2026-03-31
5266,3230,In Transit,2024-08-12,
5267,3956,Delivered,2023-08-07,2023-08-12
5268,4452,Delivered,2023-05-06,2023-05-10
5269,5676,In Transit,2024-06-25,
5270,3632,Delivered,2024-03-02,2024-03-10
5271,7107,Delivered,2025-02-02,2025-02-10
5272,5310,Delivered,2025-09-18,2025-09-22
5273,6372,Delivered,2025-06-13,2025-06-15
5274,6504,Delivered,2025-12-16,2025-12-26
5275,4796,Delivered,2025-03-18,2025-03-27
5276,4939,Delivered,2025-01-09,2025-01-19
5277,5235,Delivered,2025-06-11,2025-06-14
5278,2632,Delayed,2025-10-27,2025-10-28
5279,6989,Delivered,2024-03-22,2024-03-30
5280,3684,Delivered,2026-07-01,2026-07-11
5281,2646,Delivered,2024-12-12,2024-12-20
5282,4152,In Transit,2025-10-31,
5283,8153,Delivered,2023-04-04,2023-04-10
5284,6548,Delivered,2024-05-28,2024-06-01
5285,1856,Delivered,2023-05-28,2023-06-03
5286,810,In Transit,2023-06-27,
5287,9650,Delivered,2025-03-25,2025-03-27
5288,2725,In Transit,2024-10-13,
5289,912,Delivered,2024-12-25,2024-12-30
5290,8707,Delivered,2025-07-22,2025-07-31
5291,7466,Delivered,2024-05-03,2024-05-11
5292,1820,Delivered,2026-01-25,2026-01-28
5293,8140,Delivered,2025-06-21,2025-07-01
5294,6487,Delivered,2026-05-14,2026-05-21
5295,6859,Delivered,2024-12-29,2025-01-06
5296,3406,Delivered,2024-01-05,2024-01-10
5297,7800,Delivered,2024-05-19,2024-05-27
5298,3235,Delivered,2024-05-10,2024-05-18
5299,4157,Delivered,2023-12-10,2023-12-14
5300,6995,In Transit,2025-05-01,
5301,648,Delivered,2023-09-26,2023-10-05
5302,3883,Delivered,2025-11-24,2025-11-30
5303,7576,In Transit,2024-04-05,
5304,6740,Delivered,2023-10-14,2023-10-22
5305,8545,Delivered,2023-11-19,2023-11-27
5306,3751,Delivered,2023-06-15,2023-06-25
5307,2987,Delivered,2025-02-28,2025-03-10
5308,8384,Delivered,2023-01-12,2023-01-22
5309,1716,Delivered,2024-06-05,2024-06-06
5310,5806,Delivered,2023-04-25,2023-04-28
5311,5722,In Transit,2023-02-04,
5312,4792,Delivered,2025-10-26,2025-11-05
5313,3987,Delivered,2025-08-30,2025-08-31
5314,7829,Delayed,2025-02-07,2025-02-15
5315,9526,Delivered,2023-08-27,2023-08-28
5316,4070,Delivered,2024-10-19,2024-10-24
5317,4909,Delivered,2026-06-03,2026-06-10
5318,698,Delivered,2024-05-09,2024-05-14
5319,1957,Delivered,2024-08-07,2024-08-09
5320,6177,Delivered,2023-08-15,2023-08-19
5321,5523,Delivered,2024-08-20,2024-08-29
5322,7675,Delivered,2024-04-20,2024-04-22
5323,5122,Delivered,2026-05-23,2026-05-24
5324,7207,Delivered,2023-10-30,2023-11-03
5325,2674,Delivered,2023-11-26,2023-11-28
5326,6320,Delayed,2023-10-23,2023-10-25
5327,9409,Delivered,2023-06-10,2023-06-20
5328,4421,Delivered,2023-04-02,2023-04-06
5329,7684,Delivered,2025-07-10,2025-07-18
5330,6008,Delivered,2023-08-07,2023-08-11
5331,137,Failed,2025-09-27,
5332,9443,In Transit,2023-05-10,
5333,1714,Delivered,2025-06-23,2025-06-24
5334,6444,Delivered,2024-09-19,2024-09-26
5335,9464,Delivered,2025-02-15,2025-02-24
5336,7983,Delivered,2023-01-08,2023-01-10
5337,2583,Delivered,2023-02-28,2023-03-03
5338,1845,Delivered,2026-04-23,2026-05-02
5339,7687,Delivered,2024-12-24,2025-01-03
5340,3189,Delivered,2024-05-11,2024-05-12
5341,8420,In Transit,2026-02-12,
5342,6454,Delivered,2024-10-24,2024-11-01
5343,6928,Delivered,2023-07-23,2023-07-28
5344,7587,Delivered,2023-10-04,2023-10-14
5345,6560,Delivered,2024-08-08,2024-08-18
5346,3355,Delivered,2026-05-20,2026-05-26
5347,958,In Transit,2026-03-31,
5348,2124,Delivered,2024-05-26,2024-06-05
5349,3871,Delivered,2025-04-23,2025-04-29
5350,3807,Delivered,2024-10-07,2024-10-10
5351,1369,Delivered,2023-02-04,2023-02-07
5352,7699,Failed,2024-10-12,
5353,434,Failed,2023-10-24,
5354,8834,Delivered,2025-04-02,2025-04-07
5355,7237,Delivered,2026-03-20,2026-03-25
5356,6063,Delivered,2024-11-19,2024-11-22
5357,5587,Delivered,2023-09-28,2023-10-08
5358,7803,In Transit,2025-08-23,
5359,2960,Delivered,2023-02-15,2023-02-17
5360,4485,Delivered,2023-03-27,2023-03-28
5361,9755,Delivered,2024-10-16,2024-10-25
5362,2850,In Transit,2024-04-02,
5363,746,Delivered,2025-02-24,2025-02-26
5364,4501,Delivered,2023-12-29,2024-01-08
5365,6279,Delivered,2026-02-09,2026-02-11
5366,5246,Delivered,2024-08-16,2024-08-18
5367,705,Delivered,2025-07-12,2025-07-14
5368,8245,Delivered,2025-01-16,2025-01-22
5369,9671,Delayed,2023-09-09,2023-09-10
5370,4110,Delivered,2025-11-13,2025-11-20
5371,8811,Delivered,2023-07-24,2023-07-25
5372,4304,Delivered,2023-11-05,2023-11-10
5373,7470,Delivered,2023-06-06,2023-06-09
5374,7825,Delivered,2026-02-24,2026-03-04
5375,3354,Delivered,2023-08-24,2023-08-30
5376,9794,Delivered,2025-11-23,2025-11-28
5377,8795,Delayed,2023-02-12,2023-02-16
5378,4576,Delivered,2024-07-18,2024-07-24
5379,871,Delivered,2023-12-07,2023-12-14
5380,3680,Delivered,2024-10-30,2024-11-02
5381,983,Delivered,2023-07-12,2023-07-18
5382,3670,Delivered,2025-09-01,2025-09-09
5383,5348,Delivered,2026-02-16,2026-02-23
5384,6295,In Transit,2024-10-31,
5385,5214,Delivered,2025-03-27,2025-04-02
5386,1104,Delivered,2024-11-15,2024-11-24
5387,7707,Delivered,2024-03-04,2024-03-09
5388,6470,Delivered,2023-03-17,2023-03-22
5389,7163,Delivered,2025-05-26,2025-05-28
5390,6585,Delivered,2023-03-29,2023-04-06
5391,752,Delivered,2024-10-26,2024-11-01
5392,9657,Delivered,2024-08-01,2024-08-07
5393,2033,In Transit,2023-05-31,
5394,5146,Delivered,2024-08-14,2024-08-20
5395,3255,In Transit,2024-12-31,
5396,3849,Delayed,2026-05-22,2026-05-29
5397,9534,Delivered,2025-05-12,2025-05-16
5398,888,Delivered,2024-08-17,2024-08-19
5399,4738,Delivered,2026-01-08,2026-01-16
5400,3206,Delivered,2023-10-19,2023-10-24
5401,359,Delivered,2025-08-24,2025-08-27
5402,7266,Delivered,2024-05-11,2024-05-18
5403,4865,Delivered,2024-06-21,2024-07-01
5404,9431,Delivered,2024-03-21,2024-03-26
5405,9649,Delivered,2026-01-22,2026-01-30
5406,1496,Failed,2025-02-01,
5407,2105,Delivered,2023-08-12,2023-08-20
5408,7132,Delivered,2023-07-19,2023-07-22
5409,1015,Delivered,2023-12-15,2023-12-25
5410,7999,Delivered,2025-02-25,2025-03-05
5411,2123,Delivered,2025-09-06,2025-09-13
5412,9389,Delayed,2025-03-25,2025-03-29
5413,7358,In Transit,2023-05-15,
5414,2799,Delivered,2025-12-08,2025-12-10
5415,4666,Delivered,2024-06-11,2024-06-19
5416,1455,In Transit,2025-12-14,
5417,1048,Delivered,2024-08-08,2024-08-09
5418,3268,Delivered,2026-04-22,2026-04-26
5419,2993,Delivered,2023-07-01,2023-07-07
5420,1187,Delivered,2025-12-28,2026-01-05
5421,4906,Delivered,2023-08-29,2023-09-01
5422,2179,Delivered,2026-02-05,2026-02-13
5423,3894,Delivered,2025-03-11,2025-03-18
5424,1354,Delivered,2025-07-15,2025-07-23
5425,1772,Delivered,2023-01-15,2023-01-22
5426,3703,Delivered,2024-12-07,2024-12-08
5427,8246,Delivered,2023-04-16,2023-04-24
5428,3615,Delivered,2025-07-22,2025-07-27
5429,8306,Delivered,2024-07-04,2024-07-06
5430,445,Delivered,2024-01-17,2024-01-20
5431,3408,Delivered,2025-04-26,2025-04-28
5432,2230,Delivered,2024-05-21,2024-05-22
5433,6865,Delivered,2024-02-10,2024-02-18
5434,5365,In Transit,2025-04-27,
5435,8319,Delivered,2024-04-20,2024-04-26
5436,7878,Delivered,2025-05-18,2025-05-20
5437,1272,Delivered,2023-04-01,2023-04-08
5438,1116,Delivered,2025-04-25,2025-04-30
5439,7939,Delivered,2025-11-07,2025-11-09
5440,5453,Delivered,2023-02-09,2023-02-16
5441,8474,Delivered,2025-11-25,2025-12-04
5442,5798,Delayed,2024-06-04,2024-06-14
5443,7024,Delivered,2025-01-31,2025-02-02
5444,9757,In Transit,2025-02-18,
5445,867,Delivered,2025-08-31,2025-09-06
5446,5927,Delivered,2025-12-15,2025-12-17
5447,6712,Delivered,2025-05-07,2025-05-08
5448,270,Delivered,2024-07-13,2024-07-15
5449,8186,Delivered,2025-07-08,2025-07-14
5450,4791,In Transit,2026-04-13,
5451,3629,In Transit,2024-03-06,
5452,8663,Failed,2025-07-21,
5453,9997,Delivered,2025-07-20,2025-07-28
5454,5511,Delivered,2024-12-18,2024-12-24
5455,8626,Delayed,2023-06-08,2023-06-18
5456,8156,Delivered,2025-11-30,2025-12-09
5457,7971,Delivered,2025-07-11,2025-07-12
5458,2209,Delivered,2024-10-30,2024-10-31
5459,3393,Failed,2025-08-16,
5460,5905,Delivered,2023-01-09,2023-01-12
5461,3143,Delivered,2024-09-25,2024-10-03
5462,2442,Delivered,2025-03-12,2025-03-14
5463,1475,Delivered,2023-07-28,2023-07-31
5464,9187,Delivered,2026-01-14,2026-01-22
5465,4975,Delivered,2024-12-03,2024-12-05
5466,970,Delayed,2024-08-31,2024-09-10
5467,7949,Delivered,2024-04-14,2024-04-15
5468,5866,Delivered,2023-06-01,2023-06-08
5469,5612,Delivered,2023-08-31,2023-09-08
5470,8481,Delivered,2023-12-30,2024-01-05
5471,9337,Delivered,2024-08-22,2024-08-26
5472,6373,In Transit,2023-12-07,
5473,8853,Failed,2023-04-15,
5474,5697,Delivered,2026-06-25,2026-06-30
5475,9687,Delivered,2026-04-03,2026-04-11
5476,1884,In Transit,2024-01-21,
5477,2295,Delivered,2024-12-12,2024-12-22
5478,4771,Delivered,2023-01-20,2023-01-22
5479,5333,In Transit,2024-08-06,
5480,7670,Delivered,2026-03-18,2026-03-23
5481,755,Delivered,2023-09-28,2023-10-06
5482,2567,Delivered,2026-04-28,2026-05-05
5483,6680,Delivered,2023-01-07,2023-01-12
5484,1364,Delivered,2023-03-01,2023-03-03
5485,9968,Delivered,2023-01-21,2023-01-23
5486,2795,Delivered,2026-04-24,2026-05-04
5487,5119,Delivered,2026-01-01,2026-01-08
5488,9506,Delivered,2025-02-08,2025-02-09
5489,6486,Delivered,2025-01-27,2025-02-02
5490,6441,Delivered,2026-02-13,2026-02-17
5491,2846,In Transit,2024-07-24,
5492,4750,Delivered,2025-08-17,2025-08-26
5493,1042,Delivered,2023-01-07,2023-01-13
5494,709,Delivered,2025-04-08,2025-04-16
5495,3586,Delivered,2025-06-19,2025-06-20
5496,1808,Delivered,2023-09-30,2023-10-01
5497,1169,Delivered,2024-01-30,2024-02-01
5498,7016,Delivered,2025-01-16,2025-01-26
5499,5098,Delivered,2025-06-24,2025-06-28
5500,6484,Delayed,2024-04-04,2024-04-09
5501,6213,Delivered,2023-08-16,2023-08-17
5502,4442,Delivered,2024-05-26,2024-05-28
5503,1824,In Transit,2025-03-16,
5504,3239,Delivered,2025-02-14,2025-02-17
5505,184,Delivered,2025-05-04,2025-05-08
5506,8377,Failed,2024-07-14,
5507,9484,Delivered,2024-08-27,2024-09-05
5508,5259,In Transit,2023-11-14,
5509,7388,Delivered,2026-01-19,2026-01-25
5510,1062,Delivered,2023-02-13,2023-02-18
5511,7618,Delivered,2026-03-01,2026-03-08
5512,2287,Delivered,2026-01-01,2026-01-04
5513,7333,Delivered,2023-11-20,2023-11-26
5514,8376,In Transit,2025-01-30,
5515,9699,Delivered,2023-12-16,2023-12-25
5516,9834,Delivered,2023-01-26,2023-01-28
5517,813,Delivered,2023-10-28,2023-10-31
5518,4734,Delivered,2024-11-30,2024-12-04
5519,3743,Delivered,2023-07-26,2023-08-02
5520,6947,Delivered,2023-04-27,2023-04-30
5521,9453,Delivered,2024-11-24,2024-11-26
5522,3178,Delivered,2026-05-22,2026-05-26
5523,226,Delivered,2025-08-23,2025-08-24
5524,9318,Delivered,2025-07-18,2025-07-21
5525,9877,Delivered,2025-12-10,2025-12-13
5526,5339,Delayed,2023-01-13,2023-01-20
5527,1910,Delivered,2023-11-05,2023-11-09
5528,7786,Delivered,2025-01-06,2025-01-12
5529,4831,Delayed,2024-02-03,2024-02-11
5530,8356,Delivered,2024-05-17,2024-05-21
5531,1079,Delivered,2024-03-10,2024-03-20
5532,6545,Delivered,2025-07-23,2025-07-24
5533,1930,Delivered,2024-06-08,2024-06-17
5534,4675,Delivered,2023-12-18,2023-12-21
5535,1885,Delivered,2026-05-07,2026-05-17
5536,7546,Delivered,2023-07-24,2023-07-30
5537,5500,Delayed,2025-10-06,2025-10-10
5538,4001,Delivered,2025-02-05,2025-02-13
5539,6594,Delivered,2023-08-13,2023-08-19
5540,4716,Delivered,2025-03-23,2025-04-01
5541,4587,Delivered,2026-06-14,2026-06-22
5542,5067,Delivered,2025-10-15,2025-10-20
5543,4925,In Transit,2024-07-10,
5544,3564,Delivered,2025-11-12,2025-11-14
5545,8465,Delivered,2024-03-19,2024-03-21
5546,8539,Delivered,2025-12-23,2025-12-31
5547,8966,Delayed,2023-05-01,2023-05-08
5548,881,Delivered,2023-03-24,2023-03-30
5549,246,Delivered,2025-12-24,2025-12-26
5550,8269,Delivered,2025-02-22,2025-02-25
5551,2467,Delivered,2024-06-16,2024-06-21
5552,2759,Delivered,2026-03-24,2026-03-25
5553,9209,Delivered,2023-06-04,2023-06-14
5554,329,Delivered,2025-11-08,2025-11-11
5555,9752,Delivered,2025-02-27,2025-03-03
5556,8864,In Transit,2025-02-21,
5557,7515,Delivered,2023-09-16,2023-09-22
5558,4161,Delivered,2024-09-07,2024-09-15
5559,3723,Delivered,2025-08-01,2025-08-05
5560,2172,Delivered,2023-11-22,2023-11-24
5561,7477,Delivered,2023-11-13,2023-11-21
5562,9705,Delivered,2025-09-06,2025-09-14
5563,5774,Delivered,2023-08-19,2023-08-27
5564,9157,Delivered,2024-08-08,2024-08-15
5565,495,Delivered,2025-09-29,2025-10-01
5566,457,Delivered,2025-11-29,2025-12-07
5567,6301,Delivered,2025-09-26,2025-10-01
5568,5491,Delivered,2025-04-27,2025-04-30
5569,9288,Delivered,2023-08-10,2023-08-19
5570,4607,Delivered,2023-04-20,2023-04-26
5571,8484,Delivered,2025-03-01,2025-03-06
5572,7344,Delivered,2026-05-07,2026-05-17
5573,4204,Delayed,2024-07-08,2024-07-18
5574,8871,Delivered,2026-05-11,2026-05-16
5575,4058,Delivered,2024-03-18,2024-03-23
5576,8337,Delivered,2025-09-06,2025-09-09
5577,3729,Delivered,2024-10-16,2024-10-17
5578,7765,Delivered,2023-11-26,2023-11-30
5579,7002,Delivered,2026-04-12,2026-04-19
5580,9874,Delivered,2026-03-04,2026-03-11
5581,5896,Delivered,2024-01-29,2024-02-03
5582,3897,Delivered,2024-09-20,2024-09-28
5583,1359,In Transit,2024-02-04,
5584,8116,Delivered,2025-01-13,2025-01-19
5585,5869,Delivered,2024-10-04,2024-10-10
5586,2483,Delivered,2026-03-10,2026-03-16
5587,9376,Delivered,2024-03-12,2024-03-20
5588,833,Delivered,2025-08-30,2025-09-03
5589,54,In Transit,2026-04-22,
5590,9546,Delivered,2025-01-01,2025-01-06
5591,8164,Delivered,2024-03-17,2024-03-19
5592,107,Failed,2023-08-01,
5593,7177,Delayed,2025-02-12,2025-02-21
5594,3262,Delivered,2025-03-28,2025-04-03
5595,2180,In Transit,2023-08-11,
5596,2924,Delivered,2023-06-24,2023-07-03
5597,937,Delivered,2023-07-05,2023-07-09
5598,8521,Delivered,2023-11-17,2023-11-22
5599,4052,Delivered,2025-01-18,2025-01-19
5600,9087,Delivered,2024-01-28,2024-02-03
5601,8625,Delayed,2024-12-26,2025-01-01
5602,6739,Delivered,2025-11-28,2025-12-06
5603,9213,Delayed,2024-07-02,2024-07-11
5604,5574,Delivered,2026-06-03,2026-06-11
5605,7626,In Transit,2025-12-24,
5606,5461,Delivered,2025-08-04,2025-08-07
5607,7523,Delivered,2023-04-22,2023-04-30
5608,1869,Delivered,2026-04-10,2026-04-20
5609,20,Delivered,2026-03-17,2026-03-23
5610,9421,Delivered,2025-08-26,2025-08-31
5611,4356,Delivered,2024-12-07,2024-12-14
5612,2108,Delivered,2024-10-06,2024-10-09
5613,2709,Delivered,2026-05-16,2026-05-21
5614,8652,In Transit,2025-02-14,
5615,9918,Delivered,2023-02-01,2023-02-10
5616,9817,Delivered,2023-08-09,2023-08-19
5617,3798,Delivered,2023-03-13,2023-03-20
5618,9020,Delivered,2024-02-13,2024-02-17
5619,4604,Delivered,2026-05-06,2026-05-15
5620,4146,Delivered,2023-09-02,2023-09-06
5621,8414,Delivered,2025-02-28,2025-03-09
5622,6440,Delivered,2025-05-04,2025-05-06
5623,4042,Delivered,2024-09-14,2024-09-23
5624,7129,Delivered,2024-09-04,2024-09-13
5625,3637,Delivered,2025-10-13,2025-10-19
5626,8216,Delivered,2024-04-03,2024-04-07
5627,3867,Delivered,2024-10-04,2024-10-08
5628,289,Delivered,2025-05-07,2025-05-15
5629,6166,Delivered,2025-10-21,2025-10-31
5630,4860,Delivered,2024-11-16,2024-11-23
5631,6866,Delivered,2024-10-09,2024-10-19
5632,3122,Delivered,2024-11-13,2024-11-15
5633,729,In Transit,2026-03-18,
5634,3895,Delivered,2023-01-21,2023-01-28
5635,5236,Delivered,2023-03-18,2023-03-22
5636,6145,Delivered,2025-11-03,2025-11-12
5637,6867,In Transit,2023-05-19,
5638,6932,Delivered,2024-11-01,2024-11-10
5639,7609,Delivered,2025-12-23,2025-12-29
5640,572,Delayed,2023-08-30,2023-09-09
5641,5340,Delivered,2023-08-02,2023-08-10
5642,9728,Delivered,2023-05-03,2023-05-04
5643,9400,Delivered,2023-04-05,2023-04-12
5644,1798,In Transit,2026-06-04,
5645,584,Delivered,2026-01-18,2026-01-28
5646,1303,In Transit,2025-04-10,
5647,6461,Delivered,2023-12-19,2023-12-20
5648,9462,Delivered,2025-04-24,2025-04-26
5649,6450,Delivered,2023-06-05,2023-06-15
5650,9811,In Transit,2023-02-12,
5651,5334,Delivered,2025-11-02,2025-11-07
5652,4206,Delayed,2025-02-05,2025-02-08
5653,7955,Delivered,2026-02-28,2026-03-07
5654,7165,Delivered,2024-04-27,2024-05-05
5655,913,Delivered,2024-10-10,2024-10-13
5656,2852,Delivered,2026-04-06,2026-04-16
5657,1894,Delivered,2024-10-05,2024-10-06
5658,14,Delivered,2023-04-15,2023-04-18
5659,9902,Delivered,2023-11-04,2023-11-12
5660,5114,Delivered,2024-04-20,2024-04-21
5661,6839,Delayed,2026-02-27,2026-02-28
5662,9359,Delivered,2023-08-09,2023-08-14
5663,5645,Delivered,2025-07-17,2025-07-21
5664,1676,Delivered,2023-11-11,2023-11-21
5665,1836,Delivered,2023-12-31,2024-01-08
5666,351,Delivered,2023-01-21,2023-01-28
5667,818,Delivered,2024-04-11,2024-04-12
5668,7425,Delivered,2024-06-25,2024-06-28
5669,6587,Delivered,2023-09-21,2023-09-23
5670,363,Delivered,2025-10-25,2025-10-31
5671,9208,Delivered,2024-02-23,2024-03-01
5672,1970,Delivered,2023-02-08,2023-02-10
5673,6738,Delivered,2024-01-02,2024-01-06
5674,803,Delivered,2025-06-11,2025-06-17
5675,9730,Delivered,2025-10-17,2025-10-24
5676,6324,Delivered,2024-07-09,2024-07-13
5677,5836,In Transit,2023-06-22,
5678,9959,In Transit,2023-05-14,
5679,5843,Delivered,2023-06-24,2023-06-30
5680,5474,Delivered,2024-06-22,2024-06-23
5681,583,Delivered,2023-07-05,2023-07-11
5682,4470,Delivered,2024-09-04,2024-09-06
5683,1181,Delayed,2024-11-09,2024-11-16
5684,699,Delivered,2024-05-31,2024-06-08
5685,1523,Delivered,2026-05-06,2026-05-11
5686,8773,Delivered,2023-05-17,2023-05-19
5687,7424,Delivered,2024-10-12,2024-10-13
5688,595,Delayed,2024-05-22,2024-05-25
5689,4189,Delivered,2025-09-15,2025-09-16
5690,2185,Delivered,2025-02-01,2025-02-10
5691,7031,In Transit,2023-06-16,
5692,8723,Delivered,2024-11-03,2024-11-13
5693,2435,Delivered,2023-03-05,2023-03-11
5694,9913,Delivered,2023-10-14,2023-10-23
5695,1137,Delivered,2025-09-13,2025-09-16
5696,1334,Delivered,2025-06-22,2025-06-24
5697,3141,Delivered,2025-07-31,2025-08-08
5698,6681,Delivered,2025-10-03,2025-10-10
5699,2957,Delivered,2023-02-20,2023-02-26
5700,2083,In Transit,2025-12-07,
5701,4993,Failed,2024-12-24,
5702,8059,Delivered,2026-01-14,2026-01-21
5703,9221,Delivered,2024-11-10,2024-11-14
5704,880,Delivered,2026-02-27,2026-03-04
5705,9324,Delivered,2024-07-30,2024-08-02
5706,6089,In Transit,2025-01-12,
5707,6385,Delivered,2024-12-03,2024-12-11
5708,6479,In Transit,2025-08-05,
5709,4081,Delivered,2025-02-25,2025-02-26
5710,1329,Delivered,2024-07-27,2024-08-03
5711,112,Delivered,2025-05-01,2025-05-09
5712,1264,Failed,2023-09-12,
5713,7087,Delayed,2024-08-23,2024-09-02
5714,7749,Delivered,2023-04-01,2023-04-07
5715,2537,In Transit,2025-04-02,
5716,5252,Delivered,2023-12-11,2023-12-14
5717,8195,In Transit,2024-10-27,
5718,2342,Delivered,2024-11-03,2024-11-07
5719,944,Delivered,2023-12-12,2023-12-14
5720,3595,In Transit,2024-01-02,
5721,5558,Delivered,2026-02-11,2026-02-14
5722,534,Delivered,2026-01-07,2026-01-10
5723,3642,Delivered,2023-10-17,2023-10-23
5724,5240,Delayed,2023-07-05,2023-07-14
5725,900,Delivered,2026-02-04,2026-02-09
5726,4926,Delivered,2025-05-19,2025-05-27
5727,7817,Delivered,2023-01-28,2023-02-02
5728,8097,Delivered,2025-01-20,2025-01-27
5729,9652,Delivered,2025-10-30,2025-11-03
5730,6693,Delivered,2024-09-18,2024-09-20
5731,651,Delivered,2024-11-10,2024-11-16
5732,5661,Delivered,2026-03-03,2026-03-08
5733,7884,Delivered,2025-12-15,2025-12-18
5734,718,Delivered,2025-09-25,2025-09-30
5735,7058,Delivered,2026-04-19,2026-04-21
5736,124,Delivered,2023-07-18,2023-07-28
5737,2767,Delivered,2024-12-28,2024-12-29
5738,2309,Delivered,2026-01-01,2026-01-06
5739,6749,Delivered,2025-06-10,2025-06-14
5740,267,Failed,2026-03-22,
5741,6940,Delivered,2025-09-17,2025-09-24
5742,6421,Delivered,2026-04-20,2026-04-24
5743,6271,In Transit,2025-11-08,
5744,5330,Delivered,2024-01-11,2024-01-18
5745,883,Delivered,2024-09-23,2024-10-03
5746,7204,Delivered,2025-10-29,2025-11-07
5747,5367,Delivered,2025-10-04,2025-10-11
5748,8810,Delivered,2023-10-04,2023-10-13
5749,4045,Delivered,2024-04-10,2024-04-12
5750,4423,Delivered,2024-09-02,2024-09-12
5751,4453,Delivered,2026-03-17,2026-03-22
5752,6581,Delivered,2024-12-05,2024-12-09
5753,6655,Delayed,2025-06-23,2025-06-27
5754,3256,Delivered,2024-11-19,2024-11-29
5755,5034,Delivered,2026-05-31,2026-06-01
5756,9858,Delivered,2025-12-08,2025-12-10
5757,4030,Delivered,2025-02-04,2025-02-11
5758,2988,In Transit,2023-09-25,
5759,2343,Delivered,2024-11-04,2024-11-05
5760,2058,Delivered,2026-01-23,2026-02-01
5761,7694,Delivered,2025-06-28,2025-07-06
5762,3046,Delivered,2023-05-15,2023-05-24
5763,1085,Failed,2024-10-07,
5764,9032,Delivered,2025-12-31,2026-01-09
5765,8699,Delivered,2025-09-09,2025-09-14
5766,5959,Delivered,2025-02-01,2025-02-08
5767,297,Delivered,2023-10-11,2023-10-14
5768,1367,Delivered,2025-09-08,2025-09-12
5769,7109,Delivered,2023-01-22,2023-01-26
5770,9998,Delivered,2023-12-27,2024-01-04
5771,8551,Delivered,2023-09-17,2023-09-25
5772,3792,Delivered,2026-03-04,2026-03-13
5773,1955,Delivered,2025-10-29,2025-11-06
5774,9587,In Transit,2026-01-21,
5775,4230,Delivered,2025-05-20,2025-05-24
5776,2156,In Transit,2025-02-10,
5777,3179,Delivered,2023-07-02,2023-07-08
5778,2460,Delivered,2023-08-08,2023-08-15
5779,951,In Transit,2023-11-16,
5780,2288,In Transit,2023-10-08,
5781,3675,In Transit,2025-01-04,
5782,6660,Delivered,2024-09-02,2024-09-05
5783,7102,Delayed,2025-10-17,2025-10-18
5784,5885,Delivered,2025-07-09,2025-07-18
5785,3983,Delivered,2024-11-13,2024-11-20
5786,1240,In Transit,2025-01-27,
5787,2445,Delivered,2026-03-14,2026-03-24
5788,9320,In Transit,2025-04-02,
5789,1608,Delivered,2026-04-25,2026-04-27
5790,438,Delivered,2025-06-22,2025-06-27
5791,7841,Delivered,2025-07-07,2025-07-08
5792,3063,Delivered,2025-10-31,2025-11-08
5793,7158,Delivered,2023-02-23,2023-03-02
5794,9303,Delivered,2023-12-13,2023-12-19
5795,6412,Delivered,2025-04-03,2025-04-04
5796,4352,Delivered,2026-03-05,2026-03-07
5797,2871,Delivered,2025-02-20,2025-02-25
5798,2776,In Transit,2025-03-06,
5799,953,Delivered,2023-08-16,2023-08-23
5800,4223,Delivered,2024-12-15,2024-12-23
5801,2265,Delivered,2023-01-29,2023-01-30
5802,3808,Delivered,2023-05-05,2023-05-11
5803,5629,Delivered,2025-01-29,2025-02-07
5804,4659,Delivered,2026-03-30,2026-03-31
5805,1726,Delivered,2026-04-02,2026-04-03
5806,3113,Delivered,2024-06-09,2024-06-14
5807,9911,Delivered,2026-06-20,2026-06-27
5808,7170,Delivered,2024-03-02,2024-03-12
5809,3431,Delivered,2024-08-13,2024-08-21
5810,1005,Delivered,2025-10-05,2025-10-06
5811,7937,Delivered,2024-08-05,2024-08-11
5812,5715,Delivered,2023-01-19,2023-01-27
5813,1986,In Transit,2025-11-30,
5814,979,Delivered,2025-06-18,2025-06-25
5815,8008,Delivered,2025-02-23,2025-02-26
5816,2351,Delivered,2026-03-19,2026-03-24
5817,3459,Delivered,2024-05-23,2024-05-30
5818,4614,Delivered,2023-01-03,2023-01-06
5819,4091,Delivered,2024-12-23,2024-12-31
5820,8050,Delivered,2026-05-23,2026-05-27
5821,93,Delivered,2023-03-01,2023-03-02
5822,8174,Delivered,2025-10-09,2025-10-12
5823,8270,Delivered,2024-06-20,2024-06-26
5824,1358,Delivered,2025-10-03,2025-10-13
5825,7601,Delivered,2024-07-26,2024-08-01
5826,6294,Delivered,2026-03-03,2026-03-10
5827,9888,Delivered,2023-05-11,2023-05-14
5828,1335,Delivered,2023-05-03,2023-05-10
5829,8151,Delivered,2025-03-02,2025-03-10
5830,9912,Delivered,2024-08-28,2024-09-02
5831,3238,In Transit,2024-01-19,
5832,2844,Delivered,2024-01-26,2024-02-02
5833,173,Delivered,2023-03-12,2023-03-20
5834,6764,Delivered,2026-02-16,2026-02-23
5835,4373,Delivered,2026-03-10,2026-03-11
5836,7711,Delivered,2024-07-20,2024-07-23
5837,8203,Delivered,2024-08-02,2024-08-03
5838,9899,Delivered,2025-06-15,2025-06-19
5839,9127,In Transit,2026-06-25,
5840,8942,Delivered,2024-07-16,2024-07-24
5841,1501,Delivered,2024-03-09,2024-03-15
5842,3258,Delivered,2023-07-11,2023-07-16
5843,7732,Delivered,2023-01-17,2023-01-19
5844,7262,Delivered,2024-11-21,2024-11-22
5845,3813,Delayed,2025-04-21,2025-04-26
5846,2658,Delivered,2025-01-31,2025-02-06
5847,8982,Delivered,2024-05-30,2024-05-31
5848,4362,Delivered,2024-05-22,2024-05-23
5849,1502,Failed,2023-02-19,
5850,2147,Delivered,2026-06-12,2026-06-16
5851,3884,Delivered,2025-05-12,2025-05-19
5852,3925,Delivered,2026-04-01,2026-04-03
5853,1682,Delivered,2023-05-05,2023-05-10
5854,9531,Delivered,2025-11-15,2025-11-17
5855,5384,Delivered,2025-08-11,2025-08-12
5856,113,Delayed,2026-05-26,2026-06-01
5857,8035,Delivered,2025-08-06,2025-08-09
5858,7370,In Transit,2023-02-25,
5859,9374,Delivered,2024-01-04,2024-01-10
5860,4261,In Transit,2023-10-24,
5861,5228,Delivered,2026-03-18,2026-03-28
5862,7751,Delivered,2025-07-01,2025-07-08
5863,3902,Delivered,2025-05-08,2025-05-15
5864,8892,In Transit,2024-07-26,
5865,1456,Delivered,2026-01-17,2026-01-21
5866,9932,Delivered,2023-08-31,2023-09-10
5867,3219,Delivered,2024-04-09,2024-04-16
5868,4299,Delivered,2025-07-09,2025-07-12
5869,2967,Delivered,2025-06-05,2025-06-07
5870,5230,Delivered,2025-11-29,2025-12-09
5871,532,Delivered,2024-10-18,2024-10-24
5872,8745,Delayed,2025-07-10,2025-07-16
5873,6088,Delivered,2025-02-25,2025-03-06
5874,7328,In Transit,2025-11-05,
5875,1484,Delivered,2024-01-05,2024-01-10
5876,6095,Delivered,2023-06-27,2023-07-06
5877,1239,Delivered,2025-11-01,2025-11-11
5878,1252,Delivered,2023-03-23,2023-04-01
5879,673,Delivered,2025-07-28,2025-07-29
5880,4376,Delivered,2024-02-04,2024-02-13
5881,666,In Transit,2024-02-09,
5882,8010,Delivered,2023-12-13,2023-12-14
5883,544,Delivered,2025-03-23,2025-04-01
5884,7644,Delivered,2025-08-20,2025-08-28
5885,5295,Delivered,2024-10-06,2024-10-10
5886,3072,In Transit,2025-07-07,
5887,8394,Delayed,2023-09-06,2023-09-10
5888,9398,Delivered,2023-04-15,2023-04-17
5889,6730,Delayed,2024-01-16,2024-01-23
5890,5004,Delivered,2023-06-05,2023-06-06
5891,6838,Delivered,2024-03-07,2024-03-09
5892,5502,Delayed,2024-11-16,2024-11-22
5893,2398,Delivered,2024-10-18,2024-10-24
5894,9950,Delivered,2023-01-14,2023-01-22
5895,9198,Delivered,2024-03-08,2024-03-09
5896,3195,Delivered,2024-10-15,2024-10-18
5897,4102,Delivered,2024-06-23,2024-07-01
5898,8138,Delivered,2024-11-25,2024-11-27
5899,2574,Delivered,2026-06-19,2026-06-20
5900,4701,Delivered,2024-06-03,2024-06-07
5901,7325,Delivered,2025-07-14,2025-07-20
5902,8380,Delivered,2024-04-24,2024-04-27
5903,3417,Delivered,2023-03-23,2023-04-01
5904,1627,Delayed,2023-10-12,2023-10-19
5905,3159,Delayed,2025-08-03,2025-08-08
5906,9217,Delivered,2024-12-05,2024-12-07
5907,1818,Delivered,2025-07-07,2025-07-13
5908,2738,Delivered,2024-08-17,2024-08-18
5909,832,Delivered,2025-10-23,2025-10-26
5910,9003,Delivered,2026-04-27,2026-04-29
5911,3042,Delivered,2024-01-19,2024-01-24
5912,6207,Delivered,2023-07-04,2023-07-11
5913,812,Delivered,2023-12-03,2023-12-07
5914,9648,Delivered,2025-10-20,2025-10-30
5915,4589,Failed,2023-02-07,
5916,1486,Delivered,2023-05-24,2023-06-01
5917,1081,Delayed,2025-10-11,2025-10-17
5918,1641,Delivered,2023-05-15,2023-05-17
5919,922,Delivered,2026-06-13,2026-06-14
5920,3018,Delivered,2023-01-10,2023-01-13
5921,8425,Delivered,2026-05-30,2026-06-08
5922,5142,Delivered,2026-02-13,2026-02-21
5923,2724,Delivered,2024-12-27,2024-12-28
5924,9549,Delivered,2025-10-12,2025-10-19
5925,3030,In Transit,2026-05-31,
5926,9568,Delivered,2024-12-07,2024-12-16
5927,5321,Delivered,2025-07-10,2025-07-17
5928,3031,Delivered,2025-08-02,2025-08-10
5929,4068,Delivered,2025-04-03,2025-04-04
5930,3016,Delivered,2023-09-27,2023-10-02
5931,362,Delivered,2024-02-01,2024-02-11
5932,2256,In Transit,2023-12-05,
5933,975,Delivered,2026-02-25,2026-02-27
5934,2696,Delivered,2024-01-31,2024-02-07
5935,4933,Delivered,2024-11-06,2024-11-13
5936,3181,Failed,2025-03-04,
5937,1589,Delivered,2025-08-01,2025-08-02
5938,9985,In Transit,2024-11-30,
5939,1703,Delivered,2024-08-27,2024-09-04
5940,328,Delivered,2023-10-31,2023-11-03
5941,6014,Delivered,2024-12-28,2025-01-02
5942,6497,Delivered,2025-12-22,2025-12-29
5943,3850,Delivered,2023-06-12,2023-06-19
5944,9295,Delivered,2023-10-11,2023-10-21
5945,7380,Delivered,2024-05-26,2024-06-02
5946,4763,Delivered,2023-09-19,2023-09-26
5947,2261,Delivered,2023-03-29,2023-03-31
5948,6777,Delivered,2024-10-31,2024-11-10
5949,3465,Delivered,2026-05-14,2026-05-22
5950,8689,Delivered,2023-03-12,2023-03-14
5951,4066,Failed,2023-05-11,
5952,1891,Delivered,2023-01-11,2023-01-13
5953,5041,Delivered,2025-05-03,2025-05-05
5954,1119,Delivered,2024-06-04,2024-06-05
5955,6026,Delivered,2023-08-11,2023-08-19
5956,1134,Delivered,2025-08-27,2025-09-06
5957,5257,Delayed,2024-09-11,2024-09-19
5958,5922,Delivered,2025-10-04,2025-10-07
5959,1736,Delivered,2023-10-27,2023-10-30
5960,4806,Delivered,2025-03-15,2025-03-25
5961,5184,In Transit,2025-04-20,
5962,2306,Delivered,2023-09-04,2023-09-07
5963,2419,Delivered,2024-05-06,2024-05-11
5964,7767,Delivered,2026-04-28,2026-05-04
5965,9270,Delivered,2025-01-22,2025-01-30
5966,6061,Delivered,2024-05-13,2024-05-14
5967,5063,Delivered,2023-05-02,2023-05-04
5968,9314,Delayed,2025-08-24,2025-08-25
5969,6389,Delivered,2025-06-15,2025-06-21
5970,7295,Delivered,2025-07-16,2025-07-19
5971,4619,Delivered,2025-05-25,2025-05-30
5972,8538,Delivered,2024-12-27,2025-01-05
5973,2782,Delivered,2023-12-20,2023-12-22
5974,5681,Delayed,2023-07-24,2023-07-25
5975,1284,Delivered,2025-12-10,2025-12-20
5976,2906,Delivered,2025-12-18,2025-12-26
5977,5082,Delivered,2023-12-17,2023-12-24
5978,4928,Delivered,2026-04-25,2026-05-04
5979,7313,Delivered,2024-10-28,2024-10-31
5980,8805,Delivered,2025-11-25,2025-11-30
5981,9676,Delivered,2025-07-17,2025-07-19
5982,6513,Delivered,2024-11-09,2024-11-15
5983,2883,Delivered,2025-05-21,2025-05-28
5984,5739,Delivered,2023-07-18,2023-07-19
5985,5087,Delivered,2026-06-25,2026-06-26
5986,503,Delivered,2023-02-25,2023-03-03
5987,9859,Delivered,2024-01-08,2024-01-10
5988,2866,Delivered,2023-12-21,2023-12-22
5989,3137,Failed,2024-04-25,
5990,6195,Delivered,2025-05-02,2025-05-06
5991,6793,Delivered,2025-10-22,2025-10-29
5992,8279,Delivered,2026-01-07,2026-01-10
5993,7349,Delayed,2024-10-13,2024-10-14
5994,433,Delivered,2024-11-10,2024-11-16
5995,9172,Delivered,2023-01-07,2023-01-11
5996,6197,Delivered,2023-07-03,2023-07-13
5997,7168,Delivered,2025-06-01,2025-06-07
5998,1758,Delivered,2023-01-31,2023-02-02
5999,7117,In Transit,2026-04-06,
6000,9459,Delivered,2023-01-11,2023-01-17
6001,2711,Delivered,2023-06-06,2023-06-13
6002,236,Delivered,2024-01-04,2024-01-10
6003,4805,Delivered,2024-06-30,2024-07-10
6004,9195,Delivered,2024-09-30,2024-10-04
6005,4649,Delivered,2024-05-18,2024-05-27
6006,6891,In Transit,2024-01-06,
6007,7718,Delivered,2024-06-19,2024-06-24
6008,3269,Delivered,2024-10-13,2024-10-22
6009,2520,Delivered,2024-05-13,2024-05-23
6010,5926,Delayed,2023-08-18,2023-08-24
6011,7747,Delivered,2025-11-17,2025-11-21
6012,9701,Delivered,2025-01-21,2025-01-29
6013,1574,Delivered,2024-07-07,2024-07-13
6014,4885,Delivered,2024-10-21,2024-10-27
6015,5720,In Transit,2024-01-07,
6016,8064,Delivered,2024-04-27,2024-05-06
6017,5582,Delayed,2026-05-16,2026-05-19
6018,203,Delivered,2026-02-06,2026-02-15
6019,7383,Delivered,2026-05-15,2026-05-20
6020,6417,In Transit,2023-11-12,
6021,2333,Delivered,2025-11-20,2025-11-30
6022,784,Delivered,2023-12-06,2023-12-07
6023,8665,Delivered,2024-06-19,2024-06-26
6024,7588,Delivered,2024-01-31,2024-02-02
6025,5471,Delivered,2023-08-07,2023-08-13
6026,4867,Delivered,2023-06-25,2023-06-26
6027,4240,Delivered,2024-10-06,2024-10-10
6028,7048,Delayed,2024-06-27,2024-06-30
6029,2832,Delivered,2023-06-16,2023-06-24
6030,4856,Delivered,2026-05-13,2026-05-16
6031,8166,Delivered,2026-01-29,2026-02-02
6032,8883,Delivered,2023-12-01,2023-12-07
6033,7853,Delivered,2025-10-30,2025-11-06
6034,824,Delivered,2024-09-19,2024-09-23
6035,486,Delayed,2023-12-12,2023-12-18
6036,2410,Delivered,2024-02-02,2024-02-08
6037,6438,Delivered,2024-06-22,2024-06-25
6038,286,Delivered,2023-07-18,2023-07-20
6039,7804,Delivered,2026-03-30,2026-04-09
6040,1759,Delayed,2025-06-02,2025-06-10
6041,8684,Delayed,2025-07-14,2025-07-15
6042,3176,Delivered,2025-09-10,2025-09-14
6043,7998,In Transit,2024-03-12,
6044,3300,Delayed,2025-01-17,2025-01-26
6045,6057,In Transit,2023-04-30,
6046,2517,Delayed,2025-03-28,2025-04-06
6047,2691,Delivered,2023-08-01,2023-08-10
6048,4457,Delivered,2024-04-01,2024-04-03
6049,696,Delivered,2024-09-02,2024-09-09
6050,4523,Delayed,2025-09-13,2025-09-23
6051,2101,Delivered,2024-04-04,2024-04-09
6052,6416,Delivered,2025-09-17,2025-09-26
6053,156,Delivered,2026-06-15,2026-06-18
6054,9523,Delivered,2023-05-09,2023-05-16
6055,997,Delivered,2023-08-10,2023-08-14
6056,8109,Delivered,2025-01-09,2025-01-16
6057,8118,Delivered,2024-10-19,2024-10-29
6058,6604,In Transit,2025-05-31,
6059,8053,Delivered,2025-08-21,2025-08-26
6060,9447,Failed,2024-04-24,
6061,7446,Delivered,2024-08-22,2024-09-01
6062,9923,In Transit,2026-06-07,
6063,8993,Delivered,2026-03-10,2026-03-11
6064,5912,Delivered,2026-02-08,2026-02-12
6065,1401,Delivered,2024-12-05,2024-12-11
6066,3553,Delivered,2025-07-16,2025-07-18
6067,4178,Delivered,2024-08-15,2024-08-21
6068,8555,Delayed,2023-12-10,2023-12-13
6069,1651,Delivered,2023-07-06,2023-07-13
6070,8369,Delivered,2023-09-24,2023-09-25
6071,8233,Delivered,2025-08-27,2025-09-04
6072,1159,Delivered,2025-04-17,2025-04-20
6073,9372,Failed,2025-01-12,
6074,3718,Delivered,2024-02-13,2024-02-16
6075,7459,Delivered,2025-05-21,2025-05-30
6076,5068,Delivered,2023-04-26,2023-04-29
6077,6105,Delivered,2025-01-09,2025-01-14
6078,6174,In Transit,2023-10-14,
6079,6965,Delivered,2024-05-20,2024-05-30
6080,8038,Delayed,2023-06-21,2023-06-24
6081,3602,Delivered,2026-02-13,2026-02-22
6082,3794,Delivered,2026-06-21,2026-06-27
6083,4095,Delivered,2023-09-21,2023-10-01
6084,7946,Delivered,2024-07-14,2024-07-20
6085,8346,Delivered,2023-01-31,2023-02-01
6086,2399,Delivered,2024-11-04,2024-11-10
6087,1006,Delivered,2024-04-27,2024-05-03
6088,614,Delivered,2023-04-28,2023-05-02
6089,2681,Delivered,2023-11-26,2023-12-03
6090,6429,In Transit,2025-02-25,
6091,6508,Delivered,2024-05-15,2024-05-22
6092,1995,Delayed,2023-02-27,2023-03-03
6093,4722,In Transit,2024-08-12,
6094,7112,Delivered,2024-07-03,2024-07-04
6095,3785,Delivered,2023-05-12,2023-05-22
6096,5255,Delayed,2026-05-13,2026-05-19
6097,6938,Delivered,2024-05-20,2024-05-23
6098,9007,Delayed,2025-01-31,2025-02-04
6099,304,Delivered,2023-03-08,2023-03-09
6100,161,Delivered,2023-08-30,2023-09-04
6101,8206,Failed,2023-02-27,
6102,5103,Delivered,2026-01-10,2026-01-16
6103,3305,Delivered,2023-12-22,2023-12-23
6104,4778,In Transit,2024-12-27,
6105,6299,Delivered,2023-10-24,2023-10-27
6106,9987,Delivered,2024-09-08,2024-09-13
6107,3542,Delivered,2023-10-25,2023-10-30
6108,6601,Delivered,2024-01-20,2024-01-27
6109,5772,Delivered,2025-07-09,2025-07-11
6110,4313,Delivered,2026-02-13,2026-02-20
6111,1797,Delivered,2023-07-07,2023-07-12
6112,4174,Delivered,2024-05-21,2024-05-27
6113,218,Delivered,2025-12-11,2025-12-17
6114,1074,Delivered,2023-02-08,2023-02-18
6115,4662,Delivered,2023-07-29,2023-08-08
6116,2283,Delivered,2024-08-26,2024-09-04
6117,5700,Delivered,2025-09-20,2025-09-30
6118,8181,Delivered,2025-08-25,2025-08-26
6119,4777,Failed,2024-08-07,
6120,3955,Delivered,2026-04-04,2026-04-06
6121,2786,Delivered,2025-10-24,2025-10-25
6122,7145,Delivered,2024-10-26,2024-10-28
6123,7791,Delivered,2026-02-20,2026-02-27
6124,500,Delivered,2025-05-15,2025-05-19
6125,5901,Delivered,2023-05-27,2023-06-05
6126,7613,In Transit,2025-10-27,
6127,9496,Delivered,2026-03-02,2026-03-06
6128,8585,Delivered,2024-04-05,2024-04-09
6129,4621,Delivered,2024-12-16,2024-12-19
6130,9174,Delivered,2023-05-21,2023-05-27
6131,5575,Delivered,2023-01-12,2023-01-14
6132,9442,In Transit,2025-11-03,
6133,1681,Delivered,2024-05-31,2024-06-08
6134,5458,Delivered,2025-10-22,2025-10-26
6135,6960,Delivered,2026-06-30,2026-07-06
6136,4335,Delivered,2023-02-20,2023-03-01
6137,7689,Delivered,2024-09-19,2024-09-24
6138,7851,Delivered,2023-11-27,2023-12-01
6139,8288,Delivered,2026-04-01,2026-04-04
6140,8900,Delivered,2024-01-29,2024-02-05
6141,502,Delivered,2025-03-30,2025-04-09
6142,6151,Delivered,2023-05-30,2023-06-01
6143,6203,Delivered,2023-06-03,2023-06-07
6144,7376,Delivered,2024-04-12,2024-04-18
6145,7586,In Transit,2026-05-27,
6146,9436,Failed,2026-06-04,
6147,3544,Failed,2024-07-08,
6148,3252,Delivered,2025-06-08,2025-06-18
6149,8748,Delivered,2025-09-21,2025-09-24
6150,2744,Delivered,2026-04-15,2026-04-18
6151,2426,Delivered,2023-01-29,2023-02-04
6152,4143,Delivered,2024-07-21,2024-07-29
6153,2191,Delayed,2025-10-27,2025-11-02
6154,4584,Delivered,2024-06-30,2024-07-03
6155,2208,Delivered,2024-01-25,2024-02-03
6156,7077,Failed,2026-02-10,
6157,4992,Delivered,2023-05-25,2023-05-26
6158,89,Delivered,2023-08-21,2023-08-24
6159,3445,Delivered,2023-04-13,2023-04-14
6160,3505,Delivered,2023-11-15,2023-11-21
6161,2254,In Transit,2023-12-08,
6162,6276,Delivered,2024-12-01,2024-12-02
6163,9904,In Transit,2024-11-07,
6164,9720,Delivered,2026-02-25,2026-03-06
6165,6731,Delivered,2025-05-08,2025-05-11
6166,2335,Delivered,2026-02-23,2026-02-24
6167,6201,Delivered,2025-10-20,2025-10-23
6168,3779,In Transit,2024-09-06,
6169,9273,Failed,2025-10-07,
6170,5347,Delayed,2025-07-25,2025-08-03
6171,3852,Delivered,2025-09-18,2025-09-19
6172,8117,Delivered,2025-10-11,2025-10-21
6173,6087,Delivered,2025-12-05,2025-12-15
6174,4954,Delivered,2024-12-11,2024-12-15
6175,7619,Delivered,2025-05-19,2025-05-28
6176,6964,In Transit,2026-02-26,
6177,3616,Delivered,2025-02-14,2025-02-22
6178,4522,Delivered,2024-02-17,2024-02-20
6179,5784,In Transit,2026-06-30,
6180,4354,In Transit,2024-11-30,
6181,8727,Delivered,2023-09-08,2023-09-18
6182,5276,Delivered,2025-11-06,2025-11-13
6183,5019,Delivered,2023-06-02,2023-06-04
6184,6639,Delivered,2024-02-17,2024-02-27
6185,4715,Delivered,2023-03-06,2023-03-13
6186,5472,Delivered,2024-09-23,2024-10-03
6187,8765,Delivered,2023-12-28,2024-01-07
6188,3886,Delivered,2024-03-22,2024-03-25
6189,4801,Delivered,2024-11-09,2024-11-19
6190,7584,Delivered,2026-01-03,2026-01-05
6191,2297,In Transit,2024-09-18,
6192,4841,Delivered,2026-01-28,2026-01-31
6193,2238,Delayed,2024-09-23,2024-09-27
6194,6630,Delivered,2026-04-08,2026-04-12
6195,3523,Delivered,2025-03-01,2025-03-11
6196,3097,Delivered,2026-05-14,2026-05-22
6197,8869,Failed,2024-03-18,
6198,2062,Delivered,2025-04-12,2025-04-16
6199,8721,Delivered,2026-04-15,2026-04-16
6200,4139,Delivered,2024-11-17,2024-11-26
6201,8568,Delivered,2024-01-04,2024-01-13
6202,4728,Delivered,2023-07-24,2023-07-26
6203,6206,Delivered,2026-01-23,2026-01-28
6204,4969,Delivered,2024-11-26,2024-12-01
6205,316,Failed,2023-12-14,
6206,6741,Delivered,2026-03-21,2026-03-28
6207,3464,Delivered,2024-04-01,2024-04-02
6208,2486,Delayed,2024-04-29,2024-05-06
6209,3597,Delivered,2025-01-31,2025-02-10
6210,2133,Delivered,2026-01-25,2026-01-31
6211,263,Delivered,2023-02-16,2023-02-21
6212,8189,In Transit,2026-06-05,
6213,3325,Delivered,2025-07-27,2025-07-29
6214,8631,Delivered,2026-06-01,2026-06-03
6215,1075,Delivered,2023-06-28,2023-07-02
6216,5173,Delivered,2024-02-23,2024-03-04
6217,9250,Delivered,2025-06-04,2025-06-10
6218,6517,Delivered,2026-03-01,2026-03-05
6219,9636,Delivered,2024-03-04,2024-03-11
6220,3926,Delivered,2023-12-27,2023-12-29
6221,8630,Delayed,2025-05-10,2025-05-16
6222,8509,Delivered,2024-01-06,2024-01-14
6223,3009,Delivered,2024-11-09,2024-11-15
6224,2861,Delivered,2023-03-04,2023-03-09
6225,3555,Delivered,2023-06-26,2023-06-30
6226,5196,Delivered,2023-03-11,2023-03-21
6227,7076,Delivered,2025-10-08,2025-10-10
6228,7483,Delivered,2026-06-06,2026-06-10
6229,4488,Delivered,2024-09-21,2024-09-24
6230,7924,Delivered,2024-10-09,2024-10-16
6231,393,Delivered,2025-09-23,2025-09-27
6232,2152,Delivered,2023-08-16,2023-08-19
6233,9219,Delivered,2026-01-12,2026-01-13
6234,1927,Delivered,2025-02-23,2025-03-05
6235,5934,In Transit,2025-04-05,
6236,904,In Transit,2023-08-13,
6237,7216,Delivered,2023-02-25,2023-02-27
6238,4920,Delivered,2026-01-11,2026-01-12
6239,6557,Delivered,2025-02-28,2025-03-07
6240,7201,In Transit,2025-04-12,
6241,4593,Delivered,2023-02-27,2023-02-28
6242,7408,Delayed,2025-04-26,2025-04-29
6243,7098,Delivered,2025-09-07,2025-09-17
6244,160,Delivered,2025-05-23,2025-05-25
6245,3432,Delivered,2023-06-24,2023-06-28
6246,1560,Failed,2026-03-06,
6247,4692,Delivered,2025-01-13,2025-01-23
6248,6845,Delayed,2023-02-26,2023-02-28
6249,6527,Delivered,2023-09-25,2023-09-29
6250,702,Delivered,2025-07-03,2025-07-12
6251,5702,In Transit,2023-01-24,
6252,9380,Delivered,2024-11-14,2024-11-20
6253,9046,Delivered,2025-12-28,2026-01-01
6254,8023,Delivered,2025-04-30,2025-05-01
6255,4611,Delivered,2026-03-04,2026-03-10
6256,3995,Delivered,2025-07-10,2025-07-12
6257,741,Delivered,2024-02-05,2024-02-13
6258,2134,Delivered,2025-09-04,2025-09-14
6259,1987,Delivered,2023-11-11,2023-11-17
6260,9697,Delivered,2026-05-09,2026-05-18
6261,1470,Delivered,2025-06-22,2025-06-24
6262,2055,Delivered,2024-07-13,2024-07-17
6263,5522,Delivered,2025-07-16,2025-07-22
6264,323,In Transit,2025-01-14,
6265,7782,Delivered,2024-10-15,2024-10-22
6266,7286,Delivered,2023-08-13,2023-08-18
6267,6051,Delivered,2024-06-04,2024-06-10
6268,3451,Delivered,2025-11-14,2025-11-22
6269,645,Delivered,2024-03-01,2024-03-06
6270,4274,Delivered,2023-01-06,2023-01-12
6271,2923,Delivered,2025-01-27,2025-02-06
6272,3386,Delivered,2024-05-26,2024-05-28
6273,5999,Delivered,2024-08-07,2024-08-14
6274,1979,Delivered,2025-12-19,2025-12-21
6275,6786,Delivered,2026-01-21,2026-01-25
6276,8293,Delivered,2024-10-14,2024-10-16
6277,1285,Failed,2023-08-27,
6278,8044,Delivered,2024-03-26,2024-04-05
6279,920,Delivered,2025-07-02,2025-07-05
6280,9745,Delivered,2026-02-28,2026-03-07
6281,4556,Delivered,2024-06-17,2024-06-26
6282,3214,Delivered,2026-05-19,2026-05-23
6283,6365,Delivered,2024-02-20,2024-02-26
6284,2752,Delayed,2026-03-14,2026-03-21
6285,5316,Delivered,2024-02-06,2024-02-11
6286,4879,Delivered,2023-12-29,2024-01-02
6287,4964,Delivered,2023-12-10,2023-12-16
6288,3345,Failed,2023-08-11,
6289,3296,Delivered,2025-02-15,2025-02-25
6290,5059,Delivered,2024-05-06,2024-05-16
6291,7194,In Transit,2024-10-24,
6292,6821,Delivered,2026-03-24,2026-03-28
6293,2768,Delivered,2025-08-07,2025-08-09
6294,5370,Delivered,2024-11-29,2024-12-06
6295,6414,Delivered,2023-03-02,2023-03-08
6296,6919,Delivered,2025-08-03,2025-08-05
6297,5855,Delivered,2023-08-28,2023-09-03
6298,6747,Delivered,2023-01-21,2023-01-23
6299,1314,Delivered,2025-04-12,2025-04-19
6300,2420,Delivered,2025-09-17,2025-09-25
6301,9805,Delivered,2025-10-09,2025-10-15
6302,1276,Failed,2024-01-31,
6303,414,Delivered,2024-03-04,2024-03-05
6304,5160,Delivered,2025-11-01,2025-11-06
6305,6984,Delivered,2023-10-07,2023-10-08
6306,2221,Delivered,2023-08-11,2023-08-13
6307,9519,Delivered,2024-07-10,2024-07-12
6308,5037,Delivered,2024-02-25,2024-02-29
6309,5395,Delivered,2024-02-08,2024-02-14
6310,7820,In Transit,2023-07-28,
6311,2064,Delivered,2024-07-12,2024-07-17
6312,480,Failed,2024-07-20,
6313,9064,Delivered,2023-09-28,2023-10-01
6314,4115,In Transit,2025-09-16,
6315,4719,Delivered,2024-06-06,2024-06-08
6316,7730,Delivered,2025-05-07,2025-05-09
6317,6132,Delivered,2024-03-19,2024-03-22
6318,2787,Failed,2023-01-26,
6319,4934,Delivered,2024-11-15,2024-11-19
6320,2504,Delivered,2023-02-05,2023-02-12
6321,1762,Failed,2023-02-01,
6322,4622,Delivered,2024-05-13,2024-05-22
6323,8656,Delivered,2023-01-15,2023-01-20
6324,4543,Delivered,2023-09-18,2023-09-23
6325,1120,Delivered,2026-04-04,2026-04-14
6326,4687,Delivered,2025-03-14,2025-03-19
6327,5878,Delivered,2023-01-21,2023-01-28
6328,5581,In Transit,2024-03-22,
6329,1376,Delivered,2026-03-15,2026-03-20
6330,5224,Delivered,2024-08-18,2024-08-23
6331,8006,Delivered,2023-04-22,2023-04-28
6332,7389,Delivered,2023-01-28,2023-02-05
6333,1938,Delivered,2023-11-09,2023-11-13
6334,1708,Delayed,2023-03-30,2023-04-06
6335,2872,Delivered,2024-11-18,2024-11-24
6336,2023,Delivered,2025-03-23,2025-03-25
6337,9527,Delivered,2025-09-25,2025-10-01
6338,1379,Delivered,2024-08-14,2024-08-16
6339,4027,Delivered,2025-09-26,2025-10-04
6340,2247,In Transit,2026-06-20,
6341,3374,Delivered,2023-05-03,2023-05-05
6342,1727,Delivered,2025-07-12,2025-07-15
6343,2080,Delivered,2026-02-25,2026-03-01
6344,3923,Delivered,2023-06-08,2023-06-18
6345,8112,Delivered,2024-11-28,2024-12-07
6346,8135,Delivered,2023-06-22,2023-06-30
6347,6352,Delivered,2023-07-21,2023-07-25
6348,5791,Delivered,2026-03-24,2026-03-26
6349,4087,Delivered,2025-02-19,2025-02-24
6350,809,Delivered,2025-10-09,2025-10-13
6351,1112,In Transit,2025-12-07,
6352,7404,Delivered,2026-04-08,2026-04-10
6353,8268,In Transit,2025-09-11,
6354,6908,Delivered,2024-07-11,2024-07-20
6355,5529,Delivered,2023-04-22,2023-04-29
6356,7834,Delivered,2026-03-30,2026-04-01
6357,5828,Failed,2023-06-11,
6358,6374,Failed,2023-12-12,
6359,9263,Delivered,2025-01-27,2025-02-04
6360,9171,Delivered,2025-08-24,2025-09-03
6361,3668,In Transit,2023-10-16,
6362,1485,Delayed,2025-06-20,2025-06-21
6363,4650,Delivered,2024-10-11,2024-10-17
6364,4588,Delivered,2025-04-11,2025-04-16
6365,5170,Failed,2023-12-08,
6366,8950,Delivered,2023-05-14,2023-05-15
6367,9085,Delivered,2023-04-24,2023-04-26
6368,5592,Delivered,2025-05-16,2025-05-17
6369,4377,Delivered,2025-08-22,2025-08-28
6370,1250,Delivered,2026-05-02,2026-05-11
6371,1519,Delivered,2025-12-03,2025-12-08
6372,5879,Delivered,2024-06-03,2024-06-13
6373,870,Delivered,2023-05-21,2023-05-31
6374,5110,Delivered,2024-04-19,2024-04-26
6375,882,Delivered,2024-12-01,2024-12-07
6376,3716,Delayed,2024-07-31,2024-08-06
6377,9629,Delivered,2023-12-06,2023-12-13
6378,9386,Delivered,2023-11-06,2023-11-11
6379,9050,Delivered,2023-03-18,2023-03-22
6380,282,Delivered,2025-08-16,2025-08-21
6381,5902,Delivered,2026-05-02,2026-05-09
6382,1157,Delivered,2025-06-23,2025-06-26
6383,7242,Delivered,2025-11-23,2025-11-27
6384,7843,Delivered,2023-09-21,2023-09-24
6385,1434,In Transit,2026-04-13,
6386,6418,Delivered,2024-12-18,2024-12-26
6387,4258,In Transit,2024-08-09,
6388,787,Delivered,2023-01-01,2023-01-09
6389,8717,Delivered,2024-03-19,2024-03-26
6390,5209,In Transit,2025-08-23,
6391,4436,Delivered,2023-05-17,2023-05-25
6392,2986,Delivered,2023-01-06,2023-01-08
6393,3720,Delivered,2026-01-26,2026-01-29
6394,5462,Delivered,2025-01-21,2025-01-31
6395,9863,Delivered,2024-04-01,2024-04-11
6396,5176,Delivered,2023-01-03,2023-01-07
6397,4494,Delivered,2023-03-21,2023-03-31
6398,3517,Delivered,2023-07-15,2023-07-17
6399,8685,Delivered,2023-02-01,2023-02-10
6400,4562,Delivered,2023-09-09,2023-09-16
6401,4817,In Transit,2025-09-25,
6402,8317,Delivered,2023-05-14,2023-05-15
6403,745,In Transit,2025-01-25,
6404,7898,Delivered,2024-10-12,2024-10-17
6405,6002,Delivered,2024-06-09,2024-06-13
6406,9298,Delivered,2025-08-29,2025-09-04
6407,111,Failed,2023-06-24,
6408,9284,In Transit,2023-11-17,
6409,115,Delivered,2025-05-23,2025-05-29
6410,5794,In Transit,2025-03-17,
6411,4215,Delivered,2023-07-30,2023-08-02
6412,3518,Delivered,2025-03-05,2025-03-11
6413,3293,Delivered,2023-10-17,2023-10-20
6414,3559,Delivered,2024-01-21,2024-01-26
6415,2637,Delivered,2023-01-25,2023-02-03
6416,5349,Delivered,2024-12-16,2024-12-25
6417,8300,Delayed,2024-06-30,2024-07-01
6418,51,Delivered,2023-04-05,2023-04-10
6419,13,Delivered,2024-04-13,2024-04-19
6420,9710,Delivered,2026-06-04,2026-06-05
6421,9818,In Transit,2023-11-25,
6422,8877,Delivered,2025-07-12,2025-07-20
6423,2958,Delivered,2023-11-27,2023-12-06
6424,2382,In Transit,2024-08-27,
6425,2860,Delivered,2024-08-29,2024-09-08
6426,5465,Delivered,2026-04-13,2026-04-15
6427,1349,Delivered,2025-02-11,2025-02-13
6428,1526,In Transit,2023-01-05,
6429,1643,Delivered,2026-01-26,2026-02-04
6430,7798,Delivered,2025-04-30,2025-05-08
6431,4472,Delivered,2023-06-30,2023-07-08
6432,2260,Delivered,2026-02-16,2026-02-18
6433,4116,Delivered,2023-06-15,2023-06-22
6434,1928,Delivered,2023-06-22,2023-06-28
6435,7989,Delivered,2024-09-09,2024-09-15
6436,5617,Delivered,2025-01-09,2025-01-12
6437,569,Delivered,2026-04-25,2026-04-26
6438,3805,Delayed,2023-07-19,2023-07-25
6439,3135,Delivered,2025-06-07,2025-06-15
6440,471,Delivered,2025-09-05,2025-09-12
6441,2736,Delivered,2026-02-17,2026-02-23
6442,5688,Delivered,2025-04-21,2025-04-26
6443,9285,Delayed,2023-12-21,2023-12-31
6444,9830,Delivered,2025-06-24,2025-07-04
6445,548,Delivered,2025-01-06,2025-01-12
6446,2547,Delivered,2023-06-29,2023-07-06
6447,5437,Delivered,2023-09-07,2023-09-08
6448,3438,Delivered,2025-04-06,2025-04-09
6449,2732,Delivered,2026-01-11,2026-01-14
6450,512,Delivered,2023-07-06,2023-07-09
6451,7156,Delivered,2023-04-14,2023-04-18
6452,2824,Delivered,2024-10-25,2024-10-26
6453,2223,Delivered,2026-06-02,2026-06-12
6454,1593,Delivered,2024-04-29,2024-05-08
6455,2364,Delivered,2025-12-31,2026-01-05
6456,3868,Delivered,2024-02-14,2024-02-20
6457,7343,Delayed,2024-05-26,2024-06-02
6458,9445,Delivered,2024-09-11,2024-09-12
6459,8690,Delivered,2025-05-11,2025-05-13
6460,3685,Delivered,2024-10-23,2024-10-27
6461,7452,Delivered,2025-05-15,2025-05-24
6462,675,Delayed,2025-08-22,2025-08-31
6463,2617,Delivered,2024-10-22,2024-10-31
6464,1710,Delivered,2024-10-27,2024-11-02
6465,1180,Delivered,2025-12-24,2025-12-31
6466,6064,Delivered,2026-07-01,2026-07-05
6467,4948,In Transit,2024-08-08,
6468,8535,Delivered,2024-03-28,2024-04-05
6469,7290,Delayed,2025-06-24,2025-06-25
6470,1054,Delivered,2024-04-02,2024-04-09
6471,5680,Delivered,2023-07-01,2023-07-05
6472,2979,Delivered,2024-07-27,2024-08-03
6473,897,Delivered,2025-02-09,2025-02-14
6474,4147,In Transit,2024-11-17,
6475,4674,In Transit,2025-09-15,
6476,2978,Delivered,2023-01-15,2023-01-20
6477,6480,Delivered,2026-05-26,2026-06-03
6478,5746,Delivered,2023-07-15,2023-07-21
6479,9559,Delivered,2024-07-12,2024-07-21
6480,2381,In Transit,2025-02-13,
6481,7733,Delivered,2024-06-21,2024-06-26
6482,674,Delivered,2023-01-22,2023-01-23
6483,3775,In Transit,2025-01-29,
6484,7717,Delayed,2023-06-09,2023-06-14
6485,6840,Delayed,2024-04-07,2024-04-08
6486,3210,Delivered,2023-02-15,2023-02-16
6487,3327,Delivered,2024-08-09,2024-08-18
6488,6464,In Transit,2025-02-27,
6489,8067,Delivered,2023-08-25,2023-08-29
6490,7915,Delivered,2023-03-09,2023-03-18
6491,1895,Delivered,2023-12-09,2023-12-19
6492,1960,Delivered,2025-03-31,2025-04-05
6493,9302,Delivered,2025-06-11,2025-06-14
6494,8321,Delivered,2024-04-05,2024-04-13
6495,3021,Delivered,2023-05-07,2023-05-13
6496,5876,In Transit,2024-05-30,
6497,1534,Delivered,2024-04-17,2024-04-26
6498,296,Delivered,2025-04-20,2025-04-24
6499,6699,Delivered,2024-05-17,2024-05-21
6500,8759,Delivered,2025-01-03,2025-01-13
6501,9576,Delivered,2024-06-07,2024-06-12
6502,1373,Delivered,2023-02-01,2023-02-06
6503,6754,Delivered,2025-01-07,2025-01-15
6504,2102,Delivered,2024-08-31,2024-09-07
6505,6193,Delivered,2025-12-14,2025-12-18
6506,1453,Delayed,2023-09-23,2023-09-27
6507,2758,In Transit,2026-06-14,
6508,3765,In Transit,2024-09-28,
6509,8736,In Transit,2024-10-23,
6510,7337,Delivered,2023-06-05,2023-06-13
6511,7273,Delivered,2024-06-20,2024-06-25
6512,7522,Delivered,2025-05-18,2025-05-20
6513,2314,Delivered,2023-05-21,2023-05-29
6514,2027,In Transit,2025-04-03,
6515,5588,Delivered,2025-10-31,2025-11-06
6516,6603,Delivered,2023-05-18,2023-05-25
6517,5169,Delivered,2026-02-13,2026-02-19
6518,5907,Delivered,2026-03-07,2026-03-16
6519,489,Delivered,2025-06-07,2025-06-17
6520,8581,Delivered,2023-04-06,2023-04-09
6521,4104,Delivered,2026-05-28,2026-05-31
6522,9009,Delivered,2023-07-08,2023-07-17
6523,7519,Delivered,2024-05-26,2024-05-29
6524,335,Delivered,2023-09-04,2023-09-13
6525,1792,In Transit,2024-01-11,
6526,8441,Delayed,2023-09-02,2023-09-08
6527,9154,Delivered,2025-10-27,2025-10-28
6528,2718,Delivered,2024-07-15,2024-07-23
6529,3674,Delivered,2025-04-19,2025-04-24
6530,4020,In Transit,2026-04-12,
6531,6023,Delivered,2025-06-17,2025-06-22
6532,5100,Delivered,2023-08-16,2023-08-26
6533,5643,Delayed,2025-12-27,2025-12-31
6534,4238,In Transit,2025-10-05,
6535,1267,Delivered,2023-10-13,2023-10-14
6536,8616,Delivered,2024-12-18,2024-12-25
6537,664,Delivered,2023-05-25,2023-06-01
6538,1461,Delivered,2026-02-09,2026-02-10
6539,4409,Delayed,2024-11-17,2024-11-18
6540,8224,Delivered,2025-01-30,2025-02-08
6541,2341,Delivered,2026-06-03,2026-06-13
6542,4008,In Transit,2024-09-24,
6543,2201,Delivered,2025-07-03,2025-07-07
6544,8541,Delivered,2024-05-12,2024-05-17
6545,9243,Delivered,2023-05-28,2023-06-02
6546,7449,Delivered,2025-05-18,2025-05-21
6547,8295,Delivered,2026-03-02,2026-03-11
6548,1767,Delivered,2026-03-15,2026-03-23
6549,30,Delivered,2025-10-29,2025-11-01
6550,194,Delivered,2024-01-29,2024-02-04
6551,104,Delivered,2025-03-24,2025-03-29
6552,8845,Delivered,2023-03-23,2023-04-02
6553,8823,Delivered,2025-01-22,2025-02-01
6554,3540,Delivered,2025-07-30,2025-08-09
6555,6264,Delivered,2024-10-28,2024-11-02
6556,7432,Delivered,2024-01-30,2024-02-05
6557,9141,Delivered,2024-03-17,2024-03-21
6558,4405,Delayed,2026-05-03,2026-05-11
6559,6243,Delivered,2025-10-01,2025-10-03
6560,6723,In Transit,2023-08-31,
6561,9123,In Transit,2025-11-13,
6562,143,Delivered,2023-10-05,2023-10-10
6563,7193,Delivered,2023-03-26,2023-04-01
6564,9422,Delivered,2023-08-20,2023-08-27
6565,2475,Delivered,2023-03-25,2023-03-27
6566,826,Delivered,2023-02-18,2023-02-27
6567,1555,In Transit,2024-02-05,
6568,7099,Delivered,2024-01-12,2024-01-14
6569,7560,Delivered,2026-03-26,2026-03-29
6570,4558,Delivered,2024-04-28,2024-05-06
6571,8695,Delivered,2023-02-23,2023-03-05
6572,8489,Delivered,2024-10-06,2024-10-16
6573,3067,Delayed,2023-12-10,2023-12-13
6574,6945,In Transit,2024-06-13,
6575,7397,Delivered,2024-11-02,2024-11-11
6576,9129,In Transit,2024-07-30,
6577,1897,Delivered,2026-05-21,2026-05-31
6578,8512,Delivered,2024-05-24,2024-06-03
6579,6958,Delivered,2025-06-23,2025-06-26
6580,5402,Delivered,2025-03-26,2025-03-27
6581,2811,Delivered,2024-04-12,2024-04-16
6582,6745,In Transit,2024-08-10,
6583,5191,Delivered,2023-10-01,2023-10-10
6584,5871,Delivered,2026-02-22,2026-02-27
6585,4838,Delivered,2025-06-29,2025-07-05
6586,2740,Delivered,2025-12-17,2025-12-21
6587,8074,Delivered,2023-04-27,2023-04-29
6588,2807,Delivered,2023-08-16,2023-08-21
6589,482,Delayed,2025-08-22,2025-08-31
6590,4893,In Transit,2025-05-20,
6591,5487,Delivered,2024-02-07,2024-02-13
6592,5360,Delivered,2023-10-03,2023-10-06
6593,325,Delayed,2024-08-26,2024-08-29
6594,4743,Delivered,2023-09-28,2023-10-05
6595,806,Delivered,2025-02-01,2025-02-11
6596,8089,Delivered,2025-05-26,2025-05-30
6597,3132,Delayed,2026-03-22,2026-03-24
6598,6556,Delivered,2025-06-04,2025-06-08
6599,7616,Delivered,2025-08-22,2025-08-24
6600,9363,Delivered,2026-06-28,2026-07-06
6601,6535,Delivered,2023-04-12,2023-04-20
6602,6634,Delivered,2023-03-03,2023-03-04
6603,1606,Delivered,2023-06-26,2023-06-29
6604,7198,Delivered,2024-08-18,2024-08-25
6605,338,Delivered,2023-03-12,2023-03-22
6606,5584,Delivered,2024-11-03,2024-11-13
6607,6119,Delivered,2023-10-06,2023-10-12
6608,4387,Delayed,2025-07-08,2025-07-13
6609,5219,Delivered,2025-02-28,2025-03-01
6610,101,Delivered,2023-02-15,2023-02-24
6611,1769,Delivered,2023-10-01,2023-10-08
6612,2121,In Transit,2023-05-19,
6613,3391,Delivered,2025-10-14,2025-10-21
6614,5499,Delivered,2023-12-14,2023-12-24
6615,8395,Failed,2026-06-15,
6616,1949,Delayed,2024-07-01,2024-07-11
6617,3110,Delivered,2023-04-19,2023-04-23
6618,6268,Delivered,2023-11-17,2023-11-24
6619,5992,Delivered,2025-05-27,2025-05-31
6620,4843,Delivered,2023-02-23,2023-03-04
6621,4282,Failed,2026-04-21,
6622,700,Delivered,2023-05-09,2023-05-16
6623,5789,Delivered,2026-03-31,2026-04-09
6624,8589,Failed,2024-03-22,
6625,84,Delayed,2025-05-09,2025-05-16
6626,1901,Delivered,2023-12-14,2023-12-22
6627,3982,Delivered,2023-10-18,2023-10-24
6628,5783,Delivered,2025-10-22,2025-10-25
6629,965,Delivered,2023-10-15,2023-10-17
6630,3019,Delivered,2023-07-07,2023-07-15
6631,6053,Delivered,2026-06-13,2026-06-23
6632,1148,Delivered,2025-05-20,2025-05-24
6633,1063,Delayed,2024-06-13,2024-06-18
6634,2269,Delayed,2026-03-05,2026-03-12
6635,4912,Delivered,2024-03-06,2024-03-10
6636,8607,Delivered,2025-08-10,2025-08-15
6637,2471,Delivered,2025-04-07,2025-04-11
6638,7268,In Transit,2025-03-20,
6639,2870,Delivered,2024-07-28,2024-08-03
6640,7180,Delayed,2025-03-09,2025-03-15
6641,4449,Delivered,2024-10-28,2024-11-05
6642,3771,Delivered,2024-08-22,2024-08-31
6643,3825,Delivered,2024-09-17,2024-09-27
6644,5247,In Transit,2024-10-19,
6645,1636,Delivered,2023-02-17,2023-02-26
6646,8906,Delivered,2026-02-12,2026-02-19
6647,6378,Delivered,2024-10-17,2024-10-26
6648,8247,Delivered,2025-05-25,2025-06-01
6649,6482,Delivered,2023-05-19,2023-05-20
6650,2347,Delivered,2024-12-03,2024-12-12
6651,924,Delivered,2024-12-03,2024-12-06
6652,4315,Delivered,2025-07-20,2025-07-24
6653,3506,Delivered,2025-11-27,2025-12-05
6654,3441,Delivered,2023-02-13,2023-02-20
6655,8994,Delivered,2025-03-13,2025-03-15
6656,5317,In Transit,2023-03-29,
6657,1324,Delivered,2023-01-17,2023-01-24
6658,5045,Delivered,2023-07-10,2023-07-15
6659,3142,Delivered,2025-01-13,2025-01-18
6660,3369,Delivered,2024-06-14,2024-06-17
6661,4247,Delivered,2024-05-01,2024-05-08
6662,3290,Delivered,2023-08-03,2023-08-04
6663,7187,Delivered,2025-09-05,2025-09-12
6664,2853,Delivered,2025-11-15,2025-11-22
6665,2404,Delivered,2026-04-27,2026-05-06
6666,5644,Delivered,2025-07-10,2025-07-12
6667,8524,Delivered,2023-09-22,2023-09-23
6668,394,Delivered,2025-02-04,2025-02-14
6669,7296,Delivered,2024-03-28,2024-03-29
6670,587,In Transit,2025-06-08,
6671,150,In Transit,2026-04-13,
6672,8209,Delivered,2025-09-22,2025-09-26
6673,8884,Delivered,2023-10-25,2023-10-30
6674,28,Delivered,2023-03-11,2023-03-19
6675,8793,Delivered,2025-07-05,2025-07-08
6676,1665,Delivered,2024-11-03,2024-11-08
6677,6156,Delivered,2024-07-12,2024-07-18
6678,8068,Delivered,2025-02-28,2025-03-04
6679,3028,Failed,2024-09-09,
6680,1511,Delivered,2023-04-20,2023-04-30
6681,3494,Delivered,2025-07-13,2025-07-14
6682,9980,In Transit,2025-08-30,
6683,890,Delivered,2024-01-28,2024-01-31
6684,2267,Delivered,2026-04-27,2026-05-07
6685,8856,Delivered,2024-08-13,2024-08-19
6686,9967,Delivered,2025-07-06,2025-07-09
6687,280,Delayed,2026-02-25,2026-03-01
6688,36,Delivered,2024-05-08,2024-05-18
6689,2593,Delivered,2025-03-22,2025-03-28
6690,3625,In Transit,2026-04-18,
6691,3316,Delivered,2025-08-27,2025-09-05
6692,8879,Delayed,2023-05-15,2023-05-19
6693,7885,Delivered,2024-11-16,2024-11-24
6694,9979,Delivered,2024-09-29,2024-10-04
6695,6758,Delivered,2024-02-21,2024-02-22
6696,3744,Delivered,2026-03-25,2026-03-31
6697,1361,Delivered,2026-05-28,2026-06-06
6698,6208,Delivered,2025-05-18,2025-05-21
6699,2469,Delivered,2023-03-08,2023-03-14
6700,3695,Delivered,2024-06-23,2024-06-27
6701,1287,Delivered,2024-05-01,2024-05-11
6702,5560,In Transit,2025-10-08,
6703,1776,Delivered,2023-06-04,2023-06-14
6704,9349,Delivered,2026-02-09,2026-02-18
6705,4487,Delivered,2025-05-10,2025-05-19
6706,1175,Delivered,2025-08-31,2025-09-01
6707,8389,Delivered,2025-04-23,2025-05-03
6708,968,Delayed,2025-02-02,2025-02-06
6709,9427,Delivered,2025-01-16,2025-01-21
6710,6228,Delivered,2024-03-22,2024-03-30
6711,3935,Delivered,2024-01-28,2024-02-06
6712,3419,Delivered,2023-08-25,2023-08-30
6713,8529,Delivered,2024-07-13,2024-07-20
6714,1997,Delivered,2026-06-17,2026-06-19
6715,6518,Delivered,2025-03-27,2025-04-05
6716,8123,Failed,2025-02-04,
6717,5536,Delivered,2025-12-17,2025-12-25
6718,3830,Delivered,2025-10-23,2025-10-26
6719,2912,Delivered,2024-03-24,2024-04-01
6720,9588,In Transit,2026-01-15,
6721,6847,Delivered,2023-04-17,2023-04-22
6722,4398,Delivered,2023-08-08,2023-08-12
6723,3309,Delivered,2024-07-22,2024-07-23
6724,9963,Delivered,2023-07-10,2023-07-15
6725,2645,Delivered,2024-11-17,2024-11-22
6726,7258,Delivered,2023-08-24,2023-08-30
6727,6171,Delivered,2023-10-07,2023-10-13
6728,331,Delivered,2024-10-07,2024-10-12
6729,2561,Delivered,2024-01-19,2024-01-22
6730,9875,Delivered,2024-03-09,2024-03-14
6731,3621,Delivered,2023-09-21,2023-09-27
6732,4970,Delivered,2025-02-14,2025-02-16
6733,716,In Transit,2024-09-13,
6734,6550,Delivered,2024-02-23,2024-02-24
6735,1036,Delivered,2026-03-09,2026-03-11
6736,4149,Delivered,2025-06-12,2025-06-19
6737,9239,Delayed,2024-12-30,2025-01-05
6738,5297,Delayed,2025-04-04,2025-04-13
6739,7431,Delivered,2023-04-20,2023-04-28
6740,5988,Delivered,2024-09-27,2024-09-28
6741,3562,Delivered,2025-03-14,2025-03-22
6742,5625,Delayed,2025-09-20,2025-09-26
6743,3671,Delivered,2023-02-28,2023-03-05
6744,6950,Delivered,2023-08-24,2023-08-27
6745,3840,Delivered,2023-05-28,2023-06-01
6746,5351,Delivered,2023-10-23,2023-10-26
6747,721,Delivered,2023-01-30,2023-02-02
6748,7377,Delivered,2023-11-09,2023-11-16
6749,875,Delivered,2025-03-12,2025-03-18
6750,2903,Delivered,2025-06-09,2025-06-16
6751,4824,Delivered,2025-02-07,2025-02-11
6752,5419,Delivered,2024-02-26,2024-02-28
6753,374,Delivered,2024-06-11,2024-06-21
6754,936,Delivered,2023-03-18,2023-03-26
6755,9718,Delivered,2024-09-19,2024-09-29
6756,5080,Delivered,2025-10-02,2025-10-03
6757,3558,In Transit,2024-07-28,
6758,5768,Delivered,2025-10-12,2025-10-18
6759,2880,Delivered,2025-07-09,2025-07-15
6760,6123,Delayed,2026-03-23,2026-03-26
6761,581,Delayed,2026-02-24,2026-02-27
6762,6627,Delivered,2025-04-28,2025-05-04
6763,1468,Delivered,2025-07-17,2025-07-21
6764,545,Delivered,2024-09-17,2024-09-23
6765,5638,Delivered,2024-08-07,2024-08-17
6766,7758,Delivered,2023-01-31,2023-02-02
6767,3515,Delivered,2024-02-21,2024-02-28
6768,641,Delivered,2023-10-18,2023-10-20
6769,7621,Delivered,2025-05-20,2025-05-30
6770,5065,Delivered,2023-11-11,2023-11-15
6771,2726,Delivered,2023-10-13,2023-10-18
6772,4360,Delivered,2025-12-03,2025-12-04
6773,5016,Failed,2024-10-05,
6774,8179,Delivered,2025-11-18,2025-11-26
6775,1596,Delivered,2023-06-24,2023-06-25
6776,1233,Delivered,2024-08-20,2024-08-24
6777,8730,In Transit,2026-03-26,
6778,5305,Delivered,2026-03-30,2026-04-08
6779,7895,Delivered,2024-06-03,2024-06-10
6780,6220,In Transit,2025-10-11,
6781,8668,Delivered,2024-05-29,2024-06-03
6782,3237,Delivered,2023-03-05,2023-03-06
6783,2595,Delivered,2025-02-25,2025-03-03
6784,886,Delivered,2025-09-30,2025-10-03
6785,4098,In Transit,2024-11-11,
6786,8353,Delivered,2023-05-02,2023-05-06
6787,617,Delivered,2023-05-25,2023-05-30
6788,8554,In Transit,2024-06-01,
6789,6500,Delivered,2025-08-19,2025-08-26
6790,725,Delivered,2023-02-09,2023-02-19
6791,8543,Delivered,2026-04-23,2026-04-29
6792,8256,Delivered,2023-12-17,2023-12-24
6793,1509,Delivered,2023-11-09,2023-11-15
6794,8083,Delayed,2024-04-01,2024-04-07
6795,3784,Delivered,2026-05-26,2026-05-28
6796,1860,Delivered,2025-09-06,2025-09-10
6797,2667,Delayed,2023-06-10,2023-06-14
6798,6142,Delivered,2025-10-13,2025-10-14
6799,3986,Delivered,2025-10-01,2025-10-06
6800,7901,Delivered,2026-03-21,2026-03-25
6801,1043,Delivered,2024-02-21,2024-02-26
6802,2259,Delayed,2025-01-07,2025-01-08
6803,6490,Delivered,2024-11-30,2024-12-07
6804,5199,Delivered,2025-08-11,2025-08-12
6805,7837,Delivered,2026-05-05,2026-05-09
6806,2184,Delivered,2025-02-04,2025-02-11
6807,3421,Delivered,2023-10-28,2023-10-30
6808,1416,Delivered,2024-02-02,2024-02-07
6809,3901,Delivered,2024-01-22,2024-01-25
6810,4351,Delivered,2025-04-01,2025-04-03
6811,3769,Delivered,2025-12-24,2025-12-31
6812,8634,Delivered,2023-02-07,2023-02-11
6813,4799,In Transit,2024-01-22,
6814,8688,Delivered,2026-06-22,2026-06-28
6815,52,In Transit,2025-04-17,
6816,6853,Delivered,2024-03-05,2024-03-09
6817,1564,Delivered,2024-02-15,2024-02-24
6818,7623,In Transit,2023-12-02,
6819,9704,In Transit,2024-12-09,
6820,7863,Delayed,2025-03-28,2025-04-03
6821,7384,Delivered,2025-09-02,2025-09-11
6822,6658,Delivered,2024-07-07,2024-07-15
6823,2900,Delivered,2026-01-30,2026-02-02
6824,634,In Transit,2025-04-14,
6825,7612,Delivered,2023-11-16,2023-11-25
6826,929,In Transit,2025-02-19,
6827,1594,Delivered,2026-03-19,2026-03-21
6828,9215,Delivered,2025-01-31,2025-02-06
6829,1065,Delivered,2023-12-05,2023-12-09
6830,6094,Delivered,2023-08-05,2023-08-08
6831,2391,Delivered,2024-06-25,2024-07-04
6832,2113,In Transit,2024-04-14,
6833,9613,Delivered,2024-07-12,2024-07-13
6834,8430,Delivered,2024-12-03,2024-12-11
6835,5350,Delayed,2023-10-20,2023-10-26
6836,6278,Delivered,2025-01-29,2025-02-05
6837,3286,Delivered,2023-04-23,2023-04-27
6838,5780,Delivered,2025-12-12,2025-12-21
6839,4272,Delivered,2025-09-16,2025-09-17
6840,6209,In Transit,2024-02-23,
6841,2669,Delivered,2024-03-19,2024-03-24
6842,5689,Delivered,2026-04-25,2026-04-30
6843,8598,Delivered,2023-06-15,2023-06-17
6844,4430,Delivered,2023-04-20,2023-04-24
6845,2636,Delivered,2023-04-06,2023-04-07
6846,8544,Delayed,2023-02-07,2023-02-09
6847,5331,Delivered,2025-11-07,2025-11-11
6848,7590,Failed,2023-12-18,
6849,9334,Delivered,2023-05-19,2023-05-27
6850,1796,Delivered,2026-02-27,2026-03-03
6851,9162,Delivered,2025-08-25,2025-09-04
6852,4426,Delivered,2024-12-27,2025-01-02
6853,1832,Delivered,2023-10-19,2023-10-20
6854,6609,Failed,2023-04-15,
6855,7614,Delivered,2024-05-16,2024-05-20
6856,7004,Delivered,2024-05-19,2024-05-27
6857,6035,Delivered,2024-02-27,2024-03-03
6858,3152,Delivered,2024-02-01,2024-02-04
6859,9677,Delivered,2025-01-14,2025-01-15
6860,291,Delivered,2026-01-04,2026-01-13
6861,3129,Delivered,2026-06-05,2026-06-11
6862,8620,Delivered,2025-10-04,2025-10-09
6863,2984,Delivered,2025-03-07,2025-03-15
6864,857,Delivered,2025-01-04,2025-01-12
6865,9222,Delivered,2025-04-08,2025-04-18
6866,6124,Delivered,2025-02-13,2025-02-20
6867,3425,Delivered,2025-08-10,2025-08-11
6868,1110,Delivered,2024-03-26,2024-03-30
6869,9057,Delivered,2024-02-23,2024-03-01
6870,419,Delivered,2024-01-29,2024-02-04
6871,1670,Delivered,2023-09-25,2023-09-29
6872,4683,Delivered,2024-02-07,2024-02-15
6873,3414,Delayed,2026-01-05,2026-01-09
6874,4537,Delivered,2024-07-25,2024-08-02
6875,7861,Delivered,2023-12-23,2023-12-26
6876,8434,Delivered,2023-05-31,2023-06-04
6877,1037,Delivered,2024-05-30,2024-06-04
6878,1131,Delivered,2023-05-08,2023-05-09
6879,7957,Delivered,2026-02-18,2026-02-22
6880,1395,Delivered,2023-03-22,2023-03-28
6881,4696,Delivered,2025-12-04,2025-12-11
6882,2611,Delivered,2025-04-08,2025-04-14
6883,7222,Delivered,2026-04-14,2026-04-18
6884,6707,Delivered,2026-05-16,2026-05-20
6885,9381,Delivered,2025-09-24,2025-10-01
6886,2097,Delivered,2026-02-11,2026-02-18
6887,2000,Failed,2026-05-20,
6888,6260,Delivered,2024-05-13,2024-05-14
6889,3548,Delivered,2023-05-19,2023-05-24
6890,8318,Delayed,2025-12-30,2026-01-05
6891,9397,Delayed,2023-03-15,2023-03-22
6892,8519,Delivered,2025-06-01,2025-06-03
6893,3721,Delivered,2025-10-10,2025-10-17
6894,7888,Delivered,2025-09-05,2025-09-08
6895,4154,Delivered,2026-03-27,2026-03-31
6896,9738,Delivered,2024-07-02,2024-07-04
6897,2200,Delivered,2026-03-12,2026-03-16
6898,87,Delivered,2025-09-21,2025-09-24
6899,6524,In Transit,2024-03-30,
6900,5971,Delivered,2023-08-08,2023-08-14
6901,650,Delivered,2023-07-20,2023-07-21
6902,1221,In Transit,2023-04-09,
6903,6670,Delayed,2024-11-03,2024-11-04
6904,3356,Delivered,2023-06-17,2023-06-25
6905,5011,Failed,2024-12-03,
6906,8603,Delivered,2026-02-10,2026-02-11
6907,7593,Delivered,2024-09-26,2024-10-01
6908,1645,Delivered,2024-07-10,2024-07-12
6909,3957,Delivered,2023-02-15,2023-02-19
6910,8878,Delivered,2024-01-09,2024-01-12
6911,8391,Delivered,2023-03-06,2023-03-10
6912,5626,Delivered,2026-06-11,2026-06-12
6913,7927,Delivered,2023-11-23,2023-12-02
6914,3918,Delayed,2024-08-08,2024-08-14
6915,8057,Delivered,2023-05-24,2023-05-28
6916,6568,Delivered,2026-05-20,2026-05-24
6917,6363,Delivered,2023-04-23,2023-05-01
6918,2117,Delivered,2023-11-10,2023-11-17
6919,9342,Delivered,2024-12-07,2024-12-13
6920,2893,Failed,2023-12-24,
6921,4118,In Transit,2024-06-10,
6922,2620,Delayed,2025-11-03,2025-11-05
6923,5141,Delivered,2023-04-07,2023-04-11
6924,5318,Delivered,2024-06-29,2024-07-08
6925,3467,Delayed,2025-12-13,2025-12-16
6926,3503,Delivered,2025-05-25,2025-06-03
6927,324,Delivered,2026-03-08,2026-03-12
6928,7375,Delivered,2026-06-16,2026-06-22
6929,5204,Delivered,2025-10-05,2025-10-12
6930,1520,Delivered,2023-12-29,2024-01-03
6931,1713,Delivered,2023-08-04,2023-08-05
6932,715,Delivered,2024-11-22,2024-11-26
6933,6515,In Transit,2024-10-29,
6934,1211,Delivered,2024-06-20,2024-06-22
6935,3116,Delivered,2024-02-19,2024-02-25
6936,8586,Failed,2024-10-20,
6937,7737,Delivered,2023-08-26,2023-09-03
6938,9043,Failed,2025-04-02,
6939,5527,Delivered,2025-08-31,2025-09-10
6940,8971,In Transit,2026-06-30,
6941,3938,Delivered,2025-12-15,2025-12-22
6942,4084,Delivered,2023-10-04,2023-10-14
6943,2715,Delivered,2026-06-29,2026-07-03
6944,894,In Transit,2024-02-25,
6945,1950,Delivered,2025-03-11,2025-03-18
6946,2376,Delivered,2025-01-02,2025-01-11
6947,3966,In Transit,2026-06-06,
6948,8889,Delivered,2026-03-10,2026-03-20
6949,8528,Delivered,2024-01-24,2024-02-01
6950,5053,Delivered,2023-07-13,2023-07-19
6951,4424,Delivered,2023-04-16,2023-04-19
6952,4443,Delivered,2025-06-05,2025-06-15
6953,7299,Delivered,2024-06-01,2024-06-10
6954,969,Delayed,2024-05-18,2024-05-20
6955,4526,Delivered,2023-04-29,2023-05-01
6956,7652,Delivered,2024-08-09,2024-08-19
6957,3764,Delivered,2023-06-01,2023-06-10
6958,9579,Delivered,2024-02-04,2024-02-05
6959,3297,Delivered,2026-06-12,2026-06-13
6960,511,Delivered,2024-04-14,2024-04-18
6961,9982,Delivered,2026-04-24,2026-05-04
6962,5163,In Transit,2025-11-23,
6963,2040,In Transit,2023-07-17,
6964,6915,Delivered,2026-03-25,2026-04-03
6965,6880,Delivered,2024-11-22,2024-11-26
6966,6794,Delivered,2025-06-09,2025-06-13
6967,4290,Delivered,2025-08-07,2025-08-16
6968,2629,Delayed,2025-09-15,2025-09-19
6969,8409,Delivered,2023-12-04,2023-12-06
6970,8026,Delivered,2023-03-05,2023-03-06
6971,7688,Delivered,2026-05-29,2026-05-31
6972,6667,Delivered,2025-01-19,2025-01-24
6973,6718,Delivered,2025-04-14,2025-04-18
6974,3607,Delivered,2023-05-06,2023-05-14
6975,197,Delivered,2023-12-30,2024-01-04
6976,455,Delivered,2024-11-23,2024-11-26
6977,4940,Delivered,2023-10-01,2023-10-09
6978,6236,Delayed,2023-01-30,2023-02-02
6979,7695,Delivered,2025-10-19,2025-10-29
6980,9639,In Transit,2024-12-28,
6981,5891,Delivered,2025-12-28,2026-01-04
6982,1346,Delivered,2023-12-04,2023-12-10
6983,2280,Delivered,2026-05-08,2026-05-11
6984,7743,Delivered,2024-09-05,2024-09-10
6985,339,Delivered,2025-11-05,2025-11-15
6986,5696,Failed,2025-08-28,
6987,3592,Delayed,2025-05-29,2025-06-07
6988,4625,Delivered,2025-09-16,2025-09-25
6989,1786,Delivered,2023-04-15,2023-04-18
6990,6223,Delivered,2025-07-22,2025-07-31
6991,7952,Delivered,2025-07-21,2025-07-29
6992,4703,Delivered,2025-03-24,2025-04-02
6993,6471,Delivered,2024-07-02,2024-07-05
6994,6605,Delivered,2026-02-17,2026-02-27
6995,8149,Delivered,2024-02-27,2024-02-29
6996,5379,Delivered,2023-09-20,2023-09-21
6997,8250,In Transit,2023-07-10,
6998,7886,Delayed,2023-07-22,2023-08-01
6999,887,In Transit,2023-05-09,
7000,3911,Delivered,2024-08-17,2024-08-24
7001,7306,In Transit,2025-09-21,
7002,9779,Delivered,2025-01-26,2025-01-30
7003,603,Delivered,2024-06-10,2024-06-20
7004,1584,Delivered,2023-12-23,2023-12-28
7005,5274,Failed,2026-01-11,
7006,6254,In Transit,2026-06-21,
7007,604,Delivered,2026-03-13,2026-03-22
7008,7922,Failed,2024-07-05,
7009,8641,Delivered,2025-10-18,2025-10-23
7010,411,Delivered,2023-12-01,2023-12-06
7011,125,Delivered,2026-04-30,2026-05-03
7012,9228,Delivered,2025-06-24,2025-06-26
7013,7409,Delivered,2025-01-04,2025-01-14
7014,9121,Delivered,2025-08-20,2025-08-24
7015,4394,Delivered,2024-11-20,2024-11-25
7016,4725,Delivered,2023-12-16,2023-12-23
7017,7189,Delivered,2025-11-24,2025-11-30
7018,3988,Delivered,2025-04-30,2025-05-10
7019,771,Delivered,2023-01-16,2023-01-17
7020,7869,Delivered,2026-06-02,2026-06-10
7021,8225,Delivered,2024-08-19,2024-08-23
7022,2038,In Transit,2023-02-09,
7023,7065,Delivered,2025-06-30,2025-07-07
7024,2368,Delivered,2025-10-14,2025-10-20
7025,3823,Delivered,2023-01-15,2023-01-17
7026,4889,Delayed,2025-04-10,2025-04-16
7027,167,Delivered,2023-12-31,2024-01-02
7028,2325,Delivered,2026-05-26,2026-05-29
7029,2976,Delivered,2024-08-28,2024-09-01
7030,5760,Delivered,2025-04-24,2025-04-30
7031,1864,Delivered,2025-03-17,2025-03-20
7032,9052,In Transit,2025-08-16,
7033,4477,Delivered,2024-11-16,2024-11-25
7034,1888,In Transit,2023-12-11,
7035,273,Delivered,2024-10-27,2024-10-31
7036,6081,Delivered,2024-04-15,2024-04-21
7037,1158,Delivered,2025-02-01,2025-02-11
7038,1652,Delivered,2023-04-14,2023-04-19
7039,2831,Delivered,2026-04-06,2026-04-14
7040,8866,Delivered,2025-11-29,2025-12-03
7041,3218,Delivered,2024-09-18,2024-09-25
7042,1178,In Transit,2023-11-13,
7043,3776,Delivered,2026-06-04,2026-06-07
7044,2589,Delivered,2023-01-18,2023-01-23
7045,9231,Delivered,2024-06-19,2024-06-21
7046,4127,Delivered,2025-11-24,2025-11-27
7047,4995,Delivered,2024-05-05,2024-05-14
7048,3478,Delivered,2025-01-06,2025-01-16
7049,7224,Delivered,2026-02-10,2026-02-11
7050,6097,Delivered,2023-02-26,2023-03-05
7051,6528,Delivered,2023-05-03,2023-05-11
7052,4460,Delivered,2024-03-05,2024-03-11
7053,491,Delivered,2024-11-04,2024-11-07
7054,7719,Delivered,2024-03-04,2024-03-05
7055,3099,In Transit,2025-05-28,
7056,1826,Delivered,2026-03-05,2026-03-10
7057,8412,Delivered,2025-03-05,2025-03-06
7058,6704,Delivered,2023-09-18,2023-09-23
7059,3397,In Transit,2023-08-06,
7060,987,Delivered,2023-01-02,2023-01-06
7061,2719,Delivered,2025-03-28,2025-04-02
7062,5417,Delivered,2026-04-06,2026-04-08
7063,7634,Delivered,2024-06-08,2024-06-10
7064,4137,Delayed,2024-10-27,2024-10-31
7065,7171,Delayed,2024-08-15,2024-08-21
7066,1171,Delivered,2023-09-30,2023-10-03
7067,5377,In Transit,2023-02-04,
7068,5823,Failed,2023-08-07,
7069,2635,In Transit,2025-07-14,
7070,3183,Delivered,2025-04-05,2025-04-11
7071,861,Delivered,2024-01-15,2024-01-22
7072,4029,Delivered,2026-01-29,2026-02-01
7073,1277,Delivered,2025-03-12,2025-03-22
7074,1738,Delivered,2023-05-13,2023-05-20
7075,3481,Delivered,2026-05-22,2026-05-30
7076,9532,Delivered,2023-10-31,2023-11-02
7077,7636,Delivered,2023-09-28,2023-10-01
7078,1038,Delivered,2023-10-31,2023-11-05
7079,3184,Delivered,2023-03-20,2023-03-26
7080,8110,Delivered,2024-06-09,2024-06-11
7081,7781,Delivered,2026-06-24,2026-06-30
7082,4361,Delivered,2024-09-29,2024-10-09
7083,9002,Delivered,2026-06-29,2026-07-06
7084,693,Delayed,2024-06-23,2024-07-03
7085,7660,Delivered,2023-03-16,2023-03-18
7086,1741,Failed,2025-03-03,
7087,1677,Delivered,2025-05-28,2025-06-01
7088,6107,Delivered,2025-12-12,2025-12-14
7089,7762,Delivered,2025-07-25,2025-07-29
7090,1213,Delivered,2023-11-04,2023-11-05
7091,1906,Delivered,2023-08-13,2023-08-22
7092,5814,Failed,2026-04-26,
7093,748,Delivered,2024-02-13,2024-02-15
7094,4179,Failed,2023-02-16,
7095,959,Delivered,2023-12-09,2023-12-19
7096,7051,Delivered,2023-12-04,2023-12-13
7097,9971,Delayed,2023-06-12,2023-06-15
7098,9889,Delivered,2025-03-27,2025-04-01
7099,9180,Delivered,2023-09-30,2023-10-10
7100,6611,In Transit,2023-06-11,
7101,6732,Delayed,2025-09-16,2025-09-17
7102,3735,Delivered,2023-01-11,2023-01-17
7103,5561,Delivered,2024-07-03,2024-07-09
7104,566,Delivered,2024-01-01,2024-01-02
7105,7178,Delivered,2024-10-13,2024-10-18
7106,5735,Delivered,2025-01-26,2025-02-04
7107,6356,Delivered,2023-12-26,2024-01-04
7108,719,Delivered,2024-10-24,2024-11-01
7109,8621,Delivered,2026-03-18,2026-03-26
7110,4527,Delivered,2024-11-21,2024-11-28
7111,1130,Delivered,2023-04-14,2023-04-21
7112,8530,Delivered,2024-01-20,2024-01-24
7113,3976,Delivered,2023-12-20,2023-12-22
7114,483,Delivered,2026-01-14,2026-01-23
7115,6411,Delivered,2024-07-15,2024-07-18
7116,989,Delivered,2025-10-09,2025-10-15
7117,2380,Delivered,2023-11-22,2023-12-01
7118,4826,Delivered,2023-02-20,2023-02-25
7119,3131,Delivered,2025-02-15,2025-02-16
7120,3635,Delivered,2025-10-31,2025-11-05
7121,1664,In Transit,2026-06-11,
7122,6860,Delivered,2024-08-02,2024-08-07
7123,136,Delivered,2023-03-22,2023-03-26
7124,7289,Delivered,2023-11-14,2023-11-18
7125,1447,Delivered,2025-05-23,2025-05-29
7126,6645,Delivered,2024-12-05,2024-12-11
7127,5094,Delivered,2024-07-17,2024-07-26
7128,7056,In Transit,2023-12-30,
7129,846,Delivered,2023-03-24,2023-03-25
7130,8072,Delivered,2024-09-25,2024-10-05
7131,911,Delivered,2026-06-20,2026-06-27
7132,4754,Delivered,2023-08-12,2023-08-18
7133,6551,Delivered,2023-04-12,2023-04-15
7134,3199,Delivered,2024-03-06,2024-03-11
7135,1733,In Transit,2025-10-22,
7136,3216,Delivered,2024-03-04,2024-03-13
7137,6857,Delayed,2026-02-20,2026-02-21
7138,8477,Delivered,2024-04-07,2024-04-12
7139,1138,In Transit,2024-04-25,
7140,5071,Delivered,2025-05-19,2025-05-21
7141,5325,In Transit,2023-06-02,
7142,9970,Delivered,2024-04-09,2024-04-19
7143,8962,Delivered,2026-04-29,2026-05-09
7144,5154,Delivered,2026-02-22,2026-03-02
7145,5636,Delayed,2026-02-07,2026-02-16
7146,9267,Delivered,2023-12-25,2023-12-27
7147,1752,Delivered,2023-04-08,2023-04-14
7148,5466,Delivered,2023-02-20,2023-02-27
7149,1604,Delivered,2026-01-11,2026-01-20
7150,5035,Delivered,2024-05-02,2024-05-10
7151,4305,Delivered,2024-11-08,2024-11-13
7152,9140,Delivered,2025-10-11,2025-10-15
7153,3924,Delivered,2025-02-26,2025-03-05
7154,889,Delivered,2024-05-06,2024-05-13
7155,7902,Delivered,2023-10-08,2023-10-15
7156,9731,Delivered,2025-12-03,2025-12-09
7157,9807,Delivered,2026-01-02,2026-01-04
7158,6226,In Transit,2024-09-19,
7159,8508,Delivered,2024-03-13,2024-03-16
7160,2660,Failed,2024-08-28,
7161,1438,Delivered,2025-05-16,2025-05-17
7162,6409,Delivered,2024-05-21,2024-05-28
7163,7629,Delivered,2025-05-02,2025-05-06
7164,8073,Delivered,2024-05-09,2024-05-11
7165,2142,Delivered,2023-10-31,2023-11-05
7166,1407,Delivered,2023-06-13,2023-06-20
7167,1990,Delivered,2024-04-09,2024-04-17
7168,830,Delivered,2024-09-14,2024-09-21
7169,9788,Delivered,2023-01-27,2023-01-31
7170,1320,In Transit,2023-09-07,
7171,1662,Delivered,2026-04-05,2026-04-08
7172,9622,Delivered,2026-05-11,2026-05-14
7173,1337,Delivered,2026-02-13,2026-02-23
7174,7928,Delivered,2025-03-30,2025-04-04
7175,5565,Delivered,2023-01-12,2023-01-21
7176,3405,Delivered,2023-01-14,2023-01-17
7177,6298,Delivered,2025-03-26,2025-04-01
7178,138,Delivered,2025-03-29,2025-04-06
7179,6760,Delivered,2025-12-13,2025-12-20
7180,82,Delivered,2025-11-24,2025-11-28
7181,5432,In Transit,2024-09-28,
7182,1060,Delivered,2024-11-06,2024-11-14
7183,1925,Delivered,2023-04-27,2023-05-07
7184,8311,Failed,2023-09-02,
7185,1170,Delivered,2023-04-05,2023-04-08
7186,1653,Delivered,2026-05-11,2026-05-19
7187,1963,Delivered,2025-07-20,2025-07-23
7188,2234,Delivered,2024-12-20,2024-12-28
7189,5020,Delivered,2026-06-04,2026-06-05
7190,6330,Delivered,2025-11-30,2025-12-02
7191,5935,Delivered,2024-11-16,2024-11-21
7192,4076,Failed,2024-09-13,
7193,3598,Delivered,2025-01-29,2025-02-05
7194,92,Delivered,2025-09-18,2025-09-28
7195,917,Delivered,2024-03-28,2024-04-05
7196,2705,Delivered,2026-03-04,2026-03-08
7197,950,Delivered,2023-04-30,2023-05-07
7198,9616,Delayed,2025-07-23,2025-07-31
7199,2470,Delivered,2023-09-28,2023-09-29
7200,8752,Delivered,2024-05-28,2024-05-31
7201,3079,Delivered,2024-03-04,2024-03-10
7202,8281,Delivered,2026-05-23,2026-05-27
7203,8726,Delivered,2026-01-13,2026-01-16
7204,7186,Delivered,2026-03-02,2026-03-03
7205,9173,Delivered,2023-09-15,2023-09-22
7206,412,Failed,2024-12-31,
7207,2042,In Transit,2025-06-01,
7208,40,Delivered,2026-01-07,2026-01-11
7209,2476,Delivered,2025-12-17,2025-12-22
7210,2685,Delivered,2025-07-18,2025-07-26
7211,5256,In Transit,2023-07-17,
7212,377,Delivered,2023-08-10,2023-08-12
7213,1433,Delivered,2026-02-15,2026-02-18
7214,4026,Delayed,2025-11-13,2025-11-20
7215,7975,Delivered,2023-11-11,2023-11-17
7216,8841,Delivered,2024-08-14,2024-08-16
7217,2473,Delivered,2023-09-21,2023-09-24
7218,7734,Delivered,2025-10-21,2025-10-27
7219,4062,Delivered,2025-03-01,2025-03-09
7220,9994,Delivered,2023-01-18,2023-01-21
7221,3221,Delivered,2024-06-04,2024-06-07
7222,3534,Delivered,2023-10-11,2023-10-17
7223,6622,Delivered,2024-09-02,2024-09-08
7224,5851,Delivered,2024-10-19,2024-10-27
7225,3605,Delivered,2023-10-15,2023-10-17
7226,6653,Delivered,2025-06-24,2025-06-28
7227,1415,Delivered,2025-09-28,2025-09-29
7228,3536,Delivered,2023-10-31,2023-11-08
7229,6900,Delivered,2025-12-23,2025-12-25
7230,8274,Delivered,2023-09-03,2023-09-10
7231,9416,Delivered,2025-09-21,2025-09-23
7232,7042,Delivered,2024-08-28,2024-08-30
7233,8855,Delayed,2023-09-06,2023-09-15
7234,2175,Delivered,2025-04-05,2025-04-07
7235,2028,Delivered,2025-03-28,2025-04-01
7236,5411,In Transit,2023-02-02,
7237,8018,Delivered,2026-04-30,2026-05-04
7238,2618,Delivered,2025-07-09,2025-07-10
7239,9339,Delivered,2025-11-24,2025-11-27
7240,2497,Delivered,2026-03-23,2026-03-31
7241,9626,Delivered,2024-03-09,2024-03-15
7242,8662,Delivered,2023-10-22,2023-10-24
7243,9333,Delivered,2023-08-28,2023-09-04
7244,7175,Delayed,2026-03-02,2026-03-08
7245,1537,Delivered,2025-04-27,2025-05-06
7246,7744,Delivered,2023-10-25,2023-10-30
7247,5543,In Transit,2026-03-14,
7248,7597,Delivered,2023-03-26,2023-03-28
7249,4512,Delivered,2025-06-11,2025-06-15
7250,1880,Delivered,2023-07-01,2023-07-03
7251,8623,Delivered,2024-05-28,2024-06-05
7252,7248,Delivered,2023-01-26,2023-01-30
7253,3038,Delivered,2023-09-30,2023-10-09
7254,9323,Delivered,2025-02-12,2025-02-18
7255,4308,In Transit,2023-06-18,
7256,4192,Delayed,2025-08-22,2025-08-27
7257,6376,Delivered,2025-06-06,2025-06-07
7258,2889,Delivered,2023-11-09,2023-11-18
7259,1243,Delivered,2024-11-28,2024-12-05
7260,2272,Failed,2023-11-29,
7261,7883,Delivered,2024-11-17,2024-11-22
7262,8390,Delivered,2023-01-09,2023-01-11
7263,2686,Delivered,2024-02-27,2024-03-03
7264,582,Delivered,2024-08-12,2024-08-22
7265,4899,Delivered,2023-06-13,2023-06-16
7266,8016,Delivered,2023-07-18,2023-07-26
7267,3979,Delivered,2025-04-14,2025-04-16
7268,5551,Delivered,2025-12-19,2025-12-24
7269,2307,Delivered,2025-07-29,2025-07-31
7270,1073,Delivered,2023-12-30,2024-01-03
7271,2051,Delivered,2025-02-24,2025-02-25
7272,3257,In Transit,2024-01-11,
7273,7401,Delivered,2024-04-19,2024-04-20
7274,6114,Delivered,2024-11-24,2024-11-28
7275,284,Delivered,2024-08-05,2024-08-06
7276,5135,Delivered,2023-05-17,2023-05-19
7277,9584,Delivered,2026-03-12,2026-03-21
7278,5875,In Transit,2023-01-29,
7279,605,Delivered,2024-02-21,2024-02-23
7280,601,Delivered,2024-04-04,2024-04-09
7281,3917,Delayed,2025-05-05,2025-05-15
7282,1989,Delivered,2024-02-04,2024-02-05
7283,6530,Delivered,2023-05-23,2023-05-30
7284,4808,In Transit,2023-11-02,
7285,7489,Delivered,2024-12-11,2024-12-18
7286,7093,Delivered,2025-07-06,2025-07-11
7287,6922,Delivered,2023-10-21,2023-10-22
7288,2443,Delivered,2024-06-05,2024-06-15
7289,420,Delivered,2025-01-06,2025-01-14
7290,2909,Delivered,2025-08-16,2025-08-17
7291,7484,Delivered,2023-04-23,2023-05-02
7292,5586,Delivered,2024-01-23,2024-02-02
7293,8973,Delayed,2023-11-03,2023-11-12
7294,530,Delivered,2024-06-21,2024-06-27
7295,4413,Delivered,2024-05-02,2024-05-10
7296,1551,Delayed,2024-07-21,2024-07-22
7297,4005,Delivered,2024-05-06,2024-05-07
7298,8594,Delivered,2023-03-09,2023-03-14
7299,6698,Delivered,2024-04-19,2024-04-20
7300,9294,Delivered,2023-03-01,2023-03-03
7301,5674,Delivered,2023-09-30,2023-10-06
7302,4177,Delivered,2025-02-01,2025-02-05
7303,7050,In Transit,2024-06-01,
7304,235,Delivered,2024-09-13,2024-09-15
7305,9022,Delivered,2025-03-21,2025-03-27
7306,8593,Delivered,2026-06-08,2026-06-10
7307,7796,Delivered,2026-03-03,2026-03-08
7308,7988,Delivered,2025-03-08,2025-03-09
7309,6751,Delivered,2024-05-24,2024-06-02
7310,8410,Delivered,2026-05-15,2026-05-23
7311,2607,Delivered,2023-08-11,2023-08-16
7312,8872,Delivered,2025-02-10,2025-02-19
7313,1647,Delivered,2025-03-20,2025-03-28
7314,5301,Delivered,2023-05-22,2023-05-23
7315,5470,In Transit,2023-03-10,
7316,7381,Delayed,2025-09-29,2025-10-07
7317,9307,Delivered,2025-01-01,2025-01-05
7318,3074,Delivered,2026-04-20,2026-04-24
7319,828,Delivered,2025-05-16,2025-05-19
7320,7892,Delivered,2024-12-24,2024-12-30
7321,9664,Delivered,2025-10-23,2025-11-01
7322,9964,Delivered,2024-08-27,2024-08-30
7323,5635,Delivered,2023-07-01,2023-07-03
7324,2914,Delivered,2026-01-20,2026-01-22
7325,3044,Delayed,2023-10-17,2023-10-22
7326,7779,In Transit,2023-04-09,
7327,6211,Delivered,2025-12-31,2026-01-02
7328,1770,Delivered,2025-07-22,2025-07-26
7329,9407,Delivered,2024-10-17,2024-10-20
7330,4705,Delivered,2023-02-12,2023-02-19
7331,2104,Delivered,2025-07-28,2025-08-02
7332,6829,In Transit,2025-05-05,
7333,4337,Delivered,2025-05-05,2025-05-10
7334,8069,Delivered,2023-06-30,2023-07-01
7335,5726,Delivered,2025-12-19,2025-12-23
7336,8751,In Transit,2023-04-29,
7337,9146,Delivered,2023-12-21,2023-12-27
7338,2203,Delayed,2025-12-14,2025-12-24
7339,1848,Delivered,2023-01-28,2023-02-02
7340,7838,Delivered,2023-08-31,2023-09-05
7341,3491,Delivered,2024-08-13,2024-08-21
7342,9993,Delivered,2024-05-03,2024-05-06
7343,5390,Delivered,2023-11-30,2023-12-03
7344,1421,Delivered,2024-10-29,2024-11-06
7345,9641,Delivered,2024-10-27,2024-11-01
7346,2521,Delivered,2023-07-06,2023-07-13
7347,142,Delivered,2026-05-26,2026-06-05
7348,3574,Delivered,2026-01-29,2026-02-04
7349,7010,Delayed,2025-03-24,2025-04-02
7350,9909,Delivered,2023-10-21,2023-10-25
7351,355,Failed,2024-11-06,
7352,8951,Delivered,2023-08-27,2023-08-31
7353,3837,Delivered,2024-08-16,2024-08-23
7354,5921,Delivered,2023-01-21,2023-01-27
7355,73,In Transit,2024-07-24,
7356,5997,Delivered,2025-08-08,2025-08-16
7357,3003,Delivered,2024-06-11,2024-06-19
7358,9158,Delivered,2023-07-18,2023-07-27
7359,9408,In Transit,2025-04-08,
7360,2106,Delivered,2026-04-04,2026-04-13
7361,6273,Delivered,2026-05-18,2026-05-20
7362,4707,Delayed,2026-01-08,2026-01-18
7363,1838,Delivered,2025-01-03,2025-01-11
7364,2193,Failed,2025-03-05,
7365,6101,In Transit,2026-04-11,
7366,4549,Delivered,2025-06-05,2025-06-08
7367,1018,Delivered,2026-05-27,2026-06-03
7368,4285,Delivered,2025-09-26,2025-09-27
7369,7896,Delivered,2025-07-09,2025-07-15
7370,1959,Delivered,2024-09-22,2024-09-27
7371,6038,Delivered,2025-11-07,2025-11-09
7372,6614,Failed,2026-05-25,
7373,232,Delivered,2024-01-01,2024-01-03
7374,2047,Delivered,2023-03-01,2023-03-09
7375,3331,Delivered,2026-06-02,2026-06-07
7376,6514,Delivered,2026-04-29,2026-05-09
7377,6503,Delivered,2025-02-16,2025-02-19
7378,9984,Failed,2026-02-15,
7379,4132,In Transit,2023-08-18,
7380,3947,Delivered,2025-05-24,2025-05-31
7381,6884,Delayed,2023-07-18,2023-07-23
7382,406,Delivered,2026-03-24,2026-04-02
7383,7413,Delayed,2025-02-10,2025-02-13
7384,4739,Delivered,2025-07-02,2025-07-07
7385,3295,Delivered,2023-09-28,2023-09-30
7386,2074,Delayed,2024-06-21,2024-06-24
7387,7260,Delivered,2023-02-05,2023-02-10
7388,510,Delivered,2025-10-20,2025-10-24
7389,5120,Delivered,2026-04-05,2026-04-13
7390,8213,Delivered,2024-08-26,2024-09-05
7391,8944,Delayed,2025-12-06,2025-12-09
7392,3739,Delivered,2024-01-17,2024-01-20
7393,1498,Delivered,2023-03-24,2023-04-02
7394,9396,Delivered,2025-02-19,2025-02-27
7395,6509,Delivered,2026-04-26,2026-04-29
7396,9768,Delivered,2024-01-08,2024-01-12
7397,9340,Delivered,2024-11-01,2024-11-03
7398,8259,Delivered,2026-03-25,2026-03-30
7399,8047,Failed,2023-11-05,
7400,3170,In Transit,2024-03-06,
7401,7864,Delivered,2023-11-24,2023-11-27
7402,8017,Delivered,2026-06-03,2026-06-07
7403,1340,Delivered,2025-03-27,2025-03-29
7404,1917,Delivered,2023-07-19,2023-07-26
7405,8691,Delivered,2024-10-15,2024-10-18
7406,2935,Failed,2026-04-12,
7407,8564,Delivered,2024-12-11,2024-12-20
7408,9670,Delivered,2024-09-12,2024-09-13
7409,8276,Delivered,2023-11-11,2023-11-17
7410,9170,Delivered,2025-01-04,2025-01-11
7411,3229,In Transit,2023-07-14,
7412,418,Delivered,2025-09-30,2025-10-09
7413,2652,In Transit,2024-11-26,
7414,6138,Delivered,2025-03-08,2025-03-14
7415,1071,Delivered,2025-08-11,2025-08-12
7416,47,Delivered,2023-02-21,2023-02-24
7417,2388,Delivered,2026-02-23,2026-02-27
7418,8001,Delivered,2023-10-21,2023-10-31
7419,9292,Delivered,2025-05-20,2025-05-21
7420,2194,Delivered,2024-10-01,2024-10-06
7421,3024,In Transit,2024-06-26,
7422,5663,Delivered,2023-05-12,2023-05-20
7423,4025,Delivered,2024-09-20,2024-09-23
7424,5484,Delivered,2026-03-09,2026-03-14
7425,6200,Delivered,2024-06-02,2024-06-04
7426,1684,Delivered,2025-10-12,2025-10-21
7427,6055,Delivered,2025-03-25,2025-03-26
7428,2684,In Transit,2025-05-12,
7429,8418,In Transit,2023-04-13,
7430,6512,Delivered,2024-12-24,2024-12-31
7431,4821,Failed,2024-05-15,
7432,7573,Delivered,2026-03-02,2026-03-08
7433,3634,Delivered,2026-03-14,2026-03-16
7434,767,Delivered,2023-02-21,2023-02-25
7435,7151,Delivered,2025-04-22,2025-04-24
7436,3724,Delivered,2025-11-07,2025-11-15
7437,2894,Delayed,2024-01-19,2024-01-21
7438,6501,Delivered,2023-06-20,2023-06-24
7439,3831,Delivered,2024-05-07,2024-05-16
7440,2024,In Transit,2023-01-14,
7441,4141,In Transit,2024-11-09,
7442,7982,Delivered,2024-02-22,2024-03-03
7443,3706,Delayed,2023-01-31,2023-02-08
7444,7475,Delivered,2025-01-05,2025-01-06
7445,9229,Delivered,2023-11-17,2023-11-25
7446,4459,Delivered,2024-04-21,2024-05-01
7447,3730,Delivered,2026-05-07,2026-05-10
7448,5973,Delivered,2024-09-18,2024-09-20
7449,9086,Delayed,2024-11-12,2024-11-22
7450,6930,Delivered,2025-06-16,2025-06-26
7451,635,Delivered,2025-07-15,2025-07-20
7452,7225,Delivered,2025-08-03,2025-08-07
7453,132,Delivered,2025-09-18,2025-09-21
7454,168,Delivered,2024-12-10,2024-12-19
7455,9948,Delivered,2025-04-30,2025-05-08
7456,6534,Delayed,2026-06-12,2026-06-17
7457,9458,Delivered,2023-05-17,2023-05-18
7458,3477,In Transit,2023-11-19,
7459,1326,Delayed,2025-10-31,2025-11-03
7460,8325,Delivered,2023-05-23,2023-05-24
7461,9550,Delivered,2025-01-27,2025-02-05
7462,9237,Delayed,2023-11-14,2023-11-17
7463,4765,Delayed,2024-03-09,2024-03-15
7464,15,Delivered,2025-11-04,2025-11-10
7465,8453,Delivered,2024-06-19,2024-06-24
7466,1753,In Transit,2025-03-11,
7467,816,Delivered,2025-10-25,2025-11-01
7468,708,Delivered,2024-12-25,2024-12-31
7469,765,Delivered,2023-11-09,2023-11-10
7470,1527,Delivered,2024-12-09,2024-12-10
7471,6328,Delivered,2026-01-27,2026-02-04
7472,3933,Delivered,2023-11-03,2023-11-11
7473,7206,Delivered,2024-10-31,2024-11-04
7474,3452,Delivered,2026-06-18,2026-06-27
7475,7676,Delivered,2025-01-24,2025-01-25
7476,4957,Delivered,2026-02-04,2026-02-06
7477,5605,Delivered,2024-03-20,2024-03-21
7478,2444,Delivered,2024-07-28,2024-08-07
7479,7783,Delivered,2023-06-08,2023-06-10
7480,1153,Delivered,2025-10-08,2025-10-09
7481,3041,Delivered,2025-08-02,2025-08-05
7482,4724,Delivered,2025-09-30,2025-10-09
7483,8557,Delivered,2023-07-28,2023-08-07
7484,9223,Delivered,2024-08-03,2024-08-11
7485,5066,Delivered,2024-03-03,2024-03-06
7486,1220,Delivered,2025-12-15,2025-12-17
7487,6419,Delivered,2025-06-20,2025-06-30
7488,8160,In Transit,2023-04-29,
7489,1707,Delivered,2023-05-05,2023-05-15
7490,3447,Delayed,2023-04-02,2023-04-04
7491,4623,In Transit,2025-03-07,
7492,33,Delivered,2024-10-11,2024-10-15
7493,4145,Delivered,2025-05-28,2025-05-30
7494,8701,Delivered,2025-07-21,2025-07-25
7495,8499,Delivered,2025-09-27,2025-10-05
7496,4207,Delivered,2023-11-10,2023-11-20
7497,1830,Delivered,2024-04-23,2024-04-30
7498,1841,Delivered,2026-04-19,2026-04-20
7499,4811,Delivered,2024-05-01,2024-05-02
7500,4185,Delivered,2026-01-14,2026-01-18
7501,4080,Delayed,2023-08-01,2023-08-05
7502,9115,Delivered,2025-01-05,2025-01-08
7503,6024,Delivered,2025-01-21,2025-01-24
7504,6937,Delivered,2025-06-18,2025-06-19
7505,6521,Delivered,2023-05-03,2023-05-12
7506,2271,Delivered,2025-09-12,2025-09-19
7507,1550,Delivered,2025-04-25,2025-04-29
7508,5475,Delivered,2025-12-12,2025-12-21
7509,6874,Delivered,2023-06-23,2023-07-02
7510,1281,Delivered,2025-06-01,2025-06-02
7511,1994,Delayed,2024-12-21,2024-12-31
7512,2057,Delivered,2025-05-12,2025-05-19
7513,7253,Delivered,2023-11-03,2023-11-09
7514,836,Delivered,2023-06-27,2023-07-07
7515,2170,Delivered,2023-06-16,2023-06-22
7516,7752,Delivered,2023-01-23,2023-01-28
7517,2303,Delivered,2025-01-21,2025-01-23
7518,1280,Delivered,2024-03-25,2024-04-02
7519,2035,Delivered,2023-07-07,2023-07-16
7520,8,Delivered,2023-02-07,2023-02-09
7521,5392,Delivered,2025-01-12,2025-01-13
7522,7351,Delivered,2024-04-27,2024-04-30
7523,879,Delivered,2023-06-04,2023-06-13
7524,8672,Delivered,2026-01-13,2026-01-18
7525,1296,Failed,2026-02-05,
7526,118,Delivered,2024-03-31,2024-04-05
7527,3173,Delivered,2025-03-13,2025-03-16
7528,6869,In Transit,2024-04-16,
7529,8178,Delivered,2026-03-13,2026-03-20
7530,6031,Delivered,2025-01-25,2025-02-02
7531,2107,Delivered,2025-03-23,2025-03-30
7532,6787,Delivered,2024-08-16,2024-08-18
7533,5800,Delayed,2026-04-22,2026-04-29
7534,2918,Delivered,2023-11-09,2023-11-12
7535,6942,In Transit,2023-04-02,
7536,2296,Delivered,2026-02-10,2026-02-18
7537,2053,Delivered,2023-10-24,2023-11-02
7538,1633,Delivered,2024-03-15,2024-03-22
7539,5788,Delivered,2023-05-09,2023-05-10
7540,1265,Delivered,2023-08-11,2023-08-13
7541,2334,Delivered,2026-06-16,2026-06-19
7542,677,Delivered,2025-05-20,2025-05-23
7543,1270,Delivered,2025-05-07,2025-05-13
7544,1695,Delivered,2024-04-23,2024-04-29
7545,790,Delivered,2024-07-28,2024-08-03
7546,6032,Delivered,2026-04-04,2026-04-07
7547,5821,Delivered,2026-05-02,2026-05-06
7548,8940,Delivered,2025-04-29,2025-04-30
7549,1942,Delivered,2023-06-23,2023-06-27
7550,4346,In Transit,2023-09-26,
7551,2653,Delivered,2026-04-16,2026-04-23
7552,4681,Delivered,2026-06-24,2026-06-28
7553,186,Delivered,2025-06-29,2025-07-07
7554,1656,Delayed,2025-05-18,2025-05-25
7555,3691,Delivered,2024-12-23,2025-01-02
7556,3440,Delivered,2025-02-04,2025-02-14
7557,9437,Delivered,2025-03-23,2025-03-30
7558,4519,Delivered,2023-03-11,2023-03-16
7559,9308,Delivered,2023-05-19,2023-05-29
7560,3001,Delivered,2025-12-31,2026-01-02
7561,9401,Delivered,2023-12-11,2023-12-14
7562,8421,Delivered,2023-02-11,2023-02-21
7563,5473,Delivered,2024-06-01,2024-06-07
7564,7567,In Transit,2026-01-12,
7565,1152,Delayed,2025-01-03,2025-01-10
7566,3906,Delivered,2024-01-07,2024-01-13
7567,5733,Delivered,2024-05-25,2024-05-31
7568,3368,Delivered,2023-10-24,2023-10-30
7569,4018,Delivered,2023-01-28,2023-02-01
7570,2605,Delivered,2026-04-01,2026-04-04
7571,8401,In Transit,2024-09-09,
7572,3855,Delivered,2025-07-15,2025-07-23
7573,6339,Delivered,2023-10-07,2023-10-14
7574,6344,Delivered,2024-01-05,2024-01-09
7575,405,In Transit,2024-10-31,
7576,5014,Delivered,2025-06-28,2025-07-01
7577,8922,Delivered,2024-06-30,2024-07-03
7578,2825,Delivered,2026-03-17,2026-03-27
7579,6831,Delivered,2023-10-08,2023-10-11
7580,271,Delivered,2023-09-23,2023-09-28
7581,1620,Delivered,2025-05-30,2025-06-06
7582,9001,Delivered,2026-05-31,2026-06-07
7583,550,Delivered,2024-02-04,2024-02-10
7584,7509,Delivered,2024-05-05,2024-05-10
7585,3413,Failed,2024-01-06,
7586,1396,Delivered,2023-01-04,2023-01-05
7587,8416,Delivered,2026-01-25,2026-01-31
7588,3588,Delivered,2025-11-11,2025-11-19
7589,7396,Delivered,2023-07-07,2023-07-12
7590,5765,Delivered,2025-08-18,2025-08-21
7591,6129,Delivered,2025-07-27,2025-07-28
7592,1424,Delivered,2025-12-10,2025-12-15
7593,1834,Delivered,2023-02-19,2023-02-22
7594,2805,In Transit,2026-06-03,
7595,6775,Delivered,2024-04-23,2024-04-25
7596,4190,Delivered,2026-06-08,2026-06-15
7597,1406,Delivered,2026-03-21,2026-03-29
7598,1207,Delivered,2025-12-06,2025-12-13
7599,4569,Delivered,2024-08-15,2024-08-25
7600,9783,Delivered,2025-10-17,2025-10-20
7601,8885,Delivered,2024-08-19,2024-08-26
7602,4825,Delayed,2025-07-27,2025-07-29
7603,5576,Delivered,2025-12-27,2025-12-30
7604,9034,Delivered,2024-06-20,2024-06-29
7605,849,Delivered,2023-12-28,2024-01-07
7606,3682,Delivered,2024-08-22,2024-08-28
7607,6672,In Transit,2023-10-06,
7608,7690,Delayed,2025-03-20,2025-03-30
7609,1177,Delivered,2023-08-11,2023-08-13
7610,5998,Delivered,2023-11-18,2023-11-28
7611,3997,Failed,2025-05-29,
7612,1761,Delivered,2026-06-30,2026-07-03
7613,7906,Delivered,2024-03-24,2024-04-03
7614,9179,Delivered,2025-11-05,2025-11-07
7615,7346,Failed,2023-05-30,
7616,2503,In Transit,2023-07-18,
7617,1528,Delayed,2023-02-05,2023-02-11
7618,7400,Delivered,2024-07-22,2024-07-31
7619,16,Delivered,2024-04-11,2024-04-12
7620,5632,Delivered,2023-04-07,2023-04-13
7621,2126,Delivered,2024-04-18,2024-04-27
7622,1007,Delayed,2024-11-20,2024-11-23
7623,2677,Delivered,2023-05-05,2023-05-07
7624,6525,Delivered,2026-06-02,2026-06-06
7625,6993,Delivered,2025-06-05,2025-06-11
7626,6894,Delivered,2023-08-18,2023-08-23
7627,5001,Delivered,2025-11-02,2025-11-04
7628,2340,Delivered,2023-06-01,2023-06-09
7629,5908,Delivered,2025-03-29,2025-04-07
7630,7127,Delivered,2024-10-12,2024-10-18
7631,2489,Delivered,2024-11-21,2024-11-23
7632,4952,Failed,2025-09-27,
7633,4863,Delivered,2025-01-23,2025-01-26
7634,2061,Delivered,2023-03-13,2023-03-17
7635,3757,Delivered,2024-10-14,2024-10-17
7636,627,Delivered,2025-10-02,2025-10-12
7637,829,Delivered,2026-05-08,2026-05-17
7638,3410,Delivered,2023-01-17,2023-01-24
7639,122,Delivered,2024-04-20,2024-04-25
7640,7495,In Transit,2025-09-30,
7641,9553,Delivered,2023-04-13,2023-04-15
7642,2925,Delivered,2023-01-06,2023-01-14
7643,3108,Delayed,2025-01-05,2025-01-13
7644,2868,In Transit,2024-05-07,
7645,6694,Delivered,2025-03-02,2025-03-08
7646,3710,Delivered,2024-08-13,2024-08-14
7647,6000,Delivered,2025-08-07,2025-08-17
7648,7856,Delivered,2026-03-02,2026-03-12
7649,5684,Delivered,2025-02-05,2025-02-11
7650,4784,Delivered,2025-10-15,2025-10-24
7651,8563,In Transit,2023-05-17,
7652,4868,Delivered,2024-06-22,2024-06-27
7653,1920,Delivered,2023-03-25,2023-04-02
7654,2760,Delivered,2026-01-10,2026-01-15
7655,299,Delivered,2024-05-29,2024-06-01
7656,2592,Delivered,2024-08-23,2024-08-28
7657,6505,Delayed,2024-12-10,2024-12-14
7658,5655,In Transit,2024-10-01,
7659,8490,Delivered,2024-07-01,2024-07-02
7660,6499,Delivered,2023-02-01,2023-02-03
7661,8980,Delivered,2024-04-26,2024-04-29
7662,9260,Delivered,2023-05-05,2023-05-14
7663,4323,In Transit,2026-01-17,
7664,3190,Delivered,2025-08-01,2025-08-03
7665,4730,Delivered,2023-12-01,2023-12-10
7666,7456,Delivered,2024-10-25,2024-10-30
7667,2139,Delivered,2023-05-15,2023-05-17
7668,6807,Delivered,2026-06-08,2026-06-15
7669,6552,In Transit,2024-01-30,
7670,7126,Delivered,2025-09-17,2025-09-22
7671,5391,Delivered,2026-06-17,2026-06-21
7672,3843,Delivered,2025-03-24,2025-03-27
7673,9992,In Transit,2025-06-02,
7674,7876,Delivered,2023-10-06,2023-10-15
7675,7513,Delayed,2024-07-27,2024-07-31
7676,367,Delivered,2025-11-23,2025-12-03
7677,9474,Delivered,2024-07-13,2024-07-20
7678,5251,Delivered,2024-02-23,2024-02-29
7679,1578,Delivered,2025-03-22,2025-03-28
7680,7914,In Transit,2024-04-22,
7681,5445,Delayed,2025-04-03,2025-04-06
7682,5621,Delivered,2026-02-15,2026-02-20
7683,5548,Delivered,2023-01-27,2023-02-02
7684,9232,Delivered,2023-01-31,2023-02-02
7685,5050,Delivered,2023-08-12,2023-08-20
7686,6696,Delivered,2023-04-25,2023-05-04
7687,2594,Delivered,2025-03-11,2025-03-19
7688,3522,Delivered,2025-09-28,2025-10-01
7689,4013,Delivered,2025-04-19,2025-04-20
7690,3073,Delivered,2026-04-15,2026-04-20
7691,2231,Delivered,2025-06-29,2025-07-01
7692,7871,Delivered,2024-03-13,2024-03-20
7693,1499,Delivered,2025-03-06,2025-03-14
7694,5277,Delivered,2025-03-23,2025-03-30
7695,1932,Delivered,2024-01-22,2024-01-30
7696,1125,Delayed,2025-07-05,2025-07-07
7697,9866,Delivered,2025-06-20,2025-06-30
7698,751,Delivered,2025-02-10,2025-02-17
7699,4521,Delivered,2025-08-21,2025-08-30
7700,8258,Delivered,2025-05-15,2025-05-20
7701,3436,Delivered,2023-10-28,2023-11-01
7702,9575,Delivered,2023-08-30,2023-09-06
7703,7100,Delivered,2023-06-24,2023-06-25
7704,1607,Delivered,2023-06-23,2023-07-03
7705,6058,In Transit,2024-04-19,
7706,783,Delivered,2024-11-03,2024-11-11
7707,3349,Delivered,2025-02-24,2025-02-27
7708,910,Delivered,2024-07-24,2024-07-26
7709,5944,Delivered,2023-05-15,2023-05-24
7710,3294,Delivered,2023-03-18,2023-03-19
7711,659,Delivered,2025-07-03,2025-07-10
7712,8496,Delivered,2025-04-30,2025-05-05
7713,2293,Delivered,2025-08-09,2025-08-16
7714,6405,Delivered,2026-02-14,2026-02-20
7715,1249,Delivered,2026-01-19,2026-01-25
7716,7360,Delivered,2025-10-15,2025-10-24
7717,7958,In Transit,2025-11-07,
7718,8114,Delivered,2026-07-01,2026-07-11
7719,5216,Delivered,2023-01-29,2023-02-05
7720,2959,Delivered,2026-02-09,2026-02-14
7721,1961,Delivered,2026-03-28,2026-04-02
7722,4445,Delivered,2024-02-23,2024-02-27
7723,7461,Delivered,2023-04-05,2023-04-14
7724,691,Failed,2024-08-14,
7725,9739,Delivered,2025-02-13,2025-02-21
7726,3561,Delivered,2023-01-05,2023-01-14
7727,5485,Delivered,2025-01-15,2025-01-22
7728,5820,Delayed,2023-05-07,2023-05-10
7729,7667,Failed,2024-08-01,
7730,4914,Delivered,2023-01-18,2023-01-27
7731,8478,Delivered,2024-06-11,2024-06-18
7732,8731,Delivered,2025-11-26,2025-12-03
7733,2972,Delivered,2023-10-25,2023-10-31
7734,9448,Delayed,2025-09-18,2025-09-20
7735,3932,In Transit,2024-04-20,
7736,7302,Delivered,2025-10-23,2025-10-26
7737,3035,Failed,2023-07-27,
7738,9953,Delivered,2023-06-10,2023-06-11
7739,2587,Delayed,2026-01-04,2026-01-12
7740,8193,Delivered,2023-03-31,2023-04-10
7741,3973,Delivered,2025-07-02,2025-07-07
7742,1121,Delivered,2023-03-24,2023-03-26
7743,8227,Delivered,2026-05-09,2026-05-13
7744,4713,Delivered,2024-02-12,2024-02-17
7745,5600,In Transit,2025-01-26,
7746,2050,Delivered,2026-03-19,2026-03-23
7747,3890,Delivered,2023-08-09,2023-08-11
7748,6943,Delivered,2023-08-11,2023-08-14
7749,3474,Delivered,2026-05-22,2026-05-30
7750,2812,Delayed,2026-04-27,2026-04-28
7751,8635,Delivered,2025-11-09,2025-11-17
7752,761,Delivered,2025-07-09,2025-07-12
7753,821,Delivered,2023-08-06,2023-08-12
7754,7395,Delivered,2023-08-26,2023-09-02
7755,4200,Delivered,2024-08-14,2024-08-23
7756,4657,Delivered,2026-04-28,2026-05-04
7757,2534,Delivered,2023-07-29,2023-08-01
7758,8903,Delivered,2025-08-15,2025-08-21
7759,3493,Delivered,2024-02-09,2024-02-14
7760,7481,Delayed,2023-07-06,2023-07-13
7761,2277,Delivered,2026-02-21,2026-03-01
7762,6346,Delivered,2024-02-07,2024-02-08
7763,3340,Delivered,2024-08-09,2024-08-16
7764,6762,Delayed,2024-05-28,2024-06-04
7765,622,In Transit,2023-01-15,
7766,4904,Delivered,2024-01-11,2024-01-18
7767,3898,Delivered,2025-08-12,2025-08-13
7768,592,Delivered,2023-08-29,2023-09-08
7769,6828,Delivered,2026-01-26,2026-02-03
7770,9388,Delivered,2024-07-08,2024-07-12
7771,5079,Delivered,2023-03-06,2023-03-13
7772,5647,Failed,2023-07-09,
7773,9134,Delivered,2023-12-24,2023-12-30
7774,6850,Delivered,2023-01-24,2023-01-28
7775,3490,Delivered,2023-06-05,2023-06-13
7776,4884,Delivered,2024-11-17,2024-11-21
7777,9813,Delivered,2026-04-14,2026-04-24
7778,3526,Delivered,2024-08-13,2024-08-21
7779,7131,Delivered,2026-04-21,2026-04-30
7780,1123,Delivered,2023-08-21,2023-08-27
7781,1106,Delivered,2023-03-31,2023-04-08
7782,476,Delivered,2025-03-15,2025-03-18
7783,3191,Delivered,2024-04-09,2024-04-12
7784,8510,In Transit,2023-09-14,
7785,7255,Delivered,2023-05-05,2023-05-08
7786,3737,Delivered,2024-12-26,2024-12-27
7787,7611,Delivered,2026-01-21,2026-01-28
7788,3234,Delivered,2026-04-26,2026-05-05
7789,3259,Failed,2026-01-28,
7790,9355,Delivered,2025-11-01,2025-11-02
7791,6337,Delivered,2024-05-24,2024-05-28
7792,9013,Delivered,2025-06-25,2025-07-01
7793,2077,Delivered,2024-05-16,2024-05-19
7794,1205,Delivered,2024-06-21,2024-06-24
7795,3362,Delayed,2026-01-21,2026-01-22
7796,2737,Delivered,2023-04-28,2023-04-30
7797,7538,Delivered,2023-05-01,2023-05-02
7798,4638,Delivered,2025-03-09,2025-03-16
7799,5138,Delivered,2023-08-29,2023-09-04
7800,1328,Delivered,2023-04-12,2023-04-17
7801,9328,Delivered,2023-05-05,2023-05-06
7802,4688,Delivered,2025-05-22,2025-05-30
7803,8435,Delivered,2024-08-07,2024-08-16
7804,1690,Delivered,2025-09-09,2025-09-12
7805,4746,Delivered,2024-12-23,2024-12-28
7806,1567,Delivered,2023-10-14,2023-10-21
7807,5188,Delivered,2026-05-12,2026-05-22
7808,4412,Delivered,2024-12-11,2024-12-21
7809,7240,In Transit,2025-02-01,
7810,5463,Delivered,2025-05-21,2025-05-27
7811,7430,Delivered,2025-04-20,2025-04-23
7812,3929,Delivered,2026-01-05,2026-01-09
7813,3943,Delivered,2024-02-26,2024-03-07
7814,3920,Delivered,2025-08-17,2025-08-25
7815,1133,Delivered,2024-08-06,2024-08-07
7816,3609,Delivered,2023-10-16,2023-10-22
7817,7493,Delivered,2025-10-15,2025-10-22
7818,7996,Delayed,2024-04-04,2024-04-05
7819,287,Delivered,2024-08-16,2024-08-25
7820,7932,Delivered,2023-10-29,2023-10-30
7821,9245,Delayed,2023-03-19,2023-03-27
7822,1650,Delivered,2024-09-30,2024-10-02
7823,8141,Delivered,2025-12-13,2025-12-18
7824,3263,Delivered,2024-04-16,2024-04-20
7825,5990,In Transit,2025-01-21,
7826,1811,Delayed,2026-01-09,2026-01-16
7827,8963,Delivered,2024-04-25,2024-04-28
7828,8046,Delivered,2025-12-18,2025-12-25
7829,9095,Failed,2026-01-23,
7830,6044,Delivered,2023-04-13,2023-04-18
7831,8511,In Transit,2023-01-06,
7832,8262,Delivered,2026-01-31,2026-02-02
7833,3645,Delivered,2024-11-24,2024-11-30
7834,5889,In Transit,2025-08-05,
7835,4698,Delivered,2024-08-18,2024-08-20
7836,7012,In Transit,2026-03-03,
7837,9366,Delivered,2024-11-20,2024-11-21
7838,2796,Delivered,2026-04-09,2026-04-13
7839,2007,Delivered,2023-03-24,2023-03-29
7840,3863,Delivered,2023-08-07,2023-08-17
7841,4444,Delayed,2024-04-29,2024-05-01
7842,5670,Delayed,2024-06-28,2024-07-04
7843,3977,Delivered,2023-05-29,2023-06-02
7844,1212,Delivered,2023-07-03,2023-07-13
7845,6998,Delivered,2023-10-23,2023-10-24
7846,4481,Failed,2023-09-06,
7847,4242,In Transit,2024-07-03,
7848,4513,Delivered,2025-07-09,2025-07-18
7849,7701,Delivered,2023-06-09,2023-06-13
7850,2345,Delivered,2025-03-15,2025-03-19
7851,3557,Delivered,2026-05-12,2026-05-13
7852,2176,Delivered,2023-11-13,2023-11-19
7853,8333,Delivered,2023-01-18,2023-01-24
7854,3797,Delivered,2025-12-03,2025-12-06
7855,1210,Delivered,2023-02-25,2023-03-02
7856,8873,Delivered,2023-09-09,2023-09-10
7857,6632,Delivered,2023-05-14,2023-05-24
7858,6656,Delivered,2023-12-08,2023-12-11
7859,7374,Delivered,2025-07-11,2025-07-18
7860,7870,In Transit,2024-03-23,
7861,5304,Delayed,2023-07-07,2023-07-17
7862,4003,In Transit,2023-10-12,
7863,1775,Delivered,2023-10-12,2023-10-18
7864,8739,Delivered,2026-01-28,2026-02-07
7865,5346,Delayed,2024-11-12,2024-11-17
7866,3407,Delivered,2025-07-03,2025-07-12
7867,496,Delivered,2026-05-28,2026-06-02
7868,710,Delivered,2023-11-09,2023-11-16
7869,9939,Failed,2026-05-02,
7870,1189,Delivered,2024-04-19,2024-04-22
7871,835,Delivered,2025-10-02,2025-10-09
7872,9241,Delivered,2024-06-10,2024-06-13
7873,6544,Delivered,2025-07-20,2025-07-26
7874,1444,Delivered,2024-05-02,2024-05-10
7875,5152,Delivered,2025-02-14,2025-02-22
7876,1601,Delivered,2025-12-05,2025-12-06
7877,8172,Delivered,2024-03-06,2024-03-14
7878,3279,Delivered,2023-04-03,2023-04-13
7879,3247,Delivered,2023-07-13,2023-07-15
7880,2192,Delivered,2024-05-15,2024-05-17
7881,3551,Delivered,2025-03-05,2025-03-13
7882,5440,Delivered,2025-09-14,2025-09-23
7883,1310,Delivered,2023-10-13,2023-10-23
7884,4310,Delivered,2026-03-22,2026-03-25
7885,318,Delivered,2023-06-02,2023-06-10
7886,907,Delivered,2024-07-04,2024-07-07
7887,3940,Delayed,2024-08-14,2024-08-24
7888,443,Delivered,2024-04-08,2024-04-17
7889,6539,Delivered,2024-01-07,2024-01-08
7890,6340,Delivered,2025-10-08,2025-10-15
7891,9220,Delivered,2025-10-14,2025-10-24
7892,7468,In Transit,2025-09-06,
7893,8470,Delivered,2025-12-18,2025-12-26
7894,5328,Delivered,2023-09-30,2023-10-04
7895,3512,In Transit,2024-12-07,
7896,3012,Delivered,2023-01-26,2023-01-30
7897,1952,Delayed,2024-07-03,2024-07-05
7898,1577,Delivered,2024-09-03,2024-09-07
7899,1868,Delivered,2024-08-09,2024-08-13
7900,7105,Delivered,2024-05-17,2024-05-23
7901,9535,Delivered,2023-06-10,2023-06-15
7902,5092,Delivered,2023-03-08,2023-03-16
7903,3845,Delivered,2024-10-03,2024-10-04
7904,7795,Delivered,2024-10-22,2024-10-28
7905,8835,In Transit,2023-05-11,
7906,4469,Delivered,2023-04-18,2023-04-24
7907,2065,Delivered,2025-06-25,2025-07-01
7908,7537,Delivered,2026-03-02,2026-03-03
7909,9941,Delivered,2023-03-04,2023-03-10
7910,1996,Delayed,2025-09-19,2025-09-20
7911,7813,Delivered,2023-10-14,2023-10-18
7912,9167,Delivered,2023-12-25,2024-01-02
7913,9743,Delivered,2024-05-07,2024-05-14
7914,2886,Delayed,2024-07-12,2024-07-18
7915,9931,Delayed,2024-09-17,2024-09-25
7916,6598,In Transit,2023-01-31,
7917,7045,In Transit,2025-09-02,
7918,8583,Delivered,2025-05-30,2025-06-07
7919,4947,Delivered,2023-05-22,2023-05-24
7920,5073,Delivered,2025-03-25,2025-03-28
7921,941,Delivered,2025-12-05,2025-12-10
7922,722,In Transit,2024-10-01,
7923,2412,In Transit,2024-12-15,
7924,4371,In Transit,2023-11-24,
7925,2578,Delivered,2024-04-03,2024-04-06
7926,3133,Delivered,2026-03-19,2026-03-27
7927,7536,Failed,2023-09-13,
7928,4231,Delivered,2024-02-12,2024-02-18
7929,5492,In Transit,2025-11-07,
7930,8454,Delivered,2025-07-18,2025-07-19
7931,9508,Delayed,2023-01-01,2023-01-09
7932,2639,Delivered,2024-03-01,2024-03-08
7933,600,Delayed,2025-03-20,2025-03-26
7934,352,Delivered,2025-06-25,2025-06-30
7935,7572,Delivered,2024-11-01,2024-11-09
7936,4898,Delivered,2024-09-04,2024-09-06
7937,538,Delivered,2025-07-31,2025-08-10
7938,9539,Delivered,2026-06-17,2026-06-24
7939,3550,Delivered,2025-11-27,2025-11-30
7940,1194,Delivered,2023-10-14,2023-10-24
7941,5761,Delivered,2025-02-26,2025-02-28
7942,2876,Delivered,2023-07-05,2023-07-14
7943,8413,Delivered,2024-11-12,2024-11-18
7944,4082,Delivered,2023-02-06,2023-02-07
7945,4630,Delivered,2026-04-20,2026-04-21
7946,5006,Delivered,2024-11-01,2024-11-09
7947,3310,Delivered,2023-12-31,2024-01-02
7948,8517,Delivered,2024-10-07,2024-10-08
7949,7913,Delivered,2024-09-20,2024-09-21
7950,8986,Delivered,2025-06-04,2025-06-14
7951,216,Delayed,2026-03-28,2026-04-06
7952,5939,Delivered,2023-04-03,2023-04-08
7953,3450,Delivered,2023-05-03,2023-05-07
7954,3068,In Transit,2026-03-12,
7955,607,Delivered,2023-08-12,2023-08-18
7956,1404,Delayed,2023-10-03,2023-10-06
7957,3095,Delivered,2023-06-08,2023-06-17
7958,5147,Delivered,2024-05-17,2024-05-23
7959,3530,In Transit,2023-10-22,
7960,9456,Failed,2023-01-13,
7961,672,In Transit,2023-03-24,
7962,9672,Delivered,2024-05-05,2024-05-06
7963,9254,Delivered,2023-08-13,2023-08-19
7964,1999,Delivered,2025-06-25,2025-07-04
7965,9642,In Transit,2023-08-31,
7966,8267,Delivered,2025-02-24,2025-03-06
7967,6113,In Transit,2024-11-29,
7968,2003,Delivered,2023-03-16,2023-03-21
7969,1050,Delivered,2026-05-31,2026-06-07
7970,5597,Delivered,2024-08-17,2024-08-24
7971,6164,Delivered,2024-06-08,2024-06-12
7972,1366,Delivered,2025-05-27,2025-06-06
7973,3704,Delivered,2024-01-25,2024-01-28
7974,8100,Delivered,2026-06-04,2026-06-10
7975,3388,Delivered,2024-03-23,2024-03-24
7976,9694,Delayed,2026-04-10,2026-04-11
7977,8844,Delivered,2024-10-25,2024-11-02
7978,6682,Delivered,2026-04-22,2026-05-01
7979,3514,Delivered,2026-01-01,2026-01-03
7980,6933,Delivered,2024-08-30,2024-09-08
7981,8374,Delivered,2026-04-30,2026-05-09
7982,4500,In Transit,2026-02-17,
7983,300,Delivered,2023-07-07,2023-07-10
7984,4862,Delivered,2025-04-05,2025-04-14
7985,8177,Delivered,2024-09-03,2024-09-08
7986,6768,Delivered,2024-07-30,2024-08-09
7987,3527,Delivered,2025-04-16,2025-04-22
7988,7558,Delivered,2025-09-08,2025-09-11
7989,281,Delivered,2025-01-27,2025-01-30
7990,9356,Delivered,2023-09-18,2023-09-19
7991,8021,Delivered,2023-10-16,2023-10-25
7992,5567,Delivered,2023-03-19,2023-03-25
7993,1457,Delayed,2023-09-19,2023-09-28
7994,6783,Delivered,2024-08-24,2024-08-26
7995,9780,Delivered,2024-12-10,2024-12-12
7996,4668,Delivered,2026-01-16,2026-01-24
7997,5571,Delivered,2025-06-22,2025-07-02
7998,256,In Transit,2023-07-15,
7999,3921,Delivered,2023-10-03,2023-10-05
8000,5410,Delivered,2024-06-10,2024-06-11
8001,1508,Delivered,2023-10-28,2023-11-07
8002,9900,Delayed,2023-03-24,2023-03-27
8003,6982,In Transit,2024-05-19,
8004,4643,Delivered,2024-04-21,2024-04-29
8005,8119,Delayed,2023-10-31,2023-11-03
8006,2891,Delivered,2025-12-22,2025-12-31
8007,9000,Delivered,2023-03-18,2023-03-28
8008,2452,Delivered,2023-02-04,2023-02-07
8009,8322,Delivered,2026-01-26,2026-01-27
8010,7372,Failed,2023-01-15,
8011,8560,Delivered,2023-05-30,2023-06-02
8012,8676,Delivered,2026-04-01,2026-04-11
8013,5028,Delayed,2023-12-23,2023-12-27
8014,597,Delivered,2024-07-12,2024-07-14
8015,2313,Delivered,2025-11-03,2025-11-11
8016,6833,Delivered,2023-12-12,2023-12-18
8017,9028,Delivered,2023-08-25,2023-08-26
8018,8426,Delivered,2024-08-19,2024-08-29
8019,5929,Delivered,2025-06-28,2025-07-07
8020,1165,Delivered,2024-11-11,2024-11-12
8021,2897,Delivered,2026-04-11,2026-04-16
8022,19,Delayed,2023-08-20,2023-08-26
8023,9764,Delivered,2025-06-22,2025-07-02
8024,9598,Delivered,2024-12-10,2024-12-20
8025,1916,Delivered,2025-06-21,2025-06-24
8026,6190,Failed,2023-01-12,
8027,536,Delivered,2024-04-14,2024-04-20
8028,8693,Delivered,2024-10-17,2024-10-21
8029,4096,Delivered,2023-09-10,2023-09-13
8030,8304,Delivered,2023-03-11,2023-03-14
8031,8476,Delivered,2026-03-08,2026-03-16
8032,2571,Delivered,2023-07-24,2023-08-03
8033,75,Delivered,2024-07-22,2024-07-30
8034,8537,Delivered,2024-12-20,2024-12-26
8035,6939,Delayed,2023-05-17,2023-05-27
8036,5208,Delivered,2024-03-01,2024-03-07
8037,5563,Delivered,2026-04-19,2026-04-25
8038,2555,Delivered,2024-08-13,2024-08-18
8039,4418,Delivered,2025-10-13,2025-10-18
8040,6131,Delivered,2026-04-01,2026-04-10
8041,5005,Delivered,2025-01-22,2025-01-24
8042,1853,Delivered,2026-06-14,2026-06-18
8043,3071,Delayed,2024-06-22,2024-07-02
8044,9075,Delivered,2025-12-18,2025-12-27
8045,487,Delivered,2023-08-01,2023-08-10
8046,492,Delivered,2023-06-23,2023-07-02
8047,4888,Delivered,2024-06-13,2024-06-23
8048,9031,In Transit,2026-03-27,
8049,2750,Delivered,2024-06-01,2024-06-11
8050,3093,Delivered,2025-09-19,2025-09-24
8051,7724,Delivered,2023-03-06,2023-03-13
8052,8055,In Transit,2025-06-28,
8053,6578,In Transit,2024-12-10,
8054,5164,In Transit,2024-01-17,
8055,9412,Delivered,2023-10-15,2023-10-25
8056,3623,Delivered,2025-01-13,2025-01-15
8057,4184,Delivered,2024-02-26,2024-03-05
8058,8007,Delivered,2026-06-12,2026-06-21
8059,255,Delivered,2025-12-26,2026-01-04
8060,5363,Delivered,2024-01-25,2024-01-30
8061,3049,Delivered,2025-12-14,2025-12-20
8062,8004,Delivered,2025-08-10,2025-08-14
8063,5844,Delivered,2024-08-20,2024-08-24
8064,4758,In Transit,2023-05-28,
8065,7075,Failed,2024-12-24,
8066,1490,Delivered,2024-05-15,2024-05-17
8067,3161,Delivered,2023-11-09,2023-11-19
8068,9988,Delivered,2023-08-16,2023-08-19
8069,9712,Delivered,2024-07-18,2024-07-25
8070,9926,Failed,2023-11-20,
8071,9555,Delayed,2023-01-03,2023-01-10
8072,4350,Delivered,2026-04-24,2026-05-03
8073,5580,Delivered,2024-12-11,2024-12-18
8074,3098,In Transit,2025-03-13,
8075,4040,Delivered,2026-02-04,2026-02-13
8076,3520,Delivered,2025-01-25,2025-01-27
8077,6796,Delivered,2023-07-22,2023-07-30
8078,9242,Delivered,2023-08-30,2023-09-05
8079,378,Delivered,2025-09-11,2025-09-13
8080,4164,Delivered,2024-12-12,2024-12-16
8081,8850,Delivered,2025-05-31,2025-06-08
8082,8896,Delivered,2023-03-10,2023-03-18
8083,3328,Delivered,2025-05-28,2025-06-02
8084,7284,In Transit,2025-12-31,
8085,1565,Delivered,2024-06-07,2024-06-14
8086,6791,Delivered,2023-11-08,2023-11-15
8087,1655,Delivered,2023-04-05,2023-04-14
8088,4533,Delivered,2024-08-02,2024-08-11
8089,4050,Delayed,2025-05-07,2025-05-09
8090,4400,Delivered,2026-03-19,2026-03-24
8091,9797,Delivered,2023-06-22,2023-06-30
8092,4935,Delivered,2024-05-29,2024-06-04
8093,9894,Delivered,2025-03-22,2025-03-26
8094,1432,Delivered,2024-12-16,2024-12-19
8095,1611,Delivered,2023-04-16,2023-04-19
8096,1307,Delayed,2024-03-21,2024-03-24
8097,5326,Delivered,2023-12-11,2023-12-13
8098,6818,Delivered,2025-05-23,2025-06-02
8099,9393,Delivered,2025-01-21,2025-01-31
8100,3456,Delayed,2023-10-18,2023-10-20
8101,7488,Failed,2024-01-15,
8102,6981,Delivered,2026-02-11,2026-02-17
8103,9048,In Transit,2024-09-16,
8104,9331,Delivered,2025-03-11,2025-03-13
8105,8729,Delivered,2024-07-08,2024-07-09
8106,7770,Delivered,2023-04-23,2023-05-01
8107,8857,In Transit,2026-05-05,
8108,9472,Delivered,2024-08-31,2024-09-04
8109,3648,Delivered,2024-10-17,2024-10-25
8110,4012,Delivered,2023-04-08,2023-04-13
8111,461,Delivered,2025-10-30,2025-11-07
8112,7104,Delivered,2024-08-16,2024-08-18
8113,1558,Delivered,2025-12-22,2025-12-28
8114,9454,Delivered,2023-12-22,2024-01-01
8115,7157,Delayed,2025-09-12,2025-09-18
8116,8839,Delivered,2024-02-20,2024-02-28
8117,8230,Delivered,2023-02-05,2023-02-06
8118,5372,Delivered,2026-06-23,2026-06-24
8119,8488,Delayed,2023-10-03,2023-10-07
8120,7027,Delivered,2024-04-18,2024-04-21
8121,1693,In Transit,2023-12-13,
8122,4682,Delivered,2024-04-10,2024-04-13
8123,358,Delivered,2023-08-19,2023-08-28
8124,9582,Delivered,2023-07-25,2023-07-26
8125,2478,In Transit,2025-10-03,
8126,94,Delivered,2023-05-08,2023-05-16
8127,5058,Delivered,2023-03-16,2023-03-26
8128,4783,Delivered,2025-07-13,2025-07-15
8129,5069,Delivered,2025-06-19,2025-06-29
8130,9929,Delivered,2025-05-01,2025-05-06
8131,4186,Delivered,2024-05-17,2024-05-22
8132,7079,Delivered,2023-02-17,2023-02-24
8133,4551,In Transit,2026-02-07,
8134,7479,Delayed,2024-02-26,2024-03-06
8135,8144,Delivered,2024-04-04,2024-04-10
8136,3291,Delayed,2026-04-23,2026-05-01
8137,3348,In Transit,2023-06-16,
8138,6134,Delivered,2025-06-04,2025-06-08
8139,8899,Delivered,2023-09-23,2023-09-26
8140,9934,Delivered,2025-08-14,2025-08-18
8141,6910,Delivered,2023-04-18,2023-04-27
8142,8003,Delivered,2026-06-04,2026-06-10
8143,8843,Delivered,2024-11-16,2024-11-24
8144,1446,Delayed,2024-11-30,2024-12-08
8145,9538,Delayed,2025-01-28,2025-02-05
8146,873,In Transit,2025-06-05,
8147,3972,In Transit,2025-08-23,
8148,2615,Delivered,2025-10-02,2025-10-09
8149,6790,Delivered,2023-03-29,2023-04-03
8150,1269,Delivered,2023-05-31,2023-06-08
8151,5995,Delivered,2023-05-05,2023-05-15
8152,6329,Delivered,2025-03-22,2025-03-23
8153,7,Delivered,2024-10-21,2024-10-28
8154,2964,Delivered,2024-12-03,2024-12-05
8155,8012,Delayed,2026-06-06,2026-06-08
8156,4677,Delivered,2025-08-18,2025-08-26
8157,1198,Delivered,2023-03-09,2023-03-18
8158,8601,Delivered,2025-03-09,2025-03-16
8159,9835,Delivered,2023-12-07,2023-12-15
8160,1465,Delivered,2026-02-25,2026-03-02
8161,8939,Delivered,2024-08-06,2024-08-13
8162,9890,Delivered,2023-01-18,2023-01-25
8163,7321,Delivered,2023-12-22,2023-12-24
8164,749,Delivered,2023-09-23,2023-10-03
8165,8218,Delivered,2026-04-21,2026-05-01
8166,529,In Transit,2026-04-05,
8167,2079,Delivered,2024-07-07,2024-07-11
8168,400,Delivered,2023-11-08,2023-11-12
8169,1206,Delivered,2026-05-17,2026-05-21
8170,5093,Delivered,2025-06-18,2025-06-27
8171,344,Delivered,2026-02-06,2026-02-10
8172,2879,Delivered,2023-05-03,2023-05-12
8173,2498,Delivered,2024-06-17,2024-06-19
8174,7111,Delivered,2026-05-04,2026-05-05
8175,1530,In Transit,2026-01-31,
8176,2683,Delivered,2026-02-28,2026-03-01
8177,5249,Delivered,2025-10-01,2025-10-07
8178,9404,Delivered,2024-07-15,2024-07-18
8179,6854,Delivered,2025-02-14,2025-02-23
8180,3827,In Transit,2024-11-24,
8181,7283,Delivered,2025-10-23,2025-10-28
8182,5583,Delivered,2023-11-07,2023-11-15
8183,636,Delivered,2024-11-24,2024-12-02
8184,2217,Delivered,2024-03-17,2024-03-23
8185,1230,Delivered,2025-05-10,2025-05-12
8186,8582,Delivered,2024-12-08,2024-12-14
8187,802,Delivered,2025-07-08,2025-07-15
8188,3036,Delivered,2025-01-09,2025-01-12
8189,3857,Delivered,2026-01-04,2026-01-06
8190,4986,Delivered,2026-02-17,2026-02-26
8191,451,Delivered,2026-03-19,2026-03-21
8192,9450,Delivered,2023-07-18,2023-07-20
8193,5242,Delivered,2023-11-10,2023-11-19
8194,4183,Delivered,2023-07-16,2023-07-26
8195,8398,Delivered,2023-12-07,2023-12-15
8196,5747,Delivered,2026-02-26,2026-03-04
8197,5744,In Transit,2025-02-08,
8198,3164,In Transit,2026-01-17,
8199,5133,Delivered,2024-12-03,2024-12-12
8200,9771,Delivered,2023-04-13,2023-04-23
8201,7448,Delivered,2025-05-22,2025-05-26
8202,7011,Delivered,2024-12-23,2024-12-24
8203,8358,Delivered,2024-09-07,2024-09-13
8204,5111,Delayed,2024-02-14,2024-02-18
8205,4440,Delivered,2024-10-23,2024-11-01
8206,4595,Delivered,2024-04-07,2024-04-10
8207,5186,Delivered,2025-03-20,2025-03-26
8208,9335,Delivered,2025-06-21,2025-06-24
8209,2867,Delivered,2026-02-16,2026-02-19
8210,5112,Delivered,2024-10-09,2024-10-11
8211,6217,Delivered,2023-08-28,2023-09-06
8212,8913,Delivered,2025-07-03,2025-07-06
8213,4009,Delivered,2023-07-03,2023-07-09
8214,9885,Delivered,2023-06-25,2023-06-28
8215,962,In Transit,2024-09-05,
8216,3880,Delivered,2024-07-03,2024-07-10
8217,345,Delayed,2023-05-13,2023-05-23
8218,1637,Delivered,2024-09-11,2024-09-12
8219,6315,Delivered,2024-09-25,2024-09-28
8220,6241,Delivered,2025-09-18,2025-09-28
8221,3253,Delivered,2023-04-19,2023-04-23
8222,1840,Delivered,2024-01-11,2024-01-20
8223,2076,Delivered,2023-09-07,2023-09-16
8224,9233,Delivered,2025-12-26,2025-12-28
8225,517,Delivered,2026-02-23,2026-03-05
8226,2954,Delivered,2024-10-02,2024-10-08
8227,121,In Transit,2025-07-16,
8228,2286,Delivered,2025-06-17,2025-06-23
8229,8242,In Transit,2024-06-02,
8230,8921,In Transit,2024-03-04,
8231,9429,Delivered,2023-11-18,2023-11-21
8232,9747,Delivered,2024-07-10,2024-07-14
8233,5630,Delivered,2023-11-23,2023-11-24
8234,1628,In Transit,2025-12-17,
8235,7015,Delivered,2025-04-29,2025-05-02
8236,5396,Delivered,2024-09-30,2024-10-07
8237,2187,In Transit,2023-01-18,
8238,2146,In Transit,2024-12-13,
8239,8704,Delivered,2025-03-14,2025-03-23
8240,5966,Delivered,2025-07-26,2025-08-04
8241,4592,Delivered,2024-05-12,2024-05-22
8242,4540,Delivered,2024-02-03,2024-02-08
8243,8660,Delivered,2023-08-25,2023-09-03
8244,5668,Delivered,2023-05-15,2023-05-24
8245,9199,Delivered,2025-10-10,2025-10-15
8246,8108,Delivered,2023-12-07,2023-12-14
8247,6360,Delivered,2023-08-22,2023-08-28
8248,533,Delivered,2023-10-05,2023-10-06
8249,4554,Delivered,2026-06-09,2026-06-12
8250,560,In Transit,2025-02-04,
8251,6666,Delivered,2025-11-23,2025-12-02
8252,1352,Failed,2024-08-27,
8253,7741,In Transit,2025-10-07,
8254,8612,Delivered,2025-09-19,2025-09-26
8255,4368,Delivered,2026-06-27,2026-07-01
8256,5848,Delivered,2024-02-09,2024-02-12
8257,3980,Delivered,2024-02-08,2024-02-13
8258,9070,Delivered,2026-05-29,2026-06-04
8259,6496,Delivered,2024-11-29,2024-12-05
8260,4532,Delivered,2023-07-19,2023-07-25
8261,3365,Delivered,2023-11-28,2023-11-30
8262,189,Delivered,2025-08-15,2025-08-23
8263,3213,Delivered,2025-10-19,2025-10-29
8264,2424,Delivered,2025-04-16,2025-04-21
8265,7335,Delivered,2025-04-09,2025-04-14
8266,9023,Delivered,2024-10-29,2024-11-02
8267,5335,Delivered,2023-02-11,2023-02-17
8268,5166,Delivered,2025-10-11,2025-10-20
8269,6944,Delivered,2023-03-11,2023-03-13
8270,707,Delayed,2024-01-27,2024-02-01
8271,7082,Delivered,2024-10-25,2024-11-02
8272,9037,Delivered,2023-09-14,2023-09-17
8273,5755,Delivered,2025-08-14,2025-08-15
8274,1293,Delivered,2025-07-19,2025-07-23
8275,2576,Delivered,2025-12-10,2025-12-17
8276,6748,Delayed,2024-03-06,2024-03-09
8277,3270,Delayed,2023-01-20,2023-01-28
8278,4324,Delivered,2026-04-18,2026-04-27
8279,225,Failed,2025-02-05,
8280,4577,Delivered,2025-07-19,2025-07-29
8281,4946,Delivered,2023-12-27,2024-01-02
8282,18,Delivered,2024-04-25,2024-04-28
8283,6455,Delivered,2025-12-18,2025-12-28
8284,1044,Delivered,2025-10-31,2025-11-08
8285,4369,Delivered,2024-03-04,2024-03-06
8286,7161,Delivered,2024-06-03,2024-06-04
8287,8604,Delivered,2025-11-23,2025-11-26
8288,5212,Delivered,2024-04-22,2024-05-02
8289,7359,Delivered,2024-10-25,2024-10-30
8290,759,In Transit,2025-10-05,
8291,6929,Delivered,2025-08-13,2025-08-22
8292,5345,In Transit,2025-04-10,
8293,7954,Delivered,2025-11-12,2025-11-18
8294,3762,Delivered,2024-04-26,2024-05-02
8295,4669,Delivered,2023-06-05,2023-06-13
8296,5653,Delivered,2025-11-30,2025-12-10
8297,77,Delayed,2023-07-26,2023-07-30
8298,2676,Delivered,2023-03-11,2023-03-15
8299,5916,Delivered,2023-07-20,2023-07-21
8300,5987,Delivered,2023-01-22,2023-01-27
8301,7561,Delivered,2025-03-01,2025-03-09
8302,7859,In Transit,2023-10-11,
8303,5640,Delivered,2025-10-21,2025-10-26
8304,564,Delivered,2024-03-23,2024-03-26
8305,8628,Delivered,2024-04-03,2024-04-10
8306,2357,Delivered,2025-08-12,2025-08-14
8307,8222,Delivered,2024-05-08,2024-05-09
8308,8127,Failed,2025-01-20,
8309,7122,In Transit,2025-08-05,
8310,8503,Delivered,2026-01-14,2026-01-18
8311,4221,Delivered,2025-04-07,2025-04-14
8312,3010,Delivered,2026-05-07,2026-05-10
8313,1149,Delivered,2024-02-14,2024-02-23
8314,9617,Delivered,2024-12-07,2024-12-16
8315,134,Delivered,2023-09-19,2023-09-24
8316,1687,Delivered,2023-10-06,2023-10-13
8317,7486,Delivered,2025-08-03,2025-08-12
8318,6788,In Transit,2024-03-16,
8319,5023,Delivered,2023-10-08,2023-10-10
8320,7617,Delivered,2024-05-24,2024-05-25
8321,4907,Delayed,2025-11-28,2025-12-03
8322,9801,Delivered,2026-07-03,2026-07-08
8323,4942,Delivered,2025-11-30,2025-12-05
8324,4535,Delivered,2024-04-04,2024-04-05
8325,198,Failed,2023-07-12,
8326,3711,Delivered,2023-07-08,2023-07-18
8327,1348,In Transit,2023-09-30,
8328,2518,Delivered,2026-05-18,2026-05-20
8329,6963,Delivered,2026-01-23,2026-01-25
8330,2096,Delayed,2024-11-21,2024-11-27
8331,7668,Delivered,2025-02-16,2025-02-18
8332,5713,Delivered,2024-05-11,2024-05-14
8333,7103,Delivered,2023-07-07,2023-07-15
8334,2774,Delivered,2025-03-07,2025-03-13
8335,2597,Delivered,2024-12-31,2025-01-10
8336,8725,Delivered,2026-06-14,2026-06-23
8337,3916,Delivered,2023-09-01,2023-09-11
8338,129,Delivered,2026-03-04,2026-03-13
8339,9345,Delivered,2025-02-04,2025-02-06
8340,5572,In Transit,2024-07-18,
8341,1539,Delivered,2024-10-19,2024-10-26
8342,4850,Delivered,2025-08-11,2025-08-12
8343,1579,Delayed,2024-04-05,2024-04-09
8344,918,Delivered,2024-03-28,2024-04-06
8345,1311,Failed,2024-08-07,
8346,1460,Delayed,2025-04-30,2025-05-07
8347,6318,Delivered,2026-03-16,2026-03-21
8348,4234,Delayed,2024-03-16,2024-03-22
8349,45,Delivered,2023-09-06,2023-09-07
8350,6575,Delivered,2023-11-16,2023-11-22
8351,9430,Delivered,2025-07-18,2025-07-20
8352,9063,Delivered,2023-09-25,2023-09-30
8353,4294,In Transit,2023-02-23,
8354,6636,Delivered,2024-09-14,2024-09-16
8355,7908,Delivered,2025-01-06,2025-01-09
8356,7521,Delivered,2026-06-22,2026-06-25
8357,1855,Delayed,2026-03-07,2026-03-16
8358,9225,Delivered,2026-03-06,2026-03-07
8359,9104,Delivered,2025-08-29,2025-09-03
8360,1327,Delivered,2026-06-10,2026-06-11
8361,543,In Transit,2026-05-12,
8362,1833,Delivered,2025-03-10,2025-03-14
8363,6037,Delivered,2024-10-12,2024-10-20
8364,5167,In Transit,2026-02-23,
8365,7666,Delivered,2026-03-23,2026-03-27
8366,7638,Delivered,2026-01-31,2026-02-06
8367,9371,Delayed,2025-04-24,2025-04-28
8368,642,Delivered,2024-09-07,2024-09-11
8369,7970,Delivered,2024-11-05,2024-11-06
8370,62,Delayed,2024-03-10,2024-03-15
8371,1546,Delayed,2024-05-20,2024-05-25
8372,7080,Delivered,2025-10-30,2025-10-31
8373,2181,Failed,2023-04-01,
8374,1788,Delivered,2023-12-20,2023-12-30
8375,99,Failed,2026-01-04,
8376,7553,Delivered,2025-04-30,2025-05-08
8377,4296,Delivered,2024-04-21,2024-04-29
8378,8326,Delivered,2023-09-24,2023-10-04
8379,5046,Delivered,2023-03-15,2023-03-23
8380,6871,Failed,2025-03-24,
8381,9269,Delivered,2026-03-18,2026-03-24
8382,1889,In Transit,2023-12-17,
8383,3284,In Transit,2025-02-04,
8384,5009,Delivered,2025-06-03,2025-06-09
8385,8762,Delivered,2025-02-26,2025-03-07
8386,8024,Delivered,2023-05-01,2023-05-08
8387,9659,Delivered,2023-07-19,2023-07-20
8388,1088,Delivered,2024-11-30,2024-12-07
8389,6961,Delivered,2025-10-08,2025-10-13
8390,606,Delivered,2023-09-20,2023-09-30
8391,3165,Delayed,2026-02-04,2026-02-12
8392,8161,Delivered,2023-01-26,2023-01-27
8393,462,Delivered,2024-02-04,2024-02-10
8394,7727,Delivered,2025-04-13,2025-04-17
8395,5290,Delivered,2023-06-18,2023-06-25
8396,3144,Delivered,2024-07-03,2024-07-11
8397,1561,In Transit,2024-12-28,
8398,4293,Delivered,2023-10-15,2023-10-22
8399,3773,Delivered,2023-10-24,2023-10-25
8400,7447,In Transit,2024-07-18,
8401,8740,Delivered,2023-01-31,2023-02-05
8402,5948,In Transit,2023-09-26,
8403,7148,Delivered,2026-05-30,2026-06-02
8404,4342,Delivered,2023-03-25,2023-04-04
8405,228,Delivered,2023-07-19,2023-07-26
8406,9502,In Transit,2023-01-23,
8407,2258,Delivered,2023-02-10,2023-02-19
8408,5759,Delivered,2025-07-10,2025-07-11
8409,8614,Delivered,2025-12-30,2026-01-04
8410,1967,Delivered,2025-05-03,2025-05-13
8411,3014,Delivered,2025-07-06,2025-07-12
8412,8343,In Transit,2023-06-30,
8413,71,Delivered,2024-08-27,2024-09-01
8414,337,Delivered,2025-12-10,2025-12-11
8415,7935,Delayed,2024-09-21,2024-09-29
8416,791,Delivered,2023-03-16,2023-03-22
8417,6219,Delivered,2023-04-12,2023-04-21
8418,7891,Delivered,2026-01-22,2026-02-01
8419,3628,Delivered,2023-10-04,2023-10-10
8420,7916,Delivered,2025-04-25,2025-04-27
8421,6447,Delivered,2025-09-08,2025-09-10
8422,6855,Delivered,2023-10-05,2023-10-09
8423,4384,In Transit,2024-07-05,
8424,1402,Delivered,2025-03-16,2025-03-18
8425,8886,Delivered,2024-07-24,2024-07-25
8426,8617,Delivered,2026-03-13,2026-03-20
8427,8522,Delivered,2023-09-02,2023-09-10
8428,5490,In Transit,2025-10-21,
8429,2049,In Transit,2025-05-11,
8430,2119,Delivered,2024-03-17,2024-03-19
8431,5106,Delivered,2023-02-15,2023-02-17
8432,7275,Delivered,2023-03-15,2023-03-23
8433,2128,Delayed,2023-09-27,2023-10-06
8434,5207,Delivered,2025-10-15,2025-10-19
8435,2169,Delivered,2023-11-26,2023-12-03
8436,6310,Delivered,2024-08-27,2024-09-03
8437,7460,Delivered,2023-01-27,2023-01-28
8438,8335,Delayed,2024-07-22,2024-08-01
8439,7164,Delivered,2024-08-31,2024-09-06
8440,4105,Delayed,2024-06-11,2024-06-16
8441,3631,Delivered,2024-03-28,2024-03-30
8442,9823,Delivered,2024-08-28,2024-08-31
8443,9315,Delivered,2026-04-07,2026-04-17
8444,2962,Delivered,2023-07-08,2023-07-12
8445,8763,Delayed,2025-12-14,2025-12-21
8446,5962,Delivered,2025-07-25,2025-07-26
8447,9439,Delivered,2025-11-20,2025-11-27
8448,430,Delivered,2024-01-07,2024-01-10
8449,8368,Delivered,2026-02-16,2026-02-25
8450,2942,Delivered,2025-08-24,2025-09-03
8451,2282,Delivered,2023-09-13,2023-09-19
8452,8961,Delivered,2025-06-14,2025-06-17
8453,5616,Delivered,2023-11-11,2023-11-21
8454,4173,Delivered,2024-10-21,2024-10-28
8455,5872,Delivered,2024-01-28,2024-02-07
8456,7581,Delivered,2023-03-26,2023-03-29
8457,6715,Delivered,2023-02-04,2023-02-08
8458,2350,Delivered,2023-01-27,2023-01-29
8459,2013,Delivered,2024-06-24,2024-07-02
8460,860,Delivered,2026-02-17,2026-02-25
8461,9570,Delivered,2024-04-21,2024-04-30
8462,1835,Delivered,2024-10-10,2024-10-14
8463,1660,In Transit,2025-09-21,
8464,1975,Delivered,2024-07-27,2024-08-04
8465,9097,Delivered,2023-05-05,2023-05-08
8466,7154,Delivered,2025-07-20,2025-07-30
8467,432,Delivered,2025-02-06,2025-02-09
8468,3043,Delivered,2026-06-27,2026-07-06
8469,334,In Transit,2024-04-04,
8470,3725,Delivered,2025-04-17,2025-04-18
8471,4886,In Transit,2024-09-28,
8472,1782,Delivered,2026-02-07,2026-02-09
8473,1780,In Transit,2024-11-16,
8474,3151,Delivered,2024-08-22,2024-08-26
8475,257,Delivered,2025-06-02,2025-06-04
8476,1600,Delayed,2023-10-13,2023-10-21
8477,2606,Delivered,2025-10-28,2025-11-04
8478,5815,Delivered,2024-01-18,2024-01-26
8479,8427,Delivered,2023-12-02,2023-12-11
8480,8052,Delivered,2023-09-05,2023-09-12
8481,7053,Delivered,2025-12-15,2025-12-19
8482,4795,Delivered,2024-01-20,2024-01-22
8483,5418,Delivered,2025-08-18,2025-08-22
8484,4518,Delayed,2025-06-19,2025-06-22
8485,3174,Delivered,2025-11-02,2025-11-03
8486,6196,Delivered,2023-11-30,2023-12-08
8487,4408,Delivered,2026-05-16,2026-05-21
8488,3772,Delayed,2026-05-29,2026-05-30
8489,6186,Delivered,2023-05-25,2023-05-28
8490,1557,Delivered,2023-06-14,2023-06-16
8491,1197,Delivered,2023-12-04,2023-12-10
8492,7987,Delivered,2024-01-28,2024-02-02
8493,1028,Delivered,2026-04-04,2026-04-11
8494,8124,Delivered,2024-11-01,2024-11-02
8495,737,Delivered,2025-01-01,2025-01-04
8496,8770,Delivered,2024-10-01,2024-10-03
8497,5717,Delivered,2023-01-08,2023-01-09
8498,74,Delivered,2024-04-03,2024-04-09
8499,5306,Delivered,2025-02-05,2025-02-08
8500,8061,In Transit,2024-06-11,
8501,945,Delayed,2026-05-22,2026-05-27
8502,5982,Delivered,2025-07-11,2025-07-13
8503,177,Delivered,2026-01-22,2026-01-29
8504,2690,Delivered,2023-02-14,2023-02-22
8505,8935,Delivered,2025-09-17,2025-09-21
8506,3127,In Transit,2025-09-26,
8507,6074,Delivered,2023-06-12,2023-06-22
8508,8385,Delayed,2025-10-15,2025-10-22
8509,2240,Delayed,2025-06-11,2025-06-16
8510,4122,Delivered,2023-04-11,2023-04-17
8511,8077,Delayed,2023-09-02,2023-09-07
8512,7729,Delivered,2024-07-16,2024-07-21
8513,5343,Delivered,2026-02-07,2026-02-11
8514,148,Delivered,2026-02-22,2026-03-04
8515,7301,Delivered,2024-01-17,2024-01-20
8516,8972,Delivered,2024-01-31,2024-02-08
8517,2304,Delivered,2024-09-02,2024-09-05
8518,8362,Delivered,2026-03-26,2026-03-28
8519,2060,Delivered,2025-05-11,2025-05-14
8520,6862,Delivered,2026-05-30,2026-06-06
8521,3366,Delayed,2025-05-04,2025-05-14
8522,549,Delivered,2023-05-13,2023-05-20
8523,9246,In Transit,2023-08-12,
8524,1004,Delivered,2024-11-17,2024-11-20
8525,4155,Delivered,2024-07-31,2024-08-10
8526,8058,Delivered,2024-03-27,2024-04-02
8527,7799,Delivered,2025-10-15,2025-10-18
8528,3696,In Transit,2025-12-07,
8529,7089,In Transit,2023-04-05,
8530,8226,Delivered,2023-11-29,2023-12-07
8531,8831,Delivered,2024-07-03,2024-07-09
8532,9917,Delivered,2023-07-07,2023-07-10
8533,2970,Delivered,2026-05-15,2026-05-23
8534,3254,Delivered,2023-09-23,2023-09-26
8535,9620,Delivered,2023-04-20,2023-04-25
8536,8066,Delivered,2025-09-29,2025-10-07
8537,8756,Delivered,2024-12-09,2024-12-15
8538,9509,Delivered,2026-05-01,2026-05-10
8539,8930,Delivered,2024-04-24,2024-04-29
8540,2100,Delivered,2024-11-01,2024-11-05
8541,1562,Delivered,2024-06-03,2024-06-04
8542,8098,Delivered,2023-07-11,2023-07-14
8543,8870,Delivered,2026-02-07,2026-02-14
8544,4033,Delivered,2024-04-21,2024-04-30
8545,3844,Delivered,2024-06-20,2024-06-25
8546,7790,Delivered,2025-03-06,2025-03-16
8547,2109,Delivered,2026-04-10,2026-04-16
8548,6722,Delivered,2024-12-15,2024-12-18
8549,1729,Delivered,2024-06-04,2024-06-09
8550,1965,Delayed,2024-08-11,2024-08-19
8551,7078,Delivered,2023-02-13,2023-02-15
8552,6150,Delivered,2024-02-28,2024-03-05
8553,3778,Delivered,2024-02-02,2024-02-04
8554,5029,Delivered,2024-04-23,2024-04-29
8555,2226,Delivered,2023-02-10,2023-02-20
8556,4309,Delivered,2024-12-09,2024-12-16
8557,8577,In Transit,2025-07-19,
8558,6,Delivered,2026-05-31,2026-06-07
8559,3160,Delivered,2025-07-13,2025-07-21
8560,8142,Delivered,2024-05-26,2024-06-01
8561,9390,Delivered,2024-07-25,2024-08-04
8562,7473,Delivered,2024-11-01,2024-11-10
8563,2387,Delivered,2023-03-31,2023-04-03
8564,8105,Delivered,2024-04-20,2024-04-21
8565,7293,Delivered,2024-09-24,2024-09-27
8566,1400,Delivered,2023-12-13,2023-12-21
8567,6814,Delivered,2024-06-05,2024-06-15
8568,3276,Delivered,2024-05-27,2024-05-29
8569,1380,Delivered,2023-09-18,2023-09-26
8570,4820,Delivered,2025-04-23,2025-04-24
8571,5118,Delivered,2025-07-02,2025-07-03
8572,2447,Delivered,2025-04-15,2025-04-23
8573,214,Delivered,2025-04-02,2025-04-11
8574,1723,Delivered,2026-03-09,2026-03-17
8575,1591,Delivered,2023-02-28,2023-03-02
8576,6274,Delivered,2024-03-24,2024-03-25
8577,2438,Delivered,2023-02-26,2023-02-28
8578,704,Delivered,2026-05-28,2026-05-30
8579,1107,Delivered,2023-08-09,2023-08-14
8580,4344,Delivered,2024-01-15,2024-01-18
8581,895,Delivered,2024-08-22,2024-08-25
8582,5048,Delayed,2023-05-26,2023-05-29
8583,3887,Delivered,2024-12-04,2024-12-08
8584,6546,Delivered,2024-11-11,2024-11-21
8585,175,In Transit,2023-03-05,
8586,5078,Delivered,2024-02-12,2024-02-18
8587,7318,Delivered,2025-01-11,2025-01-17
8588,4727,Delivered,2026-06-04,2026-06-13
8589,2275,Delivered,2024-09-12,2024-09-19
8590,346,Delivered,2024-04-14,2024-04-19
8591,1988,Delayed,2023-09-21,2023-09-27
8592,9547,In Transit,2026-04-02,
8593,2678,Delivered,2026-06-11,2026-06-20
8594,3303,Delivered,2024-03-22,2024-03-30
8595,1268,Delivered,2023-11-21,2023-11-25
8596,1482,Delivered,2024-05-23,2024-06-02
8597,9278,In Transit,2024-10-01,
8598,5824,Delivered,2026-06-14,2026-06-18
8599,8062,In Transit,2025-12-23,
8600,9096,Delivered,2025-07-10,2025-07-12
8601,5865,Delivered,2025-03-13,2025-03-21
8602,9358,In Transit,2025-02-10,
8603,3497,Delivered,2023-09-16,2023-09-19
8604,9809,Delivered,2023-08-31,2023-09-04
8605,397,Delivered,2023-08-21,2023-08-28
8606,3781,Delayed,2023-11-18,2023-11-28
8607,5399,Delivered,2024-11-12,2024-11-14
8608,342,Delivered,2024-01-11,2024-01-21
8609,6319,Delayed,2026-03-07,2026-03-08
8610,8403,Delivered,2025-10-12,2025-10-22
8611,9500,In Transit,2025-06-10,
8612,6006,In Transit,2024-06-19,
8613,5129,Delivered,2024-01-08,2024-01-12
8614,518,Delivered,2025-03-28,2025-04-04
8615,9782,In Transit,2026-05-19,
8616,9507,Delivered,2025-07-17,2025-07-18
8617,712,Delivered,2023-11-04,2023-11-06
8618,8345,Delivered,2023-05-29,2023-06-03
8619,1317,Delivered,2023-06-02,2023-06-10
8620,7211,Delayed,2026-03-11,2026-03-12
8621,1458,Delivered,2023-01-16,2023-01-26
8622,1068,In Transit,2024-05-08,
8623,8367,Delivered,2025-04-04,2025-04-05
8624,1067,Delivered,2023-06-07,2023-06-13
8625,7846,In Transit,2023-10-25,
8626,7441,Delivered,2024-10-12,2024-10-19
8627,5634,Delivered,2025-11-05,2025-11-08
8628,6368,Delivered,2024-03-17,2024-03-27
8629,6082,Delivered,2023-09-30,2023-10-02
8630,8497,Delivered,2025-01-17,2025-01-20
8631,2722,Delivered,2025-12-30,2026-01-07
8632,8056,Delivered,2023-04-13,2023-04-14
8633,4712,Delivered,2024-07-13,2024-07-15
8634,5032,Delivered,2023-12-05,2023-12-06
8635,3433,In Transit,2024-04-02,
8636,2839,Delivered,2024-04-28,2024-05-08
8637,3944,Delivered,2024-12-14,2024-12-20
8638,5193,Delivered,2024-03-22,2024-04-01
8639,684,Delivered,2026-06-20,2026-06-27
8640,5911,Delivered,2026-04-03,2026-04-13
8641,6473,Delivered,2023-10-12,2023-10-14
8642,3087,Delivered,2023-10-12,2023-10-22
8643,264,Delivered,2023-06-14,2023-06-18
8644,1336,Delivered,2025-04-25,2025-04-26
8645,8902,Delivered,2025-10-27,2025-11-01
8646,1815,Delivered,2025-01-08,2025-01-09
8647,7903,Delivered,2025-06-07,2025-06-17
8648,119,Delivered,2025-12-28,2025-12-29
8649,5651,Delivered,2023-12-10,2023-12-14
8650,5750,Delivered,2024-05-21,2024-05-24
8651,8298,In Transit,2026-06-18,
8652,9921,In Transit,2025-11-11,
8653,7905,Delivered,2024-04-23,2024-04-25
8654,5443,Delivered,2025-01-10,2025-01-18
8655,3109,Failed,2024-06-08,
8656,8578,Delivered,2023-05-29,2023-06-06
8657,5579,Delivered,2023-03-08,2023-03-10
8658,7023,Delivered,2025-02-26,2025-03-06
8659,9928,Delivered,2023-03-27,2023-04-03
8660,967,Delivered,2024-06-01,2024-06-06
8661,1164,Delivered,2023-01-17,2023-01-21
8662,2115,In Transit,2024-07-28,
8663,7398,Delivered,2023-12-09,2023-12-13
8664,179,In Transit,2025-05-09,
8665,2414,In Transit,2023-06-27,
8666,3663,Delivered,2024-06-09,2024-06-10
8667,4383,Delivered,2023-10-10,2023-10-17
8668,5007,Delivered,2025-07-12,2025-07-18
8669,6629,Delivered,2023-01-07,2023-01-14
8670,4941,In Transit,2023-03-01,
8671,8085,Delayed,2023-05-29,2023-06-07
8672,946,Delivered,2024-01-03,2024-01-04
8673,9252,Delivered,2026-06-10,2026-06-16
8674,6679,Delivered,2025-08-03,2025-08-06
8675,7115,Delivered,2023-08-11,2023-08-20
8676,1368,Delivered,2024-04-29,2024-05-09
8677,9974,Delivered,2023-10-05,2023-10-13
8678,3949,Delivered,2025-04-11,2025-04-14
8679,9981,Delivered,2024-08-22,2024-08-28
8680,3470,Delivered,2025-09-24,2025-10-03
8681,2720,Delivered,2023-02-23,2023-03-05
8682,9605,Delivered,2025-06-29,2025-07-08
8683,8734,Delivered,2023-02-13,2023-02-21
8684,993,Delayed,2026-04-23,2026-05-01
8685,6029,Delivered,2024-10-06,2024-10-14
8686,3788,Delivered,2023-11-16,2023-11-18
8687,1785,Delivered,2025-10-17,2025-10-20
8688,4007,Failed,2023-02-18,
8689,5608,Delivered,2024-11-10,2024-11-16
8690,2253,Delivered,2024-06-30,2024-07-08
8691,7330,Delivered,2025-07-28,2025-07-31
8692,1295,Delivered,2026-03-20,2026-03-30
8693,2138,Failed,2023-11-12,
8694,8129,Delayed,2023-02-17,2023-02-21
8695,2301,Failed,2023-04-08,
8696,3444,Delivered,2026-06-01,2026-06-05
8697,6904,Delayed,2025-01-25,2025-01-31
8698,5211,Delivered,2024-02-26,2024-02-29
8699,1275,Delivered,2023-09-24,2023-09-27
8700,3232,Delayed,2026-04-25,2026-05-02
8701,3106,Delivered,2025-11-03,2025-11-10
8702,5903,Delivered,2024-10-14,2024-10-22
8703,5677,Delivered,2023-12-06,2023-12-09
8704,5943,Delivered,2025-07-04,2025-07-13
8705,3025,Delivered,2025-08-18,2025-08-22
8706,1441,Delivered,2025-05-27,2025-06-03
8707,7269,Delivered,2025-09-26,2025-10-03
8708,5327,Delivered,2023-05-11,2023-05-21
8709,8659,Delivered,2025-04-01,2025-04-08
8710,3430,Delivered,2024-06-24,2024-07-01
8711,6448,Delivered,2026-02-09,2026-02-19
8712,3314,Delivered,2025-01-29,2025-02-08
8713,6149,Delivered,2026-01-07,2026-01-12
8714,8232,Delivered,2026-03-30,2026-04-09
8715,4895,In Transit,2025-02-11,
8716,5650,Delivered,2025-08-06,2025-08-12
8717,4075,Delivered,2025-06-04,2025-06-08
8718,2125,Delivered,2024-03-09,2024-03-16
8719,3047,Delivered,2023-12-28,2024-01-04
8720,9612,Delivered,2024-09-26,2024-10-05
8721,5841,In Transit,2025-06-24,
8722,5358,Delivered,2023-09-11,2023-09-12
8723,437,Delivered,2025-09-01,2025-09-02
8724,7947,Delivered,2023-10-02,2023-10-09
8725,643,Delivered,2024-11-22,2024-12-01
8726,9325,Delivered,2023-02-24,2023-02-25
8727,5248,Delivered,2025-01-26,2025-02-05
8728,5404,Delivered,2024-09-07,2024-09-08
8729,8947,Delivered,2025-12-08,2025-12-14
8730,1242,In Transit,2025-08-14,
8731,9615,Delivered,2023-10-04,2023-10-08
8732,3841,Delivered,2024-09-04,2024-09-14
8733,426,Delivered,2026-03-02,2026-03-09
8734,4598,Delivered,2025-02-14,2025-02-21
8735,7469,Delivered,2025-01-10,2025-01-16
8736,8070,Delivered,2025-12-07,2025-12-16
8737,814,Delivered,2023-11-26,2023-12-04
8738,7434,Delivered,2025-08-06,2025-08-14
8739,309,Delayed,2025-08-21,2025-08-27
8740,7226,Delivered,2024-09-15,2024-09-22
8741,4932,Delivered,2026-04-05,2026-04-14
8742,5554,Delivered,2024-12-20,2024-12-25
8743,4664,In Transit,2026-03-10,
8744,1241,Delivered,2024-01-03,2024-01-13
8745,5624,Delivered,2024-03-15,2024-03-19
8746,2640,Delivered,2025-09-03,2025-09-04
8747,4024,Delivered,2024-07-21,2024-07-22
8748,7991,Delivered,2025-07-18,2025-07-24
8749,1436,Delivered,2023-10-12,2023-10-21
8750,3662,Delivered,2026-03-19,2026-03-24
8751,6189,Delayed,2025-01-09,2025-01-12
8752,5239,Delivered,2023-10-22,2023-10-29
8753,1750,Delivered,2024-07-27,2024-07-28
8754,8146,In Transit,2025-09-26,
8755,2558,Delivered,2023-02-07,2023-02-11
8756,3487,Delivered,2026-06-28,2026-07-04
8757,7959,Delivered,2025-02-16,2025-02-20
8758,1913,Delivered,2023-09-26,2023-09-27
8759,7526,Delivered,2024-09-10,2024-09-13
8760,3439,Delivered,2026-02-08,2026-02-11
8761,7086,Delivered,2024-07-15,2024-07-24
8762,6892,Delivered,2023-05-26,2023-05-31
8763,7944,Delivered,2023-12-04,2023-12-12
8764,354,Delivered,2025-04-13,2025-04-19
8765,9855,Delivered,2024-09-14,2024-09-18
8766,3851,Delivered,2023-10-24,2023-10-31
8767,6878,Delayed,2023-03-23,2023-04-02
8768,1779,Delivered,2023-12-31,2024-01-04
8769,1535,Delivered,2026-05-12,2026-05-14
8770,9068,Delivered,2024-02-13,2024-02-16
8771,6422,In Transit,2025-12-11,
8772,8622,Delayed,2023-03-13,2023-03-21
8773,9689,Delivered,2024-07-19,2024-07-21
8774,8296,In Transit,2023-12-04,
8775,1699,Delivered,2023-06-09,2023-06-17
8776,4973,Delivered,2024-01-08,2024-01-09
8777,8814,Delivered,2024-08-31,2024-09-04
8778,1672,In Transit,2024-01-15,
8779,2748,Delivered,2025-04-11,2025-04-19
8780,7014,Delivered,2026-02-07,2026-02-12
8781,4780,Delivered,2024-03-07,2024-03-08
8782,2088,Delivered,2025-04-25,2025-04-28
8783,3442,Delivered,2023-01-05,2023-01-07
8784,9182,Delivered,2023-02-20,2023-02-24
8785,5882,Delivered,2026-04-26,2026-05-02
8786,506,Delivered,2024-12-24,2024-12-27
8787,5430,Delivered,2024-08-16,2024-08-20
8788,401,Delayed,2026-03-27,2026-03-31
8789,2089,Delivered,2023-09-29,2023-10-02
8790,9679,Delivered,2026-05-17,2026-05-19
8791,8600,In Transit,2025-11-06,
8792,7348,Delivered,2025-01-06,2025-01-14
8793,5121,Delivered,2023-02-14,2023-02-21
8794,1227,In Transit,2023-11-16,
8795,7712,In Transit,2025-01-06,
8796,2150,Delivered,2024-12-23,2025-01-01
8797,2815,Delivered,2026-01-28,2026-02-01
8798,2616,Delivered,2023-09-09,2023-09-18
8799,7530,Delivered,2025-07-01,2025-07-02
8800,6305,Delayed,2023-03-09,2023-03-10
8801,6065,Delivered,2023-08-28,2023-09-05
8802,8214,In Transit,2024-02-18,
8803,8650,Delayed,2023-12-15,2023-12-19
8804,9367,Delivered,2024-12-23,2024-12-24
8805,64,Delayed,2024-08-14,2024-08-22
8806,6583,Delivered,2023-06-10,2023-06-13
8807,4903,Delivered,2026-03-05,2026-03-08
8808,8780,Delivered,2025-02-13,2025-02-18
8809,5956,Delivered,2023-06-09,2023-06-16
8810,2242,Delivered,2025-07-01,2025-07-07
8811,8502,Delivered,2023-09-19,2023-09-21
8812,2956,Delivered,2026-01-23,2026-02-01
8813,9435,Delivered,2023-11-22,2023-11-30
8814,7001,Delivered,2026-06-30,2026-07-06
8815,8204,Delivered,2026-02-03,2026-02-05
8816,9749,Delivered,2023-04-23,2023-05-03
8817,8785,Delivered,2026-05-22,2026-05-26
8818,1977,Delivered,2025-10-17,2025-10-23
8819,6716,Delivered,2026-02-03,2026-02-05
8820,2747,Delivered,2023-01-21,2023-01-23
8821,2596,Failed,2025-03-27,
8822,7881,Delivered,2026-02-13,2026-02-14
8823,6451,Delivered,2024-07-16,2024-07-23
8824,4816,Delivered,2024-03-12,2024-03-18
8825,4752,Delivered,2026-01-30,2026-02-06
8826,3826,Delayed,2026-05-26,2026-05-28
8827,7091,Delivered,2024-03-21,2024-03-27
8828,8096,Delivered,2023-01-15,2023-01-18
8829,9577,Delivered,2025-01-22,2025-01-27
8830,417,In Transit,2025-11-25,
8831,2491,Delayed,2024-05-17,2024-05-23
8832,2788,Delivered,2026-01-03,2026-01-10
8833,3748,Delivered,2025-01-17,2025-01-24
8834,4545,Delivered,2023-07-30,2023-08-05
8835,3399,Delayed,2025-04-06,2025-04-15
8836,5669,Delivered,2025-12-05,2025-12-08
8837,2319,Delivered,2025-09-17,2025-09-26
8838,8573,Delayed,2025-03-26,2025-03-28
8839,4019,Delivered,2023-06-14,2023-06-15
8840,2281,Delivered,2025-05-23,2025-05-27
8841,855,Delivered,2023-03-11,2023-03-14
8842,8286,Delivered,2023-05-15,2023-05-24
8843,2808,Delivered,2023-03-26,2023-04-03
8844,7868,Delivered,2023-11-18,2023-11-19
8845,8239,Delivered,2024-06-12,2024-06-18
8846,5835,Delivered,2023-10-23,2023-11-02
8847,963,In Transit,2023-02-05,
8848,7411,Delivered,2024-05-03,2024-05-10
8849,3965,In Transit,2024-02-23,
8850,1540,Delivered,2023-01-18,2023-01-19
8851,3061,Delivered,2024-03-03,2024-03-05
8852,2490,Delivered,2026-01-26,2026-01-30
8853,447,Delayed,2023-09-27,2023-09-30
8854,2682,In Transit,2024-12-14,
8855,5381,Delayed,2024-04-11,2024-04-12
8856,6705,Delivered,2023-12-25,2023-12-28
8857,2268,Delayed,2025-01-05,2025-01-10
8858,2939,Delivered,2026-06-03,2026-06-12
8859,6861,Delivered,2025-01-18,2025-01-23
8860,2310,Delivered,2024-03-21,2024-03-26
8861,6700,Delivered,2023-03-08,2023-03-17
8862,6379,Delivered,2024-06-09,2024-06-18
8863,8261,Delivered,2024-05-24,2024-06-02
8864,88,Delivered,2025-01-04,2025-01-10
8865,1936,Delivered,2024-06-07,2024-06-13
8866,6381,Delivered,2024-09-07,2024-09-09
8867,8312,Failed,2023-09-15,
8868,6090,Delivered,2024-12-30,2025-01-03
8869,6848,Delivered,2026-03-19,2026-03-29
8870,3479,Delayed,2023-07-18,2023-07-26
8871,4871,Delivered,2023-12-18,2023-12-19
8872,6468,Delivered,2025-07-05,2025-07-14
8873,2251,Delivered,2025-03-28,2025-04-04
8874,8735,Delivered,2024-03-06,2024-03-10
8875,3341,Delivered,2024-09-03,2024-09-10
8876,6778,In Transit,2025-07-04,
8877,8936,Delivered,2023-02-24,2023-02-28
8878,9663,Delivered,2024-04-03,2024-04-11
8879,8708,Delayed,2026-05-02,2026-05-03
8880,6351,Delivered,2026-06-28,2026-07-03
8881,5449,Delivered,2023-08-22,2023-08-29
8882,788,Delayed,2023-11-24,2023-12-04
8883,3862,Delivered,2023-04-29,2023-05-02
8884,4646,Delivered,2026-02-25,2026-03-03
8885,9410,Delivered,2024-12-13,2024-12-19
8886,6343,Delivered,2025-02-28,2025-03-05
8887,8687,Delivered,2023-04-05,2023-04-11
8888,326,Delivered,2023-10-30,2023-11-07
8889,4153,Delivered,2024-01-28,2024-02-06
8890,7640,In Transit,2025-04-20,
8891,8313,Delivered,2025-02-21,2025-02-26
8892,5422,Delivered,2023-05-23,2023-05-25
8893,449,Delivered,2023-04-09,2023-04-13
8894,1266,Delivered,2025-12-22,2025-12-31
8895,1773,Delivered,2025-08-02,2025-08-06
8896,7595,Delivered,2025-06-07,2025-06-14
8897,9099,Delivered,2023-06-29,2023-07-03
8898,4924,Delivered,2025-07-28,2025-08-07
8899,8587,Delayed,2025-10-01,2025-10-08
8900,8257,Delivered,2023-06-16,2023-06-26
8901,6669,Delivered,2025-08-01,2025-08-04
8902,2702,Delayed,2024-02-03,2024-02-13
8903,4697,Delivered,2025-06-23,2025-06-29
8904,1391,Delivered,2023-05-13,2023-05-16
8905,2407,Delivered,2025-04-11,2025-04-13
8906,9983,Delivered,2024-09-20,2024-09-22
8907,4218,Delivered,2024-05-18,2024-05-28
8908,8199,Delivered,2023-07-06,2023-07-07
8909,9510,Delivered,2024-07-15,2024-07-16
8910,5874,Delivered,2023-12-18,2023-12-19
8911,2656,Delivered,2023-05-04,2023-05-11
8912,9776,Delivered,2025-01-21,2025-01-27
8913,6538,Delivered,2025-05-09,2025-05-16
8914,6370,Delivered,2024-01-20,2024-01-25
8915,7894,Delivered,2025-06-24,2025-06-26
8916,10000,Delivered,2023-08-30,2023-09-07
8917,1300,Delivered,2023-02-14,2023-02-23
8918,9644,Delivered,2025-04-28,2025-05-06
8919,2848,Delivered,2025-04-30,2025-05-03
8920,7865,Delivered,2023-12-01,2023-12-02
8921,3090,Delivered,2025-10-29,2025-11-05
8922,458,In Transit,2023-02-25,
8923,8933,In Transit,2025-12-09,
8924,8037,Delivered,2023-10-14,2023-10-22
8925,2813,Delivered,2025-09-18,2025-09-25
8926,8334,Delivered,2023-01-10,2023-01-16
8927,1622,Delivered,2024-11-23,2024-11-28
8928,7960,Delivered,2025-10-29,2025-11-03
8929,5076,Delivered,2025-12-07,2025-12-08
8930,9130,Delivered,2024-06-15,2024-06-20
8931,7336,Delivered,2025-10-26,2025-10-28
8932,5456,Failed,2025-01-10,
8933,5116,Delivered,2023-11-04,2023-11-07
8934,6437,Delivered,2024-02-06,2024-02-12
8935,3054,Delivered,2023-09-15,2023-09-19
8936,5690,Delivered,2024-02-26,2024-03-07
8937,8797,Delivered,2024-09-12,2024-09-14
8938,781,Delivered,2023-01-26,2023-02-02
8939,2236,Delivered,2025-12-30,2026-01-07
8940,347,In Transit,2025-08-08,
8941,9194,Delivered,2025-03-07,2025-03-11
8942,162,Delayed,2025-02-28,2025-03-01
8943,4618,Delivered,2023-08-04,2023-08-08
8944,9758,Delivered,2026-06-05,2026-06-06
8945,3593,Delivered,2023-01-10,2023-01-11
8946,2707,Delivered,2026-04-05,2026-04-13
8947,6802,Delivered,2023-08-03,2023-08-11
8948,7503,Delivered,2026-03-23,2026-03-30
8949,4263,Delivered,2025-05-28,2025-06-05
8950,5852,Delivered,2023-07-24,2023-07-27
8951,3989,Delivered,2025-05-16,2025-05-19
8952,2462,Delivered,2025-06-02,2025-06-06
8953,2679,Delivered,2024-03-24,2024-04-02
8954,7443,Delivered,2024-08-21,2024-08-25
8955,1554,Delivered,2023-08-10,2023-08-14
8956,7134,Delivered,2024-05-22,2024-06-01
8957,3768,Delivered,2023-12-22,2023-12-31
8958,478,Delayed,2024-07-19,2024-07-20
8959,7961,Delivered,2026-05-23,2026-06-01
8960,3532,Delivered,2024-04-18,2024-04-27
8961,7085,Delivered,2024-12-26,2025-01-04
8962,4092,Delivered,2025-07-23,2025-08-01
8963,954,In Transit,2023-03-31,
8964,9360,Delivered,2026-07-02,2026-07-12
8965,7265,Delivered,2023-03-20,2023-03-30
8966,9148,Delivered,2023-09-15,2023-09-16
8967,921,Delivered,2025-04-17,2025-04-18
8968,3881,In Transit,2024-09-27,
8969,9082,Delivered,2024-09-21,2024-09-29
8970,779,Delivered,2025-01-10,2025-01-18
8971,145,Delivered,2023-05-20,2023-05-29
8972,1774,Delayed,2025-08-04,2025-08-06
8973,619,Delivered,2023-08-17,2023-08-18
8974,3418,Delivered,2024-04-13,2024-04-22
8975,1448,Delayed,2024-08-07,2024-08-10
8976,9387,Delivered,2023-10-31,2023-11-02
8977,7069,In Transit,2024-11-05,
8978,4976,In Transit,2023-09-22,
8979,9989,Delivered,2025-02-02,2025-02-05
8980,1492,Delivered,2023-04-25,2023-04-30
8981,4963,Delivered,2023-11-13,2023-11-20
8982,5496,Delivered,2025-02-17,2025-02-25
8983,1109,Delayed,2026-03-14,2026-03-23
8984,3713,Delivered,2025-10-12,2025-10-17
8985,3974,In Transit,2024-11-07,
8986,6371,Delivered,2023-04-01,2023-04-05
8987,9248,Delivered,2024-08-05,2024-08-14
8988,5738,Delivered,2025-07-15,2025-07-23
8989,1883,Delivered,2023-01-18,2023-01-20
8990,5849,Delivered,2023-10-17,2023-10-27
8991,750,Delayed,2024-11-02,2024-11-03
8992,2243,Delivered,2026-06-18,2026-06-24
8993,8054,Delivered,2023-08-02,2023-08-11
8994,131,In Transit,2024-10-04,
8995,4392,Delivered,2024-03-20,2024-03-25
8996,7308,Delivered,2024-10-30,2024-11-02
8997,8327,Delivered,2024-01-14,2024-01-23
8998,2739,Delivered,2024-11-16,2024-11-21
8999,1469,In Transit,2023-07-29,
9000,1680,Delivered,2023-07-25,2023-07-29
9001,2020,In Transit,2024-11-25,
9002,9357,Delivered,2024-08-22,2024-08-25
9003,5105,Delivered,2025-11-23,2025-12-01
9004,3299,Delivered,2026-03-26,2026-03-31
9005,739,Delivered,2024-02-17,2024-02-21
9006,2604,Delivered,2024-03-12,2024-03-21
9007,7382,Delivered,2025-11-02,2025-11-10
9008,4229,In Transit,2026-04-01,
9009,4786,In Transit,2024-09-21,
9010,4378,Delivered,2023-03-27,2023-04-04
9011,4159,Delivered,2023-04-11,2023-04-16
9012,7550,Delivered,2024-06-09,2024-06-10
9013,874,Delivered,2023-02-26,2023-02-27
9014,3665,Delivered,2023-03-16,2023-03-21
9015,8252,Delivered,2023-04-27,2023-04-30
9016,2728,Delivered,2026-04-25,2026-05-03
9017,4295,Failed,2024-07-22,
9018,37,Delayed,2025-01-12,2025-01-15
9019,3125,Delivered,2026-04-10,2026-04-17
9020,6755,Delivered,2023-04-21,2023-04-24
9021,933,Delivered,2023-07-04,2023-07-12
9022,596,Delivered,2026-03-15,2026-03-24
9023,1731,Delivered,2025-12-03,2025-12-09
9024,8876,Delivered,2024-10-22,2024-10-30
9025,2800,Delivered,2025-03-24,2025-03-31
9026,8266,Delivered,2024-12-28,2025-01-01
9027,446,In Transit,2026-04-27,
9028,8755,Delivered,2023-02-03,2023-02-06
9029,7777,Delivered,2023-11-03,2023-11-11
9030,2273,Delivered,2023-03-05,2023-03-07
9031,1918,Delivered,2023-05-29,2023-06-03
9032,4561,Delivered,2025-02-21,2025-02-24
9033,1821,Delivered,2025-02-25,2025-02-26
9034,1049,Delayed,2023-05-11,2023-05-14
9035,7929,Delivered,2025-07-05,2025-07-08
9036,243,In Transit,2024-06-13,
9037,1966,Delivered,2026-01-23,2026-01-24
9038,4120,In Transit,2024-08-17,
9039,4402,Delivered,2024-05-02,2024-05-03
9040,3149,Delivered,2023-03-05,2023-03-15
9041,4880,Delivered,2024-08-17,2024-08-27
9042,6353,Delayed,2026-03-27,2026-04-06
9043,9966,In Transit,2025-02-10,
9044,986,Delivered,2025-05-27,2025-06-04
9045,2338,In Transit,2026-04-30,
9046,498,Delivered,2023-07-22,2023-07-30
9047,6308,In Transit,2026-04-26,
9048,4910,Delivered,2026-05-06,2026-05-10
9049,1203,Delivered,2023-02-25,2023-02-28
9050,6143,Delivered,2024-01-16,2024-01-26
9051,2810,Delivered,2025-04-23,2025-05-01
9052,3495,Delivered,2025-05-28,2025-06-05
9053,1025,Delivered,2023-11-16,2023-11-17
9054,5245,Delivered,2026-05-09,2026-05-11
9055,4547,Delivered,2023-08-01,2023-08-04
9056,3667,Delivered,2024-02-20,2024-02-21
9057,8743,Delivered,2024-08-09,2024-08-15
9058,1912,Delivered,2023-08-02,2023-08-06
9059,262,Delivered,2024-11-22,2024-12-01
9060,7043,Delivered,2024-05-20,2024-05-25
9061,7494,Delivered,2024-02-18,2024-02-22
9062,3148,Delivered,2024-05-19,2024-05-20
9063,1263,Delivered,2023-10-02,2023-10-04
9064,253,Delivered,2025-05-07,2025-05-17
9065,9361,Delivered,2023-12-15,2023-12-16
9066,3802,Delivered,2024-02-28,2024-03-02
9067,448,Delivered,2026-04-03,2026-04-05
9068,5047,Delivered,2023-04-16,2023-04-19
9069,9505,Delivered,2024-06-17,2024-06-24
9070,7060,Delivered,2025-02-26,2025-03-03
9071,8442,Delivered,2024-11-16,2024-11-26
9072,7057,Failed,2024-08-10,
9073,6785,Delivered,2023-12-28,2024-01-04
9074,5993,Delivered,2024-06-13,2024-06-16
9075,7038,Delivered,2025-05-25,2025-05-29
9076,9800,Delivered,2024-01-04,2024-01-14
9077,4497,Delivered,2026-01-05,2026-01-13
9078,9690,Delivered,2023-12-21,2023-12-22
9079,8190,Delivered,2024-06-19,2024-06-28
9080,9529,Delivered,2025-01-17,2025-01-27
9081,8818,Delivered,2026-05-01,2026-05-10
9082,3086,Delivered,2024-01-11,2024-01-20
9083,9262,Delivered,2025-05-10,2025-05-17
9084,9384,In Transit,2025-11-23,
9085,9184,In Transit,2023-06-06,
9086,9495,Delivered,2025-05-06,2025-05-15
9087,6474,Delivered,2024-06-04,2024-06-13
9088,786,Delivered,2023-03-07,2023-03-13
9089,1192,Delivered,2024-06-18,2024-06-22
9090,1541,Delivered,2023-03-09,2023-03-12
9091,5279,Delivered,2026-04-26,2026-05-03
9092,9736,Delivered,2023-01-20,2023-01-22
9093,5311,Delivered,2026-06-04,2026-06-12
9094,3834,Delivered,2025-07-30,2025-08-04
9095,8893,Delivered,2026-02-07,2026-02-12
9096,1313,Failed,2025-06-10,
9097,8255,Delivered,2023-05-02,2023-05-03
9098,6233,Delivered,2025-12-17,2025-12-24
9099,2063,In Transit,2025-08-21,
9100,4509,Delivered,2023-07-31,2023-08-09
9101,9449,In Transit,2024-10-10,
9102,9090,Delayed,2024-01-07,2024-01-17
9103,840,Delivered,2024-03-22,2024-03-30
9104,3112,Delivered,2023-04-29,2023-05-06
9105,4209,Delivered,2026-04-10,2026-04-11
9106,1922,Delivered,2024-05-23,2024-05-29
9107,7814,Delivered,2023-04-28,2023-05-01
9108,7539,Delivered,2025-10-06,2025-10-07
9109,2999,Delivered,2026-05-10,2026-05-16
9110,4610,Delivered,2024-04-21,2024-04-28
9111,8033,Delayed,2023-06-17,2023-06-21
9112,4775,Delivered,2025-07-14,2025-07-23
9113,7772,Delivered,2024-08-09,2024-08-19
9114,4438,Delivered,2024-07-12,2024-07-15
9115,8182,Delayed,2024-04-13,2024-04-19
9116,9696,Delivered,2025-03-08,2025-03-15
9117,8806,Delivered,2024-12-15,2024-12-24
9118,1964,Delivered,2026-04-21,2026-04-24
9119,5253,Delivered,2024-02-26,2024-03-03
9120,4201,Delayed,2023-05-30,2023-06-04
9121,4814,Delivered,2025-02-01,2025-02-10
9122,8280,Delivered,2023-03-16,2023-03-19
9123,4894,Delivered,2026-05-31,2026-06-01
9124,9395,Delivered,2025-08-18,2025-08-27
9125,78,In Transit,2023-03-15,
9126,8212,Delivered,2023-04-24,2023-04-27
9127,4347,Delivered,2023-03-08,2023-03-16
9128,3539,Delivered,2023-08-28,2023-09-01
9129,3342,Delivered,2024-07-25,2024-08-02
9130,1506,Delivered,2023-01-14,2023-01-22
9131,2905,Delivered,2026-05-30,2026-06-07
9132,9109,Delivered,2025-01-02,2025-01-10
9133,4672,Delivered,2023-06-24,2023-07-02
9134,130,Delivered,2024-03-06,2024-03-09
9135,9940,Delivered,2024-12-03,2024-12-13
9136,488,Delivered,2025-01-14,2025-01-17
9137,9961,In Transit,2026-05-26,
9138,9703,Delivered,2024-06-21,2024-06-30
9139,934,Delivered,2025-01-20,2025-01-27
9140,6687,Delivered,2024-05-08,2024-05-14
9141,4381,In Transit,2025-10-01,
9142,4466,Delivered,2024-10-31,2024-11-08
9143,3083,Delivered,2025-12-31,2026-01-06
9144,6407,Delivered,2023-04-26,2023-04-29
9145,9853,Delivered,2026-03-04,2026-03-06
9146,9216,Delivered,2023-03-03,2023-03-12
9147,5535,Delivered,2025-07-05,2025-07-07
9148,4441,In Transit,2025-09-15,
9149,373,Delivered,2024-07-17,2024-07-22
9150,8060,Delivered,2026-03-02,2026-03-03
9151,7930,Delivered,2025-04-08,2025-04-17
9152,1692,Delivered,2025-08-03,2025-08-04
9153,6792,Delivered,2025-04-11,2025-04-16
9154,7909,In Transit,2025-10-24,
9155,5296,Delivered,2025-02-04,2025-02-11
9156,5117,Delivered,2025-08-25,2025-08-27
9157,2580,In Transit,2025-06-30,
9158,4996,Delivered,2026-05-01,2026-05-07
9159,1398,Delivered,2025-01-08,2025-01-16
9160,7735,Delivered,2025-10-05,2025-10-14
9161,793,Delivered,2023-03-04,2023-03-07
9162,628,Delivered,2025-09-11,2025-09-18
9163,3741,Delivered,2024-06-29,2024-06-30
9164,8678,Delivered,2023-06-15,2023-06-18
9165,220,Delivered,2023-07-05,2023-07-07
9166,8473,Delivered,2025-04-21,2025-05-01
9167,2856,Delivered,2023-04-11,2023-04-21
9168,3954,Delivered,2025-06-10,2025-06-14
9169,2036,Delivered,2026-04-28,2026-05-02
9170,191,Delivered,2023-06-27,2023-07-07
9171,3612,Delivered,2025-05-27,2025-06-06
9172,2638,Delivered,2024-02-28,2024-03-06
9173,769,In Transit,2023-01-16,
9174,4555,In Transit,2024-09-14,
9175,4358,Delivered,2025-12-24,2026-01-02
9176,5238,In Transit,2026-03-12,
9177,3967,Delivered,2024-11-02,2024-11-05
9178,6028,Delivered,2023-06-25,2023-07-04
9179,7369,Failed,2024-02-04,
9180,6491,Delivered,2026-05-15,2026-05-17
9181,6798,Failed,2025-12-12,
9182,1872,Delivered,2026-03-19,2026-03-25
9183,6047,Delivered,2025-10-15,2025-10-20
9184,2454,Delivered,2024-01-10,2024-01-19
9185,2056,Delivered,2025-09-11,2025-09-17
9186,8580,Delivered,2025-10-28,2025-11-01
9187,9680,Delivered,2024-09-07,2024-09-13
9188,1843,Delivered,2023-07-24,2023-07-27
9189,3934,Delivered,2024-01-01,2024-01-05
9190,9589,Delivered,2025-09-09,2025-09-16
9191,6774,Delayed,2024-05-06,2024-05-13
9192,5294,Delivered,2023-04-03,2023-04-07
9193,7439,In Transit,2025-08-21,
9194,7632,Delivered,2023-04-24,2023-05-04
9195,3353,Delivered,2023-12-15,2023-12-16
9196,2482,Delivered,2026-06-10,2026-06-13
9197,6066,Delayed,2023-08-12,2023-08-17
9198,4606,Delivered,2025-06-24,2025-06-29
9199,4846,Delivered,2023-10-12,2023-10-18
9200,4950,Delivered,2023-09-24,2023-10-02
9201,4345,In Transit,2023-04-25,
9202,5382,Delivered,2023-06-06,2023-06-10
9203,5610,Delivered,2024-06-28,2024-07-02
9204,2160,In Transit,2024-09-19,
9205,8683,Delivered,2026-05-20,2026-05-30
9206,7326,In Transit,2023-09-15,
9207,1022,Delivered,2024-09-20,2024-09-27
9208,2001,Delivered,2025-08-30,2025-09-01
9209,3288,In Transit,2023-12-13,
9210,6506,Delivered,2026-05-29,2026-06-07
9211,2913,Delivered,2026-03-23,2026-03-29
9212,8359,Delivered,2023-06-26,2023-07-01
9213,687,Delivered,2024-01-19,2024-01-24
9214,6714,Delivered,2024-10-17,2024-10-25
9215,2600,Delivered,2025-04-12,2025-04-19
9216,7556,Delivered,2025-03-12,2025-03-20
9217,7028,Delivered,2026-05-28,2026-06-01
9218,3051,Delivered,2024-11-04,2024-11-10
9219,1150,Delivered,2026-03-05,2026-03-13
9220,9852,Delivered,2025-07-09,2025-07-12
9221,7708,Delivered,2024-10-26,2024-11-01
9222,4334,Delivered,2024-09-01,2024-09-10
9223,2423,In Transit,2023-11-06,
9224,3315,Delivered,2026-06-23,2026-06-28
9225,7352,Delivered,2023-03-22,2023-03-30
9226,6296,Delivered,2025-09-11,2025-09-15
9227,1634,Delivered,2024-12-01,2024-12-11
9228,2931,Delivered,2023-04-18,2023-04-27
9229,4182,Delivered,2023-11-13,2023-11-23
9230,9098,Delivered,2023-03-04,2023-03-12
9231,5401,Delivered,2025-11-12,2025-11-21
9232,23,Delivered,2025-04-15,2025-04-19
9233,8048,Delivered,2025-02-12,2025-02-13
9234,8639,Delivered,2026-03-10,2026-03-20
9235,6366,Delivered,2023-08-24,2023-08-28
9236,6069,In Transit,2023-11-28,
9237,7950,Delivered,2025-07-25,2025-08-01
9238,7649,Delivered,2026-06-06,2026-06-15
9239,7118,Delivered,2026-05-27,2026-05-30
9240,8205,Delivered,2024-12-19,2024-12-23
9241,183,In Transit,2025-01-23,
9242,8237,Delivered,2026-01-06,2026-01-09
9243,1533,Delivered,2025-05-16,2025-05-24
9244,6202,In Transit,2024-12-31,
9245,2548,Delivered,2026-05-25,2026-06-02
9246,4322,Delivered,2024-06-27,2024-07-01
9247,633,Delivered,2025-04-04,2025-04-12
9248,8553,Delivered,2023-02-14,2023-02-22
9249,8302,Delivered,2023-11-05,2023-11-11
9250,3753,Delivered,2024-03-28,2024-04-06
9251,865,Delivered,2023-01-19,2023-01-23
9252,2449,Delivered,2024-01-14,2024-01-20
9253,2755,Delivered,2024-06-24,2024-06-30
9254,4585,Delivered,2025-12-11,2025-12-12
9255,3654,In Transit,2023-04-02,
9256,7620,In Transit,2024-09-19,
9257,7686,Delivered,2023-11-22,2023-12-01
9258,8779,Delivered,2025-08-05,2025-08-08
9259,1548,Failed,2026-02-10,
9260,9896,Delivered,2023-09-09,2023-09-10
9261,5435,Delivered,2025-04-06,2025-04-13
9262,2506,Delivered,2025-11-20,2025-11-28
9263,7500,Delivered,2024-12-04,2024-12-08
9264,851,In Transit,2025-06-29,
9265,9674,Delivered,2024-10-08,2024-10-15
9266,9256,Delivered,2023-03-22,2023-03-28
9267,7910,In Transit,2023-06-29,
9268,7542,Delivered,2024-08-28,2024-09-07
9269,5763,Delivered,2025-06-11,2025-06-19
9270,17,Delivered,2023-02-03,2023-02-08
9271,1231,Delivered,2025-06-02,2025-06-03
9272,80,Delivered,2024-02-08,2024-02-13
9273,2327,Delayed,2026-06-04,2026-06-14
9274,562,Delivered,2026-03-11,2026-03-12
9275,5521,In Transit,2023-10-19,
9276,9139,Delayed,2025-08-31,2025-09-02
9277,3274,Delivered,2026-01-05,2026-01-15
9278,3140,In Transit,2024-04-11,
9279,973,Delivered,2023-05-21,2023-05-25
9280,4055,Delivered,2023-06-08,2023-06-09
9281,6914,Delivered,2024-07-04,2024-07-07
9282,5947,Delivered,2024-06-10,2024-06-18
9283,6290,Delivered,2025-04-24,2025-04-29
9284,303,Delivered,2025-08-25,2025-09-01
9285,984,Delivered,2023-03-29,2023-04-04
9286,3306,Delivered,2024-02-01,2024-02-09
9287,3689,Delivered,2025-03-05,2025-03-14
9288,5976,In Transit,2024-10-06,
9289,885,Delivered,2026-03-24,2026-03-26
9290,611,Delivered,2025-10-28,2025-11-03
9291,6668,In Transit,2023-08-29,
9292,1147,Delivered,2024-02-04,2024-02-13
9293,7753,Delivered,2024-03-29,2024-04-08
9294,2943,Delayed,2026-06-01,2026-06-04
9295,6387,Delivered,2026-01-27,2026-01-28
9296,4222,Delivered,2026-05-31,2026-06-03
9297,2228,Delivered,2025-01-30,2025-01-31
9298,4123,Delivered,2026-02-23,2026-03-01
9299,2356,Delayed,2025-11-02,2025-11-06
9300,2663,Delivered,2023-08-04,2023-08-12
9301,4429,Delivered,2023-03-10,2023-03-13
9302,5270,Delivered,2024-10-31,2024-11-05
9303,2929,Delivered,2024-04-09,2024-04-10
9304,7615,Delivered,2025-09-04,2025-09-11
9305,1403,Delivered,2024-12-23,2024-12-26
9306,7951,Delivered,2024-08-04,2024-08-08
9307,2823,Delivered,2025-09-15,2025-09-25
9308,2934,Delivered,2024-01-05,2024-01-14
9309,551,Delivered,2024-01-05,2024-01-15
9310,2440,Delivered,2023-07-12,2023-07-17
9311,9742,Delivered,2024-11-14,2024-11-23
9312,3752,Delivered,2025-09-06,2025-09-11
9313,8799,Delivered,2023-07-15,2023-07-20
9314,5980,Delivered,2024-12-15,2024-12-25
9315,1383,In Transit,2023-09-26,
9316,9602,Delivered,2026-06-14,2026-06-19
9317,864,Delivered,2023-08-22,2023-08-23
9318,8513,Failed,2024-11-16,
9319,4813,Delivered,2024-12-24,2024-12-27
9320,1728,Delivered,2023-07-06,2023-07-07
9321,1056,Delivered,2026-01-26,2026-01-30
9322,2493,Delivered,2025-06-11,2025-06-19
9323,6136,Delivered,2025-06-17,2025-06-18
9324,5075,Delivered,2023-03-02,2023-03-09
9325,9865,Delivered,2026-05-02,2026-05-09
9326,3759,In Transit,2025-05-19,
9327,424,Delivered,2025-03-10,2025-03-14
9328,537,Delivered,2024-04-05,2024-04-07
9329,3020,Failed,2025-05-18,
9330,4224,Delivered,2023-08-04,2023-08-10
9331,7264,Delivered,2023-02-20,2023-02-26
9332,5559,Delivered,2024-06-09,2024-06-15
9333,7437,Delivered,2025-12-06,2025-12-15
9334,932,Delivered,2023-02-12,2023-02-17
9335,8638,Delivered,2025-12-06,2025-12-14
9336,6021,Delivered,2023-03-11,2023-03-18
9337,2896,Delivered,2025-05-04,2025-05-06
9338,9631,Delivered,2024-12-14,2024-12-15
9339,7291,Delivered,2023-12-19,2023-12-25
9340,4343,Delivered,2023-10-25,2023-11-02
9341,1304,Delivered,2025-04-18,2025-04-24
9342,4336,In Transit,2024-06-14,
9343,7858,In Transit,2025-08-13,
9344,4480,Delivered,2023-09-27,2023-09-30
9345,4735,Delivered,2023-08-09,2023-08-17
9346,8679,Delayed,2024-04-29,2024-05-04
9347,7067,Delivered,2025-04-28,2025-05-05
9348,1454,In Transit,2023-12-12,
9349,5709,Delivered,2023-12-27,2024-01-02
9350,2873,Delivered,2023-01-13,2023-01-15
9351,8132,Delivered,2026-01-07,2026-01-14
9352,6355,Delivered,2023-06-13,2023-06-15
9353,644,In Transit,2025-11-25,
9354,5692,In Transit,2023-03-30,
9355,980,Delivered,2026-01-30,2026-02-01
9356,6562,Delivered,2025-07-20,2025-07-27
9357,2932,In Transit,2023-12-16,
9358,4380,Delivered,2023-11-25,2023-12-04
9359,357,Delivered,2024-07-18,2024-07-24
9360,9876,Delivered,2025-03-05,2025-03-09
9361,7181,Delivered,2025-12-19,2025-12-23
9362,3387,Delivered,2023-04-12,2023-04-14
9363,68,Delivered,2026-01-11,2026-01-16
9364,1066,In Transit,2024-09-25,
9365,8378,Delivered,2025-09-14,2025-09-18
9366,7169,Delivered,2024-12-08,2024-12-15
9367,3501,Delivered,2025-03-14,2025-03-18
9368,9211,Delivered,2024-03-19,2024-03-20
9369,3728,Delivered,2023-03-06,2023-03-08
9370,2565,Delivered,2025-02-28,2025-03-09
9371,2881,In Transit,2024-05-14,
9372,4575,In Transit,2025-10-28,
9373,3698,Delivered,2024-04-22,2024-04-25
9374,3040,Delivered,2023-10-03,2023-10-08
9375,4748,Delivered,2023-08-09,2023-08-19
9376,5126,In Transit,2025-08-29,
9377,9019,Delivered,2026-01-07,2026-01-16
9378,5362,Delivered,2023-10-10,2023-10-19
9379,1768,Delivered,2026-05-03,2026-05-08
9380,9583,Delivered,2025-02-24,2025-03-06
9381,8761,Delivered,2025-01-07,2025-01-13
9382,4531,Delivered,2025-12-02,2025-12-12
9383,3339,Delivered,2024-07-19,2024-07-28
9384,2090,Delivered,2024-09-11,2024-09-17
9385,8520,Delivered,2024-12-15,2024-12-22
9386,6750,Delivered,2025-09-23,2025-09-29
9387,2511,Delivered,2024-02-02,2024-02-08
9388,2975,Delivered,2023-09-04,2023-09-11
9389,3907,Delivered,2023-12-18,2023-12-24
9390,9567,Delivered,2024-01-23,2024-01-26
9391,7316,Delivered,2025-01-07,2025-01-12
9392,9304,Delivered,2026-03-03,2026-03-07
9393,7555,Delivered,2025-11-28,2025-11-30
9394,9192,Delivered,2025-01-23,2025-01-25
9395,4446,Delivered,2023-03-19,2023-03-25
9396,4980,Delivered,2023-09-19,2023-09-21
9397,8419,Delivered,2023-08-25,2023-08-27
9398,5293,Delivered,2025-10-28,2025-11-06
9399,5180,In Transit,2025-06-12,
9400,3578,Delivered,2023-08-01,2023-08-04
9401,8919,Failed,2024-04-06,
9402,554,Failed,2025-08-29,
9403,4538,Delivered,2025-04-27,2025-05-01
9404,4658,In Transit,2024-07-17,
9405,212,Delivered,2026-03-26,2026-03-29
9406,2448,Delivered,2024-09-10,2024-09-18
9407,4252,Delivered,2024-10-22,2024-10-27
9408,9093,Delivered,2024-07-17,2024-07-21
9409,3104,Delivered,2025-02-25,2025-03-05
9410,8741,Delivered,2026-02-26,2026-02-28
9411,8789,Delivered,2025-09-13,2025-09-19
9412,2556,Delivered,2023-05-14,2023-05-22
9413,1193,Delivered,2023-04-01,2023-04-06
9414,3582,In Transit,2024-02-18,
9415,9026,Delivered,2025-07-28,2025-08-01
9416,9556,Delivered,2024-12-26,2025-01-03
9417,7531,Delivered,2025-03-22,2025-03-29
9418,3861,Delivered,2024-08-07,2024-08-12
9419,2523,Delivered,2023-09-16,2023-09-19
9420,8987,Delivered,2023-12-02,2023-12-04
9421,5250,Delayed,2023-07-08,2023-07-12
9422,3077,Delivered,2023-03-13,2023-03-17
9423,3899,Delivered,2023-03-08,2023-03-09
9424,3392,Delivered,2025-01-17,2025-01-21
9425,8909,Delivered,2025-01-28,2025-02-07
9426,9868,Delivered,2025-03-02,2025-03-08
9427,2029,In Transit,2025-01-20,
9428,1617,Delivered,2025-03-26,2025-04-03
9429,9905,Delivered,2025-07-04,2025-07-05
9430,3552,Delivered,2024-02-24,2024-02-25
9431,3992,Delivered,2024-04-23,2024-04-25
9432,7721,Delivered,2024-10-03,2024-10-05
9433,1298,Delivered,2026-01-02,2026-01-09
9434,6970,Delivered,2023-05-18,2023-05-21
9435,736,Delayed,2025-08-29,2025-09-08
9436,8800,Delivered,2024-04-12,2024-04-16
9437,3630,Delivered,2026-05-10,2026-05-11
9438,6800,Delivered,2024-11-09,2024-11-13
9439,525,Delayed,2024-03-25,2024-03-27
9440,8407,Delivered,2025-04-15,2025-04-16
9441,6249,Delivered,2024-05-23,2024-06-02
9442,6191,Delivered,2025-01-12,2025-01-21
9443,8159,In Transit,2025-02-06,
9444,982,Delivered,2024-07-04,2024-07-14
9445,3715,Delivered,2025-02-03,2025-02-06
9446,7034,In Transit,2025-01-18,
9447,5693,Delivered,2023-06-16,2023-06-17
9448,3265,Delivered,2024-07-20,2024-07-21
9449,2950,Delivered,2024-07-10,2024-07-17
9450,3007,Delivered,2023-09-08,2023-09-12
9451,1321,Failed,2025-03-28,
9452,9729,Delivered,2023-12-16,2023-12-17
9453,4150,Delivered,2025-06-23,2025-07-01
9454,2542,Delivered,2023-02-02,2023-02-08
9455,2662,Delivered,2026-03-30,2026-04-07
9456,5292,Delivered,2025-04-12,2025-04-14
9457,9188,Delivered,2024-03-03,2024-03-06
9458,7110,Delayed,2023-04-27,2023-05-03
9459,7263,Delivered,2026-02-10,2026-02-15
9460,2017,Delayed,2026-03-08,2026-03-15
9461,9332,Delivered,2026-01-11,2026-01-19
9462,4396,Failed,2025-12-24,
9463,2320,Failed,2023-08-08,
9464,9906,Delivered,2023-02-13,2023-02-16
9465,8043,Delivered,2024-11-15,2024-11-23
9466,6846,Delivered,2025-08-13,2025-08-21
9467,805,Delivered,2025-07-25,2025-07-27
9468,9341,Delivered,2024-07-21,2024-07-31
9469,3267,In Transit,2023-11-03,
9470,5861,Delivered,2023-09-08,2023-09-10
9471,9081,Delayed,2023-08-12,2023-08-17
9472,4740,Delivered,2023-02-10,2023-02-11
9473,6812,In Transit,2023-04-26,
9474,1186,Delivered,2023-08-25,2023-08-31
9475,8387,Delivered,2026-02-12,2026-02-21
9476,7036,Delivered,2024-03-22,2024-03-28
9477,7247,Delivered,2025-06-25,2025-07-03
9478,670,Delivered,2025-09-30,2025-10-03
9479,3783,Delivered,2026-04-15,2026-04-18
9480,1740,Delivered,2026-05-10,2026-05-19
9481,5569,Delivered,2026-05-17,2026-05-25
9482,7334,Delivered,2026-05-24,2026-05-29
9483,2141,Delivered,2024-08-03,2024-08-09
9484,3323,Delivered,2025-03-06,2025-03-15
9485,1958,Delivered,2026-03-18,2026-03-27
9486,6883,Delivered,2025-04-02,2025-04-06
9487,1972,Delivered,2023-12-12,2023-12-19
9488,2703,Delayed,2024-05-19,2024-05-20
9489,2292,Delivered,2025-08-26,2025-08-27
9490,1515,Delivered,2025-12-22,2026-01-01
9491,9717,Delivered,2023-04-16,2023-04-26
9492,3283,Delivered,2024-02-13,2024-02-23
9493,8063,Delivered,2025-07-07,2025-07-15
9494,7317,Delivered,2024-12-21,2024-12-23
9495,6110,Delivered,2023-09-09,2023-09-11
9496,27,Delivered,2026-04-07,2026-04-12
9497,6771,Delivered,2024-05-31,2024-06-09
9498,2390,Delayed,2025-05-14,2025-05-22
9499,3985,Delivered,2025-01-25,2025-02-01
9500,5975,Delivered,2024-05-30,2024-06-03
