order_item_id,order_id,product_id,quantity,unit_price
1,1,98,1,12384.57
2,1,80,2,27401.27
3,2,88,3,48004.49
4,2,57,3,21935.06
5,3,150,1,7113.49
6,3,129,5,577.07
7,4,39,3,33931.85
8,4,89,3,4655.22
9,5,116,3,6378.97
10,5,108,3,13549.63
11,6,60,2,33321.91
12,6,60,1,33321.91
13,7,70,1,3243.71
14,7,56,1,33257.92
15,8,87,5,45649.01
16,8,21,5,55484.17
17,9,31,3,11490.6
18,9,132,3,3011.07
19,10,61,3,44878.78
20,10,1,4,52539.0
21,11,33,5,21649.9
22,11,39,3,33931.85
23,12,138,1,13863.67
24,12,71,5,3528.52
25,13,17,5,36162.26
26,13,65,2,8035.55
27,14,114,2,5726.03
28,14,61,2,44878.78
29,15,18,2,73820.52
30,15,53,5,26871.05
31,16,98,3,12384.57
32,16,87,4,45649.01
33,17,142,3,12489.82
34,17,16,2,2931.99
35,18,36,1,29242.97
36,18,137,1,11390.83
37,19,96,2,6710.71
38,19,140,3,8987.09
39,20,127,5,1177.88
40,20,40,4,19403.2
41,21,95,1,15378.47
42,21,55,2,18034.1
43,22,72,4,49059.06
44,22,84,1,5359.51
45,23,140,2,8987.09
46,23,95,5,15378.47
47,24,26,3,72907.28
48,24,112,1,17873.14
49,25,43,1,14873.86
50,25,30,3,12993.37
51,26,11,4,69215.46
52,26,130,2,5954.55
53,27,71,1,3528.52
54,27,2,4,4930.4
55,28,114,1,5726.03
56,28,108,1,13549.63
57,29,26,1,72907.28
58,29,144,2,11019.62
59,30,29,4,8346.58
60,30,62,3,6674.42
61,31,145,4,11360.29
62,31,52,2,26084.73
63,32,25,3,53524.51
64,32,93,2,11413.05
65,33,62,5,6674.42
66,33,119,3,19868.15
67,34,52,1,26084.73
68,34,127,3,1177.88
69,35,34,5,2255.17
70,35,97,1,3939.13
71,36,48,2,12824.52
72,36,66,1,31441.05
73,37,13,1,54402.04
74,37,35,3,33010.69
75,38,147,2,14301.36
76,38,127,3,1177.88
77,39,139,1,4159.23
78,39,137,2,11390.83
79,40,88,1,48004.49
80,40,12,2,9596.51
81,41,38,5,30726.82
82,41,122,3,6970.32
83,42,4,5,39584.54
84,42,126,3,12459.53
85,43,125,5,8947.13
86,43,67,2,22314.95
87,44,59,3,13085.83
88,44,21,5,55484.17
89,45,10,2,38310.2
90,45,112,3,17873.14
91,46,47,1,23383.27
92,46,78,5,26923.68
93,47,36,5,29242.97
94,47,131,3,3599.39
95,48,19,4,17787.61
96,48,60,3,33321.91
97,49,74,4,41552.59
98,49,120,5,24465.41
99,50,48,4,12824.52
100,50,107,5,21829.1
101,51,51,5,8341.82
102,51,39,1,33931.85
103,52,89,3,4655.22
104,52,21,3,55484.17
105,53,120,1,24465.41
106,53,65,3,8035.55
107,54,49,2,8217.13
108,54,3,3,28995.64
109,55,57,3,21935.06
110,55,70,5,3243.71
111,56,29,3,8346.58
112,56,146,5,1905.39
113,57,131,2,3599.39
114,57,100,5,6854.81
115,58,121,3,6772.08
116,58,75,2,3049.5
117,59,62,4,6674.42
118,59,53,1,26871.05
119,60,68,1,19598.26
120,60,37,5,25059.66
121,61,6,2,48408.63
122,61,6,1,48408.63
123,62,140,1,8987.09
124,62,2,2,4930.4
125,63,24,1,43820.15
126,63,30,3,12993.37
127,64,4,4,39584.54
128,64,89,3,4655.22
129,65,147,4,14301.36
130,65,138,4,13863.67
131,66,44,1,19789.04
132,66,107,2,21829.1
133,67,65,5,8035.55
134,67,79,3,33873.61
135,68,60,1,33321.91
136,68,86,2,15173.3
137,69,78,3,26923.68
138,69,123,3,612.96
139,70,91,1,6848.12
140,70,132,2,3011.07
141,71,59,5,13085.83
142,71,38,5,30726.82
143,72,137,5,11390.83
144,72,25,4,53524.51
145,73,21,2,55484.17
146,73,118,1,9811.84
147,74,149,3,14866.1
148,74,132,5,3011.07
149,75,8,4,58505.04
150,75,58,2,27146.74
151,76,125,1,8947.13
152,76,79,4,33873.61
153,77,58,3,27146.74
154,77,88,3,48004.49
155,78,37,5,25059.66
156,78,79,4,33873.61
157,79,134,4,4785.68
158,79,55,5,18034.1
159,80,114,2,5726.03
160,80,14,2,10437.0
161,81,43,2,14873.86
162,81,135,2,11516.05
163,82,40,2,19403.2
164,82,124,1,796.22
165,83,80,5,27401.27
166,83,67,2,22314.95
167,84,36,4,29242.97
168,84,75,1,3049.5
169,85,41,4,30082.04
170,85,91,3,6848.12
171,86,141,3,701.97
172,86,47,3,23383.27
173,87,94,5,1858.01
174,87,13,2,54402.04
175,88,61,2,44878.78
176,88,31,1,11490.6
177,89,130,1,5954.55
178,89,130,3,5954.55
179,90,72,5,49059.06
180,90,7,3,23330.83
181,91,24,3,43820.15
182,91,61,5,44878.78
183,92,134,2,4785.68
184,92,122,2,6970.32
185,93,125,3,8947.13
186,93,149,1,14866.1
187,94,147,3,14301.36
188,94,72,4,49059.06
189,95,24,5,43820.15
190,95,17,2,36162.26
191,96,37,3,25059.66
192,96,10,4,38310.2
193,97,39,1,33931.85
194,97,73,4,37272.06
195,98,25,2,53524.51
196,98,56,3,33257.92
197,99,67,4,22314.95
198,99,49,2,8217.13
199,100,121,1,6772.08
200,100,44,3,19789.04
201,101,83,3,21901.29
202,101,101,2,5781.84
203,102,75,5,3049.5
204,102,31,3,11490.6
205,103,30,3,12993.37
206,103,119,4,19868.15
207,104,29,5,8346.58
208,104,15,4,69325.73
209,105,65,5,8035.55
210,105,35,2,33010.69
211,106,49,5,8217.13
212,106,110,4,12983.38
213,107,93,2,11413.05
214,107,137,3,11390.83
215,108,27,3,8040.26
216,108,28,5,54101.33
217,109,1,5,52539.0
218,109,47,4,23383.27
219,110,72,3,49059.06
220,110,116,3,6378.97
221,111,96,4,6710.71
222,111,90,5,2864.12
223,112,39,3,33931.85
224,112,5,4,84081.85
225,113,110,2,12983.38
226,113,59,4,13085.83
227,114,60,4,33321.91
228,114,74,2,41552.59
229,115,96,2,6710.71
230,115,127,1,1177.88
231,116,47,1,23383.27
232,116,75,4,3049.5
233,117,63,1,29768.75
234,117,128,1,9263.29
235,118,15,5,69325.73
236,118,85,5,7335.47
237,119,53,1,26871.05
238,119,66,2,31441.05
239,120,139,4,4159.23
240,120,56,2,33257.92
241,121,62,1,6674.42
242,121,13,2,54402.04
243,122,104,3,6130.95
244,122,82,4,23327.1
245,123,73,4,37272.06
246,123,68,3,19598.26
247,124,52,4,26084.73
248,124,101,4,5781.84
249,125,59,3,13085.83
250,125,37,1,25059.66
251,126,103,1,22522.89
252,126,134,2,4785.68
253,127,77,1,23879.21
254,127,43,5,14873.86
255,128,117,3,14181.77
256,128,1,5,52539.0
257,129,55,5,18034.1
258,129,53,3,26871.05
259,130,101,3,5781.84
260,130,122,5,6970.32
261,131,51,3,8341.82
262,131,57,5,21935.06
263,132,87,4,45649.01
264,132,42,1,21976.79
265,133,84,3,5359.51
266,133,39,4,33931.85
267,134,35,4,33010.69
268,134,117,1,14181.77
269,135,135,5,11516.05
270,135,41,4,30082.04
271,136,123,1,612.96
272,136,23,2,49555.53
273,137,111,1,9188.58
274,137,150,1,7113.49
275,138,106,4,19681.04
276,138,113,2,12566.23
277,139,48,2,12824.52
278,139,31,4,11490.6
279,140,115,3,21162.49
280,140,71,1,3528.52
281,141,77,3,23879.21
282,141,125,4,8947.13
283,142,46,1,32887.05
284,142,72,3,49059.06
285,143,58,2,27146.74
286,143,114,4,5726.03
287,144,117,5,14181.77
288,144,26,4,72907.28
289,145,36,4,29242.97
290,145,103,2,22522.89
291,146,70,2,3243.71
292,146,148,4,10266.15
293,147,13,4,54402.04
294,147,57,1,21935.06
295,148,10,4,38310.2
296,148,136,2,682.08
297,149,54,2,30922.05
298,149,143,5,13026.41
299,150,20,4,81513.85
300,150,129,4,577.07
301,151,53,3,26871.05
302,151,108,2,13549.63
303,152,48,1,12824.52
304,152,28,5,54101.33
305,153,117,5,14181.77
306,153,27,4,8040.26
307,154,37,4,25059.66
308,154,147,5,14301.36
309,155,123,4,612.96
310,155,57,3,21935.06
311,156,30,1,12993.37
312,156,91,5,6848.12
313,157,119,2,19868.15
314,157,77,3,23879.21
315,158,106,5,19681.04
316,158,88,1,48004.49
317,159,10,5,38310.2
318,159,76,4,5024.14
319,160,67,4,22314.95
320,160,42,5,21976.79
321,161,60,4,33321.91
322,161,26,4,72907.28
323,162,106,2,19681.04
324,162,11,5,69215.46
325,163,114,5,5726.03
326,163,34,5,2255.17
327,164,101,5,5781.84
328,164,99,2,16689.48
329,165,110,4,12983.38
330,165,116,4,6378.97
331,166,60,5,33321.91
332,166,97,4,3939.13
333,167,59,3,13085.83
334,167,33,4,21649.9
335,168,62,4,6674.42
336,168,3,1,28995.64
337,169,116,3,6378.97
338,169,95,1,15378.47
339,170,66,1,31441.05
340,170,144,3,11019.62
341,171,30,2,12993.37
342,171,131,2,3599.39
343,172,129,5,577.07
344,172,14,1,10437.0
345,173,17,4,36162.26
346,173,82,2,23327.1
347,174,140,2,8987.09
348,174,2,4,4930.4
349,175,4,4,39584.54
350,175,124,5,796.22
351,176,129,5,577.07
352,176,103,1,22522.89
353,177,133,2,8127.63
354,177,96,4,6710.71
355,178,18,4,73820.52
356,178,110,3,12983.38
357,179,11,2,69215.46
358,179,142,1,12489.82
359,180,34,5,2255.17
360,180,7,2,23330.83
361,181,44,2,19789.04
362,181,78,3,26923.68
363,182,100,4,6854.81
364,182,22,4,18186.29
365,183,84,1,5359.51
366,183,122,3,6970.32
367,184,144,4,11019.62
368,184,102,4,18592.29
369,185,47,4,23383.27
370,185,91,4,6848.12
371,186,14,3,10437.0
372,186,56,5,33257.92
373,187,136,2,682.08
374,187,51,5,8341.82
375,188,45,2,5214.29
376,188,134,3,4785.68
377,189,7,5,23330.83
378,189,148,1,10266.15
379,190,48,4,12824.52
380,190,20,4,81513.85
381,191,104,3,6130.95
382,191,148,5,10266.15
383,192,94,4,1858.01
384,192,114,3,5726.03
385,193,43,4,14873.86
386,193,54,3,30922.05
387,194,146,5,1905.39
388,194,68,1,19598.26
389,195,117,1,14181.77
390,195,83,3,21901.29
391,196,120,2,24465.41
392,196,13,5,54402.04
393,197,35,4,33010.69
394,197,69,4,52834.09
395,198,84,2,5359.51
396,198,106,4,19681.04
397,199,65,4,8035.55
398,199,29,5,8346.58
399,200,20,4,81513.85
400,200,105,5,8125.8
401,201,12,4,9596.51
402,201,60,1,33321.91
403,202,12,1,9596.51
404,202,21,4,55484.17
405,203,146,4,1905.39
406,203,121,4,6772.08
407,204,99,1,16689.48
408,204,14,2,10437.0
409,205,41,1,30082.04
410,205,7,2,23330.83
411,206,111,3,9188.58
412,206,34,2,2255.17
413,207,131,2,3599.39
414,207,35,2,33010.69
415,208,88,3,48004.49
416,208,47,2,23383.27
417,209,8,5,58505.04
418,209,80,1,27401.27
419,210,43,3,14873.86
420,210,87,4,45649.01
421,211,48,1,12824.52
422,211,38,1,30726.82
423,212,44,3,19789.04
424,212,67,1,22314.95
425,213,148,3,10266.15
426,213,28,1,54101.33
427,214,49,5,8217.13
428,214,104,3,6130.95
429,215,67,3,22314.95
430,215,41,3,30082.04
431,216,81,1,37707.89
432,216,114,4,5726.03
433,217,82,4,23327.1
434,217,144,2,11019.62
435,218,108,3,13549.63
436,218,83,1,21901.29
437,219,46,4,32887.05
438,219,38,5,30726.82
439,220,124,3,796.22
440,220,126,2,12459.53
441,221,16,2,2931.99
442,221,26,3,72907.28
443,222,51,1,8341.82
444,222,104,1,6130.95
445,223,77,2,23879.21
446,223,46,5,32887.05
447,224,129,3,577.07
448,224,136,5,682.08
449,225,75,4,3049.5
450,225,11,5,69215.46
451,226,150,1,7113.49
452,226,107,5,21829.1
453,227,148,5,10266.15
454,227,30,5,12993.37
455,228,145,2,11360.29
456,228,58,4,27146.74
457,229,19,1,17787.61
458,229,67,3,22314.95
459,230,149,1,14866.1
460,230,127,1,1177.88
461,231,27,2,8040.26
462,231,109,3,8516.39
463,232,109,5,8516.39
464,232,14,4,10437.0
465,233,137,5,11390.83
466,233,120,5,24465.41
467,234,81,5,37707.89
468,234,7,2,23330.83
469,235,26,2,72907.28
470,235,118,4,9811.84
471,236,10,3,38310.2
472,236,49,5,8217.13
473,237,128,3,9263.29
474,237,20,5,81513.85
475,238,88,2,48004.49
476,238,65,2,8035.55
477,239,148,4,10266.15
478,239,14,2,10437.0
479,240,146,4,1905.39
480,240,127,2,1177.88
481,241,60,5,33321.91
482,241,1,1,52539.0
483,242,65,1,8035.55
484,242,66,2,31441.05
485,243,43,4,14873.86
486,243,80,3,27401.27
487,244,32,1,18206.86
488,244,68,2,19598.26
489,245,53,2,26871.05
490,245,4,1,39584.54
491,246,142,4,12489.82
492,246,94,5,1858.01
493,247,97,2,3939.13
494,247,49,2,8217.13
495,248,67,5,22314.95
496,248,125,5,8947.13
497,249,18,5,73820.52
498,249,59,3,13085.83
499,250,43,1,14873.86
500,250,17,3,36162.26
501,251,113,3,12566.23
502,251,102,4,18592.29
503,252,81,4,37707.89
504,252,57,2,21935.06
505,253,82,1,23327.1
506,253,65,1,8035.55
507,254,86,4,15173.3
508,254,18,4,73820.52
509,255,49,1,8217.13
510,255,46,3,32887.05
511,256,58,2,27146.74
512,256,30,5,12993.37
513,257,118,5,9811.84
514,257,40,3,19403.2
515,258,122,4,6970.32
516,258,30,4,12993.37
517,259,71,1,3528.52
518,259,59,3,13085.83
519,260,53,1,26871.05
520,260,11,3,69215.46
521,261,99,5,16689.48
522,261,70,1,3243.71
523,262,115,2,21162.49
524,262,126,2,12459.53
525,263,70,1,3243.71
526,263,101,5,5781.84
527,264,126,3,12459.53
528,264,68,1,19598.26
529,265,59,2,13085.83
530,265,99,2,16689.48
531,266,2,1,4930.4
532,266,82,1,23327.1
533,267,142,5,12489.82
534,267,34,2,2255.17
535,268,130,2,5954.55
536,268,12,5,9596.51
537,269,39,2,33931.85
538,269,20,2,81513.85
539,270,53,4,26871.05
540,270,8,3,58505.04
541,271,83,1,21901.29
542,271,56,5,33257.92
543,272,105,1,8125.8
544,272,128,2,9263.29
545,273,77,2,23879.21
546,273,9,4,19098.4
547,274,36,5,29242.97
548,274,118,2,9811.84
549,275,71,3,3528.52
550,275,32,2,18206.86
551,276,147,3,14301.36
552,276,30,5,12993.37
553,277,114,2,5726.03
554,277,138,3,13863.67
555,278,86,5,15173.3
556,278,99,4,16689.48
557,279,62,1,6674.42
558,279,98,1,12384.57
559,280,40,4,19403.2
560,280,132,4,3011.07
561,281,51,3,8341.82
562,281,137,4,11390.83
563,282,108,3,13549.63
564,282,101,1,5781.84
565,283,35,5,33010.69
566,283,15,4,69325.73
567,284,90,3,2864.12
568,284,41,1,30082.04
569,285,27,1,8040.26
570,285,85,2,7335.47
571,286,21,4,55484.17
572,286,29,3,8346.58
573,287,98,4,12384.57
574,287,121,5,6772.08
575,288,87,5,45649.01
576,288,114,1,5726.03
577,289,55,3,18034.1
578,289,19,1,17787.61
579,290,34,5,2255.17
580,290,38,5,30726.82
581,291,134,1,4785.68
582,291,3,3,28995.64
583,292,44,2,19789.04
584,292,142,3,12489.82
585,293,47,3,23383.27
586,293,116,5,6378.97
587,294,103,3,22522.89
588,294,92,3,2654.0
589,295,91,1,6848.12
590,295,129,3,577.07
591,296,83,3,21901.29
592,296,139,5,4159.23
593,297,86,5,15173.3
594,297,132,1,3011.07
595,298,100,5,6854.81
596,298,13,3,54402.04
597,299,62,5,6674.42
598,299,141,4,701.97
599,300,132,5,3011.07
600,300,139,5,4159.23
601,301,149,5,14866.1
602,301,74,5,41552.59
603,302,140,3,8987.09
604,302,72,1,49059.06
605,303,102,1,18592.29
606,303,38,4,30726.82
607,304,149,1,14866.1
608,304,147,3,14301.36
609,305,79,1,33873.61
610,305,89,2,4655.22
611,306,27,5,8040.26
612,306,135,5,11516.05
613,307,5,2,84081.85
614,307,1,4,52539.0
615,308,120,4,24465.41
616,308,50,1,27118.65
617,309,137,5,11390.83
618,309,24,3,43820.15
619,310,59,1,13085.83
620,310,42,5,21976.79
621,311,57,2,21935.06
622,311,52,4,26084.73
623,312,120,4,24465.41
624,312,16,3,2931.99
625,313,37,5,25059.66
626,313,127,5,1177.88
627,314,35,3,33010.69
628,314,60,5,33321.91
629,315,79,1,33873.61
630,315,37,4,25059.66
631,316,27,2,8040.26
632,316,37,3,25059.66
633,317,57,2,21935.06
634,317,36,3,29242.97
635,318,134,5,4785.68
636,318,131,3,3599.39
637,319,5,3,84081.85
638,319,21,4,55484.17
639,320,45,4,5214.29
640,320,71,2,3528.52
641,321,36,1,29242.97
642,321,33,1,21649.9
643,322,23,3,49555.53
644,322,78,3,26923.68
645,323,80,5,27401.27
646,323,90,1,2864.12
647,324,38,3,30726.82
648,324,105,1,8125.8
649,325,5,1,84081.85
650,325,100,5,6854.81
651,326,24,1,43820.15
652,326,127,1,1177.88
653,327,64,4,17689.49
654,327,125,5,8947.13
655,328,126,2,12459.53
656,328,4,5,39584.54
657,329,86,1,15173.3
658,329,78,4,26923.68
659,330,3,4,28995.64
660,330,49,4,8217.13
661,331,45,1,5214.29
662,331,79,1,33873.61
663,332,63,2,29768.75
664,332,77,1,23879.21
665,333,73,3,37272.06
666,333,6,1,48408.63
667,334,41,1,30082.04
668,334,114,5,5726.03
669,335,88,4,48004.49
670,335,53,3,26871.05
671,336,52,4,26084.73
672,336,18,3,73820.52
673,337,87,3,45649.01
674,337,9,1,19098.4
675,338,41,5,30082.04
676,338,5,3,84081.85
677,339,62,1,6674.42
678,339,41,5,30082.04
679,340,112,5,17873.14
680,340,109,4,8516.39
681,341,118,4,9811.84
682,341,89,4,4655.22
683,342,76,4,5024.14
684,342,129,2,577.07
685,343,98,2,12384.57
686,343,53,2,26871.05
687,344,9,5,19098.4
688,344,73,5,37272.06
689,345,25,4,53524.51
690,345,130,3,5954.55
691,346,49,1,8217.13
692,346,150,5,7113.49
693,347,1,5,52539.0
694,347,121,1,6772.08
695,348,18,3,73820.52
696,348,98,1,12384.57
697,349,132,4,3011.07
698,349,15,2,69325.73
699,350,122,2,6970.32
700,350,34,3,2255.17
701,351,100,4,6854.81
702,351,138,2,13863.67
703,352,23,3,49555.53
704,352,100,3,6854.81
705,353,41,3,30082.04
706,353,8,5,58505.04
707,354,133,2,8127.63
708,354,61,2,44878.78
709,355,68,2,19598.26
710,355,106,5,19681.04
711,356,111,3,9188.58
712,356,115,4,21162.49
713,357,55,2,18034.1
714,357,64,4,17689.49
715,358,41,3,30082.04
716,358,43,5,14873.86
717,359,43,1,14873.86
718,359,64,2,17689.49
719,360,36,3,29242.97
720,360,2,4,4930.4
721,361,19,5,17787.61
722,361,104,5,6130.95
723,362,74,4,41552.59
724,362,6,3,48408.63
725,363,102,5,18592.29
726,363,39,4,33931.85
727,364,65,3,8035.55
728,364,7,3,23330.83
729,365,105,5,8125.8
730,365,92,5,2654.0
731,366,43,4,14873.86
732,366,22,4,18186.29
733,367,150,1,7113.49
734,367,52,3,26084.73
735,368,57,5,21935.06
736,368,19,2,17787.61
737,369,87,5,45649.01
738,369,13,2,54402.04
739,370,82,4,23327.1
740,370,44,1,19789.04
741,371,114,3,5726.03
742,371,122,4,6970.32
743,372,13,3,54402.04
744,372,77,1,23879.21
745,373,77,2,23879.21
746,373,69,1,52834.09
747,374,74,2,41552.59
748,374,107,3,21829.1
749,375,97,2,3939.13
750,375,109,1,8516.39
751,376,102,1,18592.29
752,376,66,4,31441.05
753,377,77,2,23879.21
754,377,7,1,23330.83
755,378,113,2,12566.23
756,378,79,4,33873.61
757,379,101,4,5781.84
758,379,3,3,28995.64
759,380,56,1,33257.92
760,380,56,5,33257.92
761,381,124,5,796.22
762,381,54,4,30922.05
763,382,73,4,37272.06
764,382,97,4,3939.13
765,383,58,4,27146.74
766,383,121,4,6772.08
767,384,48,3,12824.52
768,384,46,3,32887.05
769,385,44,4,19789.04
770,385,131,3,3599.39
771,386,19,2,17787.61
772,386,138,4,13863.67
773,387,106,1,19681.04
774,387,35,5,33010.69
775,388,38,4,30726.82
776,388,28,2,54101.33
777,389,72,5,49059.06
778,389,142,4,12489.82
779,390,115,5,21162.49
780,390,146,5,1905.39
781,391,74,5,41552.59
782,391,19,5,17787.61
783,392,80,1,27401.27
784,392,105,5,8125.8
785,393,32,2,18206.86
786,393,118,3,9811.84
787,394,103,1,22522.89
788,394,3,3,28995.64
789,395,10,5,38310.2
790,395,109,4,8516.39
791,396,49,2,8217.13
792,396,83,5,21901.29
793,397,101,5,5781.84
794,397,69,5,52834.09
795,398,19,1,17787.61
796,398,97,2,3939.13
797,399,71,4,3528.52
798,399,20,4,81513.85
799,400,89,4,4655.22
800,400,50,5,27118.65
801,401,108,3,13549.63
802,401,18,2,73820.52
803,402,7,3,23330.83
804,402,68,1,19598.26
805,403,91,2,6848.12
806,403,129,1,577.07
807,404,124,5,796.22
808,404,108,3,13549.63
809,405,119,4,19868.15
810,405,2,1,4930.4
811,406,108,5,13549.63
812,406,97,2,3939.13
813,407,5,2,84081.85
814,407,62,2,6674.42
815,408,98,2,12384.57
816,408,126,1,12459.53
817,409,103,3,22522.89
818,409,63,5,29768.75
819,410,19,2,17787.61
820,410,121,5,6772.08
821,411,85,4,7335.47
822,411,36,2,29242.97
823,412,84,3,5359.51
824,412,58,3,27146.74
825,413,18,2,73820.52
826,413,5,3,84081.85
827,414,93,5,11413.05
828,414,145,4,11360.29
829,415,57,5,21935.06
830,415,91,5,6848.12
831,416,94,2,1858.01
832,416,75,1,3049.5
833,417,87,1,45649.01
834,417,15,3,69325.73
835,418,81,1,37707.89
836,418,6,4,48408.63
837,419,98,4,12384.57
838,419,4,3,39584.54
839,420,143,5,13026.41
840,420,12,5,9596.51
841,421,81,5,37707.89
842,421,41,3,30082.04
843,422,55,5,18034.1
844,422,129,1,577.07
845,423,87,5,45649.01
846,423,131,2,3599.39
847,424,42,2,21976.79
848,424,96,4,6710.71
849,425,15,2,69325.73
850,425,29,1,8346.58
851,426,106,5,19681.04
852,426,100,4,6854.81
853,427,12,2,9596.51
854,427,138,5,13863.67
855,428,47,5,23383.27
856,428,24,3,43820.15
857,429,130,5,5954.55
858,429,101,3,5781.84
859,430,112,5,17873.14
860,430,25,4,53524.51
861,431,142,1,12489.82
862,431,94,3,1858.01
863,432,142,2,12489.82
864,432,99,1,16689.48
865,433,18,3,73820.52
866,433,62,5,6674.42
867,434,57,2,21935.06
868,434,97,4,3939.13
869,435,79,3,33873.61
870,435,51,3,8341.82
871,436,120,3,24465.41
872,436,59,1,13085.83
873,437,60,3,33321.91
874,437,37,4,25059.66
875,438,120,5,24465.41
876,438,69,3,52834.09
877,439,102,4,18592.29
878,439,17,1,36162.26
879,440,85,3,7335.47
880,440,103,5,22522.89
881,441,20,4,81513.85
882,441,1,5,52539.0
883,442,99,3,16689.48
884,442,15,3,69325.73
885,443,113,5,12566.23
886,443,127,4,1177.88
887,444,107,1,21829.1
888,444,20,4,81513.85
889,445,140,2,8987.09
890,445,98,1,12384.57
891,446,73,4,37272.06
892,446,59,1,13085.83
893,447,116,3,6378.97
894,447,139,1,4159.23
895,448,39,4,33931.85
896,448,128,2,9263.29
897,449,128,2,9263.29
898,449,4,1,39584.54
899,450,110,5,12983.38
900,450,150,3,7113.49
901,451,102,3,18592.29
902,451,40,1,19403.2
903,452,122,3,6970.32
904,452,96,4,6710.71
905,453,81,5,37707.89
906,453,149,5,14866.1
907,454,138,3,13863.67
908,454,51,5,8341.82
909,455,109,5,8516.39
910,455,76,3,5024.14
911,456,58,5,27146.74
912,456,6,4,48408.63
913,457,134,3,4785.68
914,457,28,3,54101.33
915,458,96,4,6710.71
916,458,148,3,10266.15
917,459,89,4,4655.22
918,459,51,5,8341.82
919,460,17,3,36162.26
920,460,109,4,8516.39
921,461,148,5,10266.15
922,461,121,2,6772.08
923,462,136,1,682.08
924,462,89,4,4655.22
925,463,22,2,18186.29
926,463,6,2,48408.63
927,464,59,2,13085.83
928,464,124,4,796.22
929,465,56,5,33257.92
930,465,24,4,43820.15
931,466,73,5,37272.06
932,466,128,2,9263.29
933,467,148,4,10266.15
934,467,101,5,5781.84
935,468,119,4,19868.15
936,468,94,5,1858.01
937,469,105,3,8125.8
938,469,128,1,9263.29
939,470,137,1,11390.83
940,470,124,3,796.22
941,471,59,3,13085.83
942,471,10,5,38310.2
943,472,111,1,9188.58
944,472,148,5,10266.15
945,473,113,3,12566.23
946,473,30,1,12993.37
947,474,125,3,8947.13
948,474,108,2,13549.63
949,475,73,3,37272.06
950,475,15,4,69325.73
951,476,13,2,54402.04
952,476,31,1,11490.6
953,477,26,4,72907.28
954,477,47,4,23383.27
955,478,107,5,21829.1
956,478,108,4,13549.63
957,479,42,4,21976.79
958,479,130,2,5954.55
959,480,55,2,18034.1
960,480,46,4,32887.05
961,481,54,4,30922.05
962,481,52,1,26084.73
963,482,145,4,11360.29
964,482,133,2,8127.63
965,483,78,2,26923.68
966,483,108,5,13549.63
967,484,129,1,577.07
968,484,33,1,21649.9
969,485,12,4,9596.51
970,485,122,5,6970.32
971,486,115,2,21162.49
972,486,109,4,8516.39
973,487,31,3,11490.6
974,487,109,5,8516.39
975,488,23,3,49555.53
976,488,120,1,24465.41
977,489,19,2,17787.61
978,489,140,2,8987.09
979,490,66,3,31441.05
980,490,75,1,3049.5
981,491,98,3,12384.57
982,491,99,1,16689.48
983,492,125,1,8947.13
984,492,90,1,2864.12
985,493,1,4,52539.0
986,493,101,3,5781.84
987,494,43,5,14873.86
988,494,85,2,7335.47
989,495,13,1,54402.04
990,495,67,3,22314.95
991,496,96,4,6710.71
992,496,131,4,3599.39
993,497,137,3,11390.83
994,497,47,2,23383.27
995,498,39,2,33931.85
996,498,14,1,10437.0
997,499,99,3,16689.48
998,499,123,4,612.96
999,500,79,1,33873.61
1000,500,77,3,23879.21
1001,501,35,1,33010.69
1002,501,22,5,18186.29
1003,502,1,2,52539.0
1004,502,74,2,41552.59
1005,503,1,4,52539.0
1006,503,141,4,701.97
1007,504,45,1,5214.29
1008,504,128,1,9263.29
1009,505,72,4,49059.06
1010,505,107,5,21829.1
1011,506,121,1,6772.08
1012,506,143,1,13026.41
1013,507,126,5,12459.53
1014,507,100,2,6854.81
1015,508,32,1,18206.86
1016,508,112,4,17873.14
1017,509,28,2,54101.33
1018,509,61,1,44878.78
1019,510,68,4,19598.26
1020,510,88,5,48004.49
1021,511,58,4,27146.74
1022,511,94,5,1858.01
1023,512,139,1,4159.23
1024,512,25,4,53524.51
1025,513,107,3,21829.1
1026,513,140,1,8987.09
1027,514,58,4,27146.74
1028,514,105,2,8125.8
1029,515,43,2,14873.86
1030,515,10,5,38310.2
1031,516,97,1,3939.13
1032,516,8,2,58505.04
1033,517,26,2,72907.28
1034,517,6,3,48408.63
1035,518,7,5,23330.83
1036,518,98,2,12384.57
1037,519,147,3,14301.36
1038,519,125,5,8947.13
1039,520,50,3,27118.65
1040,520,136,5,682.08
1041,521,19,3,17787.61
1042,521,102,1,18592.29
1043,522,143,2,13026.41
1044,522,67,4,22314.95
1045,523,78,1,26923.68
1046,523,120,5,24465.41
1047,524,78,2,26923.68
1048,524,80,3,27401.27
1049,525,73,1,37272.06
1050,525,120,3,24465.41
1051,526,97,4,3939.13
1052,526,99,1,16689.48
1053,527,102,2,18592.29
1054,527,23,2,49555.53
1055,528,44,2,19789.04
1056,528,150,2,7113.49
1057,529,96,1,6710.71
1058,529,30,5,12993.37
1059,530,124,4,796.22
1060,530,22,1,18186.29
1061,531,50,2,27118.65
1062,531,27,4,8040.26
1063,532,87,5,45649.01
1064,532,2,5,4930.4
1065,533,118,2,9811.84
1066,533,97,4,3939.13
1067,534,9,3,19098.4
1068,534,20,1,81513.85
1069,535,58,5,27146.74
1070,535,138,2,13863.67
1071,536,16,5,2931.99
1072,536,5,3,84081.85
1073,537,88,5,48004.49
1074,537,23,4,49555.53
1075,538,121,2,6772.08
1076,538,22,5,18186.29
1077,539,63,1,29768.75
1078,539,70,2,3243.71
1079,540,9,1,19098.4
1080,540,144,3,11019.62
1081,541,150,1,7113.49
1082,541,90,2,2864.12
1083,542,123,2,612.96
1084,542,29,1,8346.58
1085,543,141,4,701.97
1086,543,101,3,5781.84
1087,544,106,4,19681.04
1088,544,48,2,12824.52
1089,545,71,1,3528.52
1090,545,41,5,30082.04
1091,546,100,3,6854.81
1092,546,7,2,23330.83
1093,547,133,3,8127.63
1094,547,32,1,18206.86
1095,548,25,5,53524.51
1096,548,91,5,6848.12
1097,549,48,2,12824.52
1098,549,47,3,23383.27
1099,550,150,2,7113.49
1100,550,70,3,3243.71
1101,551,68,1,19598.26
1102,551,103,4,22522.89
1103,552,22,3,18186.29
1104,552,147,2,14301.36
1105,553,33,2,21649.9
1106,553,14,5,10437.0
1107,554,126,4,12459.53
1108,554,72,5,49059.06
1109,555,99,1,16689.48
1110,555,142,2,12489.82
1111,556,144,2,11019.62
1112,556,90,3,2864.12
1113,557,31,3,11490.6
1114,557,57,2,21935.06
1115,558,20,1,81513.85
1116,558,124,2,796.22
1117,559,72,3,49059.06
1118,559,97,1,3939.13
1119,560,89,1,4655.22
1120,560,132,2,3011.07
1121,561,15,5,69325.73
1122,561,10,5,38310.2
1123,562,106,1,19681.04
1124,562,116,5,6378.97
1125,563,1,5,52539.0
1126,563,127,1,1177.88
1127,564,52,3,26084.73
1128,564,58,5,27146.74
1129,565,79,4,33873.61
1130,565,51,2,8341.82
1131,566,68,2,19598.26
1132,566,16,3,2931.99
1133,567,119,1,19868.15
1134,567,58,4,27146.74
1135,568,94,5,1858.01
1136,568,96,5,6710.71
1137,569,48,3,12824.52
1138,569,123,1,612.96
1139,570,127,2,1177.88
1140,570,123,5,612.96
1141,571,41,5,30082.04
1142,571,1,3,52539.0
1143,572,111,5,9188.58
1144,572,138,1,13863.67
1145,573,18,4,73820.52
1146,573,37,1,25059.66
1147,574,59,4,13085.83
1148,574,14,2,10437.0
1149,575,111,1,9188.58
1150,575,99,4,16689.48
1151,576,24,4,43820.15
1152,576,122,2,6970.32
1153,577,128,1,9263.29
1154,577,39,2,33931.85
1155,578,75,1,3049.5
1156,578,10,2,38310.2
1157,579,107,2,21829.1
1158,579,25,1,53524.51
1159,580,137,2,11390.83
1160,580,4,5,39584.54
1161,581,53,2,26871.05
1162,581,5,5,84081.85
1163,582,23,3,49555.53
1164,582,58,1,27146.74
1165,583,148,2,10266.15
1166,583,138,3,13863.67
1167,584,18,3,73820.52
1168,584,64,1,17689.49
1169,585,18,5,73820.52
1170,585,43,2,14873.86
1171,586,14,4,10437.0
1172,586,60,1,33321.91
1173,587,59,5,13085.83
1174,587,119,2,19868.15
1175,588,146,5,1905.39
1176,588,133,4,8127.63
1177,589,46,5,32887.05
1178,589,116,4,6378.97
1179,590,19,2,17787.61
1180,590,11,3,69215.46
1181,591,37,2,25059.66
1182,591,130,4,5954.55
1183,592,103,5,22522.89
1184,592,6,5,48408.63
1185,593,2,1,4930.4
1186,593,124,4,796.22
1187,594,110,3,12983.38
1188,594,41,4,30082.04
1189,595,117,1,14181.77
1190,595,119,5,19868.15
1191,596,95,2,15378.47
1192,596,96,2,6710.71
1193,597,17,2,36162.26
1194,597,135,3,11516.05
1195,598,79,1,33873.61
1196,598,58,1,27146.74
1197,599,118,3,9811.84
1198,599,65,5,8035.55
1199,600,86,1,15173.3
1200,600,150,3,7113.49
1201,601,65,3,8035.55
1202,601,44,2,19789.04
1203,602,53,3,26871.05
1204,602,66,1,31441.05
1205,603,45,3,5214.29
1206,603,143,5,13026.41
1207,604,93,3,11413.05
1208,604,17,1,36162.26
1209,605,135,5,11516.05
1210,605,39,1,33931.85
1211,606,114,1,5726.03
1212,606,1,5,52539.0
1213,607,116,3,6378.97
1214,607,138,3,13863.67
1215,608,63,1,29768.75
1216,608,87,5,45649.01
1217,609,111,3,9188.58
1218,609,102,1,18592.29
1219,610,144,4,11019.62
1220,610,35,3,33010.69
1221,611,65,4,8035.55
1222,611,127,4,1177.88
1223,612,85,2,7335.47
1224,612,131,5,3599.39
1225,613,31,4,11490.6
1226,613,112,5,17873.14
1227,614,58,3,27146.74
1228,614,49,2,8217.13
1229,615,71,4,3528.52
1230,615,135,1,11516.05
1231,616,29,1,8346.58
1232,616,31,4,11490.6
1233,617,39,1,33931.85
1234,617,134,5,4785.68
1235,618,123,3,612.96
1236,618,73,4,37272.06
1237,619,149,2,14866.1
1238,619,24,4,43820.15
1239,620,144,1,11019.62
1240,620,89,1,4655.22
1241,621,100,3,6854.81
1242,621,30,5,12993.37
1243,622,5,4,84081.85
1244,622,13,3,54402.04
1245,623,72,3,49059.06
1246,623,30,5,12993.37
1247,624,97,3,3939.13
1248,624,148,2,10266.15
1249,625,62,1,6674.42
1250,625,98,4,12384.57
1251,626,17,5,36162.26
1252,626,4,1,39584.54
1253,627,123,3,612.96
1254,627,133,3,8127.63
1255,628,42,3,21976.79
1256,628,42,3,21976.79
1257,629,105,4,8125.8
1258,629,31,5,11490.6
1259,630,56,1,33257.92
1260,630,98,3,12384.57
1261,631,125,2,8947.13
1262,631,149,1,14866.1
1263,632,136,4,682.08
1264,632,91,2,6848.12
1265,633,88,5,48004.49
1266,633,145,5,11360.29
1267,634,53,2,26871.05
1268,634,70,2,3243.71
1269,635,85,5,7335.47
1270,635,93,1,11413.05
1271,636,61,2,44878.78
1272,636,58,1,27146.74
1273,637,105,5,8125.8
1274,637,96,3,6710.71
1275,638,51,2,8341.82
1276,638,63,2,29768.75
1277,639,71,4,3528.52
1278,639,146,2,1905.39
1279,640,90,3,2864.12
1280,640,32,4,18206.86
1281,641,128,5,9263.29
1282,641,133,2,8127.63
1283,642,128,4,9263.29
1284,642,124,2,796.22
1285,643,14,3,10437.0
1286,643,59,5,13085.83
1287,644,128,1,9263.29
1288,644,129,5,577.07
1289,645,141,3,701.97
1290,645,37,4,25059.66
1291,646,29,4,8346.58
1292,646,109,3,8516.39
1293,647,107,3,21829.1
1294,647,91,3,6848.12
1295,648,56,5,33257.92
1296,648,42,5,21976.79
1297,649,67,1,22314.95
1298,649,53,3,26871.05
1299,650,125,4,8947.13
1300,650,103,3,22522.89
1301,651,95,3,15378.47
1302,651,79,1,33873.61
1303,652,107,4,21829.1
1304,652,133,5,8127.63
1305,653,77,2,23879.21
1306,653,88,2,48004.49
1307,654,42,5,21976.79
1308,654,49,4,8217.13
1309,655,149,2,14866.1
1310,655,2,5,4930.4
1311,656,8,1,58505.04
1312,656,26,5,72907.28
1313,657,126,2,12459.53
1314,657,30,2,12993.37
1315,658,146,5,1905.39
1316,658,49,1,8217.13
1317,659,43,1,14873.86
1318,659,8,3,58505.04
1319,660,110,3,12983.38
1320,660,115,2,21162.49
1321,661,52,5,26084.73
1322,661,110,1,12983.38
1323,662,105,1,8125.8
1324,662,20,5,81513.85
1325,663,110,1,12983.38
1326,663,149,1,14866.1
1327,664,63,4,29768.75
1328,664,70,1,3243.71
1329,665,106,5,19681.04
1330,665,86,5,15173.3
1331,666,9,3,19098.4
1332,666,20,5,81513.85
1333,667,80,1,27401.27
1334,667,76,4,5024.14
1335,668,125,2,8947.13
1336,668,91,1,6848.12
1337,669,61,1,44878.78
1338,669,132,5,3011.07
1339,670,78,5,26923.68
1340,670,118,3,9811.84
1341,671,17,4,36162.26
1342,671,58,2,27146.74
1343,672,43,5,14873.86
1344,672,81,3,37707.89
1345,673,105,2,8125.8
1346,673,59,4,13085.83
1347,674,105,1,8125.8
1348,674,48,2,12824.52
1349,675,86,2,15173.3
1350,675,24,4,43820.15
1351,676,147,2,14301.36
1352,676,28,1,54101.33
1353,677,143,2,13026.41
1354,677,137,5,11390.83
1355,678,18,2,73820.52
1356,678,8,3,58505.04
1357,679,19,1,17787.61
1358,679,40,4,19403.2
1359,680,22,5,18186.29
1360,680,5,3,84081.85
1361,681,134,1,4785.68
1362,681,68,4,19598.26
1363,682,148,4,10266.15
1364,682,14,3,10437.0
1365,683,97,2,3939.13
1366,683,63,2,29768.75
1367,684,10,5,38310.2
1368,684,66,4,31441.05
1369,685,148,4,10266.15
1370,685,104,5,6130.95
1371,686,135,3,11516.05
1372,686,69,2,52834.09
1373,687,67,4,22314.95
1374,687,71,3,3528.52
1375,688,130,2,5954.55
1376,688,83,3,21901.29
1377,689,104,2,6130.95
1378,689,123,2,612.96
1379,690,64,2,17689.49
1380,690,3,1,28995.64
1381,691,58,1,27146.74
1382,691,70,4,3243.71
1383,692,26,4,72907.28
1384,692,104,2,6130.95
1385,693,61,3,44878.78
1386,693,46,3,32887.05
1387,694,64,1,17689.49
1388,694,31,2,11490.6
1389,695,135,1,11516.05
1390,695,74,1,41552.59
1391,696,1,1,52539.0
1392,696,23,2,49555.53
1393,697,89,2,4655.22
1394,697,14,4,10437.0
1395,698,129,1,577.07
1396,698,138,4,13863.67
1397,699,75,1,3049.5
1398,699,78,4,26923.68
1399,700,90,4,2864.12
1400,700,107,2,21829.1
1401,701,116,1,6378.97
1402,701,127,1,1177.88
1403,702,67,2,22314.95
1404,702,122,2,6970.32
1405,703,117,3,14181.77
1406,703,21,3,55484.17
1407,704,61,3,44878.78
1408,704,62,3,6674.42
1409,705,90,3,2864.12
1410,705,110,2,12983.38
1411,706,33,2,21649.9
1412,706,138,3,13863.67
1413,707,118,4,9811.84
1414,707,100,1,6854.81
1415,708,15,5,69325.73
1416,708,125,3,8947.13
1417,709,148,1,10266.15
1418,709,148,1,10266.15
1419,710,40,4,19403.2
1420,710,28,5,54101.33
1421,711,58,3,27146.74
1422,711,143,1,13026.41
1423,712,95,1,15378.47
1424,712,77,1,23879.21
1425,713,140,3,8987.09
1426,713,77,1,23879.21
1427,714,15,3,69325.73
1428,714,131,5,3599.39
1429,715,103,3,22522.89
1430,715,112,1,17873.14
1431,716,142,3,12489.82
1432,716,99,5,16689.48
1433,717,95,3,15378.47
1434,717,70,5,3243.71
1435,718,81,4,37707.89
1436,718,145,4,11360.29
1437,719,119,3,19868.15
1438,719,95,4,15378.47
1439,720,18,2,73820.52
1440,720,63,3,29768.75
1441,721,5,1,84081.85
1442,721,21,3,55484.17
1443,722,35,2,33010.69
1444,722,7,3,23330.83
1445,723,7,1,23330.83
1446,723,92,1,2654.0
1447,724,124,4,796.22
1448,724,43,5,14873.86
1449,725,70,2,3243.71
1450,725,6,1,48408.63
1451,726,38,1,30726.82
1452,726,118,2,9811.84
1453,727,48,1,12824.52
1454,727,77,2,23879.21
1455,728,66,2,31441.05
1456,728,48,1,12824.52
1457,729,133,2,8127.63
1458,729,77,1,23879.21
1459,730,141,3,701.97
1460,730,119,4,19868.15
1461,731,132,4,3011.07
1462,731,55,3,18034.1
1463,732,29,2,8346.58
1464,732,115,2,21162.49
1465,733,54,1,30922.05
1466,733,117,2,14181.77
1467,734,81,4,37707.89
1468,734,26,2,72907.28
1469,735,100,1,6854.81
1470,735,129,4,577.07
1471,736,120,3,24465.41
1472,736,148,4,10266.15
1473,737,132,5,3011.07
1474,737,93,2,11413.05
1475,738,94,2,1858.01
1476,738,83,5,21901.29
1477,739,82,2,23327.1
1478,739,82,3,23327.1
1479,740,147,3,14301.36
1480,740,31,3,11490.6
1481,741,70,1,3243.71
1482,741,75,2,3049.5
1483,742,108,1,13549.63
1484,742,74,2,41552.59
1485,743,141,4,701.97
1486,743,33,3,21649.9
1487,744,61,1,44878.78
1488,744,139,5,4159.23
1489,745,76,5,5024.14
1490,745,104,1,6130.95
1491,746,110,3,12983.38
1492,746,31,3,11490.6
1493,747,77,2,23879.21
1494,747,93,1,11413.05
1495,748,146,4,1905.39
1496,748,149,2,14866.1
1497,749,64,4,17689.49
1498,749,85,4,7335.47
1499,750,147,1,14301.36
1500,750,26,3,72907.28
1501,751,92,1,2654.0
1502,751,136,5,682.08
1503,752,1,4,52539.0
1504,752,52,5,26084.73
1505,753,87,5,45649.01
1506,753,74,3,41552.59
1507,754,70,3,3243.71
1508,754,2,3,4930.4
1509,755,47,5,23383.27
1510,755,100,3,6854.81
1511,756,62,4,6674.42
1512,756,12,3,9596.51
1513,757,122,4,6970.32
1514,757,129,1,577.07
1515,758,142,3,12489.82
1516,758,102,5,18592.29
1517,759,61,3,44878.78
1518,759,14,3,10437.0
1519,760,26,5,72907.28
1520,760,61,3,44878.78
1521,761,79,1,33873.61
1522,761,47,4,23383.27
1523,762,93,3,11413.05
1524,762,68,4,19598.26
1525,763,14,1,10437.0
1526,763,71,2,3528.52
1527,764,87,1,45649.01
1528,764,62,2,6674.42
1529,765,110,5,12983.38
1530,765,63,4,29768.75
1531,766,140,2,8987.09
1532,766,77,1,23879.21
1533,767,40,1,19403.2
1534,767,32,1,18206.86
1535,768,69,3,52834.09
1536,768,77,5,23879.21
1537,769,134,1,4785.68
1538,769,74,4,41552.59
1539,770,7,4,23330.83
1540,770,93,2,11413.05
1541,771,79,5,33873.61
1542,771,55,1,18034.1
1543,772,109,4,8516.39
1544,772,112,2,17873.14
1545,773,80,5,27401.27
1546,773,32,4,18206.86
1547,774,97,1,3939.13
1548,774,96,3,6710.71
1549,775,127,4,1177.88
1550,775,49,5,8217.13
1551,776,11,3,69215.46
1552,776,92,3,2654.0
1553,777,76,2,5024.14
1554,777,107,2,21829.1
1555,778,57,2,21935.06
1556,778,21,5,55484.17
1557,779,55,1,18034.1
1558,779,40,1,19403.2
1559,780,12,5,9596.51
1560,780,32,1,18206.86
1561,781,11,2,69215.46
1562,781,139,4,4159.23
1563,782,121,2,6772.08
1564,782,141,1,701.97
1565,783,9,4,19098.4
1566,783,128,5,9263.29
1567,784,133,1,8127.63
1568,784,147,4,14301.36
1569,785,142,4,12489.82
1570,785,3,4,28995.64
1571,786,99,4,16689.48
1572,786,131,5,3599.39
1573,787,77,2,23879.21
1574,787,51,1,8341.82
1575,788,111,3,9188.58
1576,788,9,5,19098.4
1577,789,139,2,4159.23
1578,789,58,5,27146.74
1579,790,17,2,36162.26
1580,790,126,2,12459.53
1581,791,76,5,5024.14
1582,791,12,1,9596.51
1583,792,69,1,52834.09
1584,792,93,3,11413.05
1585,793,52,5,26084.73
1586,793,59,3,13085.83
1587,794,97,5,3939.13
1588,794,133,5,8127.63
1589,795,134,3,4785.68
1590,795,123,2,612.96
1591,796,132,3,3011.07
1592,796,64,5,17689.49
1593,797,82,2,23327.1
1594,797,125,2,8947.13
1595,798,95,5,15378.47
1596,798,4,1,39584.54
1597,799,87,2,45649.01
1598,799,95,5,15378.47
1599,800,73,5,37272.06
1600,800,106,2,19681.04
1601,801,5,1,84081.85
1602,801,53,2,26871.05
1603,802,58,1,27146.74
1604,802,42,1,21976.79
1605,803,29,5,8346.58
1606,803,35,4,33010.69
1607,804,138,4,13863.67
1608,804,16,1,2931.99
1609,805,126,2,12459.53
1610,805,130,3,5954.55
1611,806,83,3,21901.29
1612,806,94,3,1858.01
1613,807,13,3,54402.04
1614,807,25,5,53524.51
1615,808,24,4,43820.15
1616,808,97,1,3939.13
1617,809,78,2,26923.68
1618,809,99,4,16689.48
1619,810,36,3,29242.97
1620,810,79,2,33873.61
1621,811,106,4,19681.04
1622,811,123,1,612.96
1623,812,66,1,31441.05
1624,812,23,1,49555.53
1625,813,129,1,577.07
1626,813,14,2,10437.0
1627,814,101,3,5781.84
1628,814,27,2,8040.26
1629,815,83,5,21901.29
1630,815,123,3,612.96
1631,816,135,5,11516.05
1632,816,92,4,2654.0
1633,817,69,2,52834.09
1634,817,96,2,6710.71
1635,818,126,3,12459.53
1636,818,55,1,18034.1
1637,819,114,4,5726.03
1638,819,150,1,7113.49
1639,820,2,3,4930.4
1640,820,60,4,33321.91
1641,821,45,3,5214.29
1642,821,105,3,8125.8
1643,822,99,2,16689.48
1644,822,54,4,30922.05
1645,823,51,3,8341.82
1646,823,50,3,27118.65
1647,824,140,5,8987.09
1648,824,19,5,17787.61
1649,825,16,1,2931.99
1650,825,8,1,58505.04
1651,826,44,3,19789.04
1652,826,46,1,32887.05
1653,827,19,2,17787.61
1654,827,116,4,6378.97
1655,828,97,1,3939.13
1656,828,100,4,6854.81
1657,829,35,3,33010.69
1658,829,150,3,7113.49
1659,830,121,5,6772.08
1660,830,121,3,6772.08
1661,831,77,1,23879.21
1662,831,25,2,53524.51
1663,832,129,3,577.07
1664,832,129,3,577.07
1665,833,45,1,5214.29
1666,833,124,2,796.22
1667,834,125,3,8947.13
1668,834,39,1,33931.85
1669,835,66,1,31441.05
1670,835,74,4,41552.59
1671,836,143,5,13026.41
1672,836,23,2,49555.53
1673,837,111,4,9188.58
1674,837,29,4,8346.58
1675,838,18,4,73820.52
1676,838,135,3,11516.05
1677,839,129,5,577.07
1678,839,20,2,81513.85
1679,840,99,2,16689.48
1680,840,136,2,682.08
1681,841,116,5,6378.97
1682,841,79,1,33873.61
1683,842,79,3,33873.61
1684,842,89,1,4655.22
1685,843,120,2,24465.41
1686,843,55,2,18034.1
1687,844,12,5,9596.51
1688,844,134,4,4785.68
1689,845,12,2,9596.51
1690,845,132,2,3011.07
1691,846,71,2,3528.52
1692,846,140,3,8987.09
1693,847,40,4,19403.2
1694,847,16,3,2931.99
1695,848,115,2,21162.49
1696,848,72,3,49059.06
1697,849,79,4,33873.61
1698,849,54,3,30922.05
1699,850,99,3,16689.48
1700,850,124,3,796.22
1701,851,146,4,1905.39
1702,851,87,5,45649.01
1703,852,32,2,18206.86
1704,852,26,1,72907.28
1705,853,4,1,39584.54
1706,853,96,2,6710.71
1707,854,43,1,14873.86
1708,854,136,1,682.08
1709,855,90,5,2864.12
1710,855,91,5,6848.12
1711,856,137,1,11390.83
1712,856,42,2,21976.79
1713,857,109,5,8516.39
1714,857,135,4,11516.05
1715,858,99,1,16689.48
1716,858,131,5,3599.39
1717,859,45,2,5214.29
1718,859,38,2,30726.82
1719,860,96,1,6710.71
1720,860,19,2,17787.61
1721,861,150,3,7113.49
1722,861,43,2,14873.86
1723,862,83,3,21901.29
1724,862,148,3,10266.15
1725,863,93,4,11413.05
1726,863,5,2,84081.85
1727,864,21,4,55484.17
1728,864,103,5,22522.89
1729,865,27,1,8040.26
1730,865,23,2,49555.53
1731,866,41,3,30082.04
1732,866,121,1,6772.08
1733,867,124,2,796.22
1734,867,15,5,69325.73
1735,868,26,3,72907.28
1736,868,21,3,55484.17
1737,869,47,2,23383.27
1738,869,113,3,12566.23
1739,870,113,3,12566.23
1740,870,88,3,48004.49
1741,871,96,1,6710.71
1742,871,114,2,5726.03
1743,872,50,1,27118.65
1744,872,18,4,73820.52
1745,873,87,3,45649.01
1746,873,130,4,5954.55
1747,874,101,3,5781.84
1748,874,115,5,21162.49
1749,875,24,3,43820.15
1750,875,145,1,11360.29
1751,876,108,4,13549.63
1752,876,91,3,6848.12
1753,877,24,4,43820.15
1754,877,38,5,30726.82
1755,878,100,3,6854.81
1756,878,40,1,19403.2
1757,879,56,4,33257.92
1758,879,14,1,10437.0
1759,880,123,1,612.96
1760,880,78,4,26923.68
1761,881,41,2,30082.04
1762,881,33,5,21649.9
1763,882,73,3,37272.06
1764,882,52,1,26084.73
1765,883,145,4,11360.29
1766,883,82,1,23327.1
1767,884,99,3,16689.48
1768,884,75,1,3049.5
1769,885,141,1,701.97
1770,885,86,3,15173.3
1771,886,3,1,28995.64
1772,886,133,3,8127.63
1773,887,58,5,27146.74
1774,887,4,5,39584.54
1775,888,70,2,3243.71
1776,888,5,4,84081.85
1777,889,102,1,18592.29
1778,889,10,5,38310.2
1779,890,119,5,19868.15
1780,890,139,5,4159.23
1781,891,110,3,12983.38
1782,891,148,1,10266.15
1783,892,58,1,27146.74
1784,892,27,5,8040.26
1785,893,128,1,9263.29
1786,893,134,4,4785.68
1787,894,133,1,8127.63
1788,894,86,4,15173.3
1789,895,67,5,22314.95
1790,895,31,4,11490.6
1791,896,125,1,8947.13
1792,896,109,3,8516.39
1793,897,111,4,9188.58
1794,897,13,5,54402.04
1795,898,135,4,11516.05
1796,898,111,4,9188.58
1797,899,140,5,8987.09
1798,899,85,1,7335.47
1799,900,109,5,8516.39
1800,900,46,1,32887.05
1801,901,52,5,26084.73
1802,901,95,2,15378.47
1803,902,133,3,8127.63
1804,902,120,5,24465.41
1805,903,77,1,23879.21
1806,903,17,3,36162.26
1807,904,74,1,41552.59
1808,904,95,1,15378.47
1809,905,103,5,22522.89
1810,905,150,5,7113.49
1811,906,88,1,48004.49
1812,906,28,5,54101.33
1813,907,142,1,12489.82
1814,907,21,4,55484.17
1815,908,126,5,12459.53
1816,908,126,2,12459.53
1817,909,70,5,3243.71
1818,909,15,5,69325.73
1819,910,83,1,21901.29
1820,910,65,5,8035.55
1821,911,104,4,6130.95
1822,911,116,3,6378.97
1823,912,118,1,9811.84
1824,912,98,5,12384.57
1825,913,82,3,23327.1
1826,913,7,2,23330.83
1827,914,50,1,27118.65
1828,914,52,3,26084.73
1829,915,48,4,12824.52
1830,915,144,2,11019.62
1831,916,98,5,12384.57
1832,916,89,4,4655.22
1833,917,25,2,53524.51
1834,917,91,4,6848.12
1835,918,6,1,48408.63
1836,918,28,4,54101.33
1837,919,141,3,701.97
1838,919,89,1,4655.22
1839,920,38,2,30726.82
1840,920,70,1,3243.71
1841,921,45,2,5214.29
1842,921,133,4,8127.63
1843,922,138,5,13863.67
1844,922,49,1,8217.13
1845,923,52,5,26084.73
1846,923,30,3,12993.37
1847,924,120,4,24465.41
1848,924,14,3,10437.0
1849,925,1,5,52539.0
1850,925,102,2,18592.29
1851,926,109,2,8516.39
1852,926,145,2,11360.29
1853,927,39,3,33931.85
1854,927,146,3,1905.39
1855,928,52,4,26084.73
1856,928,110,2,12983.38
1857,929,31,1,11490.6
1858,929,145,5,11360.29
1859,930,93,2,11413.05
1860,930,47,4,23383.27
1861,931,34,4,2255.17
1862,931,35,1,33010.69
1863,932,111,4,9188.58
1864,932,119,3,19868.15
1865,933,71,5,3528.52
1866,933,4,3,39584.54
1867,934,148,4,10266.15
1868,934,55,1,18034.1
1869,935,62,4,6674.42
1870,935,83,2,21901.29
1871,936,121,3,6772.08
1872,936,96,1,6710.71
1873,937,130,5,5954.55
1874,937,53,1,26871.05
1875,938,103,5,22522.89
1876,938,36,5,29242.97
1877,939,67,5,22314.95
1878,939,32,4,18206.86
1879,940,14,3,10437.0
1880,940,149,4,14866.1
1881,941,125,2,8947.13
1882,941,150,3,7113.49
1883,942,35,4,33010.69
1884,942,22,5,18186.29
1885,943,18,4,73820.52
1886,943,55,4,18034.1
1887,944,134,1,4785.68
1888,944,10,3,38310.2
1889,945,115,2,21162.49
1890,945,1,2,52539.0
1891,946,136,5,682.08
1892,946,143,2,13026.41
1893,947,55,5,18034.1
1894,947,114,5,5726.03
1895,948,125,1,8947.13
1896,948,144,4,11019.62
1897,949,122,1,6970.32
1898,949,18,3,73820.52
1899,950,44,3,19789.04
1900,950,45,3,5214.29
1901,951,73,2,37272.06
1902,951,23,1,49555.53
1903,952,33,5,21649.9
1904,952,147,2,14301.36
1905,953,37,1,25059.66
1906,953,6,2,48408.63
1907,954,104,4,6130.95
1908,954,68,1,19598.26
1909,955,10,5,38310.2
1910,955,48,3,12824.52
1911,956,68,2,19598.26
1912,956,128,1,9263.29
1913,957,132,2,3011.07
1914,957,28,5,54101.33
1915,958,32,5,18206.86
1916,958,16,2,2931.99
1917,959,72,2,49059.06
1918,959,8,4,58505.04
1919,960,27,3,8040.26
1920,960,139,5,4159.23
1921,961,56,1,33257.92
1922,961,85,3,7335.47
1923,962,89,1,4655.22
1924,962,141,2,701.97
1925,963,127,3,1177.88
1926,963,140,4,8987.09
1927,964,133,3,8127.63
1928,964,142,1,12489.82
1929,965,127,3,1177.88
1930,965,130,5,5954.55
1931,966,77,4,23879.21
1932,966,113,3,12566.23
1933,967,140,2,8987.09
1934,967,44,2,19789.04
1935,968,44,5,19789.04
1936,968,103,3,22522.89
1937,969,43,3,14873.86
1938,969,3,3,28995.64
1939,970,105,3,8125.8
1940,970,119,1,19868.15
1941,971,125,3,8947.13
1942,971,36,4,29242.97
1943,972,93,5,11413.05
1944,972,140,3,8987.09
1945,973,14,4,10437.0
1946,973,112,1,17873.14
1947,974,39,3,33931.85
1948,974,89,1,4655.22
1949,975,22,1,18186.29
1950,975,111,1,9188.58
1951,976,26,2,72907.28
1952,976,70,1,3243.71
1953,977,142,1,12489.82
1954,977,26,4,72907.28
1955,978,14,4,10437.0
1956,978,102,2,18592.29
1957,979,26,1,72907.28
1958,979,150,4,7113.49
1959,980,42,4,21976.79
1960,980,47,1,23383.27
1961,981,97,5,3939.13
1962,981,70,4,3243.71
1963,982,47,1,23383.27
1964,982,41,1,30082.04
1965,983,98,2,12384.57
1966,983,18,3,73820.52
1967,984,18,1,73820.52
1968,984,34,3,2255.17
1969,985,66,2,31441.05
1970,985,47,5,23383.27
1971,986,92,3,2654.0
1972,986,2,3,4930.4
1973,987,112,5,17873.14
1974,987,100,3,6854.81
1975,988,38,5,30726.82
1976,988,101,1,5781.84
1977,989,126,2,12459.53
1978,989,71,4,3528.52
1979,990,36,4,29242.97
1980,990,54,1,30922.05
1981,991,135,5,11516.05
1982,991,146,4,1905.39
1983,992,10,4,38310.2
1984,992,13,3,54402.04
1985,993,69,4,52834.09
1986,993,37,1,25059.66
1987,994,54,4,30922.05
1988,994,73,3,37272.06
1989,995,91,4,6848.12
1990,995,19,5,17787.61
1991,996,20,4,81513.85
1992,996,123,2,612.96
1993,997,73,2,37272.06
1994,997,19,3,17787.61
1995,998,38,1,30726.82
1996,998,26,3,72907.28
1997,999,7,4,23330.83
1998,999,143,1,13026.41
1999,1000,60,4,33321.91
2000,1000,98,3,12384.57
2001,1001,34,5,2255.17
2002,1001,3,4,28995.64
2003,1002,15,2,69325.73
2004,1002,133,2,8127.63
2005,1003,145,3,11360.29
2006,1003,45,4,5214.29
2007,1004,30,2,12993.37
2008,1004,68,2,19598.26
2009,1005,77,4,23879.21
2010,1005,15,4,69325.73
2011,1006,77,5,23879.21
2012,1006,35,2,33010.69
2013,1007,33,3,21649.9
2014,1007,114,1,5726.03
2015,1008,108,3,13549.63
2016,1008,13,1,54402.04
2017,1009,72,5,49059.06
2018,1009,147,3,14301.36
2019,1010,42,3,21976.79
2020,1010,31,3,11490.6
2021,1011,57,3,21935.06
2022,1011,94,4,1858.01
2023,1012,79,4,33873.61
2024,1012,102,2,18592.29
2025,1013,124,1,796.22
2026,1013,129,1,577.07
2027,1014,24,2,43820.15
2028,1014,12,4,9596.51
2029,1015,54,2,30922.05
2030,1015,91,4,6848.12
2031,1016,92,5,2654.0
2032,1016,123,5,612.96
2033,1017,70,5,3243.71
2034,1017,120,3,24465.41
2035,1018,104,4,6130.95
2036,1018,92,4,2654.0
2037,1019,72,4,49059.06
2038,1019,109,4,8516.39
2039,1020,97,4,3939.13
2040,1020,113,3,12566.23
2041,1021,148,1,10266.15
2042,1021,57,3,21935.06
2043,1022,131,1,3599.39
2044,1022,101,5,5781.84
2045,1023,72,1,49059.06
2046,1023,55,2,18034.1
2047,1024,78,2,26923.68
2048,1024,42,1,21976.79
2049,1025,109,3,8516.39
2050,1025,91,2,6848.12
2051,1026,35,3,33010.69
2052,1026,74,2,41552.59
2053,1027,31,3,11490.6
2054,1027,103,1,22522.89
2055,1028,4,1,39584.54
2056,1028,73,5,37272.06
2057,1029,132,2,3011.07
2058,1029,81,5,37707.89
2059,1030,11,1,69215.46
2060,1030,86,5,15173.3
2061,1031,26,5,72907.28
2062,1031,144,2,11019.62
2063,1032,109,3,8516.39
2064,1032,20,3,81513.85
2065,1033,103,5,22522.89
2066,1033,15,3,69325.73
2067,1034,22,5,18186.29
2068,1034,59,4,13085.83
2069,1035,106,3,19681.04
2070,1035,53,5,26871.05
2071,1036,118,5,9811.84
2072,1036,9,1,19098.4
2073,1037,83,4,21901.29
2074,1037,138,2,13863.67
2075,1038,66,1,31441.05
2076,1038,5,5,84081.85
2077,1039,13,4,54402.04
2078,1039,92,1,2654.0
2079,1040,85,1,7335.47
2080,1040,55,3,18034.1
2081,1041,70,3,3243.71
2082,1041,29,2,8346.58
2083,1042,111,3,9188.58
2084,1042,10,2,38310.2
2085,1043,77,2,23879.21
2086,1043,39,1,33931.85
2087,1044,144,3,11019.62
2088,1044,150,3,7113.49
2089,1045,1,2,52539.0
2090,1045,26,2,72907.28
2091,1046,25,3,53524.51
2092,1046,87,5,45649.01
2093,1047,92,5,2654.0
2094,1047,95,5,15378.47
2095,1048,45,3,5214.29
2096,1048,18,5,73820.52
2097,1049,113,1,12566.23
2098,1049,111,4,9188.58
2099,1050,87,3,45649.01
2100,1050,56,4,33257.92
2101,1051,12,1,9596.51
2102,1051,140,1,8987.09
2103,1052,28,4,54101.33
2104,1052,1,2,52539.0
2105,1053,34,5,2255.17
2106,1053,12,2,9596.51
2107,1054,39,3,33931.85
2108,1054,52,5,26084.73
2109,1055,52,4,26084.73
2110,1055,19,3,17787.61
2111,1056,69,5,52834.09
2112,1056,32,4,18206.86
2113,1057,149,2,14866.1
2114,1057,19,4,17787.61
2115,1058,87,1,45649.01
2116,1058,80,5,27401.27
2117,1059,31,1,11490.6
2118,1059,26,3,72907.28
2119,1060,105,5,8125.8
2120,1060,128,2,9263.29
2121,1061,98,1,12384.57
2122,1061,31,4,11490.6
2123,1062,61,4,44878.78
2124,1062,4,2,39584.54
2125,1063,32,3,18206.86
2126,1063,54,5,30922.05
2127,1064,66,3,31441.05
2128,1064,11,2,69215.46
2129,1065,93,3,11413.05
2130,1065,150,5,7113.49
2131,1066,102,4,18592.29
2132,1066,58,1,27146.74
2133,1067,51,1,8341.82
2134,1067,39,1,33931.85
2135,1068,52,1,26084.73
2136,1068,48,3,12824.52
2137,1069,51,3,8341.82
2138,1069,98,4,12384.57
2139,1070,100,2,6854.81
2140,1070,29,2,8346.58
2141,1071,97,2,3939.13
2142,1071,21,3,55484.17
2143,1072,59,5,13085.83
2144,1072,71,3,3528.52
2145,1073,4,4,39584.54
2146,1073,1,1,52539.0
2147,1074,75,4,3049.5
2148,1074,29,2,8346.58
2149,1075,3,3,28995.64
2150,1075,142,3,12489.82
2151,1076,143,3,13026.41
2152,1076,66,4,31441.05
2153,1077,96,2,6710.71
2154,1077,52,4,26084.73
2155,1078,16,1,2931.99
2156,1078,123,3,612.96
2157,1079,133,1,8127.63
2158,1079,52,2,26084.73
2159,1080,95,2,15378.47
2160,1080,55,2,18034.1
2161,1081,110,5,12983.38
2162,1081,71,1,3528.52
2163,1082,114,3,5726.03
2164,1082,29,5,8346.58
2165,1083,8,1,58505.04
2166,1083,115,3,21162.49
2167,1084,99,3,16689.48
2168,1084,138,2,13863.67
2169,1085,87,3,45649.01
2170,1085,67,5,22314.95
2171,1086,62,5,6674.42
2172,1086,110,5,12983.38
2173,1087,97,1,3939.13
2174,1087,37,2,25059.66
2175,1088,88,5,48004.49
2176,1088,125,5,8947.13
2177,1089,1,3,52539.0
2178,1089,2,4,4930.4
2179,1090,53,1,26871.05
2180,1090,16,4,2931.99
2181,1091,33,5,21649.9
2182,1091,65,5,8035.55
2183,1092,81,4,37707.89
2184,1092,64,4,17689.49
2185,1093,110,4,12983.38
2186,1093,114,2,5726.03
2187,1094,26,2,72907.28
2188,1094,104,2,6130.95
2189,1095,133,4,8127.63
2190,1095,64,2,17689.49
2191,1096,140,5,8987.09
2192,1096,118,3,9811.84
2193,1097,79,4,33873.61
2194,1097,6,1,48408.63
2195,1098,21,2,55484.17
2196,1098,22,3,18186.29
2197,1099,51,3,8341.82
2198,1099,49,5,8217.13
2199,1100,59,5,13085.83
2200,1100,67,2,22314.95
2201,1101,114,2,5726.03
2202,1101,132,2,3011.07
2203,1102,137,5,11390.83
2204,1102,31,3,11490.6
2205,1103,107,3,21829.1
2206,1103,98,1,12384.57
2207,1104,76,1,5024.14
2208,1104,45,5,5214.29
2209,1105,119,3,19868.15
2210,1105,79,4,33873.61
2211,1106,119,1,19868.15
2212,1106,99,3,16689.48
2213,1107,139,1,4159.23
2214,1107,53,2,26871.05
2215,1108,87,4,45649.01
2216,1108,134,2,4785.68
2217,1109,40,3,19403.2
2218,1109,73,2,37272.06
2219,1110,60,3,33321.91
2220,1110,12,4,9596.51
2221,1111,140,5,8987.09
2222,1111,80,2,27401.27
2223,1112,64,5,17689.49
2224,1112,58,5,27146.74
2225,1113,100,1,6854.81
2226,1113,101,2,5781.84
2227,1114,109,2,8516.39
2228,1114,139,2,4159.23
2229,1115,59,5,13085.83
2230,1115,29,5,8346.58
2231,1116,36,5,29242.97
2232,1116,76,4,5024.14
2233,1117,129,4,577.07
2234,1117,72,3,49059.06
2235,1118,66,3,31441.05
2236,1118,108,1,13549.63
2237,1119,50,1,27118.65
2238,1119,139,4,4159.23
2239,1120,130,4,5954.55
2240,1120,93,5,11413.05
2241,1121,47,4,23383.27
2242,1121,80,5,27401.27
2243,1122,30,2,12993.37
2244,1122,106,3,19681.04
2245,1123,83,3,21901.29
2246,1123,134,2,4785.68
2247,1124,118,4,9811.84
2248,1124,32,5,18206.86
2249,1125,89,5,4655.22
2250,1125,21,1,55484.17
2251,1126,68,1,19598.26
2252,1126,59,4,13085.83
2253,1127,77,3,23879.21
2254,1127,115,4,21162.49
2255,1128,42,5,21976.79
2256,1128,25,1,53524.51
2257,1129,139,5,4159.23
2258,1129,73,3,37272.06
2259,1130,12,1,9596.51
2260,1130,66,4,31441.05
2261,1131,1,5,52539.0
2262,1131,46,2,32887.05
2263,1132,23,5,49555.53
2264,1132,97,1,3939.13
2265,1133,121,2,6772.08
2266,1133,91,5,6848.12
2267,1134,140,2,8987.09
2268,1134,133,3,8127.63
2269,1135,68,2,19598.26
2270,1135,114,1,5726.03
2271,1136,130,1,5954.55
2272,1136,68,3,19598.26
2273,1137,84,5,5359.51
2274,1137,24,2,43820.15
2275,1138,139,5,4159.23
2276,1138,145,3,11360.29
2277,1139,30,2,12993.37
2278,1139,28,4,54101.33
2279,1140,79,3,33873.61
2280,1140,114,3,5726.03
2281,1141,109,2,8516.39
2282,1141,101,3,5781.84
2283,1142,32,5,18206.86
2284,1142,56,4,33257.92
2285,1143,7,3,23330.83
2286,1143,118,1,9811.84
2287,1144,42,2,21976.79
2288,1144,117,1,14181.77
2289,1145,42,3,21976.79
2290,1145,6,4,48408.63
2291,1146,131,2,3599.39
2292,1146,29,2,8346.58
2293,1147,2,2,4930.4
2294,1147,95,5,15378.47
2295,1148,31,2,11490.6
2296,1148,114,5,5726.03
2297,1149,85,1,7335.47
2298,1149,111,2,9188.58
2299,1150,68,3,19598.26
2300,1150,39,3,33931.85
2301,1151,9,3,19098.4
2302,1151,93,5,11413.05
2303,1152,145,4,11360.29
2304,1152,45,2,5214.29
2305,1153,93,5,11413.05
2306,1153,17,5,36162.26
2307,1154,132,5,3011.07
2308,1154,81,3,37707.89
2309,1155,41,2,30082.04
2310,1155,40,5,19403.2
2311,1156,113,4,12566.23
2312,1156,9,2,19098.4
2313,1157,94,5,1858.01
2314,1157,142,3,12489.82
2315,1158,91,5,6848.12
2316,1158,82,3,23327.1
2317,1159,73,2,37272.06
2318,1159,41,1,30082.04
2319,1160,83,3,21901.29
2320,1160,129,4,577.07
2321,1161,46,5,32887.05
2322,1161,29,2,8346.58
2323,1162,130,5,5954.55
2324,1162,103,4,22522.89
2325,1163,62,2,6674.42
2326,1163,94,2,1858.01
2327,1164,117,1,14181.77
2328,1164,110,2,12983.38
2329,1165,38,2,30726.82
2330,1165,14,1,10437.0
2331,1166,20,4,81513.85
2332,1166,22,5,18186.29
2333,1167,91,3,6848.12
2334,1167,123,4,612.96
2335,1168,49,2,8217.13
2336,1168,96,1,6710.71
2337,1169,101,4,5781.84
2338,1169,33,1,21649.9
2339,1170,90,4,2864.12
2340,1170,122,3,6970.32
2341,1171,143,4,13026.41
2342,1171,53,4,26871.05
2343,1172,73,4,37272.06
2344,1172,14,2,10437.0
2345,1173,5,2,84081.85
2346,1173,106,4,19681.04
2347,1174,63,5,29768.75
2348,1174,110,1,12983.38
2349,1175,33,4,21649.9
2350,1175,131,4,3599.39
2351,1176,30,4,12993.37
2352,1176,86,5,15173.3
2353,1177,67,1,22314.95
2354,1177,86,2,15173.3
2355,1178,18,5,73820.52
2356,1178,142,4,12489.82
2357,1179,85,5,7335.47
2358,1179,84,2,5359.51
2359,1180,48,5,12824.52
2360,1180,132,4,3011.07
2361,1181,100,1,6854.81
2362,1181,115,2,21162.49
2363,1182,119,3,19868.15
2364,1182,107,1,21829.1
2365,1183,3,2,28995.64
2366,1183,76,1,5024.14
2367,1184,1,3,52539.0
2368,1184,144,5,11019.62
2369,1185,45,5,5214.29
2370,1185,116,1,6378.97
2371,1186,61,3,44878.78
2372,1186,23,4,49555.53
2373,1187,23,5,49555.53
2374,1187,69,5,52834.09
2375,1188,114,3,5726.03
2376,1188,87,1,45649.01
2377,1189,6,5,48408.63
2378,1189,123,1,612.96
2379,1190,110,3,12983.38
2380,1190,67,1,22314.95
2381,1191,122,1,6970.32
2382,1191,45,3,5214.29
2383,1192,59,3,13085.83
2384,1192,108,1,13549.63
2385,1193,25,3,53524.51
2386,1193,85,3,7335.47
2387,1194,47,3,23383.27
2388,1194,8,2,58505.04
2389,1195,113,5,12566.23
2390,1195,48,1,12824.52
2391,1196,30,3,12993.37
2392,1196,142,1,12489.82
2393,1197,30,2,12993.37
2394,1197,8,5,58505.04
2395,1198,59,5,13085.83
2396,1198,90,2,2864.12
2397,1199,29,1,8346.58
2398,1199,112,5,17873.14
2399,1200,83,1,21901.29
2400,1200,91,2,6848.12
2401,1201,38,2,30726.82
2402,1201,68,3,19598.26
2403,1202,15,5,69325.73
2404,1202,145,4,11360.29
2405,1203,8,4,58505.04
2406,1203,20,2,81513.85
2407,1204,125,4,8947.13
2408,1204,99,4,16689.48
2409,1205,4,5,39584.54
2410,1205,16,4,2931.99
2411,1206,3,4,28995.64
2412,1206,14,3,10437.0
2413,1207,16,4,2931.99
2414,1207,75,1,3049.5
2415,1208,91,1,6848.12
2416,1208,23,5,49555.53
2417,1209,59,2,13085.83
2418,1209,142,3,12489.82
2419,1210,6,1,48408.63
2420,1210,76,3,5024.14
2421,1211,11,4,69215.46
2422,1211,6,3,48408.63
2423,1212,52,5,26084.73
2424,1212,145,2,11360.29
2425,1213,83,2,21901.29
2426,1213,26,4,72907.28
2427,1214,49,2,8217.13
2428,1214,75,4,3049.5
2429,1215,28,3,54101.33
2430,1215,92,2,2654.0
2431,1216,40,3,19403.2
2432,1216,21,1,55484.17
2433,1217,64,3,17689.49
2434,1217,21,3,55484.17
2435,1218,142,1,12489.82
2436,1218,36,4,29242.97
2437,1219,141,5,701.97
2438,1219,35,4,33010.69
2439,1220,95,5,15378.47
2440,1220,57,3,21935.06
2441,1221,45,4,5214.29
2442,1221,62,5,6674.42
2443,1222,53,5,26871.05
2444,1222,105,5,8125.8
2445,1223,140,3,8987.09
2446,1223,105,1,8125.8
2447,1224,105,5,8125.8
2448,1224,69,3,52834.09
2449,1225,104,5,6130.95
2450,1225,71,4,3528.52
2451,1226,14,5,10437.0
2452,1226,56,1,33257.92
2453,1227,96,4,6710.71
2454,1227,146,5,1905.39
2455,1228,110,3,12983.38
2456,1228,145,1,11360.29
2457,1229,47,2,23383.27
2458,1229,65,3,8035.55
2459,1230,66,5,31441.05
2460,1230,56,1,33257.92
2461,1231,119,5,19868.15
2462,1231,80,3,27401.27
2463,1232,117,5,14181.77
2464,1232,68,3,19598.26
2465,1233,16,2,2931.99
2466,1233,60,1,33321.91
2467,1234,123,4,612.96
2468,1234,30,3,12993.37
2469,1235,99,3,16689.48
2470,1235,9,2,19098.4
2471,1236,143,4,13026.41
2472,1236,4,1,39584.54
2473,1237,20,5,81513.85
2474,1237,64,4,17689.49
2475,1238,105,5,8125.8
2476,1238,18,1,73820.52
2477,1239,131,1,3599.39
2478,1239,140,5,8987.09
2479,1240,139,1,4159.23
2480,1240,57,4,21935.06
2481,1241,136,1,682.08
2482,1241,29,1,8346.58
2483,1242,12,3,9596.51
2484,1242,118,1,9811.84
2485,1243,131,3,3599.39
2486,1243,71,3,3528.52
2487,1244,66,3,31441.05
2488,1244,59,2,13085.83
2489,1245,90,4,2864.12
2490,1245,121,2,6772.08
2491,1246,23,1,49555.53
2492,1246,145,3,11360.29
2493,1247,20,1,81513.85
2494,1247,2,5,4930.4
2495,1248,70,3,3243.71
2496,1248,34,4,2255.17
2497,1249,91,5,6848.12
2498,1249,34,1,2255.17
2499,1250,105,3,8125.8
2500,1250,92,1,2654.0
2501,1251,77,4,23879.21
2502,1251,45,1,5214.29
2503,1252,1,1,52539.0
2504,1252,137,5,11390.83
2505,1253,139,5,4159.23
2506,1253,121,4,6772.08
2507,1254,77,1,23879.21
2508,1254,79,2,33873.61
2509,1255,118,4,9811.84
2510,1255,43,2,14873.86
2511,1256,46,5,32887.05
2512,1256,95,3,15378.47
2513,1257,110,5,12983.38
2514,1257,49,1,8217.13
2515,1258,72,5,49059.06
2516,1258,60,3,33321.91
2517,1259,74,5,41552.59
2518,1259,143,1,13026.41
2519,1260,12,4,9596.51
2520,1260,52,2,26084.73
2521,1261,119,4,19868.15
2522,1261,19,5,17787.61
2523,1262,11,2,69215.46
2524,1262,115,4,21162.49
2525,1263,116,2,6378.97
2526,1263,23,1,49555.53
2527,1264,3,2,28995.64
2528,1264,82,2,23327.1
2529,1265,117,3,14181.77
2530,1265,149,2,14866.1
2531,1266,54,3,30922.05
2532,1266,140,3,8987.09
2533,1267,30,3,12993.37
2534,1267,18,3,73820.52
2535,1268,148,3,10266.15
2536,1268,11,1,69215.46
2537,1269,127,3,1177.88
2538,1269,111,4,9188.58
2539,1270,35,2,33010.69
2540,1270,118,5,9811.84
2541,1271,134,5,4785.68
2542,1271,21,1,55484.17
2543,1272,135,5,11516.05
2544,1272,37,1,25059.66
2545,1273,13,4,54402.04
2546,1273,97,1,3939.13
2547,1274,83,5,21901.29
2548,1274,94,3,1858.01
2549,1275,138,4,13863.67
2550,1275,12,3,9596.51
2551,1276,37,3,25059.66
2552,1276,58,4,27146.74
2553,1277,120,4,24465.41
2554,1277,105,4,8125.8
2555,1278,64,2,17689.49
2556,1278,96,3,6710.71
2557,1279,101,4,5781.84
2558,1279,8,4,58505.04
2559,1280,2,2,4930.4
2560,1280,141,4,701.97
2561,1281,55,4,18034.1
2562,1281,33,2,21649.9
2563,1282,141,1,701.97
2564,1282,93,4,11413.05
2565,1283,30,2,12993.37
2566,1283,30,4,12993.37
2567,1284,112,2,17873.14
2568,1284,99,4,16689.48
2569,1285,134,2,4785.68
2570,1285,123,2,612.96
2571,1286,68,2,19598.26
2572,1286,135,5,11516.05
2573,1287,16,3,2931.99
2574,1287,44,4,19789.04
2575,1288,139,3,4159.23
2576,1288,75,3,3049.5
2577,1289,101,1,5781.84
2578,1289,104,5,6130.95
2579,1290,135,5,11516.05
2580,1290,85,5,7335.47
2581,1291,62,2,6674.42
2582,1291,19,5,17787.61
2583,1292,20,2,81513.85
2584,1292,49,1,8217.13
2585,1293,72,3,49059.06
2586,1293,33,1,21649.9
2587,1294,123,5,612.96
2588,1294,84,2,5359.51
2589,1295,77,5,23879.21
2590,1295,89,4,4655.22
2591,1296,65,3,8035.55
2592,1296,4,3,39584.54
2593,1297,80,4,27401.27
2594,1297,44,3,19789.04
2595,1298,7,3,23330.83
2596,1298,75,1,3049.5
2597,1299,104,2,6130.95
2598,1299,24,4,43820.15
2599,1300,99,3,16689.48
2600,1300,25,4,53524.51
2601,1301,15,1,69325.73
2602,1301,16,2,2931.99
2603,1302,57,4,21935.06
2604,1302,5,3,84081.85
2605,1303,113,3,12566.23
2606,1303,33,1,21649.9
2607,1304,34,1,2255.17
2608,1304,109,4,8516.39
2609,1305,6,3,48408.63
2610,1305,129,1,577.07
2611,1306,138,3,13863.67
2612,1306,108,5,13549.63
2613,1307,2,2,4930.4
2614,1307,144,5,11019.62
2615,1308,25,4,53524.51
2616,1308,14,5,10437.0
2617,1309,130,5,5954.55
2618,1309,3,4,28995.64
2619,1310,37,3,25059.66
2620,1310,39,1,33931.85
2621,1311,123,3,612.96
2622,1311,61,1,44878.78
2623,1312,144,4,11019.62
2624,1312,119,2,19868.15
2625,1313,39,4,33931.85
2626,1313,109,4,8516.39
2627,1314,114,2,5726.03
2628,1314,72,5,49059.06
2629,1315,81,5,37707.89
2630,1315,112,1,17873.14
2631,1316,23,3,49555.53
2632,1316,10,1,38310.2
2633,1317,136,3,682.08
2634,1317,143,3,13026.41
2635,1318,70,5,3243.71
2636,1318,18,3,73820.52
2637,1319,100,3,6854.81
2638,1319,18,4,73820.52
2639,1320,128,5,9263.29
2640,1320,44,1,19789.04
2641,1321,37,4,25059.66
2642,1321,17,5,36162.26
2643,1322,82,2,23327.1
2644,1322,104,1,6130.95
2645,1323,124,1,796.22
2646,1323,132,4,3011.07
2647,1324,121,1,6772.08
2648,1324,150,4,7113.49
2649,1325,130,2,5954.55
2650,1325,122,2,6970.32
2651,1326,7,1,23330.83
2652,1326,112,3,17873.14
2653,1327,139,3,4159.23
2654,1327,67,4,22314.95
2655,1328,21,2,55484.17
2656,1328,57,2,21935.06
2657,1329,84,5,5359.51
2658,1329,24,5,43820.15
2659,1330,105,2,8125.8
2660,1330,65,5,8035.55
2661,1331,24,2,43820.15
2662,1331,5,1,84081.85
2663,1332,78,2,26923.68
2664,1332,99,2,16689.48
2665,1333,96,4,6710.71
2666,1333,146,1,1905.39
2667,1334,86,2,15173.3
2668,1334,62,1,6674.42
2669,1335,88,5,48004.49
2670,1335,21,5,55484.17
2671,1336,128,4,9263.29
2672,1336,43,3,14873.86
2673,1337,1,3,52539.0
2674,1337,110,4,12983.38
2675,1338,24,1,43820.15
2676,1338,17,1,36162.26
2677,1339,112,1,17873.14
2678,1339,147,3,14301.36
2679,1340,130,1,5954.55
2680,1340,97,1,3939.13
2681,1341,136,5,682.08
2682,1341,52,2,26084.73
2683,1342,147,5,14301.36
2684,1342,111,3,9188.58
2685,1343,50,4,27118.65
2686,1343,99,1,16689.48
2687,1344,77,3,23879.21
2688,1344,5,1,84081.85
2689,1345,142,1,12489.82
2690,1345,144,4,11019.62
2691,1346,144,3,11019.62
2692,1346,15,2,69325.73
2693,1347,119,3,19868.15
2694,1347,52,4,26084.73
2695,1348,20,2,81513.85
2696,1348,87,1,45649.01
2697,1349,73,2,37272.06
2698,1349,100,1,6854.81
2699,1350,135,5,11516.05
2700,1350,21,2,55484.17
2701,1351,80,1,27401.27
2702,1351,84,2,5359.51
2703,1352,18,2,73820.52
2704,1352,21,5,55484.17
2705,1353,62,2,6674.42
2706,1353,140,4,8987.09
2707,1354,53,1,26871.05
2708,1354,12,4,9596.51
2709,1355,10,2,38310.2
2710,1355,41,5,30082.04
2711,1356,114,5,5726.03
2712,1356,92,4,2654.0
2713,1357,59,4,13085.83
2714,1357,119,3,19868.15
2715,1358,112,3,17873.14
2716,1358,27,1,8040.26
2717,1359,141,5,701.97
2718,1359,79,3,33873.61
2719,1360,36,1,29242.97
2720,1360,123,2,612.96
2721,1361,87,5,45649.01
2722,1361,70,1,3243.71
2723,1362,50,4,27118.65
2724,1362,99,3,16689.48
2725,1363,150,3,7113.49
2726,1363,21,2,55484.17
2727,1364,61,1,44878.78
2728,1364,132,3,3011.07
2729,1365,82,3,23327.1
2730,1365,40,2,19403.2
2731,1366,96,3,6710.71
2732,1366,75,5,3049.5
2733,1367,66,2,31441.05
2734,1367,44,5,19789.04
2735,1368,88,1,48004.49
2736,1368,67,1,22314.95
2737,1369,61,4,44878.78
2738,1369,52,2,26084.73
2739,1370,90,3,2864.12
2740,1370,136,4,682.08
2741,1371,28,2,54101.33
2742,1371,55,2,18034.1
2743,1372,55,1,18034.1
2744,1372,90,4,2864.12
2745,1373,26,2,72907.28
2746,1373,28,1,54101.33
2747,1374,32,2,18206.86
2748,1374,127,2,1177.88
2749,1375,53,4,26871.05
2750,1375,121,5,6772.08
2751,1376,14,5,10437.0
2752,1376,47,1,23383.27
2753,1377,55,3,18034.1
2754,1377,46,2,32887.05
2755,1378,20,1,81513.85
2756,1378,20,1,81513.85
2757,1379,133,5,8127.63
2758,1379,8,5,58505.04
2759,1380,141,2,701.97
2760,1380,13,5,54402.04
2761,1381,124,5,796.22
2762,1381,146,2,1905.39
2763,1382,57,2,21935.06
2764,1382,12,5,9596.51
2765,1383,17,2,36162.26
2766,1383,133,5,8127.63
2767,1384,22,5,18186.29
2768,1384,144,4,11019.62
2769,1385,6,2,48408.63
2770,1385,5,5,84081.85
2771,1386,40,5,19403.2
2772,1386,145,4,11360.29
2773,1387,130,1,5954.55
2774,1387,140,1,8987.09
2775,1388,69,2,52834.09
2776,1388,53,3,26871.05
2777,1389,133,4,8127.63
2778,1389,46,5,32887.05
2779,1390,64,3,17689.49
2780,1390,130,5,5954.55
2781,1391,3,3,28995.64
2782,1391,139,5,4159.23
2783,1392,116,4,6378.97
2784,1392,112,5,17873.14
2785,1393,10,4,38310.2
2786,1393,105,5,8125.8
2787,1394,127,5,1177.88
2788,1394,14,2,10437.0
2789,1395,72,3,49059.06
2790,1395,108,3,13549.63
2791,1396,70,2,3243.71
2792,1396,52,3,26084.73
2793,1397,148,5,10266.15
2794,1397,98,3,12384.57
2795,1398,132,3,3011.07
2796,1398,8,5,58505.04
2797,1399,48,4,12824.52
2798,1399,8,2,58505.04
2799,1400,148,1,10266.15
2800,1400,125,3,8947.13
2801,1401,66,2,31441.05
2802,1401,40,3,19403.2
2803,1402,142,5,12489.82
2804,1402,142,1,12489.82
2805,1403,24,3,43820.15
2806,1403,119,4,19868.15
2807,1404,139,5,4159.23
2808,1404,141,2,701.97
2809,1405,103,2,22522.89
2810,1405,28,3,54101.33
2811,1406,101,3,5781.84
2812,1406,131,4,3599.39
2813,1407,107,5,21829.1
2814,1407,28,3,54101.33
2815,1408,14,2,10437.0
2816,1408,70,5,3243.71
2817,1409,65,3,8035.55
2818,1409,71,3,3528.52
2819,1410,62,4,6674.42
2820,1410,117,5,14181.77
2821,1411,49,2,8217.13
2822,1411,107,2,21829.1
2823,1412,56,3,33257.92
2824,1412,89,4,4655.22
2825,1413,15,5,69325.73
2826,1413,19,1,17787.61
2827,1414,122,3,6970.32
2828,1414,97,4,3939.13
2829,1415,23,3,49555.53
2830,1415,79,4,33873.61
2831,1416,100,3,6854.81
2832,1416,133,3,8127.63
2833,1417,150,1,7113.49
2834,1417,135,5,11516.05
2835,1418,90,4,2864.12
2836,1418,32,1,18206.86
2837,1419,124,1,796.22
2838,1419,99,1,16689.48
2839,1420,25,3,53524.51
2840,1420,4,2,39584.54
2841,1421,43,2,14873.86
2842,1421,87,5,45649.01
2843,1422,107,1,21829.1
2844,1422,97,3,3939.13
2845,1423,134,3,4785.68
2846,1423,91,2,6848.12
2847,1424,46,5,32887.05
2848,1424,93,1,11413.05
2849,1425,78,3,26923.68
2850,1425,55,4,18034.1
2851,1426,5,3,84081.85
2852,1426,137,5,11390.83
2853,1427,74,5,41552.59
2854,1427,102,1,18592.29
2855,1428,137,1,11390.83
2856,1428,127,3,1177.88
2857,1429,83,4,21901.29
2858,1429,81,4,37707.89
2859,1430,104,5,6130.95
2860,1430,34,4,2255.17
2861,1431,55,4,18034.1
2862,1431,4,1,39584.54
2863,1432,130,5,5954.55
2864,1432,122,2,6970.32
2865,1433,13,2,54402.04
2866,1433,109,3,8516.39
2867,1434,9,4,19098.4
2868,1434,120,3,24465.41
2869,1435,109,4,8516.39
2870,1435,65,2,8035.55
2871,1436,50,3,27118.65
2872,1436,2,5,4930.4
2873,1437,117,1,14181.77
2874,1437,83,3,21901.29
2875,1438,87,1,45649.01
2876,1438,29,2,8346.58
2877,1439,53,2,26871.05
2878,1439,75,2,3049.5
2879,1440,23,4,49555.53
2880,1440,35,4,33010.69
2881,1441,74,5,41552.59
2882,1441,109,2,8516.39
2883,1442,25,5,53524.51
2884,1442,130,3,5954.55
2885,1443,61,3,44878.78
2886,1443,6,2,48408.63
2887,1444,101,1,5781.84
2888,1444,13,1,54402.04
2889,1445,85,5,7335.47
2890,1445,82,2,23327.1
2891,1446,98,2,12384.57
2892,1446,44,2,19789.04
2893,1447,22,1,18186.29
2894,1447,114,5,5726.03
2895,1448,87,4,45649.01
2896,1448,122,5,6970.32
2897,1449,141,3,701.97
2898,1449,108,2,13549.63
2899,1450,9,3,19098.4
2900,1450,75,2,3049.5
2901,1451,5,1,84081.85
2902,1451,24,5,43820.15
2903,1452,108,4,13549.63
2904,1452,131,2,3599.39
2905,1453,121,2,6772.08
2906,1453,103,2,22522.89
2907,1454,78,1,26923.68
2908,1454,21,5,55484.17
2909,1455,140,1,8987.09
2910,1455,73,5,37272.06
2911,1456,113,4,12566.23
2912,1456,66,1,31441.05
2913,1457,141,1,701.97
2914,1457,129,2,577.07
2915,1458,119,1,19868.15
2916,1458,92,1,2654.0
2917,1459,50,1,27118.65
2918,1459,70,5,3243.71
2919,1460,44,5,19789.04
2920,1460,144,2,11019.62
2921,1461,120,4,24465.41
2922,1461,57,3,21935.06
2923,1462,54,5,30922.05
2924,1462,68,4,19598.26
2925,1463,60,3,33321.91
2926,1463,115,1,21162.49
2927,1464,137,5,11390.83
2928,1464,103,5,22522.89
2929,1465,51,3,8341.82
2930,1465,72,4,49059.06
2931,1466,60,4,33321.91
2932,1466,74,3,41552.59
2933,1467,118,1,9811.84
2934,1467,80,4,27401.27
2935,1468,48,4,12824.52
2936,1468,68,4,19598.26
2937,1469,52,1,26084.73
2938,1469,139,1,4159.23
2939,1470,114,1,5726.03
2940,1470,33,2,21649.9
2941,1471,49,4,8217.13
2942,1471,114,5,5726.03
2943,1472,27,2,8040.26
2944,1472,28,3,54101.33
2945,1473,91,3,6848.12
2946,1473,41,2,30082.04
2947,1474,113,2,12566.23
2948,1474,116,4,6378.97
2949,1475,6,3,48408.63
2950,1475,27,3,8040.26
2951,1476,87,5,45649.01
2952,1476,137,4,11390.83
2953,1477,22,2,18186.29
2954,1477,102,3,18592.29
2955,1478,50,2,27118.65
2956,1478,63,3,29768.75
2957,1479,145,1,11360.29
2958,1479,103,2,22522.89
2959,1480,33,5,21649.9
2960,1480,118,4,9811.84
2961,1481,83,3,21901.29
2962,1481,67,5,22314.95
2963,1482,74,1,41552.59
2964,1482,4,3,39584.54
2965,1483,39,1,33931.85
2966,1483,1,5,52539.0
2967,1484,148,4,10266.15
2968,1484,134,5,4785.68
2969,1485,86,4,15173.3
2970,1485,105,1,8125.8
2971,1486,18,5,73820.52
2972,1486,104,4,6130.95
2973,1487,100,4,6854.81
2974,1487,147,2,14301.36
2975,1488,149,5,14866.1
2976,1488,48,4,12824.52
2977,1489,138,2,13863.67
2978,1489,100,1,6854.81
2979,1490,127,5,1177.88
2980,1490,133,5,8127.63
2981,1491,11,5,69215.46
2982,1491,125,5,8947.13
2983,1492,47,1,23383.27
2984,1492,128,5,9263.29
2985,1493,131,2,3599.39
2986,1493,63,5,29768.75
2987,1494,19,1,17787.61
2988,1494,28,2,54101.33
2989,1495,104,2,6130.95
2990,1495,72,1,49059.06
2991,1496,130,2,5954.55
2992,1496,21,5,55484.17
2993,1497,86,2,15173.3
2994,1497,97,3,3939.13
2995,1498,102,4,18592.29
2996,1498,74,3,41552.59
2997,1499,83,4,21901.29
2998,1499,50,2,27118.65
2999,1500,38,3,30726.82
3000,1500,6,3,48408.63
3001,1501,79,4,33873.61
3002,1501,120,5,24465.41
3003,1502,134,3,4785.68
3004,1502,129,5,577.07
3005,1503,3,3,28995.64
3006,1503,148,3,10266.15
3007,1504,68,4,19598.26
3008,1504,74,2,41552.59
3009,1505,2,1,4930.4
3010,1505,33,5,21649.9
3011,1506,146,2,1905.39
3012,1506,58,3,27146.74
3013,1507,57,4,21935.06
3014,1507,25,3,53524.51
3015,1508,45,3,5214.29
3016,1508,50,5,27118.65
3017,1509,132,1,3011.07
3018,1509,32,2,18206.86
3019,1510,119,2,19868.15
3020,1510,70,5,3243.71
3021,1511,41,5,30082.04
3022,1511,142,3,12489.82
3023,1512,9,5,19098.4
3024,1512,104,5,6130.95
3025,1513,108,3,13549.63
3026,1513,126,2,12459.53
3027,1514,136,3,682.08
3028,1514,60,4,33321.91
3029,1515,81,1,37707.89
3030,1515,46,2,32887.05
3031,1516,4,4,39584.54
3032,1516,36,1,29242.97
3033,1517,82,5,23327.1
3034,1517,140,1,8987.09
3035,1518,85,4,7335.47
3036,1518,2,2,4930.4
3037,1519,48,2,12824.52
3038,1519,69,4,52834.09
3039,1520,10,2,38310.2
3040,1520,44,1,19789.04
3041,1521,61,2,44878.78
3042,1521,119,5,19868.15
3043,1522,5,1,84081.85
3044,1522,100,5,6854.81
3045,1523,80,1,27401.27
3046,1523,105,3,8125.8
3047,1524,38,5,30726.82
3048,1524,60,5,33321.91
3049,1525,93,3,11413.05
3050,1525,94,1,1858.01
3051,1526,113,5,12566.23
3052,1526,49,2,8217.13
3053,1527,2,1,4930.4
3054,1527,136,2,682.08
3055,1528,33,3,21649.9
3056,1528,69,5,52834.09
3057,1529,32,2,18206.86
3058,1529,11,4,69215.46
3059,1530,26,1,72907.28
3060,1530,132,3,3011.07
3061,1531,82,4,23327.1
3062,1531,15,3,69325.73
3063,1532,32,5,18206.86
3064,1532,49,4,8217.13
3065,1533,66,1,31441.05
3066,1533,98,3,12384.57
3067,1534,26,3,72907.28
3068,1534,28,1,54101.33
3069,1535,131,2,3599.39
3070,1535,47,2,23383.27
3071,1536,74,1,41552.59
3072,1536,58,2,27146.74
3073,1537,148,3,10266.15
3074,1537,16,1,2931.99
3075,1538,7,2,23330.83
3076,1538,63,2,29768.75
3077,1539,50,2,27118.65
3078,1539,31,2,11490.6
3079,1540,146,5,1905.39
3080,1540,35,5,33010.69
3081,1541,81,5,37707.89
3082,1541,31,3,11490.6
3083,1542,48,4,12824.52
3084,1542,60,3,33321.91
3085,1543,10,2,38310.2
3086,1543,36,1,29242.97
3087,1544,69,5,52834.09
3088,1544,22,4,18186.29
3089,1545,24,1,43820.15
3090,1545,22,5,18186.29
3091,1546,149,3,14866.1
3092,1546,58,2,27146.74
3093,1547,24,1,43820.15
3094,1547,85,5,7335.47
3095,1548,123,5,612.96
3096,1548,77,2,23879.21
3097,1549,139,1,4159.23
3098,1549,76,2,5024.14
3099,1550,83,1,21901.29
3100,1550,78,1,26923.68
3101,1551,147,4,14301.36
3102,1551,138,1,13863.67
3103,1552,125,4,8947.13
3104,1552,62,1,6674.42
3105,1553,28,5,54101.33
3106,1553,27,1,8040.26
3107,1554,90,3,2864.12
3108,1554,54,1,30922.05
3109,1555,112,4,17873.14
3110,1555,14,1,10437.0
3111,1556,75,1,3049.5
3112,1556,1,3,52539.0
3113,1557,144,5,11019.62
3114,1557,36,1,29242.97
3115,1558,105,3,8125.8
3116,1558,90,4,2864.12
3117,1559,38,1,30726.82
3118,1559,7,5,23330.83
3119,1560,141,2,701.97
3120,1560,46,4,32887.05
3121,1561,49,4,8217.13
3122,1561,95,2,15378.47
3123,1562,145,2,11360.29
3124,1562,117,2,14181.77
3125,1563,96,2,6710.71
3126,1563,14,3,10437.0
3127,1564,97,3,3939.13
3128,1564,106,4,19681.04
3129,1565,25,4,53524.51
3130,1565,114,1,5726.03
3131,1566,37,4,25059.66
3132,1566,80,3,27401.27
3133,1567,5,1,84081.85
3134,1567,59,1,13085.83
3135,1568,90,5,2864.12
3136,1568,116,2,6378.97
3137,1569,83,2,21901.29
3138,1569,64,2,17689.49
3139,1570,80,5,27401.27
3140,1570,117,1,14181.77
3141,1571,118,2,9811.84
3142,1571,5,4,84081.85
3143,1572,143,4,13026.41
3144,1572,141,5,701.97
3145,1573,121,5,6772.08
3146,1573,112,1,17873.14
3147,1574,148,2,10266.15
3148,1574,16,2,2931.99
3149,1575,37,5,25059.66
3150,1575,89,3,4655.22
3151,1576,12,3,9596.51
3152,1576,4,2,39584.54
3153,1577,104,1,6130.95
3154,1577,110,4,12983.38
3155,1578,134,3,4785.68
3156,1578,82,1,23327.1
3157,1579,26,3,72907.28
3158,1579,111,2,9188.58
3159,1580,43,3,14873.86
3160,1580,139,3,4159.23
3161,1581,133,1,8127.63
3162,1581,5,4,84081.85
3163,1582,4,3,39584.54
3164,1582,86,5,15173.3
3165,1583,140,2,8987.09
3166,1583,113,5,12566.23
3167,1584,17,3,36162.26
3168,1584,122,1,6970.32
3169,1585,88,4,48004.49
3170,1585,78,5,26923.68
3171,1586,119,1,19868.15
3172,1586,124,2,796.22
3173,1587,149,1,14866.1
3174,1587,44,4,19789.04
3175,1588,145,5,11360.29
3176,1588,25,3,53524.51
3177,1589,63,2,29768.75
3178,1589,70,3,3243.71
3179,1590,58,2,27146.74
3180,1590,140,3,8987.09
3181,1591,54,1,30922.05
3182,1591,36,4,29242.97
3183,1592,117,5,14181.77
3184,1592,131,2,3599.39
3185,1593,54,1,30922.05
3186,1593,13,2,54402.04
3187,1594,13,5,54402.04
3188,1594,88,2,48004.49
3189,1595,12,3,9596.51
3190,1595,103,3,22522.89
3191,1596,87,5,45649.01
3192,1596,135,1,11516.05
3193,1597,49,3,8217.13
3194,1597,66,1,31441.05
3195,1598,88,5,48004.49
3196,1598,92,4,2654.0
3197,1599,92,5,2654.0
3198,1599,94,1,1858.01
3199,1600,150,4,7113.49
3200,1600,66,2,31441.05
3201,1601,89,1,4655.22
3202,1601,65,3,8035.55
3203,1602,78,5,26923.68
3204,1602,36,1,29242.97
3205,1603,96,3,6710.71
3206,1603,82,3,23327.1
3207,1604,70,5,3243.71
3208,1604,23,2,49555.53
3209,1605,135,2,11516.05
3210,1605,19,1,17787.61
3211,1606,116,5,6378.97
3212,1606,73,5,37272.06
3213,1607,76,3,5024.14
3214,1607,34,2,2255.17
3215,1608,132,2,3011.07
3216,1608,37,5,25059.66
3217,1609,147,3,14301.36
3218,1609,129,4,577.07
3219,1610,76,2,5024.14
3220,1610,113,5,12566.23
3221,1611,106,2,19681.04
3222,1611,1,3,52539.0
3223,1612,83,3,21901.29
3224,1612,6,5,48408.63
3225,1613,78,4,26923.68
3226,1613,137,4,11390.83
3227,1614,73,1,37272.06
3228,1614,112,2,17873.14
3229,1615,140,5,8987.09
3230,1615,44,5,19789.04
3231,1616,17,1,36162.26
3232,1616,87,5,45649.01
3233,1617,42,3,21976.79
3234,1617,27,2,8040.26
3235,1618,27,1,8040.26
3236,1618,130,5,5954.55
3237,1619,73,4,37272.06
3238,1619,41,2,30082.04
3239,1620,27,1,8040.26
3240,1620,112,4,17873.14
3241,1621,95,3,15378.47
3242,1621,100,2,6854.81
3243,1622,110,2,12983.38
3244,1622,1,1,52539.0
3245,1623,76,2,5024.14
3246,1623,52,3,26084.73
3247,1624,149,1,14866.1
3248,1624,21,3,55484.17
3249,1625,102,3,18592.29
3250,1625,4,4,39584.54
3251,1626,94,3,1858.01
3252,1626,104,5,6130.95
3253,1627,74,1,41552.59
3254,1627,68,4,19598.26
3255,1628,114,2,5726.03
3256,1628,88,5,48004.49
3257,1629,38,5,30726.82
3258,1629,50,5,27118.65
3259,1630,99,2,16689.48
3260,1630,95,4,15378.47
3261,1631,118,3,9811.84
3262,1631,26,4,72907.28
3263,1632,32,4,18206.86
3264,1632,94,4,1858.01
3265,1633,101,3,5781.84
3266,1633,119,4,19868.15
3267,1634,80,1,27401.27
3268,1634,102,2,18592.29
3269,1635,63,4,29768.75
3270,1635,92,3,2654.0
3271,1636,131,4,3599.39
3272,1636,30,4,12993.37
3273,1637,30,1,12993.37
3274,1637,15,4,69325.73
3275,1638,147,4,14301.36
3276,1638,118,5,9811.84
3277,1639,100,5,6854.81
3278,1639,58,5,27146.74
3279,1640,48,3,12824.52
3280,1640,150,4,7113.49
3281,1641,40,2,19403.2
3282,1641,80,3,27401.27
3283,1642,52,4,26084.73
3284,1642,45,5,5214.29
3285,1643,81,1,37707.89
3286,1643,89,4,4655.22
3287,1644,48,5,12824.52
3288,1644,53,4,26871.05
3289,1645,73,4,37272.06
3290,1645,115,3,21162.49
3291,1646,18,4,73820.52
3292,1646,56,2,33257.92
3293,1647,64,4,17689.49
3294,1647,15,1,69325.73
3295,1648,14,4,10437.0
3296,1648,138,4,13863.67
3297,1649,123,4,612.96
3298,1649,12,3,9596.51
3299,1650,55,3,18034.1
3300,1650,86,1,15173.3
3301,1651,53,3,26871.05
3302,1651,141,1,701.97
3303,1652,110,3,12983.38
3304,1652,80,5,27401.27
3305,1653,139,1,4159.23
3306,1653,101,1,5781.84
3307,1654,131,3,3599.39
3308,1654,98,3,12384.57
3309,1655,142,4,12489.82
3310,1655,97,1,3939.13
3311,1656,134,3,4785.68
3312,1656,116,4,6378.97
3313,1657,79,4,33873.61
3314,1657,7,2,23330.83
3315,1658,97,2,3939.13
3316,1658,44,3,19789.04
3317,1659,34,5,2255.17
3318,1659,111,4,9188.58
3319,1660,46,2,32887.05
3320,1660,128,1,9263.29
3321,1661,37,1,25059.66
3322,1661,117,2,14181.77
3323,1662,105,4,8125.8
3324,1662,87,4,45649.01
3325,1663,108,4,13549.63
3326,1663,60,5,33321.91
3327,1664,15,4,69325.73
3328,1664,12,4,9596.51
3329,1665,41,4,30082.04
3330,1665,127,2,1177.88
3331,1666,50,4,27118.65
3332,1666,96,4,6710.71
3333,1667,106,1,19681.04
3334,1667,67,4,22314.95
3335,1668,111,4,9188.58
3336,1668,91,4,6848.12
3337,1669,31,4,11490.6
3338,1669,66,1,31441.05
3339,1670,41,2,30082.04
3340,1670,102,1,18592.29
3341,1671,33,2,21649.9
3342,1671,66,5,31441.05
3343,1672,66,3,31441.05
3344,1672,115,2,21162.49
3345,1673,69,3,52834.09
3346,1673,23,4,49555.53
3347,1674,111,3,9188.58
3348,1674,138,2,13863.67
3349,1675,109,1,8516.39
3350,1675,78,5,26923.68
3351,1676,19,1,17787.61
3352,1676,149,5,14866.1
3353,1677,88,4,48004.49
3354,1677,132,1,3011.07
3355,1678,144,2,11019.62
3356,1678,53,5,26871.05
3357,1679,5,4,84081.85
3358,1679,4,2,39584.54
3359,1680,62,1,6674.42
3360,1680,90,4,2864.12
3361,1681,107,4,21829.1
3362,1681,3,3,28995.64
3363,1682,50,2,27118.65
3364,1682,11,5,69215.46
3365,1683,85,1,7335.47
3366,1683,138,2,13863.67
3367,1684,140,4,8987.09
3368,1684,15,4,69325.73
3369,1685,146,4,1905.39
3370,1685,47,3,23383.27
3371,1686,141,5,701.97
3372,1686,94,4,1858.01
3373,1687,147,1,14301.36
3374,1687,17,1,36162.26
3375,1688,50,1,27118.65
3376,1688,139,5,4159.23
3377,1689,113,3,12566.23
3378,1689,136,4,682.08
3379,1690,55,5,18034.1
3380,1690,8,3,58505.04
3381,1691,15,3,69325.73
3382,1691,69,1,52834.09
3383,1692,100,1,6854.81
3384,1692,102,4,18592.29
3385,1693,26,2,72907.28
3386,1693,1,4,52539.0
3387,1694,52,3,26084.73
3388,1694,73,5,37272.06
3389,1695,90,2,2864.12
3390,1695,147,4,14301.36
3391,1696,23,1,49555.53
3392,1696,75,5,3049.5
3393,1697,6,5,48408.63
3394,1697,144,1,11019.62
3395,1698,81,4,37707.89
3396,1698,68,5,19598.26
3397,1699,134,4,4785.68
3398,1699,93,5,11413.05
3399,1700,65,1,8035.55
3400,1700,44,3,19789.04
3401,1701,63,5,29768.75
3402,1701,118,1,9811.84
3403,1702,56,5,33257.92
3404,1702,37,4,25059.66
3405,1703,146,2,1905.39
3406,1703,87,3,45649.01
3407,1704,68,3,19598.26
3408,1704,87,5,45649.01
3409,1705,6,3,48408.63
3410,1705,113,2,12566.23
3411,1706,16,1,2931.99
3412,1706,83,2,21901.29
3413,1707,102,1,18592.29
3414,1707,71,3,3528.52
3415,1708,114,5,5726.03
3416,1708,44,3,19789.04
3417,1709,95,4,15378.47
3418,1709,109,2,8516.39
3419,1710,112,2,17873.14
3420,1710,13,3,54402.04
3421,1711,29,2,8346.58
3422,1711,133,1,8127.63
3423,1712,106,2,19681.04
3424,1712,113,5,12566.23
3425,1713,150,4,7113.49
3426,1713,59,1,13085.83
3427,1714,118,2,9811.84
3428,1714,51,2,8341.82
3429,1715,144,3,11019.62
3430,1715,102,5,18592.29
3431,1716,64,4,17689.49
3432,1716,147,3,14301.36
3433,1717,115,1,21162.49
3434,1717,16,1,2931.99
3435,1718,85,1,7335.47
3436,1718,63,3,29768.75
3437,1719,53,1,26871.05
3438,1719,110,2,12983.38
3439,1720,46,2,32887.05
3440,1720,83,4,21901.29
3441,1721,48,1,12824.52
3442,1721,62,3,6674.42
3443,1722,50,2,27118.65
3444,1722,95,4,15378.47
3445,1723,23,2,49555.53
3446,1723,5,3,84081.85
3447,1724,125,3,8947.13
3448,1724,33,1,21649.9
3449,1725,57,5,21935.06
3450,1725,109,1,8516.39
3451,1726,98,5,12384.57
3452,1726,48,5,12824.52
3453,1727,116,2,6378.97
3454,1727,131,4,3599.39
3455,1728,9,2,19098.4
3456,1728,65,3,8035.55
3457,1729,103,3,22522.89
3458,1729,84,2,5359.51
3459,1730,31,1,11490.6
3460,1730,121,4,6772.08
3461,1731,150,1,7113.49
3462,1731,123,1,612.96
3463,1732,4,5,39584.54
3464,1732,99,1,16689.48
3465,1733,141,5,701.97
3466,1733,112,4,17873.14
3467,1734,79,3,33873.61
3468,1734,59,3,13085.83
3469,1735,58,3,27146.74
3470,1735,94,4,1858.01
3471,1736,19,4,17787.61
3472,1736,29,3,8346.58
3473,1737,109,2,8516.39
3474,1737,63,4,29768.75
3475,1738,5,4,84081.85
3476,1738,21,1,55484.17
3477,1739,21,2,55484.17
3478,1739,42,2,21976.79
3479,1740,18,2,73820.52
3480,1740,49,1,8217.13
3481,1741,59,4,13085.83
3482,1741,128,2,9263.29
3483,1742,110,5,12983.38
3484,1742,73,4,37272.06
3485,1743,59,1,13085.83
3486,1743,139,1,4159.23
3487,1744,106,5,19681.04
3488,1744,11,2,69215.46
3489,1745,88,1,48004.49
3490,1745,54,3,30922.05
3491,1746,33,1,21649.9
3492,1746,103,2,22522.89
3493,1747,130,5,5954.55
3494,1747,88,5,48004.49
3495,1748,3,3,28995.64
3496,1748,35,3,33010.69
3497,1749,142,3,12489.82
3498,1749,26,1,72907.28
3499,1750,111,5,9188.58
3500,1750,143,2,13026.41
3501,1751,150,2,7113.49
3502,1751,19,1,17787.61
3503,1752,80,2,27401.27
3504,1752,97,4,3939.13
3505,1753,141,3,701.97
3506,1753,136,4,682.08
3507,1754,60,2,33321.91
3508,1754,68,4,19598.26
3509,1755,97,4,3939.13
3510,1755,110,4,12983.38
3511,1756,136,2,682.08
3512,1756,54,1,30922.05
3513,1757,7,4,23330.83
3514,1757,54,4,30922.05
3515,1758,4,2,39584.54
3516,1758,130,4,5954.55
3517,1759,127,3,1177.88
3518,1759,111,3,9188.58
3519,1760,60,5,33321.91
3520,1760,88,1,48004.49
3521,1761,135,5,11516.05
3522,1761,43,3,14873.86
3523,1762,116,1,6378.97
3524,1762,73,3,37272.06
3525,1763,87,3,45649.01
3526,1763,65,2,8035.55
3527,1764,143,2,13026.41
3528,1764,95,5,15378.47
3529,1765,139,4,4159.23
3530,1765,66,2,31441.05
3531,1766,25,1,53524.51
3532,1766,149,3,14866.1
3533,1767,60,5,33321.91
3534,1767,12,3,9596.51
3535,1768,73,4,37272.06
3536,1768,68,5,19598.26
3537,1769,131,2,3599.39
3538,1769,2,1,4930.4
3539,1770,134,4,4785.68
3540,1770,13,5,54402.04
3541,1771,8,4,58505.04
3542,1771,95,2,15378.47
3543,1772,147,2,14301.36
3544,1772,142,3,12489.82
3545,1773,97,4,3939.13
3546,1773,109,1,8516.39
3547,1774,8,3,58505.04
3548,1774,47,4,23383.27
3549,1775,11,5,69215.46
3550,1775,132,2,3011.07
3551,1776,106,3,19681.04
3552,1776,75,5,3049.5
3553,1777,150,3,7113.49
3554,1777,51,2,8341.82
3555,1778,132,1,3011.07
3556,1778,94,2,1858.01
3557,1779,106,2,19681.04
3558,1779,65,4,8035.55
3559,1780,21,4,55484.17
3560,1780,127,5,1177.88
3561,1781,11,3,69215.46
3562,1781,114,5,5726.03
3563,1782,16,3,2931.99
3564,1782,80,3,27401.27
3565,1783,90,2,2864.12
3566,1783,150,2,7113.49
3567,1784,95,5,15378.47
3568,1784,48,3,12824.52
3569,1785,149,1,14866.1
3570,1785,74,5,41552.59
3571,1786,2,5,4930.4
3572,1786,115,3,21162.49
3573,1787,84,5,5359.51
3574,1787,45,1,5214.29
3575,1788,130,5,5954.55
3576,1788,52,1,26084.73
3577,1789,11,3,69215.46
3578,1789,134,4,4785.68
3579,1790,100,5,6854.81
3580,1790,103,5,22522.89
3581,1791,66,4,31441.05
3582,1791,17,5,36162.26
3583,1792,72,1,49059.06
3584,1792,99,3,16689.48
3585,1793,128,1,9263.29
3586,1793,67,1,22314.95
3587,1794,128,5,9263.29
3588,1794,116,3,6378.97
3589,1795,31,1,11490.6
3590,1795,84,4,5359.51
3591,1796,106,2,19681.04
3592,1796,34,4,2255.17
3593,1797,46,3,32887.05
3594,1797,109,2,8516.39
3595,1798,9,2,19098.4
3596,1798,88,4,48004.49
3597,1799,139,4,4159.23
3598,1799,87,2,45649.01
3599,1800,86,4,15173.3
3600,1800,142,4,12489.82
3601,1801,108,4,13549.63
3602,1801,118,2,9811.84
3603,1802,110,1,12983.38
3604,1802,57,2,21935.06
3605,1803,25,1,53524.51
3606,1803,43,3,14873.86
3607,1804,83,5,21901.29
3608,1804,110,1,12983.38
3609,1805,92,3,2654.0
3610,1805,124,5,796.22
3611,1806,148,5,10266.15
3612,1806,77,3,23879.21
3613,1807,26,5,72907.28
3614,1807,90,1,2864.12
3615,1808,106,5,19681.04
3616,1808,53,2,26871.05
3617,1809,124,4,796.22
3618,1809,37,5,25059.66
3619,1810,15,5,69325.73
3620,1810,37,2,25059.66
3621,1811,125,1,8947.13
3622,1811,8,3,58505.04
3623,1812,108,1,13549.63
3624,1812,43,2,14873.86
3625,1813,58,5,27146.74
3626,1813,131,1,3599.39
3627,1814,71,4,3528.52
3628,1814,63,2,29768.75
3629,1815,126,2,12459.53
3630,1815,33,3,21649.9
3631,1816,49,4,8217.13
3632,1816,81,5,37707.89
3633,1817,26,1,72907.28
3634,1817,110,2,12983.38
3635,1818,89,5,4655.22
3636,1818,100,5,6854.81
3637,1819,115,1,21162.49
3638,1819,129,3,577.07
3639,1820,19,1,17787.61
3640,1820,69,4,52834.09
3641,1821,114,4,5726.03
3642,1821,31,4,11490.6
3643,1822,52,1,26084.73
3644,1822,81,5,37707.89
3645,1823,51,5,8341.82
3646,1823,13,5,54402.04
3647,1824,103,2,22522.89
3648,1824,119,5,19868.15
3649,1825,101,1,5781.84
3650,1825,24,5,43820.15
3651,1826,147,1,14301.36
3652,1826,145,2,11360.29
3653,1827,143,2,13026.41
3654,1827,72,3,49059.06
3655,1828,10,2,38310.2
3656,1828,112,1,17873.14
3657,1829,132,2,3011.07
3658,1829,86,5,15173.3
3659,1830,139,5,4159.23
3660,1830,119,3,19868.15
3661,1831,55,3,18034.1
3662,1831,79,1,33873.61
3663,1832,131,3,3599.39
3664,1832,141,3,701.97
3665,1833,41,1,30082.04
3666,1833,77,5,23879.21
3667,1834,93,3,11413.05
3668,1834,46,5,32887.05
3669,1835,127,4,1177.88
3670,1835,120,3,24465.41
3671,1836,111,4,9188.58
3672,1836,81,2,37707.89
3673,1837,134,4,4785.68
3674,1837,105,5,8125.8
3675,1838,133,1,8127.63
3676,1838,80,3,27401.27
3677,1839,55,5,18034.1
3678,1839,34,3,2255.17
3679,1840,23,2,49555.53
3680,1840,52,4,26084.73
3681,1841,53,2,26871.05
3682,1841,45,4,5214.29
3683,1842,78,1,26923.68
3684,1842,134,1,4785.68
3685,1843,77,3,23879.21
3686,1843,74,5,41552.59
3687,1844,147,1,14301.36
3688,1844,38,1,30726.82
3689,1845,134,3,4785.68
3690,1845,36,4,29242.97
3691,1846,60,3,33321.91
3692,1846,149,1,14866.1
3693,1847,147,2,14301.36
3694,1847,24,3,43820.15
3695,1848,122,5,6970.32
3696,1848,110,3,12983.38
3697,1849,71,5,3528.52
3698,1849,42,5,21976.79
3699,1850,111,1,9188.58
3700,1850,43,1,14873.86
3701,1851,81,2,37707.89
3702,1851,131,4,3599.39
3703,1852,8,1,58505.04
3704,1852,31,5,11490.6
3705,1853,13,4,54402.04
3706,1853,41,3,30082.04
3707,1854,110,3,12983.38
3708,1854,39,1,33931.85
3709,1855,33,2,21649.9
3710,1855,91,4,6848.12
3711,1856,40,3,19403.2
3712,1856,75,2,3049.5
3713,1857,119,4,19868.15
3714,1857,40,5,19403.2
3715,1858,40,1,19403.2
3716,1858,109,4,8516.39
3717,1859,90,3,2864.12
3718,1859,94,4,1858.01
3719,1860,108,4,13549.63
3720,1860,14,2,10437.0
3721,1861,113,1,12566.23
3722,1861,113,1,12566.23
3723,1862,18,1,73820.52
3724,1862,145,3,11360.29
3725,1863,94,4,1858.01
3726,1863,91,2,6848.12
3727,1864,130,5,5954.55
3728,1864,34,3,2255.17
3729,1865,116,5,6378.97
3730,1865,66,2,31441.05
3731,1866,118,1,9811.84
3732,1866,27,4,8040.26
3733,1867,19,5,17787.61
3734,1867,90,4,2864.12
3735,1868,28,1,54101.33
3736,1868,121,5,6772.08
3737,1869,21,5,55484.17
3738,1869,144,4,11019.62
3739,1870,85,5,7335.47
3740,1870,23,3,49555.53
3741,1871,141,5,701.97
3742,1871,31,5,11490.6
3743,1872,110,2,12983.38
3744,1872,61,5,44878.78
3745,1873,53,4,26871.05
3746,1873,133,3,8127.63
3747,1874,15,5,69325.73
3748,1874,119,1,19868.15
3749,1875,148,3,10266.15
3750,1875,123,1,612.96
3751,1876,89,4,4655.22
3752,1876,46,1,32887.05
3753,1877,3,1,28995.64
3754,1877,5,3,84081.85
3755,1878,125,1,8947.13
3756,1878,147,3,14301.36
3757,1879,12,4,9596.51
3758,1879,85,4,7335.47
3759,1880,133,3,8127.63
3760,1880,10,1,38310.2
3761,1881,50,4,27118.65
3762,1881,2,5,4930.4
3763,1882,107,1,21829.1
3764,1882,78,4,26923.68
3765,1883,53,5,26871.05
3766,1883,22,1,18186.29
3767,1884,37,4,25059.66
3768,1884,76,2,5024.14
3769,1885,56,4,33257.92
3770,1885,130,2,5954.55
3771,1886,115,4,21162.49
3772,1886,36,2,29242.97
3773,1887,29,3,8346.58
3774,1887,121,1,6772.08
3775,1888,24,2,43820.15
3776,1888,101,1,5781.84
3777,1889,95,4,15378.47
3778,1889,41,5,30082.04
3779,1890,33,4,21649.9
3780,1890,100,5,6854.81
3781,1891,42,2,21976.79
3782,1891,100,2,6854.81
3783,1892,14,1,10437.0
3784,1892,60,3,33321.91
3785,1893,37,1,25059.66
3786,1893,65,5,8035.55
3787,1894,128,4,9263.29
3788,1894,59,1,13085.83
3789,1895,38,5,30726.82
3790,1895,129,4,577.07
3791,1896,34,5,2255.17
3792,1896,29,1,8346.58
3793,1897,142,1,12489.82
3794,1897,52,1,26084.73
3795,1898,101,5,5781.84
3796,1898,140,3,8987.09
3797,1899,50,3,27118.65
3798,1899,18,2,73820.52
3799,1900,90,5,2864.12
3800,1900,48,4,12824.52
3801,1901,64,4,17689.49
3802,1901,73,4,37272.06
3803,1902,135,5,11516.05
3804,1902,136,2,682.08
3805,1903,77,3,23879.21
3806,1903,32,5,18206.86
3807,1904,134,4,4785.68
3808,1904,137,1,11390.83
3809,1905,56,2,33257.92
3810,1905,146,1,1905.39
3811,1906,126,2,12459.53
3812,1906,51,2,8341.82
3813,1907,142,5,12489.82
3814,1907,41,2,30082.04
3815,1908,47,4,23383.27
3816,1908,82,3,23327.1
3817,1909,24,2,43820.15
3818,1909,136,4,682.08
3819,1910,13,3,54402.04
3820,1910,82,3,23327.1
3821,1911,73,1,37272.06
3822,1911,86,3,15173.3
3823,1912,125,3,8947.13
3824,1912,91,2,6848.12
3825,1913,47,3,23383.27
3826,1913,29,2,8346.58
3827,1914,108,5,13549.63
3828,1914,11,4,69215.46
3829,1915,9,2,19098.4
3830,1915,77,5,23879.21
3831,1916,31,3,11490.6
3832,1916,27,1,8040.26
3833,1917,121,1,6772.08
3834,1917,121,5,6772.08
3835,1918,118,5,9811.84
3836,1918,145,4,11360.29
3837,1919,127,3,1177.88
3838,1919,53,4,26871.05
3839,1920,3,1,28995.64
3840,1920,71,3,3528.52
3841,1921,78,3,26923.68
3842,1921,128,5,9263.29
3843,1922,73,2,37272.06
3844,1922,128,3,9263.29
3845,1923,59,4,13085.83
3846,1923,55,4,18034.1
3847,1924,54,2,30922.05
3848,1924,102,5,18592.29
3849,1925,89,2,4655.22
3850,1925,116,2,6378.97
3851,1926,66,3,31441.05
3852,1926,71,5,3528.52
3853,1927,122,1,6970.32
3854,1927,42,2,21976.79
3855,1928,97,5,3939.13
3856,1928,81,1,37707.89
3857,1929,75,2,3049.5
3858,1929,107,5,21829.1
3859,1930,42,1,21976.79
3860,1930,16,5,2931.99
3861,1931,25,2,53524.51
3862,1931,89,5,4655.22
3863,1932,96,2,6710.71
3864,1932,80,1,27401.27
3865,1933,35,5,33010.69
3866,1933,125,1,8947.13
3867,1934,131,5,3599.39
3868,1934,91,2,6848.12
3869,1935,130,5,5954.55
3870,1935,121,1,6772.08
3871,1936,112,3,17873.14
3872,1936,9,1,19098.4
3873,1937,53,4,26871.05
3874,1937,69,5,52834.09
3875,1938,148,4,10266.15
3876,1938,128,5,9263.29
3877,1939,34,4,2255.17
3878,1939,57,4,21935.06
3879,1940,98,5,12384.57
3880,1940,33,3,21649.9
3881,1941,102,1,18592.29
3882,1941,2,3,4930.4
3883,1942,147,5,14301.36
3884,1942,63,1,29768.75
3885,1943,140,1,8987.09
3886,1943,76,3,5024.14
3887,1944,125,5,8947.13
3888,1944,73,1,37272.06
3889,1945,84,1,5359.51
3890,1945,84,1,5359.51
3891,1946,86,5,15173.3
3892,1946,70,5,3243.71
3893,1947,4,4,39584.54
3894,1947,16,2,2931.99
3895,1948,85,4,7335.47
3896,1948,42,4,21976.79
3897,1949,3,4,28995.64
3898,1949,20,1,81513.85
3899,1950,93,1,11413.05
3900,1950,15,5,69325.73
3901,1951,26,4,72907.28
3902,1951,27,5,8040.26
3903,1952,94,2,1858.01
3904,1952,113,2,12566.23
3905,1953,143,1,13026.41
3906,1953,119,4,19868.15
3907,1954,68,1,19598.26
3908,1954,143,5,13026.41
3909,1955,143,5,13026.41
3910,1955,80,4,27401.27
3911,1956,148,4,10266.15
3912,1956,94,2,1858.01
3913,1957,20,1,81513.85
3914,1957,93,3,11413.05
3915,1958,83,1,21901.29
3916,1958,108,3,13549.63
3917,1959,55,2,18034.1
3918,1959,136,2,682.08
3919,1960,134,5,4785.68
3920,1960,61,4,44878.78
3921,1961,119,1,19868.15
3922,1961,11,5,69215.46
3923,1962,117,3,14181.77
3924,1962,27,5,8040.26
3925,1963,141,4,701.97
3926,1963,142,2,12489.82
3927,1964,142,4,12489.82
3928,1964,91,4,6848.12
3929,1965,25,5,53524.51
3930,1965,139,5,4159.23
3931,1966,118,2,9811.84
3932,1966,50,1,27118.65
3933,1967,113,3,12566.23
3934,1967,89,4,4655.22
3935,1968,141,4,701.97
3936,1968,25,4,53524.51
3937,1969,82,5,23327.1
3938,1969,65,1,8035.55
3939,1970,51,1,8341.82
3940,1970,10,5,38310.2
3941,1971,53,2,26871.05
3942,1971,43,1,14873.86
3943,1972,105,3,8125.8
3944,1972,103,2,22522.89
3945,1973,6,4,48408.63
3946,1973,110,4,12983.38
3947,1974,45,5,5214.29
3948,1974,129,2,577.07
3949,1975,107,1,21829.1
3950,1975,79,1,33873.61
3951,1976,8,2,58505.04
3952,1976,129,2,577.07
3953,1977,104,2,6130.95
3954,1977,131,1,3599.39
3955,1978,46,4,32887.05
3956,1978,80,5,27401.27
3957,1979,40,5,19403.2
3958,1979,14,2,10437.0
3959,1980,20,3,81513.85
3960,1980,28,2,54101.33
3961,1981,44,4,19789.04
3962,1981,81,5,37707.89
3963,1982,22,4,18186.29
3964,1982,119,2,19868.15
3965,1983,149,2,14866.1
3966,1983,89,4,4655.22
3967,1984,136,2,682.08
3968,1984,109,2,8516.39
3969,1985,107,5,21829.1
3970,1985,28,2,54101.33
3971,1986,57,1,21935.06
3972,1986,84,2,5359.51
3973,1987,39,3,33931.85
3974,1987,36,4,29242.97
3975,1988,13,1,54402.04
3976,1988,18,1,73820.52
3977,1989,139,1,4159.23
3978,1989,48,2,12824.52
3979,1990,5,4,84081.85
3980,1990,55,5,18034.1
3981,1991,135,5,11516.05
3982,1991,16,1,2931.99
3983,1992,37,2,25059.66
3984,1992,23,2,49555.53
3985,1993,68,2,19598.26
3986,1993,107,3,21829.1
3987,1994,33,1,21649.9
3988,1994,16,1,2931.99
3989,1995,9,4,19098.4
3990,1995,70,3,3243.71
3991,1996,46,1,32887.05
3992,1996,90,1,2864.12
3993,1997,9,5,19098.4
3994,1997,148,1,10266.15
3995,1998,18,5,73820.52
3996,1998,119,1,19868.15
3997,1999,83,5,21901.29
3998,1999,8,5,58505.04
3999,2000,96,1,6710.71
4000,2000,22,1,18186.29
4001,2001,83,1,21901.29
4002,2001,78,1,26923.68
4003,2002,43,2,14873.86
4004,2002,88,1,48004.49
4005,2003,20,1,81513.85
4006,2003,43,5,14873.86
4007,2004,117,3,14181.77
4008,2004,16,5,2931.99
4009,2005,47,4,23383.27
4010,2005,120,1,24465.41
4011,2006,50,5,27118.65
4012,2006,15,5,69325.73
4013,2007,125,2,8947.13
4014,2007,143,1,13026.41
4015,2008,113,5,12566.23
4016,2008,25,3,53524.51
4017,2009,62,4,6674.42
4018,2009,28,5,54101.33
4019,2010,24,1,43820.15
4020,2010,71,3,3528.52
4021,2011,29,3,8346.58
4022,2011,32,3,18206.86
4023,2012,98,5,12384.57
4024,2012,129,1,577.07
4025,2013,127,3,1177.88
4026,2013,105,1,8125.8
4027,2014,11,5,69215.46
4028,2014,90,5,2864.12
4029,2015,59,3,13085.83
4030,2015,139,2,4159.23
4031,2016,87,5,45649.01
4032,2016,17,2,36162.26
4033,2017,120,3,24465.41
4034,2017,59,4,13085.83
4035,2018,48,3,12824.52
4036,2018,122,5,6970.32
4037,2019,15,3,69325.73
4038,2019,47,2,23383.27
4039,2020,50,3,27118.65
4040,2020,122,3,6970.32
4041,2021,4,5,39584.54
4042,2021,18,4,73820.52
4043,2022,141,2,701.97
4044,2022,92,4,2654.0
4045,2023,50,4,27118.65
4046,2023,70,1,3243.71
4047,2024,95,5,15378.47
4048,2024,85,5,7335.47
4049,2025,142,1,12489.82
4050,2025,26,5,72907.28
4051,2026,96,3,6710.71
4052,2026,116,4,6378.97
4053,2027,22,4,18186.29
4054,2027,6,4,48408.63
4055,2028,116,3,6378.97
4056,2028,121,4,6772.08
4057,2029,111,2,9188.58
4058,2029,119,1,19868.15
4059,2030,15,4,69325.73
4060,2030,27,1,8040.26
4061,2031,73,2,37272.06
4062,2031,9,2,19098.4
4063,2032,6,4,48408.63
4064,2032,53,3,26871.05
4065,2033,60,5,33321.91
4066,2033,100,5,6854.81
4067,2034,37,5,25059.66
4068,2034,17,3,36162.26
4069,2035,120,5,24465.41
4070,2035,6,1,48408.63
4071,2036,120,5,24465.41
4072,2036,99,1,16689.48
4073,2037,110,5,12983.38
4074,2037,1,1,52539.0
4075,2038,134,3,4785.68
4076,2038,63,3,29768.75
4077,2039,120,3,24465.41
4078,2039,81,1,37707.89
4079,2040,113,3,12566.23
4080,2040,135,1,11516.05
4081,2041,67,3,22314.95
4082,2041,79,2,33873.61
4083,2042,68,3,19598.26
4084,2042,106,5,19681.04
4085,2043,44,4,19789.04
4086,2043,103,2,22522.89
4087,2044,107,2,21829.1
4088,2044,89,1,4655.22
4089,2045,150,5,7113.49
4090,2045,28,2,54101.33
4091,2046,137,2,11390.83
4092,2046,49,3,8217.13
4093,2047,78,1,26923.68
4094,2047,82,3,23327.1
4095,2048,47,5,23383.27
4096,2048,41,4,30082.04
4097,2049,119,4,19868.15
4098,2049,117,1,14181.77
4099,2050,49,3,8217.13
4100,2050,137,5,11390.83
4101,2051,106,1,19681.04
4102,2051,101,1,5781.84
4103,2052,15,1,69325.73
4104,2052,53,1,26871.05
4105,2053,30,2,12993.37
4106,2053,127,5,1177.88
4107,2054,114,1,5726.03
4108,2054,139,4,4159.23
4109,2055,119,5,19868.15
4110,2055,149,2,14866.1
4111,2056,147,2,14301.36
4112,2056,15,5,69325.73
4113,2057,15,4,69325.73
4114,2057,121,2,6772.08
4115,2058,82,5,23327.1
4116,2058,77,1,23879.21
4117,2059,14,5,10437.0
4118,2059,2,4,4930.4
4119,2060,48,3,12824.52
4120,2060,7,5,23330.83
4121,2061,70,4,3243.71
4122,2061,99,4,16689.48
4123,2062,1,3,52539.0
4124,2062,1,4,52539.0
4125,2063,133,5,8127.63
4126,2063,7,2,23330.83
4127,2064,94,3,1858.01
4128,2064,41,5,30082.04
4129,2065,134,5,4785.68
4130,2065,117,2,14181.77
4131,2066,118,5,9811.84
4132,2066,68,1,19598.26
4133,2067,114,1,5726.03
4134,2067,68,1,19598.26
4135,2068,149,1,14866.1
4136,2068,45,3,5214.29
4137,2069,31,4,11490.6
4138,2069,27,4,8040.26
4139,2070,115,2,21162.49
4140,2070,49,4,8217.13
4141,2071,146,4,1905.39
4142,2071,59,1,13085.83
4143,2072,146,1,1905.39
4144,2072,85,2,7335.47
4145,2073,50,1,27118.65
4146,2073,30,5,12993.37
4147,2074,42,3,21976.79
4148,2074,32,5,18206.86
4149,2075,110,3,12983.38
4150,2075,115,1,21162.49
4151,2076,67,5,22314.95
4152,2076,96,3,6710.71
4153,2077,12,2,9596.51
4154,2077,53,1,26871.05
4155,2078,64,4,17689.49
4156,2078,76,3,5024.14
4157,2079,126,1,12459.53
4158,2079,89,4,4655.22
4159,2080,92,1,2654.0
4160,2080,56,4,33257.92
4161,2081,26,3,72907.28
4162,2081,8,1,58505.04
4163,2082,124,3,796.22
4164,2082,143,5,13026.41
4165,2083,57,5,21935.06
4166,2083,39,4,33931.85
4167,2084,138,2,13863.67
4168,2084,15,1,69325.73
4169,2085,37,1,25059.66
4170,2085,37,1,25059.66
4171,2086,82,2,23327.1
4172,2086,104,2,6130.95
4173,2087,13,4,54402.04
4174,2087,109,4,8516.39
4175,2088,147,3,14301.36
4176,2088,127,3,1177.88
4177,2089,119,1,19868.15
4178,2089,130,4,5954.55
4179,2090,115,2,21162.49
4180,2090,95,1,15378.47
4181,2091,7,4,23330.83
4182,2091,120,2,24465.41
4183,2092,109,3,8516.39
4184,2092,132,4,3011.07
4185,2093,150,3,7113.49
4186,2093,38,2,30726.82
4187,2094,31,3,11490.6
4188,2094,28,1,54101.33
4189,2095,3,5,28995.64
4190,2095,21,4,55484.17
4191,2096,132,2,3011.07
4192,2096,21,2,55484.17
4193,2097,85,4,7335.47
4194,2097,19,5,17787.61
4195,2098,16,5,2931.99
4196,2098,51,4,8341.82
4197,2099,109,1,8516.39
4198,2099,124,4,796.22
4199,2100,93,5,11413.05
4200,2100,130,1,5954.55
4201,2101,135,5,11516.05
4202,2101,62,4,6674.42
4203,2102,97,1,3939.13
4204,2102,108,1,13549.63
4205,2103,116,1,6378.97
4206,2103,34,3,2255.17
4207,2104,88,1,48004.49
4208,2104,116,3,6378.97
4209,2105,139,3,4159.23
4210,2105,147,2,14301.36
4211,2106,30,4,12993.37
4212,2106,138,2,13863.67
4213,2107,108,3,13549.63
4214,2107,15,5,69325.73
4215,2108,51,3,8341.82
4216,2108,70,3,3243.71
4217,2109,54,3,30922.05
4218,2109,16,2,2931.99
4219,2110,133,5,8127.63
4220,2110,86,3,15173.3
4221,2111,22,1,18186.29
4222,2111,131,4,3599.39
4223,2112,116,1,6378.97
4224,2112,126,3,12459.53
4225,2113,112,4,17873.14
4226,2113,64,3,17689.49
4227,2114,126,5,12459.53
4228,2114,1,2,52539.0
4229,2115,130,1,5954.55
4230,2115,138,4,13863.67
4231,2116,134,2,4785.68
4232,2116,42,1,21976.79
4233,2117,3,4,28995.64
4234,2117,53,5,26871.05
4235,2118,101,3,5781.84
4236,2118,75,2,3049.5
4237,2119,114,1,5726.03
4238,2119,28,1,54101.33
4239,2120,34,4,2255.17
4240,2120,150,2,7113.49
4241,2121,135,5,11516.05
4242,2121,118,2,9811.84
4243,2122,35,3,33010.69
4244,2122,147,4,14301.36
4245,2123,105,1,8125.8
4246,2123,57,3,21935.06
4247,2124,137,4,11390.83
4248,2124,122,4,6970.32
4249,2125,12,1,9596.51
4250,2125,57,1,21935.06
4251,2126,6,5,48408.63
4252,2126,137,4,11390.83
4253,2127,34,3,2255.17
4254,2127,94,2,1858.01
4255,2128,21,1,55484.17
4256,2128,81,4,37707.89
4257,2129,28,5,54101.33
4258,2129,36,4,29242.97
4259,2130,86,2,15173.3
4260,2130,47,4,23383.27
4261,2131,30,1,12993.37
4262,2131,104,5,6130.95
4263,2132,67,4,22314.95
4264,2132,109,4,8516.39
4265,2133,92,4,2654.0
4266,2133,94,5,1858.01
4267,2134,65,1,8035.55
4268,2134,73,2,37272.06
4269,2135,149,1,14866.1
4270,2135,16,2,2931.99
4271,2136,114,3,5726.03
4272,2136,150,4,7113.49
4273,2137,50,4,27118.65
4274,2137,77,3,23879.21
4275,2138,107,4,21829.1
4276,2138,19,2,17787.61
4277,2139,21,2,55484.17
4278,2139,77,5,23879.21
4279,2140,142,4,12489.82
4280,2140,111,3,9188.58
4281,2141,20,3,81513.85
4282,2141,91,4,6848.12
4283,2142,35,1,33010.69
4284,2142,64,1,17689.49
4285,2143,22,2,18186.29
4286,2143,150,4,7113.49
4287,2144,135,2,11516.05
4288,2144,13,2,54402.04
4289,2145,129,2,577.07
4290,2145,148,4,10266.15
4291,2146,111,4,9188.58
4292,2146,46,2,32887.05
4293,2147,5,4,84081.85
4294,2147,22,1,18186.29
4295,2148,56,3,33257.92
4296,2148,8,2,58505.04
4297,2149,49,4,8217.13
4298,2149,106,5,19681.04
4299,2150,74,5,41552.59
4300,2150,74,5,41552.59
4301,2151,37,4,25059.66
4302,2151,144,2,11019.62
4303,2152,110,4,12983.38
4304,2152,124,3,796.22
4305,2153,76,4,5024.14
4306,2153,49,2,8217.13
4307,2154,75,3,3049.5
4308,2154,116,1,6378.97
4309,2155,147,3,14301.36
4310,2155,94,3,1858.01
4311,2156,145,4,11360.29
4312,2156,139,3,4159.23
4313,2157,122,2,6970.32
4314,2157,117,4,14181.77
4315,2158,11,3,69215.46
4316,2158,18,2,73820.52
4317,2159,140,1,8987.09
4318,2159,123,4,612.96
4319,2160,29,4,8346.58
4320,2160,24,4,43820.15
4321,2161,150,5,7113.49
4322,2161,74,3,41552.59
4323,2162,80,2,27401.27
4324,2162,144,2,11019.62
4325,2163,150,4,7113.49
4326,2163,55,2,18034.1
4327,2164,70,4,3243.71
4328,2164,11,1,69215.46
4329,2165,80,2,27401.27
4330,2165,150,3,7113.49
4331,2166,83,3,21901.29
4332,2166,121,1,6772.08
4333,2167,43,1,14873.86
4334,2167,10,4,38310.2
4335,2168,60,1,33321.91
4336,2168,99,5,16689.48
4337,2169,11,5,69215.46
4338,2169,12,4,9596.51
4339,2170,144,2,11019.62
4340,2170,70,2,3243.71
4341,2171,63,5,29768.75
4342,2171,122,4,6970.32
4343,2172,101,4,5781.84
4344,2172,82,2,23327.1
4345,2173,33,5,21649.9
4346,2173,146,5,1905.39
4347,2174,138,2,13863.67
4348,2174,148,1,10266.15
4349,2175,142,4,12489.82
4350,2175,88,5,48004.49
4351,2176,147,1,14301.36
4352,2176,93,5,11413.05
4353,2177,136,3,682.08
4354,2177,30,5,12993.37
4355,2178,80,5,27401.27
4356,2178,47,3,23383.27
4357,2179,107,3,21829.1
4358,2179,30,1,12993.37
4359,2180,136,5,682.08
4360,2180,2,2,4930.4
4361,2181,70,4,3243.71
4362,2181,116,1,6378.97
4363,2182,5,4,84081.85
4364,2182,28,4,54101.33
4365,2183,55,5,18034.1
4366,2183,68,4,19598.26
4367,2184,62,5,6674.42
4368,2184,19,1,17787.61
4369,2185,102,2,18592.29
4370,2185,128,1,9263.29
4371,2186,113,2,12566.23
4372,2186,19,5,17787.61
4373,2187,96,1,6710.71
4374,2187,144,2,11019.62
4375,2188,36,4,29242.97
4376,2188,17,4,36162.26
4377,2189,64,3,17689.49
4378,2189,12,3,9596.51
4379,2190,73,4,37272.06
4380,2190,74,5,41552.59
4381,2191,130,3,5954.55
4382,2191,6,1,48408.63
4383,2192,122,3,6970.32
4384,2192,44,3,19789.04
4385,2193,16,1,2931.99
4386,2193,19,4,17787.61
4387,2194,94,3,1858.01
4388,2194,7,3,23330.83
4389,2195,61,3,44878.78
4390,2195,116,5,6378.97
4391,2196,30,3,12993.37
4392,2196,24,2,43820.15
4393,2197,121,4,6772.08
4394,2197,7,1,23330.83
4395,2198,93,2,11413.05
4396,2198,50,5,27118.65
4397,2199,127,5,1177.88
4398,2199,35,5,33010.69
4399,2200,62,5,6674.42
4400,2200,44,5,19789.04
4401,2201,32,2,18206.86
4402,2201,62,5,6674.42
4403,2202,32,1,18206.86
4404,2202,142,4,12489.82
4405,2203,72,1,49059.06
4406,2203,15,4,69325.73
4407,2204,65,2,8035.55
4408,2204,37,4,25059.66
4409,2205,43,5,14873.86
4410,2205,65,2,8035.55
4411,2206,43,2,14873.86
4412,2206,125,4,8947.13
4413,2207,11,2,69215.46
4414,2207,82,4,23327.1
4415,2208,122,2,6970.32
4416,2208,72,3,49059.06
4417,2209,38,3,30726.82
4418,2209,124,2,796.22
4419,2210,36,2,29242.97
4420,2210,109,3,8516.39
4421,2211,123,2,612.96
4422,2211,129,2,577.07
4423,2212,63,2,29768.75
4424,2212,79,2,33873.61
4425,2213,41,4,30082.04
4426,2213,12,2,9596.51
4427,2214,47,2,23383.27
4428,2214,39,4,33931.85
4429,2215,85,4,7335.47
4430,2215,26,4,72907.28
4431,2216,91,5,6848.12
4432,2216,55,3,18034.1
4433,2217,70,1,3243.71
4434,2217,117,2,14181.77
4435,2218,7,5,23330.83
4436,2218,130,1,5954.55
4437,2219,132,1,3011.07
4438,2219,148,2,10266.15
4439,2220,74,2,41552.59
4440,2220,72,1,49059.06
4441,2221,44,5,19789.04
4442,2221,112,2,17873.14
4443,2222,92,5,2654.0
4444,2222,127,3,1177.88
4445,2223,42,2,21976.79
4446,2223,132,5,3011.07
4447,2224,59,2,13085.83
4448,2224,8,5,58505.04
4449,2225,57,5,21935.06
4450,2225,126,3,12459.53
4451,2226,141,1,701.97
4452,2226,7,5,23330.83
4453,2227,46,5,32887.05
4454,2227,60,4,33321.91
4455,2228,114,4,5726.03
4456,2228,137,3,11390.83
4457,2229,22,3,18186.29
4458,2229,90,3,2864.12
4459,2230,70,5,3243.71
4460,2230,80,3,27401.27
4461,2231,70,3,3243.71
4462,2231,37,5,25059.66
4463,2232,119,2,19868.15
4464,2232,126,2,12459.53
4465,2233,110,5,12983.38
4466,2233,49,2,8217.13
4467,2234,60,2,33321.91
4468,2234,65,5,8035.55
4469,2235,55,2,18034.1
4470,2235,125,3,8947.13
4471,2236,96,4,6710.71
4472,2236,57,4,21935.06
4473,2237,139,3,4159.23
4474,2237,24,2,43820.15
4475,2238,51,1,8341.82
4476,2238,28,4,54101.33
4477,2239,85,2,7335.47
4478,2239,30,2,12993.37
4479,2240,108,3,13549.63
4480,2240,89,4,4655.22
4481,2241,97,4,3939.13
4482,2241,91,4,6848.12
4483,2242,9,3,19098.4
4484,2242,123,1,612.96
4485,2243,123,1,612.96
4486,2243,93,5,11413.05
4487,2244,23,5,49555.53
4488,2244,58,2,27146.74
4489,2245,58,2,27146.74
4490,2245,94,4,1858.01
4491,2246,43,3,14873.86
4492,2246,87,1,45649.01
4493,2247,32,2,18206.86
4494,2247,86,5,15173.3
4495,2248,79,1,33873.61
4496,2248,15,2,69325.73
4497,2249,67,1,22314.95
4498,2249,20,2,81513.85
4499,2250,113,2,12566.23
4500,2250,36,1,29242.97
4501,2251,33,2,21649.9
4502,2251,9,1,19098.4
4503,2252,117,2,14181.77
4504,2252,139,2,4159.23
4505,2253,33,4,21649.9
4506,2253,11,4,69215.46
4507,2254,138,4,13863.67
4508,2254,143,4,13026.41
4509,2255,108,2,13549.63
4510,2255,1,4,52539.0
4511,2256,5,5,84081.85
4512,2256,106,3,19681.04
4513,2257,140,5,8987.09
4514,2257,105,2,8125.8
4515,2258,131,4,3599.39
4516,2258,81,4,37707.89
4517,2259,144,1,11019.62
4518,2259,148,2,10266.15
4519,2260,146,3,1905.39
4520,2260,147,1,14301.36
4521,2261,23,1,49555.53
4522,2261,33,5,21649.9
4523,2262,135,3,11516.05
4524,2262,149,2,14866.1
4525,2263,135,2,11516.05
4526,2263,82,1,23327.1
4527,2264,146,2,1905.39
4528,2264,38,4,30726.82
4529,2265,95,2,15378.47
4530,2265,33,5,21649.9
4531,2266,100,5,6854.81
4532,2266,75,5,3049.5
4533,2267,102,2,18592.29
4534,2267,33,1,21649.9
4535,2268,21,2,55484.17
4536,2268,4,4,39584.54
4537,2269,83,2,21901.29
4538,2269,52,2,26084.73
4539,2270,61,5,44878.78
4540,2270,101,5,5781.84
4541,2271,19,1,17787.61
4542,2271,143,4,13026.41
4543,2272,98,3,12384.57
4544,2272,29,1,8346.58
4545,2273,87,1,45649.01
4546,2273,99,3,16689.48
4547,2274,65,4,8035.55
4548,2274,86,5,15173.3
4549,2275,38,2,30726.82
4550,2275,107,3,21829.1
4551,2276,121,5,6772.08
4552,2276,39,4,33931.85
4553,2277,150,1,7113.49
4554,2277,14,5,10437.0
4555,2278,4,1,39584.54
4556,2278,73,4,37272.06
4557,2279,1,2,52539.0
4558,2279,48,2,12824.52
4559,2280,107,1,21829.1
4560,2280,4,5,39584.54
4561,2281,130,5,5954.55
4562,2281,79,2,33873.61
4563,2282,145,1,11360.29
4564,2282,52,3,26084.73
4565,2283,118,2,9811.84
4566,2283,31,1,11490.6
4567,2284,94,2,1858.01
4568,2284,144,5,11019.62
4569,2285,136,5,682.08
4570,2285,57,1,21935.06
4571,2286,42,5,21976.79
4572,2286,3,3,28995.64
4573,2287,70,2,3243.71
4574,2287,129,2,577.07
4575,2288,61,4,44878.78
4576,2288,32,4,18206.86
4577,2289,9,1,19098.4
4578,2289,6,5,48408.63
4579,2290,126,2,12459.53
4580,2290,144,5,11019.62
4581,2291,53,5,26871.05
4582,2291,44,1,19789.04
4583,2292,33,1,21649.9
4584,2292,11,1,69215.46
4585,2293,93,1,11413.05
4586,2293,2,4,4930.4
4587,2294,13,5,54402.04
4588,2294,126,5,12459.53
4589,2295,78,5,26923.68
4590,2295,124,1,796.22
4591,2296,73,2,37272.06
4592,2296,9,5,19098.4
4593,2297,113,4,12566.23
4594,2297,104,4,6130.95
4595,2298,62,1,6674.42
4596,2298,9,1,19098.4
4597,2299,80,3,27401.27
4598,2299,52,1,26084.73
4599,2300,72,2,49059.06
4600,2300,35,2,33010.69
4601,2301,99,3,16689.48
4602,2301,62,2,6674.42
4603,2302,122,1,6970.32
4604,2302,67,4,22314.95
4605,2303,46,3,32887.05
4606,2303,4,4,39584.54
4607,2304,97,2,3939.13
4608,2304,51,2,8341.82
4609,2305,33,4,21649.9
4610,2305,96,1,6710.71
4611,2306,149,3,14866.1
4612,2306,80,3,27401.27
4613,2307,132,2,3011.07
4614,2307,22,4,18186.29
4615,2308,74,5,41552.59
4616,2308,55,4,18034.1
4617,2309,3,1,28995.64
4618,2309,102,1,18592.29
4619,2310,112,5,17873.14
4620,2310,122,4,6970.32
4621,2311,58,1,27146.74
4622,2311,125,2,8947.13
4623,2312,120,2,24465.41
4624,2312,39,3,33931.85
4625,2313,124,3,796.22
4626,2313,140,3,8987.09
4627,2314,136,2,682.08
4628,2314,104,2,6130.95
4629,2315,31,4,11490.6
4630,2315,9,1,19098.4
4631,2316,55,5,18034.1
4632,2316,143,5,13026.41
4633,2317,27,1,8040.26
4634,2317,37,5,25059.66
4635,2318,83,4,21901.29
4636,2318,143,5,13026.41
4637,2319,33,2,21649.9
4638,2319,54,2,30922.05
4639,2320,87,5,45649.01
4640,2320,110,2,12983.38
4641,2321,55,3,18034.1
4642,2321,37,2,25059.66
4643,2322,59,3,13085.83
4644,2322,34,2,2255.17
4645,2323,107,3,21829.1
4646,2323,20,1,81513.85
4647,2324,32,3,18206.86
4648,2324,71,2,3528.52
4649,2325,50,1,27118.65
4650,2325,93,4,11413.05
4651,2326,100,3,6854.81
4652,2326,113,4,12566.23
4653,2327,108,1,13549.63
4654,2327,104,1,6130.95
4655,2328,39,3,33931.85
4656,2328,32,4,18206.86
4657,2329,67,2,22314.95
4658,2329,78,2,26923.68
4659,2330,32,1,18206.86
4660,2330,139,3,4159.23
4661,2331,61,5,44878.78
4662,2331,138,5,13863.67
4663,2332,145,2,11360.29
4664,2332,146,1,1905.39
4665,2333,64,1,17689.49
4666,2333,112,5,17873.14
4667,2334,106,3,19681.04
4668,2334,100,4,6854.81
4669,2335,133,1,8127.63
4670,2335,39,4,33931.85
4671,2336,143,4,13026.41
4672,2336,75,5,3049.5
4673,2337,89,1,4655.22
4674,2337,27,4,8040.26
4675,2338,109,4,8516.39
4676,2338,30,2,12993.37
4677,2339,72,4,49059.06
4678,2339,97,5,3939.13
4679,2340,84,5,5359.51
4680,2340,117,4,14181.77
4681,2341,109,3,8516.39
4682,2341,110,5,12983.38
4683,2342,41,4,30082.04
4684,2342,95,5,15378.47
4685,2343,11,2,69215.46
4686,2343,141,2,701.97
4687,2344,122,4,6970.32
4688,2344,77,4,23879.21
4689,2345,72,5,49059.06
4690,2345,47,3,23383.27
4691,2346,75,3,3049.5
4692,2346,120,4,24465.41
4693,2347,63,3,29768.75
4694,2347,76,4,5024.14
4695,2348,143,2,13026.41
4696,2348,11,1,69215.46
4697,2349,28,2,54101.33
4698,2349,126,4,12459.53
4699,2350,131,2,3599.39
4700,2350,93,2,11413.05
4701,2351,134,1,4785.68
4702,2351,61,4,44878.78
4703,2352,34,3,2255.17
4704,2352,45,1,5214.29
4705,2353,74,4,41552.59
4706,2353,94,2,1858.01
4707,2354,81,2,37707.89
4708,2354,18,4,73820.52
4709,2355,16,3,2931.99
4710,2355,122,2,6970.32
4711,2356,97,4,3939.13
4712,2356,117,5,14181.77
4713,2357,141,2,701.97
4714,2357,12,1,9596.51
4715,2358,38,1,30726.82
4716,2358,50,1,27118.65
4717,2359,69,2,52834.09
4718,2359,52,1,26084.73
4719,2360,125,4,8947.13
4720,2360,145,1,11360.29
4721,2361,8,1,58505.04
4722,2361,34,1,2255.17
4723,2362,93,2,11413.05
4724,2362,47,2,23383.27
4725,2363,129,5,577.07
4726,2363,80,1,27401.27
4727,2364,146,5,1905.39
4728,2364,87,3,45649.01
4729,2365,87,1,45649.01
4730,2365,110,2,12983.38
4731,2366,125,1,8947.13
4732,2366,143,1,13026.41
4733,2367,14,4,10437.0
4734,2367,52,1,26084.73
4735,2368,137,3,11390.83
4736,2368,73,3,37272.06
4737,2369,140,1,8987.09
4738,2369,111,4,9188.58
4739,2370,116,4,6378.97
4740,2370,70,4,3243.71
4741,2371,36,5,29242.97
4742,2371,9,4,19098.4
4743,2372,83,1,21901.29
4744,2372,103,3,22522.89
4745,2373,22,2,18186.29
4746,2373,103,3,22522.89
4747,2374,65,4,8035.55
4748,2374,51,4,8341.82
4749,2375,10,3,38310.2
4750,2375,43,1,14873.86
4751,2376,78,1,26923.68
4752,2376,94,2,1858.01
4753,2377,61,5,44878.78
4754,2377,116,4,6378.97
4755,2378,136,4,682.08
4756,2378,16,1,2931.99
4757,2379,2,5,4930.4
4758,2379,136,3,682.08
4759,2380,70,3,3243.71
4760,2380,15,4,69325.73
4761,2381,53,3,26871.05
4762,2381,122,4,6970.32
4763,2382,62,2,6674.42
4764,2382,132,1,3011.07
4765,2383,48,2,12824.52
4766,2383,83,3,21901.29
4767,2384,50,2,27118.65
4768,2384,111,1,9188.58
4769,2385,101,2,5781.84
4770,2385,2,2,4930.4
4771,2386,127,4,1177.88
4772,2386,15,2,69325.73
4773,2387,10,4,38310.2
4774,2387,9,4,19098.4
4775,2388,64,4,17689.49
4776,2388,61,4,44878.78
4777,2389,108,5,13549.63
4778,2389,12,2,9596.51
4779,2390,24,4,43820.15
4780,2390,114,4,5726.03
4781,2391,5,4,84081.85
4782,2391,4,3,39584.54
4783,2392,99,4,16689.48
4784,2392,6,1,48408.63
4785,2393,87,3,45649.01
4786,2393,61,1,44878.78
4787,2394,150,5,7113.49
4788,2394,72,5,49059.06
4789,2395,49,3,8217.13
4790,2395,69,5,52834.09
4791,2396,18,4,73820.52
4792,2396,22,3,18186.29
4793,2397,12,2,9596.51
4794,2397,144,4,11019.62
4795,2398,144,2,11019.62
4796,2398,107,2,21829.1
4797,2399,36,3,29242.97
4798,2399,87,3,45649.01
4799,2400,115,3,21162.49
4800,2400,28,5,54101.33
4801,2401,67,3,22314.95
4802,2401,12,5,9596.51
4803,2402,10,4,38310.2
4804,2402,99,1,16689.48
4805,2403,60,4,33321.91
4806,2403,60,3,33321.91
4807,2404,4,5,39584.54
4808,2404,23,4,49555.53
4809,2405,21,4,55484.17
4810,2405,145,2,11360.29
4811,2406,32,2,18206.86
4812,2406,51,2,8341.82
4813,2407,97,2,3939.13
4814,2407,75,3,3049.5
4815,2408,45,5,5214.29
4816,2408,8,3,58505.04
4817,2409,57,2,21935.06
4818,2409,46,4,32887.05
4819,2410,66,3,31441.05
4820,2410,69,3,52834.09
4821,2411,131,1,3599.39
4822,2411,104,3,6130.95
4823,2412,150,3,7113.49
4824,2412,107,1,21829.1
4825,2413,85,2,7335.47
4826,2413,130,4,5954.55
4827,2414,142,1,12489.82
4828,2414,84,5,5359.51
4829,2415,28,3,54101.33
4830,2415,106,4,19681.04
4831,2416,78,1,26923.68
4832,2416,125,5,8947.13
4833,2417,65,5,8035.55
4834,2417,25,4,53524.51
4835,2418,8,4,58505.04
4836,2418,5,5,84081.85
4837,2419,26,2,72907.28
4838,2419,89,4,4655.22
4839,2420,16,4,2931.99
4840,2420,8,2,58505.04
4841,2421,136,2,682.08
4842,2421,38,3,30726.82
4843,2422,141,5,701.97
4844,2422,113,1,12566.23
4845,2423,80,4,27401.27
4846,2423,14,4,10437.0
4847,2424,125,3,8947.13
4848,2424,101,3,5781.84
4849,2425,9,1,19098.4
4850,2425,5,2,84081.85
4851,2426,29,5,8346.58
4852,2426,116,5,6378.97
4853,2427,115,4,21162.49
4854,2427,78,4,26923.68
4855,2428,2,3,4930.4
4856,2428,143,4,13026.41
4857,2429,8,1,58505.04
4858,2429,104,3,6130.95
4859,2430,102,1,18592.29
4860,2430,37,3,25059.66
4861,2431,112,4,17873.14
4862,2431,35,3,33010.69
4863,2432,106,5,19681.04
4864,2432,89,1,4655.22
4865,2433,37,3,25059.66
4866,2433,18,4,73820.52
4867,2434,35,5,33010.69
4868,2434,8,2,58505.04
4869,2435,98,1,12384.57
4870,2435,71,2,3528.52
4871,2436,39,5,33931.85
4872,2436,75,4,3049.5
4873,2437,74,4,41552.59
4874,2437,125,5,8947.13
4875,2438,89,1,4655.22
4876,2438,54,4,30922.05
4877,2439,136,1,682.08
4878,2439,71,5,3528.52
4879,2440,6,3,48408.63
4880,2440,69,4,52834.09
4881,2441,60,3,33321.91
4882,2441,141,1,701.97
4883,2442,11,2,69215.46
4884,2442,116,2,6378.97
4885,2443,24,4,43820.15
4886,2443,27,3,8040.26
4887,2444,32,1,18206.86
4888,2444,35,1,33010.69
4889,2445,47,5,23383.27
4890,2445,11,3,69215.46
4891,2446,134,5,4785.68
4892,2446,129,3,577.07
4893,2447,18,5,73820.52
4894,2447,51,4,8341.82
4895,2448,44,4,19789.04
4896,2448,54,1,30922.05
4897,2449,57,3,21935.06
4898,2449,150,3,7113.49
4899,2450,109,1,8516.39
4900,2450,120,5,24465.41
4901,2451,18,5,73820.52
4902,2451,41,5,30082.04
4903,2452,87,2,45649.01
4904,2452,28,5,54101.33
4905,2453,61,5,44878.78
4906,2453,88,2,48004.49
4907,2454,35,2,33010.69
4908,2454,56,1,33257.92
4909,2455,17,3,36162.26
4910,2455,48,2,12824.52
4911,2456,21,1,55484.17
4912,2456,93,3,11413.05
4913,2457,124,5,796.22
4914,2457,116,1,6378.97
4915,2458,66,5,31441.05
4916,2458,147,5,14301.36
4917,2459,131,2,3599.39
4918,2459,21,2,55484.17
4919,2460,5,4,84081.85
4920,2460,10,3,38310.2
4921,2461,59,5,13085.83
4922,2461,88,3,48004.49
4923,2462,63,2,29768.75
4924,2462,132,3,3011.07
4925,2463,89,1,4655.22
4926,2463,34,5,2255.17
4927,2464,145,2,11360.29
4928,2464,138,4,13863.67
4929,2465,134,5,4785.68
4930,2465,70,2,3243.71
4931,2466,20,1,81513.85
4932,2466,113,3,12566.23
4933,2467,147,1,14301.36
4934,2467,68,5,19598.26
4935,2468,116,4,6378.97
4936,2468,72,2,49059.06
4937,2469,114,2,5726.03
4938,2469,2,1,4930.4
4939,2470,150,2,7113.49
4940,2470,14,1,10437.0
4941,2471,137,5,11390.83
4942,2471,125,1,8947.13
4943,2472,108,5,13549.63
4944,2472,140,2,8987.09
4945,2473,38,5,30726.82
4946,2473,38,3,30726.82
4947,2474,15,1,69325.73
4948,2474,30,4,12993.37
4949,2475,45,5,5214.29
4950,2475,6,1,48408.63
4951,2476,107,5,21829.1
4952,2476,9,4,19098.4
4953,2477,62,2,6674.42
4954,2477,133,1,8127.63
4955,2478,148,4,10266.15
4956,2478,94,1,1858.01
4957,2479,117,4,14181.77
4958,2479,39,1,33931.85
4959,2480,129,5,577.07
4960,2480,5,4,84081.85
4961,2481,108,3,13549.63
4962,2481,15,3,69325.73
4963,2482,109,3,8516.39
4964,2482,95,2,15378.47
4965,2483,72,1,49059.06
4966,2483,13,2,54402.04
4967,2484,112,4,17873.14
4968,2484,22,4,18186.29
4969,2485,18,4,73820.52
4970,2485,35,4,33010.69
4971,2486,114,3,5726.03
4972,2486,60,5,33321.91
4973,2487,145,3,11360.29
4974,2487,67,2,22314.95
4975,2488,24,4,43820.15
4976,2488,25,1,53524.51
4977,2489,139,4,4159.23
4978,2489,133,1,8127.63
4979,2490,72,2,49059.06
4980,2490,30,5,12993.37
4981,2491,95,5,15378.47
4982,2491,47,5,23383.27
4983,2492,62,1,6674.42
4984,2492,7,3,23330.83
4985,2493,71,5,3528.52
4986,2493,38,2,30726.82
4987,2494,149,3,14866.1
4988,2494,106,5,19681.04
4989,2495,120,4,24465.41
4990,2495,27,4,8040.26
4991,2496,106,1,19681.04
4992,2496,30,5,12993.37
4993,2497,96,4,6710.71
4994,2497,10,1,38310.2
4995,2498,24,1,43820.15
4996,2498,147,2,14301.36
4997,2499,16,4,2931.99
4998,2499,60,4,33321.91
4999,2500,142,4,12489.82
5000,2500,103,3,22522.89
5001,2501,92,4,2654.0
5002,2501,30,5,12993.37
5003,2502,87,3,45649.01
5004,2502,124,2,796.22
5005,2503,146,1,1905.39
5006,2503,49,3,8217.13
5007,2504,18,2,73820.52
5008,2504,140,4,8987.09
5009,2505,81,1,37707.89
5010,2505,119,4,19868.15
5011,2506,128,2,9263.29
5012,2506,123,2,612.96
5013,2507,125,2,8947.13
5014,2507,89,5,4655.22
5015,2508,8,4,58505.04
5016,2508,49,3,8217.13
5017,2509,57,1,21935.06
5018,2509,41,1,30082.04
5019,2510,93,1,11413.05
5020,2510,12,1,9596.51
5021,2511,28,2,54101.33
5022,2511,135,2,11516.05
5023,2512,70,5,3243.71
5024,2512,111,1,9188.58
5025,2513,56,1,33257.92
5026,2513,25,1,53524.51
5027,2514,49,3,8217.13
5028,2514,134,1,4785.68
5029,2515,117,4,14181.77
5030,2515,22,1,18186.29
5031,2516,24,2,43820.15
5032,2516,15,3,69325.73
5033,2517,88,5,48004.49
5034,2517,59,5,13085.83
5035,2518,122,5,6970.32
5036,2518,93,5,11413.05
5037,2519,97,2,3939.13
5038,2519,134,3,4785.68
5039,2520,83,2,21901.29
5040,2520,84,3,5359.51
5041,2521,101,5,5781.84
5042,2521,30,5,12993.37
5043,2522,107,4,21829.1
5044,2522,45,2,5214.29
5045,2523,13,1,54402.04
5046,2523,49,4,8217.13
5047,2524,60,4,33321.91
5048,2524,51,4,8341.82
5049,2525,89,4,4655.22
5050,2525,10,5,38310.2
5051,2526,18,3,73820.52
5052,2526,17,5,36162.26
5053,2527,4,4,39584.54
5054,2527,127,5,1177.88
5055,2528,58,2,27146.74
5056,2528,110,5,12983.38
5057,2529,48,4,12824.52
5058,2529,17,3,36162.26
5059,2530,78,4,26923.68
5060,2530,68,3,19598.26
5061,2531,94,4,1858.01
5062,2531,90,2,2864.12
5063,2532,18,1,73820.52
5064,2532,12,2,9596.51
5065,2533,106,4,19681.04
5066,2533,144,5,11019.62
5067,2534,114,3,5726.03
5068,2534,47,4,23383.27
5069,2535,82,4,23327.1
5070,2535,19,3,17787.61
5071,2536,134,5,4785.68
5072,2536,17,2,36162.26
5073,2537,96,3,6710.71
5074,2537,34,5,2255.17
5075,2538,26,4,72907.28
5076,2538,89,2,4655.22
5077,2539,127,5,1177.88
5078,2539,65,3,8035.55
5079,2540,116,3,6378.97
5080,2540,3,1,28995.64
5081,2541,86,5,15173.3
5082,2541,106,4,19681.04
5083,2542,135,3,11516.05
5084,2542,148,2,10266.15
5085,2543,114,2,5726.03
5086,2543,93,3,11413.05
5087,2544,85,2,7335.47
5088,2544,136,2,682.08
5089,2545,39,3,33931.85
5090,2545,8,2,58505.04
5091,2546,49,1,8217.13
5092,2546,134,5,4785.68
5093,2547,19,2,17787.61
5094,2547,42,5,21976.79
5095,2548,73,2,37272.06
5096,2548,113,1,12566.23
5097,2549,81,1,37707.89
5098,2549,28,1,54101.33
5099,2550,39,2,33931.85
5100,2550,147,3,14301.36
5101,2551,30,3,12993.37
5102,2551,34,5,2255.17
5103,2552,15,1,69325.73
5104,2552,146,3,1905.39
5105,2553,11,1,69215.46
5106,2553,114,4,5726.03
5107,2554,67,5,22314.95
5108,2554,25,5,53524.51
5109,2555,45,5,5214.29
5110,2555,52,2,26084.73
5111,2556,76,5,5024.14
5112,2556,95,1,15378.47
5113,2557,29,1,8346.58
5114,2557,110,4,12983.38
5115,2558,8,2,58505.04
5116,2558,76,5,5024.14
5117,2559,17,1,36162.26
5118,2559,107,5,21829.1
5119,2560,58,3,27146.74
5120,2560,118,5,9811.84
5121,2561,116,4,6378.97
5122,2561,107,2,21829.1
5123,2562,121,3,6772.08
5124,2562,100,4,6854.81
5125,2563,54,1,30922.05
5126,2563,119,2,19868.15
5127,2564,31,4,11490.6
5128,2564,142,2,12489.82
5129,2565,19,5,17787.61
5130,2565,35,4,33010.69
5131,2566,8,1,58505.04
5132,2566,104,5,6130.95
5133,2567,65,4,8035.55
5134,2567,75,2,3049.5
5135,2568,137,4,11390.83
5136,2568,64,3,17689.49
5137,2569,94,4,1858.01
5138,2569,100,2,6854.81
5139,2570,94,5,1858.01
5140,2570,118,2,9811.84
5141,2571,25,1,53524.51
5142,2571,22,2,18186.29
5143,2572,94,3,1858.01
5144,2572,47,3,23383.27
5145,2573,144,4,11019.62
5146,2573,121,3,6772.08
5147,2574,82,4,23327.1
5148,2574,75,3,3049.5
5149,2575,58,1,27146.74
5150,2575,53,2,26871.05
5151,2576,138,1,13863.67
5152,2576,96,4,6710.71
5153,2577,20,2,81513.85
5154,2577,108,5,13549.63
5155,2578,48,2,12824.52
5156,2578,61,2,44878.78
5157,2579,9,3,19098.4
5158,2579,111,1,9188.58
5159,2580,133,3,8127.63
5160,2580,99,4,16689.48
5161,2581,77,1,23879.21
5162,2581,121,2,6772.08
5163,2582,74,5,41552.59
5164,2582,12,1,9596.51
5165,2583,132,4,3011.07
5166,2583,124,1,796.22
5167,2584,125,5,8947.13
5168,2584,6,5,48408.63
5169,2585,66,5,31441.05
5170,2585,21,3,55484.17
5171,2586,41,4,30082.04
5172,2586,116,1,6378.97
5173,2587,19,3,17787.61
5174,2587,42,4,21976.79
5175,2588,83,1,21901.29
5176,2588,120,2,24465.41
5177,2589,109,1,8516.39
5178,2589,62,2,6674.42
5179,2590,10,3,38310.2
5180,2590,15,4,69325.73
5181,2591,64,2,17689.49
5182,2591,44,2,19789.04
5183,2592,100,2,6854.81
5184,2592,130,1,5954.55
5185,2593,149,4,14866.1
5186,2593,145,5,11360.29
5187,2594,21,1,55484.17
5188,2594,22,2,18186.29
5189,2595,7,4,23330.83
5190,2595,59,4,13085.83
5191,2596,100,1,6854.81
5192,2596,104,4,6130.95
5193,2597,29,5,8346.58
5194,2597,113,5,12566.23
5195,2598,111,5,9188.58
5196,2598,113,5,12566.23
5197,2599,18,4,73820.52
5198,2599,45,4,5214.29
5199,2600,98,4,12384.57
5200,2600,25,3,53524.51
5201,2601,17,4,36162.26
5202,2601,140,2,8987.09
5203,2602,105,3,8125.8
5204,2602,149,4,14866.1
5205,2603,11,1,69215.46
5206,2603,114,2,5726.03
5207,2604,42,1,21976.79
5208,2604,36,4,29242.97
5209,2605,19,2,17787.61
5210,2605,22,3,18186.29
5211,2606,32,5,18206.86
5212,2606,114,1,5726.03
5213,2607,104,2,6130.95
5214,2607,118,2,9811.84
5215,2608,28,4,54101.33
5216,2608,122,2,6970.32
5217,2609,65,5,8035.55
5218,2609,39,5,33931.85
5219,2610,67,2,22314.95
5220,2610,111,4,9188.58
5221,2611,134,4,4785.68
5222,2611,24,4,43820.15
5223,2612,129,3,577.07
5224,2612,3,3,28995.64
5225,2613,77,5,23879.21
5226,2613,90,1,2864.12
5227,2614,33,1,21649.9
5228,2614,105,1,8125.8
5229,2615,33,4,21649.9
5230,2615,132,4,3011.07
5231,2616,64,4,17689.49
5232,2616,4,1,39584.54
5233,2617,70,3,3243.71
5234,2617,129,4,577.07
5235,2618,124,1,796.22
5236,2618,94,5,1858.01
5237,2619,33,4,21649.9
5238,2619,143,1,13026.41
5239,2620,38,3,30726.82
5240,2620,130,2,5954.55
5241,2621,56,5,33257.92
5242,2621,145,1,11360.29
5243,2622,126,5,12459.53
5244,2622,55,4,18034.1
5245,2623,129,4,577.07
5246,2623,69,2,52834.09
5247,2624,31,3,11490.6
5248,2624,18,1,73820.52
5249,2625,35,4,33010.69
5250,2625,18,1,73820.52
5251,2626,17,2,36162.26
5252,2626,136,2,682.08
5253,2627,123,4,612.96
5254,2627,81,4,37707.89
5255,2628,90,2,2864.12
5256,2628,146,5,1905.39
5257,2629,55,4,18034.1
5258,2629,110,4,12983.38
5259,2630,59,2,13085.83
5260,2630,108,3,13549.63
5261,2631,42,4,21976.79
5262,2631,107,4,21829.1
5263,2632,114,2,5726.03
5264,2632,8,1,58505.04
5265,2633,68,2,19598.26
5266,2633,52,3,26084.73
5267,2634,36,4,29242.97
5268,2634,69,2,52834.09
5269,2635,73,1,37272.06
5270,2635,118,1,9811.84
5271,2636,104,2,6130.95
5272,2636,125,4,8947.13
5273,2637,112,3,17873.14
5274,2637,124,5,796.22
5275,2638,79,5,33873.61
5276,2638,112,1,17873.14
5277,2639,81,4,37707.89
5278,2639,65,1,8035.55
5279,2640,59,1,13085.83
5280,2640,6,4,48408.63
5281,2641,103,4,22522.89
5282,2641,12,2,9596.51
5283,2642,127,2,1177.88
5284,2642,78,3,26923.68
5285,2643,31,2,11490.6
5286,2643,91,4,6848.12
5287,2644,2,5,4930.4
5288,2644,14,1,10437.0
5289,2645,67,5,22314.95
5290,2645,4,4,39584.54
5291,2646,142,1,12489.82
5292,2646,15,4,69325.73
5293,2647,87,5,45649.01
5294,2647,94,1,1858.01
5295,2648,53,4,26871.05
5296,2648,56,2,33257.92
5297,2649,111,2,9188.58
5298,2649,59,4,13085.83
5299,2650,83,1,21901.29
5300,2650,86,3,15173.3
5301,2651,54,2,30922.05
5302,2651,48,4,12824.52
5303,2652,3,2,28995.64
5304,2652,124,5,796.22
5305,2653,71,4,3528.52
5306,2653,47,3,23383.27
5307,2654,15,4,69325.73
5308,2654,133,2,8127.63
5309,2655,116,3,6378.97
5310,2655,67,3,22314.95
5311,2656,135,4,11516.05
5312,2656,14,2,10437.0
5313,2657,55,1,18034.1
5314,2657,121,1,6772.08
5315,2658,12,3,9596.51
5316,2658,97,3,3939.13
5317,2659,11,1,69215.46
5318,2659,106,4,19681.04
5319,2660,79,1,33873.61
5320,2660,96,5,6710.71
5321,2661,99,4,16689.48
5322,2661,82,2,23327.1
5323,2662,74,1,41552.59
5324,2662,138,4,13863.67
5325,2663,70,1,3243.71
5326,2663,81,3,37707.89
5327,2664,5,4,84081.85
5328,2664,85,4,7335.47
5329,2665,107,3,21829.1
5330,2665,79,5,33873.61
5331,2666,97,2,3939.13
5332,2666,147,2,14301.36
5333,2667,25,3,53524.51
5334,2667,143,1,13026.41
5335,2668,146,4,1905.39
5336,2668,80,2,27401.27
5337,2669,71,1,3528.52
5338,2669,73,2,37272.06
5339,2670,103,3,22522.89
5340,2670,75,3,3049.5
5341,2671,21,5,55484.17
5342,2671,20,4,81513.85
5343,2672,13,1,54402.04
5344,2672,46,2,32887.05
5345,2673,39,4,33931.85
5346,2673,85,4,7335.47
5347,2674,127,5,1177.88
5348,2674,41,4,30082.04
5349,2675,97,2,3939.13
5350,2675,78,2,26923.68
5351,2676,72,1,49059.06
5352,2676,119,5,19868.15
5353,2677,17,3,36162.26
5354,2677,134,1,4785.68
5355,2678,138,5,13863.67
5356,2678,100,3,6854.81
5357,2679,143,4,13026.41
5358,2679,27,3,8040.26
5359,2680,105,5,8125.8
5360,2680,39,1,33931.85
5361,2681,20,5,81513.85
5362,2681,57,4,21935.06
5363,2682,138,4,13863.67
5364,2682,93,4,11413.05
5365,2683,71,1,3528.52
5366,2683,44,2,19789.04
5367,2684,131,4,3599.39
5368,2684,110,4,12983.38
5369,2685,4,3,39584.54
5370,2685,69,3,52834.09
5371,2686,122,1,6970.32
5372,2686,138,4,13863.67
5373,2687,145,3,11360.29
5374,2687,17,2,36162.26
5375,2688,14,3,10437.0
5376,2688,10,5,38310.2
5377,2689,14,5,10437.0
5378,2689,105,2,8125.8
5379,2690,134,2,4785.68
5380,2690,82,3,23327.1
5381,2691,124,1,796.22
5382,2691,73,2,37272.06
5383,2692,120,1,24465.41
5384,2692,56,1,33257.92
5385,2693,22,2,18186.29
5386,2693,17,2,36162.26
5387,2694,86,5,15173.3
5388,2694,86,2,15173.3
5389,2695,86,2,15173.3
5390,2695,35,3,33010.69
5391,2696,31,2,11490.6
5392,2696,109,4,8516.39
5393,2697,104,2,6130.95
5394,2697,12,4,9596.51
5395,2698,144,3,11019.62
5396,2698,101,4,5781.84
5397,2699,12,5,9596.51
5398,2699,1,2,52539.0
5399,2700,132,5,3011.07
5400,2700,85,3,7335.47
5401,2701,18,1,73820.52
5402,2701,20,1,81513.85
5403,2702,34,1,2255.17
5404,2702,24,3,43820.15
5405,2703,9,2,19098.4
5406,2703,97,1,3939.13
5407,2704,86,3,15173.3
5408,2704,66,2,31441.05
5409,2705,119,4,19868.15
5410,2705,24,3,43820.15
5411,2706,17,1,36162.26
5412,2706,80,3,27401.27
5413,2707,35,5,33010.69
5414,2707,138,4,13863.67
5415,2708,105,3,8125.8
5416,2708,111,5,9188.58
5417,2709,131,1,3599.39
5418,2709,7,3,23330.83
5419,2710,83,2,21901.29
5420,2710,98,1,12384.57
5421,2711,86,1,15173.3
5422,2711,129,3,577.07
5423,2712,76,4,5024.14
5424,2712,71,1,3528.52
5425,2713,52,4,26084.73
5426,2713,38,5,30726.82
5427,2714,28,1,54101.33
5428,2714,33,2,21649.9
5429,2715,54,1,30922.05
5430,2715,78,3,26923.68
5431,2716,143,5,13026.41
5432,2716,104,2,6130.95
5433,2717,107,4,21829.1
5434,2717,130,1,5954.55
5435,2718,45,5,5214.29
5436,2718,82,3,23327.1
5437,2719,69,5,52834.09
5438,2719,88,5,48004.49
5439,2720,115,3,21162.49
5440,2720,48,4,12824.52
5441,2721,89,4,4655.22
5442,2721,10,1,38310.2
5443,2722,89,4,4655.22
5444,2722,36,5,29242.97
5445,2723,75,3,3049.5
5446,2723,50,2,27118.65
5447,2724,9,5,19098.4
5448,2724,23,1,49555.53
5449,2725,110,1,12983.38
5450,2725,106,2,19681.04
5451,2726,64,5,17689.49
5452,2726,84,4,5359.51
5453,2727,24,2,43820.15
5454,2727,98,1,12384.57
5455,2728,84,1,5359.51
5456,2728,3,1,28995.64
5457,2729,53,4,26871.05
5458,2729,67,5,22314.95
5459,2730,38,1,30726.82
5460,2730,39,1,33931.85
5461,2731,108,5,13549.63
5462,2731,132,4,3011.07
5463,2732,10,1,38310.2
5464,2732,128,4,9263.29
5465,2733,84,4,5359.51
5466,2733,24,3,43820.15
5467,2734,93,3,11413.05
5468,2734,99,2,16689.48
5469,2735,49,5,8217.13
5470,2735,73,4,37272.06
5471,2736,107,3,21829.1
5472,2736,105,5,8125.8
5473,2737,17,3,36162.26
5474,2737,87,4,45649.01
5475,2738,131,3,3599.39
5476,2738,2,5,4930.4
5477,2739,87,1,45649.01
5478,2739,141,1,701.97
5479,2740,81,5,37707.89
5480,2740,16,3,2931.99
5481,2741,97,1,3939.13
5482,2741,56,2,33257.92
5483,2742,100,4,6854.81
5484,2742,35,3,33010.69
5485,2743,25,1,53524.51
5486,2743,60,1,33321.91
5487,2744,94,2,1858.01
5488,2744,7,5,23330.83
5489,2745,120,1,24465.41
5490,2745,62,2,6674.42
5491,2746,1,2,52539.0
5492,2746,71,4,3528.52
5493,2747,124,4,796.22
5494,2747,108,5,13549.63
5495,2748,108,5,13549.63
5496,2748,143,4,13026.41
5497,2749,2,4,4930.4
5498,2749,76,1,5024.14
5499,2750,15,5,69325.73
5500,2750,14,5,10437.0
5501,2751,17,1,36162.26
5502,2751,121,2,6772.08
5503,2752,145,5,11360.29
5504,2752,112,4,17873.14
5505,2753,44,2,19789.04
5506,2753,73,5,37272.06
5507,2754,87,3,45649.01
5508,2754,30,3,12993.37
5509,2755,115,1,21162.49
5510,2755,52,3,26084.73
5511,2756,52,3,26084.73
5512,2756,147,1,14301.36
5513,2757,113,1,12566.23
5514,2757,13,1,54402.04
5515,2758,60,3,33321.91
5516,2758,127,1,1177.88
5517,2759,86,5,15173.3
5518,2759,59,2,13085.83
5519,2760,79,5,33873.61
5520,2760,72,2,49059.06
5521,2761,125,3,8947.13
5522,2761,126,3,12459.53
5523,2762,16,4,2931.99
5524,2762,54,4,30922.05
5525,2763,143,3,13026.41
5526,2763,54,5,30922.05
5527,2764,48,5,12824.52
5528,2764,103,2,22522.89
5529,2765,97,5,3939.13
5530,2765,60,3,33321.91
5531,2766,21,1,55484.17
5532,2766,94,2,1858.01
5533,2767,92,4,2654.0
5534,2767,69,1,52834.09
5535,2768,103,3,22522.89
5536,2768,13,4,54402.04
5537,2769,76,2,5024.14
5538,2769,59,1,13085.83
5539,2770,89,3,4655.22
5540,2770,16,4,2931.99
5541,2771,146,4,1905.39
5542,2771,95,1,15378.47
5543,2772,71,5,3528.52
5544,2772,37,4,25059.66
5545,2773,143,2,13026.41
5546,2773,117,2,14181.77
5547,2774,87,4,45649.01
5548,2774,64,5,17689.49
5549,2775,64,1,17689.49
5550,2775,16,5,2931.99
5551,2776,38,2,30726.82
5552,2776,72,1,49059.06
5553,2777,24,4,43820.15
5554,2777,122,1,6970.32
5555,2778,95,3,15378.47
5556,2778,50,4,27118.65
5557,2779,126,2,12459.53
5558,2779,29,4,8346.58
5559,2780,75,2,3049.5
5560,2780,17,1,36162.26
5561,2781,88,2,48004.49
5562,2781,27,5,8040.26
5563,2782,41,4,30082.04
5564,2782,61,4,44878.78
5565,2783,2,5,4930.4
5566,2783,127,1,1177.88
5567,2784,121,2,6772.08
5568,2784,95,3,15378.47
5569,2785,26,2,72907.28
5570,2785,24,1,43820.15
5571,2786,62,5,6674.42
5572,2786,138,4,13863.67
5573,2787,139,5,4159.23
5574,2787,110,2,12983.38
5575,2788,86,5,15173.3
5576,2788,76,1,5024.14
5577,2789,37,2,25059.66
5578,2789,3,4,28995.64
5579,2790,92,4,2654.0
5580,2790,116,3,6378.97
5581,2791,81,2,37707.89
5582,2791,120,4,24465.41
5583,2792,10,5,38310.2
5584,2792,102,3,18592.29
5585,2793,40,2,19403.2
5586,2793,94,4,1858.01
5587,2794,54,5,30922.05
5588,2794,94,1,1858.01
5589,2795,112,1,17873.14
5590,2795,51,1,8341.82
5591,2796,40,1,19403.2
5592,2796,21,3,55484.17
5593,2797,68,2,19598.26
5594,2797,50,5,27118.65
5595,2798,21,3,55484.17
5596,2798,85,3,7335.47
5597,2799,15,2,69325.73
5598,2799,36,4,29242.97
5599,2800,70,1,3243.71
5600,2800,88,3,48004.49
5601,2801,111,3,9188.58
5602,2801,47,2,23383.27
5603,2802,94,3,1858.01
5604,2802,146,2,1905.39
5605,2803,35,4,33010.69
5606,2803,19,5,17787.61
5607,2804,47,1,23383.27
5608,2804,121,3,6772.08
5609,2805,71,1,3528.52
5610,2805,28,3,54101.33
5611,2806,133,4,8127.63
5612,2806,42,5,21976.79
5613,2807,125,5,8947.13
5614,2807,49,2,8217.13
5615,2808,130,3,5954.55
5616,2808,83,2,21901.29
5617,2809,134,1,4785.68
5618,2809,43,5,14873.86
5619,2810,32,4,18206.86
5620,2810,112,1,17873.14
5621,2811,69,1,52834.09
5622,2811,8,5,58505.04
5623,2812,143,5,13026.41
5624,2812,58,4,27146.74
5625,2813,139,4,4159.23
5626,2813,11,1,69215.46
5627,2814,121,2,6772.08
5628,2814,20,3,81513.85
5629,2815,23,5,49555.53
5630,2815,68,4,19598.26
5631,2816,73,3,37272.06
5632,2816,11,1,69215.46
5633,2817,16,3,2931.99
5634,2817,65,2,8035.55
5635,2818,24,2,43820.15
5636,2818,33,2,21649.9
5637,2819,107,3,21829.1
5638,2819,150,2,7113.49
5639,2820,57,2,21935.06
5640,2820,114,2,5726.03
5641,2821,77,3,23879.21
5642,2821,92,1,2654.0
5643,2822,57,5,21935.06
5644,2822,148,2,10266.15
5645,2823,78,4,26923.68
5646,2823,109,3,8516.39
5647,2824,150,3,7113.49
5648,2824,47,2,23383.27
5649,2825,39,3,33931.85
5650,2825,52,4,26084.73
5651,2826,122,3,6970.32
5652,2826,47,2,23383.27
5653,2827,106,4,19681.04
5654,2827,17,4,36162.26
5655,2828,74,5,41552.59
5656,2828,66,2,31441.05
5657,2829,89,1,4655.22
5658,2829,74,3,41552.59
5659,2830,74,4,41552.59
5660,2830,35,4,33010.69
5661,2831,11,3,69215.46
5662,2831,88,2,48004.49
5663,2832,129,3,577.07
5664,2832,91,3,6848.12
5665,2833,139,5,4159.23
5666,2833,87,5,45649.01
5667,2834,26,5,72907.28
5668,2834,145,1,11360.29
5669,2835,57,3,21935.06
5670,2835,121,4,6772.08
5671,2836,65,3,8035.55
5672,2836,148,3,10266.15
5673,2837,143,3,13026.41
5674,2837,55,5,18034.1
5675,2838,27,1,8040.26
5676,2838,18,2,73820.52
5677,2839,14,5,10437.0
5678,2839,54,2,30922.05
5679,2840,21,2,55484.17
5680,2840,27,4,8040.26
5681,2841,26,4,72907.28
5682,2841,108,2,13549.63
5683,2842,92,1,2654.0
5684,2842,148,4,10266.15
5685,2843,53,1,26871.05
5686,2843,8,2,58505.04
5687,2844,133,2,8127.63
5688,2844,56,1,33257.92
5689,2845,37,4,25059.66
5690,2845,84,2,5359.51
5691,2846,129,1,577.07
5692,2846,1,1,52539.0
5693,2847,114,3,5726.03
5694,2847,140,5,8987.09
5695,2848,138,4,13863.67
5696,2848,20,1,81513.85
5697,2849,92,3,2654.0
5698,2849,134,3,4785.68
5699,2850,10,3,38310.2
5700,2850,63,5,29768.75
5701,2851,14,1,10437.0
5702,2851,139,4,4159.23
5703,2852,105,4,8125.8
5704,2852,85,5,7335.47
5705,2853,20,3,81513.85
5706,2853,54,5,30922.05
5707,2854,64,4,17689.49
5708,2854,40,2,19403.2
5709,2855,62,2,6674.42
5710,2855,54,4,30922.05
5711,2856,71,4,3528.52
5712,2856,147,3,14301.36
5713,2857,69,5,52834.09
5714,2857,80,4,27401.27
5715,2858,93,5,11413.05
5716,2858,37,1,25059.66
5717,2859,93,3,11413.05
5718,2859,134,5,4785.68
5719,2860,135,3,11516.05
5720,2860,14,4,10437.0
5721,2861,55,2,18034.1
5722,2861,95,4,15378.47
5723,2862,23,4,49555.53
5724,2862,48,5,12824.52
5725,2863,15,4,69325.73
5726,2863,123,2,612.96
5727,2864,107,5,21829.1
5728,2864,33,3,21649.9
5729,2865,48,2,12824.52
5730,2865,34,1,2255.17
5731,2866,104,4,6130.95
5732,2866,38,4,30726.82
5733,2867,35,3,33010.69
5734,2867,9,4,19098.4
5735,2868,3,1,28995.64
5736,2868,35,1,33010.69
5737,2869,4,5,39584.54
5738,2869,73,1,37272.06
5739,2870,122,3,6970.32
5740,2870,133,5,8127.63
5741,2871,42,2,21976.79
5742,2871,38,4,30726.82
5743,2872,33,3,21649.9
5744,2872,132,3,3011.07
5745,2873,58,1,27146.74
5746,2873,127,5,1177.88
5747,2874,86,5,15173.3
5748,2874,121,5,6772.08
5749,2875,124,2,796.22
5750,2875,70,1,3243.71
5751,2876,90,2,2864.12
5752,2876,139,4,4159.23
5753,2877,123,4,612.96
5754,2877,113,4,12566.23
5755,2878,4,2,39584.54
5756,2878,124,2,796.22
5757,2879,114,5,5726.03
5758,2879,104,4,6130.95
5759,2880,37,5,25059.66
5760,2880,11,2,69215.46
5761,2881,105,4,8125.8
5762,2881,32,5,18206.86
5763,2882,148,5,10266.15
5764,2882,65,4,8035.55
5765,2883,95,1,15378.47
5766,2883,23,2,49555.53
5767,2884,50,3,27118.65
5768,2884,124,5,796.22
5769,2885,38,2,30726.82
5770,2885,51,5,8341.82
5771,2886,70,5,3243.71
5772,2886,119,1,19868.15
5773,2887,139,2,4159.23
5774,2887,79,1,33873.61
5775,2888,112,2,17873.14
5776,2888,97,2,3939.13
5777,2889,95,2,15378.47
5778,2889,102,3,18592.29
5779,2890,80,1,27401.27
5780,2890,70,5,3243.71
5781,2891,122,4,6970.32
5782,2891,113,3,12566.23
5783,2892,87,5,45649.01
5784,2892,145,3,11360.29
5785,2893,32,5,18206.86
5786,2893,138,2,13863.67
5787,2894,98,5,12384.57
5788,2894,2,5,4930.4
5789,2895,149,5,14866.1
5790,2895,135,1,11516.05
5791,2896,50,2,27118.65
5792,2896,6,4,48408.63
5793,2897,100,3,6854.81
5794,2897,75,5,3049.5
5795,2898,17,4,36162.26
5796,2898,91,3,6848.12
5797,2899,34,3,2255.17
5798,2899,59,5,13085.83
5799,2900,17,2,36162.26
5800,2900,90,3,2864.12
5801,2901,36,3,29242.97
5802,2901,8,1,58505.04
5803,2902,50,1,27118.65
5804,2902,140,5,8987.09
5805,2903,120,2,24465.41
5806,2903,122,4,6970.32
5807,2904,13,2,54402.04
5808,2904,121,5,6772.08
5809,2905,122,1,6970.32
5810,2905,51,2,8341.82
5811,2906,35,1,33010.69
5812,2906,87,5,45649.01
5813,2907,54,4,30922.05
5814,2907,54,1,30922.05
5815,2908,51,5,8341.82
5816,2908,33,5,21649.9
5817,2909,89,5,4655.22
5818,2909,110,4,12983.38
5819,2910,70,2,3243.71
5820,2910,99,1,16689.48
5821,2911,75,5,3049.5
5822,2911,136,5,682.08
5823,2912,61,2,44878.78
5824,2912,101,2,5781.84
5825,2913,141,1,701.97
5826,2913,113,3,12566.23
5827,2914,2,4,4930.4
5828,2914,11,5,69215.46
5829,2915,76,4,5024.14
5830,2915,17,5,36162.26
5831,2916,131,5,3599.39
5832,2916,4,4,39584.54
5833,2917,89,1,4655.22
5834,2917,60,1,33321.91
5835,2918,150,1,7113.49
5836,2918,71,2,3528.52
5837,2919,145,4,11360.29
5838,2919,115,2,21162.49
5839,2920,4,4,39584.54
5840,2920,65,4,8035.55
5841,2921,141,4,701.97
5842,2921,53,5,26871.05
5843,2922,97,3,3939.13
5844,2922,100,1,6854.81
5845,2923,16,4,2931.99
5846,2923,141,1,701.97
5847,2924,44,4,19789.04
5848,2924,117,5,14181.77
5849,2925,66,5,31441.05
5850,2925,32,4,18206.86
5851,2926,109,3,8516.39
5852,2926,82,5,23327.1
5853,2927,142,5,12489.82
5854,2927,34,2,2255.17
5855,2928,17,4,36162.26
5856,2928,38,4,30726.82
5857,2929,9,3,19098.4
5858,2929,26,3,72907.28
5859,2930,31,5,11490.6
5860,2930,93,4,11413.05
5861,2931,33,2,21649.9
5862,2931,61,2,44878.78
5863,2932,137,2,11390.83
5864,2932,29,4,8346.58
5865,2933,128,2,9263.29
5866,2933,149,1,14866.1
5867,2934,9,2,19098.4
5868,2934,116,2,6378.97
5869,2935,79,4,33873.61
5870,2935,16,5,2931.99
5871,2936,66,1,31441.05
5872,2936,92,1,2654.0
5873,2937,51,1,8341.82
5874,2937,126,3,12459.53
5875,2938,84,3,5359.51
5876,2938,38,5,30726.82
5877,2939,9,1,19098.4
5878,2939,51,3,8341.82
5879,2940,44,1,19789.04
5880,2940,94,4,1858.01
5881,2941,9,5,19098.4
5882,2941,51,5,8341.82
5883,2942,34,2,2255.17
5884,2942,107,2,21829.1
5885,2943,1,2,52539.0
5886,2943,14,4,10437.0
5887,2944,130,2,5954.55
5888,2944,128,1,9263.29
5889,2945,105,3,8125.8
5890,2945,38,5,30726.82
5891,2946,71,4,3528.52
5892,2946,26,2,72907.28
5893,2947,91,4,6848.12
5894,2947,138,1,13863.67
5895,2948,43,2,14873.86
5896,2948,49,1,8217.13
5897,2949,108,1,13549.63
5898,2949,51,1,8341.82
5899,2950,139,5,4159.23
5900,2950,48,3,12824.52
5901,2951,104,2,6130.95
5902,2951,21,1,55484.17
5903,2952,75,1,3049.5
5904,2952,44,1,19789.04
5905,2953,90,2,2864.12
5906,2953,13,5,54402.04
5907,2954,4,3,39584.54
5908,2954,15,2,69325.73
5909,2955,118,4,9811.84
5910,2955,19,4,17787.61
5911,2956,126,5,12459.53
5912,2956,26,2,72907.28
5913,2957,132,5,3011.07
5914,2957,64,2,17689.49
5915,2958,34,2,2255.17
5916,2958,71,3,3528.52
5917,2959,66,2,31441.05
5918,2959,38,2,30726.82
5919,2960,22,4,18186.29
5920,2960,128,5,9263.29
5921,2961,29,4,8346.58
5922,2961,46,1,32887.05
5923,2962,71,2,3528.52
5924,2962,122,4,6970.32
5925,2963,93,4,11413.05
5926,2963,87,4,45649.01
5927,2964,6,4,48408.63
5928,2964,109,2,8516.39
5929,2965,18,3,73820.52
5930,2965,31,4,11490.6
5931,2966,56,3,33257.92
5932,2966,15,2,69325.73
5933,2967,17,3,36162.26
5934,2967,48,1,12824.52
5935,2968,6,4,48408.63
5936,2968,31,1,11490.6
5937,2969,68,1,19598.26
5938,2969,12,4,9596.51
5939,2970,73,3,37272.06
5940,2970,87,5,45649.01
5941,2971,48,1,12824.52
5942,2971,7,5,23330.83
5943,2972,66,1,31441.05
5944,2972,33,3,21649.9
5945,2973,65,3,8035.55
5946,2973,32,4,18206.86
5947,2974,25,5,53524.51
5948,2974,79,4,33873.61
5949,2975,86,2,15173.3
5950,2975,119,1,19868.15
5951,2976,39,2,33931.85
5952,2976,131,4,3599.39
5953,2977,133,2,8127.63
5954,2977,47,2,23383.27
5955,2978,44,2,19789.04
5956,2978,98,4,12384.57
5957,2979,113,1,12566.23
5958,2979,142,5,12489.82
5959,2980,95,2,15378.47
5960,2980,77,2,23879.21
5961,2981,91,1,6848.12
5962,2981,128,1,9263.29
5963,2982,32,2,18206.86
5964,2982,82,5,23327.1
5965,2983,137,1,11390.83
5966,2983,41,1,30082.04
5967,2984,96,3,6710.71
5968,2984,90,2,2864.12
5969,2985,68,5,19598.26
5970,2985,148,5,10266.15
5971,2986,64,1,17689.49
5972,2986,130,4,5954.55
5973,2987,32,2,18206.86
5974,2987,4,1,39584.54
5975,2988,104,1,6130.95
5976,2988,143,5,13026.41
5977,2989,7,3,23330.83
5978,2989,18,1,73820.52
5979,2990,47,1,23383.27
5980,2990,34,4,2255.17
5981,2991,32,1,18206.86
5982,2991,2,4,4930.4
5983,2992,31,1,11490.6
5984,2992,36,5,29242.97
5985,2993,100,4,6854.81
5986,2993,69,4,52834.09
5987,2994,121,4,6772.08
5988,2994,131,1,3599.39
5989,2995,50,3,27118.65
5990,2995,147,2,14301.36
5991,2996,27,4,8040.26
5992,2996,60,5,33321.91
5993,2997,56,3,33257.92
5994,2997,140,2,8987.09
5995,2998,94,3,1858.01
5996,2998,114,3,5726.03
5997,2999,148,1,10266.15
5998,2999,139,3,4159.23
5999,3000,113,3,12566.23
6000,3000,125,1,8947.13
6001,3001,126,4,12459.53
6002,3001,28,3,54101.33
6003,3002,86,4,15173.3
6004,3002,75,5,3049.5
6005,3003,148,4,10266.15
6006,3003,65,2,8035.55
6007,3004,40,2,19403.2
6008,3004,68,4,19598.26
6009,3005,99,2,16689.48
6010,3005,28,5,54101.33
6011,3006,26,3,72907.28
6012,3006,137,5,11390.83
6013,3007,108,1,13549.63
6014,3007,51,2,8341.82
6015,3008,100,2,6854.81
6016,3008,65,2,8035.55
6017,3009,14,5,10437.0
6018,3009,39,4,33931.85
6019,3010,41,1,30082.04
6020,3010,73,5,37272.06
6021,3011,35,3,33010.69
6022,3011,6,1,48408.63
6023,3012,89,2,4655.22
6024,3012,18,4,73820.52
6025,3013,54,5,30922.05
6026,3013,29,1,8346.58
6027,3014,18,5,73820.52
6028,3014,114,2,5726.03
6029,3015,53,2,26871.05
6030,3015,73,4,37272.06
6031,3016,26,3,72907.28
6032,3016,42,3,21976.79
6033,3017,143,5,13026.41
6034,3017,103,4,22522.89
6035,3018,60,5,33321.91
6036,3018,16,2,2931.99
6037,3019,27,4,8040.26
6038,3019,146,4,1905.39
6039,3020,46,5,32887.05
6040,3020,27,5,8040.26
6041,3021,131,3,3599.39
6042,3021,137,3,11390.83
6043,3022,10,4,38310.2
6044,3022,62,3,6674.42
6045,3023,59,1,13085.83
6046,3023,147,1,14301.36
6047,3024,141,3,701.97
6048,3024,115,2,21162.49
6049,3025,71,4,3528.52
6050,3025,133,4,8127.63
6051,3026,119,3,19868.15
6052,3026,141,5,701.97
6053,3027,122,1,6970.32
6054,3027,24,3,43820.15
6055,3028,74,2,41552.59
6056,3028,35,4,33010.69
6057,3029,11,5,69215.46
6058,3029,95,3,15378.47
6059,3030,122,4,6970.32
6060,3030,41,1,30082.04
6061,3031,13,3,54402.04
6062,3031,60,4,33321.91
6063,3032,141,5,701.97
6064,3032,14,5,10437.0
6065,3033,148,4,10266.15
6066,3033,70,2,3243.71
6067,3034,81,2,37707.89
6068,3034,140,2,8987.09
6069,3035,9,1,19098.4
6070,3035,139,4,4159.23
6071,3036,126,4,12459.53
6072,3036,116,1,6378.97
6073,3037,42,5,21976.79
6074,3037,69,3,52834.09
6075,3038,20,1,81513.85
6076,3038,95,2,15378.47
6077,3039,1,5,52539.0
6078,3039,28,2,54101.33
6079,3040,127,1,1177.88
6080,3040,114,2,5726.03
6081,3041,99,4,16689.48
6082,3041,46,1,32887.05
6083,3042,105,2,8125.8
6084,3042,128,2,9263.29
6085,3043,67,3,22314.95
6086,3043,117,1,14181.77
6087,3044,146,5,1905.39
6088,3044,110,4,12983.38
6089,3045,67,3,22314.95
6090,3045,4,4,39584.54
6091,3046,17,4,36162.26
6092,3046,38,2,30726.82
6093,3047,40,3,19403.2
6094,3047,35,4,33010.69
6095,3048,89,3,4655.22
6096,3048,86,4,15173.3
6097,3049,87,4,45649.01
6098,3049,105,5,8125.8
6099,3050,32,1,18206.86
6100,3050,42,1,21976.79
6101,3051,10,3,38310.2
6102,3051,108,3,13549.63
6103,3052,82,3,23327.1
6104,3052,63,1,29768.75
6105,3053,65,1,8035.55
6106,3053,124,3,796.22
6107,3054,51,5,8341.82
6108,3054,53,5,26871.05
6109,3055,118,2,9811.84
6110,3055,116,1,6378.97
6111,3056,122,3,6970.32
6112,3056,55,2,18034.1
6113,3057,91,5,6848.12
6114,3057,46,3,32887.05
6115,3058,43,2,14873.86
6116,3058,143,3,13026.41
6117,3059,65,5,8035.55
6118,3059,34,2,2255.17
6119,3060,39,5,33931.85
6120,3060,4,1,39584.54
6121,3061,121,1,6772.08
6122,3061,10,4,38310.2
6123,3062,52,4,26084.73
6124,3062,135,1,11516.05
6125,3063,32,5,18206.86
6126,3063,111,5,9188.58
6127,3064,63,5,29768.75
6128,3064,55,5,18034.1
6129,3065,88,3,48004.49
6130,3065,49,3,8217.13
6131,3066,86,4,15173.3
6132,3066,20,2,81513.85
6133,3067,144,3,11019.62
6134,3067,15,2,69325.73
6135,3068,130,3,5954.55
6136,3068,16,3,2931.99
6137,3069,142,5,12489.82
6138,3069,119,1,19868.15
6139,3070,65,5,8035.55
6140,3070,24,5,43820.15
6141,3071,51,1,8341.82
6142,3071,141,4,701.97
6143,3072,57,2,21935.06
6144,3072,60,2,33321.91
6145,3073,84,1,5359.51
6146,3073,146,3,1905.39
6147,3074,14,5,10437.0
6148,3074,107,2,21829.1
6149,3075,49,2,8217.13
6150,3075,79,3,33873.61
6151,3076,7,3,23330.83
6152,3076,146,2,1905.39
6153,3077,142,5,12489.82
6154,3077,140,2,8987.09
6155,3078,63,2,29768.75
6156,3078,54,4,30922.05
6157,3079,134,4,4785.68
6158,3079,53,2,26871.05
6159,3080,84,5,5359.51
6160,3080,16,3,2931.99
6161,3081,141,2,701.97
6162,3081,150,5,7113.49
6163,3082,87,5,45649.01
6164,3082,129,1,577.07
6165,3083,73,5,37272.06
6166,3083,138,1,13863.67
6167,3084,83,5,21901.29
6168,3084,86,1,15173.3
6169,3085,90,3,2864.12
6170,3085,106,4,19681.04
6171,3086,71,4,3528.52
6172,3086,78,2,26923.68
6173,3087,47,4,23383.27
6174,3087,51,1,8341.82
6175,3088,10,4,38310.2
6176,3088,62,4,6674.42
6177,3089,76,4,5024.14
6178,3089,10,3,38310.2
6179,3090,135,4,11516.05
6180,3090,16,3,2931.99
6181,3091,36,5,29242.97
6182,3091,12,3,9596.51
6183,3092,139,5,4159.23
6184,3092,28,5,54101.33
6185,3093,37,5,25059.66
6186,3093,75,3,3049.5
6187,3094,114,4,5726.03
6188,3094,55,2,18034.1
6189,3095,117,4,14181.77
6190,3095,147,2,14301.36
6191,3096,131,1,3599.39
6192,3096,66,4,31441.05
6193,3097,11,1,69215.46
6194,3097,63,1,29768.75
6195,3098,51,4,8341.82
6196,3098,111,1,9188.58
6197,3099,70,5,3243.71
6198,3099,28,5,54101.33
6199,3100,26,4,72907.28
6200,3100,145,4,11360.29
6201,3101,6,3,48408.63
6202,3101,117,5,14181.77
6203,3102,115,2,21162.49
6204,3102,26,1,72907.28
6205,3103,130,1,5954.55
6206,3103,45,4,5214.29
6207,3104,18,2,73820.52
6208,3104,109,2,8516.39
6209,3105,47,3,23383.27
6210,3105,95,4,15378.47
6211,3106,134,3,4785.68
6212,3106,19,5,17787.61
6213,3107,3,2,28995.64
6214,3107,39,2,33931.85
6215,3108,35,1,33010.69
6216,3108,30,2,12993.37
6217,3109,130,5,5954.55
6218,3109,110,5,12983.38
6219,3110,18,5,73820.52
6220,3110,104,4,6130.95
6221,3111,8,4,58505.04
6222,3111,4,5,39584.54
6223,3112,79,1,33873.61
6224,3112,149,3,14866.1
6225,3113,127,2,1177.88
6226,3113,65,1,8035.55
6227,3114,106,5,19681.04
6228,3114,88,5,48004.49
6229,3115,66,3,31441.05
6230,3115,54,4,30922.05
6231,3116,146,5,1905.39
6232,3116,19,1,17787.61
6233,3117,90,2,2864.12
6234,3117,80,1,27401.27
6235,3118,94,2,1858.01
6236,3118,76,4,5024.14
6237,3119,74,5,41552.59
6238,3119,47,2,23383.27
6239,3120,11,5,69215.46
6240,3120,17,1,36162.26
6241,3121,121,5,6772.08
6242,3121,150,2,7113.49
6243,3122,70,3,3243.71
6244,3122,104,3,6130.95
6245,3123,19,2,17787.61
6246,3123,7,4,23330.83
6247,3124,44,4,19789.04
6248,3124,117,3,14181.77
6249,3125,83,2,21901.29
6250,3125,58,5,27146.74
6251,3126,97,2,3939.13
6252,3126,82,5,23327.1
6253,3127,145,1,11360.29
6254,3127,113,5,12566.23
6255,3128,8,2,58505.04
6256,3128,124,1,796.22
6257,3129,82,2,23327.1
6258,3129,36,4,29242.97
6259,3130,61,4,44878.78
6260,3130,42,2,21976.79
6261,3131,106,2,19681.04
6262,3131,136,4,682.08
6263,3132,29,4,8346.58
6264,3132,29,4,8346.58
6265,3133,144,1,11019.62
6266,3133,50,5,27118.65
6267,3134,49,3,8217.13
6268,3134,135,1,11516.05
6269,3135,127,5,1177.88
6270,3135,25,1,53524.51
6271,3136,92,2,2654.0
6272,3136,77,3,23879.21
6273,3137,4,2,39584.54
6274,3137,81,4,37707.89
6275,3138,138,2,13863.67
6276,3138,94,3,1858.01
6277,3139,46,1,32887.05
6278,3139,30,2,12993.37
6279,3140,87,4,45649.01
6280,3140,102,1,18592.29
6281,3141,80,3,27401.27
6282,3141,76,1,5024.14
6283,3142,16,3,2931.99
6284,3142,118,5,9811.84
6285,3143,146,4,1905.39
6286,3143,141,3,701.97
6287,3144,57,1,21935.06
6288,3144,88,2,48004.49
6289,3145,42,4,21976.79
6290,3145,22,1,18186.29
6291,3146,4,4,39584.54
6292,3146,79,4,33873.61
6293,3147,90,3,2864.12
6294,3147,11,4,69215.46
6295,3148,95,2,15378.47
6296,3148,3,2,28995.64
6297,3149,2,1,4930.4
6298,3149,109,5,8516.39
6299,3150,104,3,6130.95
6300,3150,42,2,21976.79
6301,3151,41,1,30082.04
6302,3151,78,2,26923.68
6303,3152,6,3,48408.63
6304,3152,41,2,30082.04
6305,3153,72,4,49059.06
6306,3153,3,3,28995.64
6307,3154,41,5,30082.04
6308,3154,76,5,5024.14
6309,3155,81,1,37707.89
6310,3155,20,2,81513.85
6311,3156,104,4,6130.95
6312,3156,36,3,29242.97
6313,3157,87,1,45649.01
6314,3157,144,5,11019.62
6315,3158,61,2,44878.78
6316,3158,14,1,10437.0
6317,3159,136,3,682.08
6318,3159,141,4,701.97
6319,3160,83,2,21901.29
6320,3160,17,5,36162.26
6321,3161,58,2,27146.74
6322,3161,99,5,16689.48
6323,3162,77,3,23879.21
6324,3162,97,3,3939.13
6325,3163,57,1,21935.06
6326,3163,6,2,48408.63
6327,3164,30,2,12993.37
6328,3164,7,5,23330.83
6329,3165,126,4,12459.53
6330,3165,88,5,48004.49
6331,3166,55,3,18034.1
6332,3166,127,1,1177.88
6333,3167,121,5,6772.08
6334,3167,109,2,8516.39
6335,3168,4,5,39584.54
6336,3168,45,4,5214.29
6337,3169,149,5,14866.1
6338,3169,127,5,1177.88
6339,3170,50,3,27118.65
6340,3170,143,2,13026.41
6341,3171,45,5,5214.29
6342,3171,65,5,8035.55
6343,3172,5,4,84081.85
6344,3172,68,2,19598.26
6345,3173,103,5,22522.89
6346,3173,3,1,28995.64
6347,3174,115,3,21162.49
6348,3174,16,1,2931.99
6349,3175,120,4,24465.41
6350,3175,90,3,2864.12
6351,3176,116,3,6378.97
6352,3176,9,2,19098.4
6353,3177,20,4,81513.85
6354,3177,132,1,3011.07
6355,3178,92,4,2654.0
6356,3178,49,4,8217.13
6357,3179,110,3,12983.38
6358,3179,4,5,39584.54
6359,3180,107,5,21829.1
6360,3180,2,1,4930.4
6361,3181,45,1,5214.29
6362,3181,5,2,84081.85
6363,3182,145,1,11360.29
6364,3182,136,1,682.08
6365,3183,118,1,9811.84
6366,3183,79,4,33873.61
6367,3184,104,3,6130.95
6368,3184,86,3,15173.3
6369,3185,74,1,41552.59
6370,3185,144,5,11019.62
6371,3186,143,5,13026.41
6372,3186,86,1,15173.3
6373,3187,51,4,8341.82
6374,3187,42,1,21976.79
6375,3188,147,2,14301.36
6376,3188,7,3,23330.83
6377,3189,24,5,43820.15
6378,3189,5,5,84081.85
6379,3190,77,5,23879.21
6380,3190,34,5,2255.17
6381,3191,105,1,8125.8
6382,3191,73,4,37272.06
6383,3192,41,1,30082.04
6384,3192,141,4,701.97
6385,3193,60,5,33321.91
6386,3193,79,2,33873.61
6387,3194,36,2,29242.97
6388,3194,26,3,72907.28
6389,3195,101,2,5781.84
6390,3195,76,2,5024.14
6391,3196,125,4,8947.13
6392,3196,129,2,577.07
6393,3197,90,2,2864.12
6394,3197,63,5,29768.75
6395,3198,25,3,53524.51
6396,3198,73,4,37272.06
6397,3199,79,2,33873.61
6398,3199,44,5,19789.04
6399,3200,92,3,2654.0
6400,3200,115,3,21162.49
6401,3201,81,2,37707.89
6402,3201,136,2,682.08
6403,3202,93,1,11413.05
6404,3202,112,3,17873.14
6405,3203,65,1,8035.55
6406,3203,49,5,8217.13
6407,3204,8,4,58505.04
6408,3204,71,3,3528.52
6409,3205,64,2,17689.49
6410,3205,147,4,14301.36
6411,3206,146,2,1905.39
6412,3206,1,2,52539.0
6413,3207,36,2,29242.97
6414,3207,32,2,18206.86
6415,3208,61,4,44878.78
6416,3208,3,2,28995.64
6417,3209,40,2,19403.2
6418,3209,135,5,11516.05
6419,3210,137,5,11390.83
6420,3210,122,1,6970.32
6421,3211,47,4,23383.27
6422,3211,8,1,58505.04
6423,3212,91,2,6848.12
6424,3212,16,4,2931.99
6425,3213,30,1,12993.37
6426,3213,135,3,11516.05
6427,3214,28,1,54101.33
6428,3214,99,5,16689.48
6429,3215,127,4,1177.88
6430,3215,119,3,19868.15
6431,3216,49,2,8217.13
6432,3216,63,5,29768.75
6433,3217,101,2,5781.84
6434,3217,124,4,796.22
6435,3218,53,4,26871.05
6436,3218,76,2,5024.14
6437,3219,30,4,12993.37
6438,3219,140,3,8987.09
6439,3220,121,2,6772.08
6440,3220,44,5,19789.04
6441,3221,5,3,84081.85
6442,3221,58,4,27146.74
6443,3222,23,4,49555.53
6444,3222,76,2,5024.14
6445,3223,55,5,18034.1
6446,3223,14,5,10437.0
6447,3224,112,5,17873.14
6448,3224,23,5,49555.53
6449,3225,22,5,18186.29
6450,3225,14,5,10437.0
6451,3226,138,1,13863.67
6452,3226,122,3,6970.32
6453,3227,82,3,23327.1
6454,3227,34,4,2255.17
6455,3228,82,2,23327.1
6456,3228,127,1,1177.88
6457,3229,7,3,23330.83
6458,3229,29,1,8346.58
6459,3230,45,2,5214.29
6460,3230,57,4,21935.06
6461,3231,41,5,30082.04
6462,3231,97,3,3939.13
6463,3232,21,1,55484.17
6464,3232,101,5,5781.84
6465,3233,33,4,21649.9
6466,3233,121,1,6772.08
6467,3234,63,5,29768.75
6468,3234,60,1,33321.91
6469,3235,58,4,27146.74
6470,3235,67,5,22314.95
6471,3236,6,2,48408.63
6472,3236,111,3,9188.58
6473,3237,116,1,6378.97
6474,3237,109,5,8516.39
6475,3238,133,5,8127.63
6476,3238,126,2,12459.53
6477,3239,57,1,21935.06
6478,3239,8,1,58505.04
6479,3240,10,1,38310.2
6480,3240,139,3,4159.23
6481,3241,91,3,6848.12
6482,3241,3,3,28995.64
6483,3242,125,3,8947.13
6484,3242,74,5,41552.59
6485,3243,125,1,8947.13
6486,3243,57,5,21935.06
6487,3244,22,4,18186.29
6488,3244,25,4,53524.51
6489,3245,69,4,52834.09
6490,3245,75,5,3049.5
6491,3246,6,4,48408.63
6492,3246,47,2,23383.27
6493,3247,37,5,25059.66
6494,3247,95,2,15378.47
6495,3248,61,4,44878.78
6496,3248,64,4,17689.49
6497,3249,38,2,30726.82
6498,3249,7,3,23330.83
6499,3250,114,4,5726.03
6500,3250,39,1,33931.85
6501,3251,119,2,19868.15
6502,3251,99,4,16689.48
6503,3252,63,1,29768.75
6504,3252,137,3,11390.83
6505,3253,129,3,577.07
6506,3253,45,1,5214.29
6507,3254,134,4,4785.68
6508,3254,37,3,25059.66
6509,3255,57,5,21935.06
6510,3255,92,4,2654.0
6511,3256,55,5,18034.1
6512,3256,68,5,19598.26
6513,3257,126,3,12459.53
6514,3257,48,2,12824.52
6515,3258,66,2,31441.05
6516,3258,75,5,3049.5
6517,3259,15,5,69325.73
6518,3259,52,3,26084.73
6519,3260,37,4,25059.66
6520,3260,150,2,7113.49
6521,3261,105,2,8125.8
6522,3261,79,3,33873.61
6523,3262,77,5,23879.21
6524,3262,54,1,30922.05
6525,3263,65,1,8035.55
6526,3263,5,3,84081.85
6527,3264,79,3,33873.61
6528,3264,136,5,682.08
6529,3265,100,1,6854.81
6530,3265,18,5,73820.52
6531,3266,58,4,27146.74
6532,3266,126,2,12459.53
6533,3267,142,4,12489.82
6534,3267,128,3,9263.29
6535,3268,112,4,17873.14
6536,3268,138,1,13863.67
6537,3269,126,2,12459.53
6538,3269,80,3,27401.27
6539,3270,118,1,9811.84
6540,3270,6,4,48408.63
6541,3271,27,4,8040.26
6542,3271,132,1,3011.07
6543,3272,105,3,8125.8
6544,3272,83,1,21901.29
6545,3273,45,4,5214.29
6546,3273,78,4,26923.68
6547,3274,35,2,33010.69
6548,3274,52,1,26084.73
6549,3275,67,4,22314.95
6550,3275,76,2,5024.14
6551,3276,12,2,9596.51
6552,3276,4,4,39584.54
6553,3277,102,3,18592.29
6554,3277,125,5,8947.13
6555,3278,111,4,9188.58
6556,3278,117,3,14181.77
6557,3279,134,1,4785.68
6558,3279,53,3,26871.05
6559,3280,59,3,13085.83
6560,3280,70,4,3243.71
6561,3281,114,4,5726.03
6562,3281,44,2,19789.04
6563,3282,102,5,18592.29
6564,3282,99,4,16689.48
6565,3283,64,4,17689.49
6566,3283,141,4,701.97
6567,3284,31,2,11490.6
6568,3284,2,3,4930.4
6569,3285,91,5,6848.12
6570,3285,127,4,1177.88
6571,3286,105,4,8125.8
6572,3286,65,1,8035.55
6573,3287,65,5,8035.55
6574,3287,90,1,2864.12
6575,3288,102,5,18592.29
6576,3288,43,3,14873.86
6577,3289,22,5,18186.29
6578,3289,32,1,18206.86
6579,3290,89,3,4655.22
6580,3290,110,3,12983.38
6581,3291,46,5,32887.05
6582,3291,37,4,25059.66
6583,3292,143,1,13026.41
6584,3292,49,4,8217.13
6585,3293,37,3,25059.66
6586,3293,141,1,701.97
6587,3294,69,4,52834.09
6588,3294,124,4,796.22
6589,3295,57,2,21935.06
6590,3295,143,2,13026.41
6591,3296,150,3,7113.49
6592,3296,14,2,10437.0
6593,3297,119,5,19868.15
6594,3297,99,2,16689.48
6595,3298,99,2,16689.48
6596,3298,28,3,54101.33
6597,3299,23,2,49555.53
6598,3299,82,1,23327.1
6599,3300,50,5,27118.65
6600,3300,116,5,6378.97
6601,3301,81,1,37707.89
6602,3301,77,1,23879.21
6603,3302,46,1,32887.05
6604,3302,18,1,73820.52
6605,3303,149,1,14866.1
6606,3303,99,4,16689.48
6607,3304,125,2,8947.13
6608,3304,107,5,21829.1
6609,3305,82,2,23327.1
6610,3305,61,4,44878.78
6611,3306,80,4,27401.27
6612,3306,107,1,21829.1
6613,3307,30,3,12993.37
6614,3307,88,5,48004.49
6615,3308,73,5,37272.06
6616,3308,123,2,612.96
6617,3309,130,3,5954.55
6618,3309,3,1,28995.64
6619,3310,133,1,8127.63
6620,3310,20,1,81513.85
6621,3311,92,2,2654.0
6622,3311,24,2,43820.15
6623,3312,68,1,19598.26
6624,3312,123,4,612.96
6625,3313,106,4,19681.04
6626,3313,134,4,4785.68
6627,3314,26,5,72907.28
6628,3314,137,4,11390.83
6629,3315,98,3,12384.57
6630,3315,91,2,6848.12
6631,3316,63,5,29768.75
6632,3316,52,4,26084.73
6633,3317,59,2,13085.83
6634,3317,32,1,18206.86
6635,3318,113,3,12566.23
6636,3318,113,4,12566.23
6637,3319,7,2,23330.83
6638,3319,23,1,49555.53
6639,3320,121,4,6772.08
6640,3320,118,2,9811.84
6641,3321,95,2,15378.47
6642,3321,61,5,44878.78
6643,3322,105,3,8125.8
6644,3322,21,3,55484.17
6645,3323,80,1,27401.27
6646,3323,43,4,14873.86
6647,3324,95,4,15378.47
6648,3324,146,5,1905.39
6649,3325,142,1,12489.82
6650,3325,45,4,5214.29
6651,3326,36,1,29242.97
6652,3326,51,3,8341.82
6653,3327,42,3,21976.79
6654,3327,19,2,17787.61
6655,3328,1,5,52539.0
6656,3328,136,4,682.08
6657,3329,92,3,2654.0
6658,3329,80,4,27401.27
6659,3330,128,1,9263.29
6660,3330,3,3,28995.64
6661,3331,122,3,6970.32
6662,3331,141,4,701.97
6663,3332,12,1,9596.51
6664,3332,34,5,2255.17
6665,3333,5,5,84081.85
6666,3333,118,1,9811.84
6667,3334,50,3,27118.65
6668,3334,26,1,72907.28
6669,3335,101,2,5781.84
6670,3335,138,4,13863.67
6671,3336,19,1,17787.61
6672,3336,24,1,43820.15
6673,3337,136,2,682.08
6674,3337,14,1,10437.0
6675,3338,96,2,6710.71
6676,3338,88,2,48004.49
6677,3339,115,5,21162.49
6678,3339,6,1,48408.63
6679,3340,84,4,5359.51
6680,3340,10,5,38310.2
6681,3341,137,4,11390.83
6682,3341,50,5,27118.65
6683,3342,74,1,41552.59
6684,3342,99,2,16689.48
6685,3343,140,3,8987.09
6686,3343,28,5,54101.33
6687,3344,67,3,22314.95
6688,3344,113,3,12566.23
6689,3345,100,5,6854.81
6690,3345,8,3,58505.04
6691,3346,127,5,1177.88
6692,3346,43,2,14873.86
6693,3347,44,1,19789.04
6694,3347,139,2,4159.23
6695,3348,147,3,14301.36
6696,3348,124,4,796.22
6697,3349,139,3,4159.23
6698,3349,51,5,8341.82
6699,3350,60,2,33321.91
6700,3350,84,4,5359.51
6701,3351,33,3,21649.9
6702,3351,29,5,8346.58
6703,3352,89,1,4655.22
6704,3352,120,5,24465.41
6705,3353,103,2,22522.89
6706,3353,26,5,72907.28
6707,3354,150,2,7113.49
6708,3354,119,5,19868.15
6709,3355,98,5,12384.57
6710,3355,144,3,11019.62
6711,3356,106,5,19681.04
6712,3356,121,5,6772.08
6713,3357,99,4,16689.48
6714,3357,52,4,26084.73
6715,3358,93,4,11413.05
6716,3358,137,5,11390.83
6717,3359,9,5,19098.4
6718,3359,83,5,21901.29
6719,3360,105,4,8125.8
6720,3360,90,2,2864.12
6721,3361,31,4,11490.6
6722,3361,56,3,33257.92
6723,3362,135,4,11516.05
6724,3362,142,4,12489.82
6725,3363,69,5,52834.09
6726,3363,7,1,23330.83
6727,3364,14,3,10437.0
6728,3364,30,1,12993.37
6729,3365,130,3,5954.55
6730,3365,36,4,29242.97
6731,3366,78,1,26923.68
6732,3366,2,2,4930.4
6733,3367,38,1,30726.82
6734,3367,94,5,1858.01
6735,3368,62,3,6674.42
6736,3368,149,3,14866.1
6737,3369,122,5,6970.32
6738,3369,134,1,4785.68
6739,3370,137,2,11390.83
6740,3370,89,2,4655.22
6741,3371,97,2,3939.13
6742,3371,115,2,21162.49
6743,3372,138,2,13863.67
6744,3372,114,4,5726.03
6745,3373,5,4,84081.85
6746,3373,117,1,14181.77
6747,3374,102,2,18592.29
6748,3374,94,1,1858.01
6749,3375,21,4,55484.17
6750,3375,43,4,14873.86
6751,3376,26,1,72907.28
6752,3376,138,1,13863.67
6753,3377,84,4,5359.51
6754,3377,16,4,2931.99
6755,3378,147,5,14301.36
6756,3378,61,2,44878.78
6757,3379,63,2,29768.75
6758,3379,50,4,27118.65
6759,3380,126,2,12459.53
6760,3380,103,3,22522.89
6761,3381,66,1,31441.05
6762,3381,21,5,55484.17
6763,3382,123,2,612.96
6764,3382,31,1,11490.6
6765,3383,23,2,49555.53
6766,3383,6,2,48408.63
6767,3384,119,2,19868.15
6768,3384,46,1,32887.05
6769,3385,101,2,5781.84
6770,3385,18,4,73820.52
6771,3386,76,1,5024.14
6772,3386,58,5,27146.74
6773,3387,146,2,1905.39
6774,3387,116,2,6378.97
6775,3388,58,3,27146.74
6776,3388,5,5,84081.85
6777,3389,86,5,15173.3
6778,3389,102,2,18592.29
6779,3390,82,3,23327.1
6780,3390,112,5,17873.14
6781,3391,48,2,12824.52
6782,3391,36,4,29242.97
6783,3392,110,2,12983.38
6784,3392,66,2,31441.05
6785,3393,149,5,14866.1
6786,3393,109,4,8516.39
6787,3394,58,5,27146.74
6788,3394,5,4,84081.85
6789,3395,71,2,3528.52
6790,3395,99,4,16689.48
6791,3396,53,2,26871.05
6792,3396,129,5,577.07
6793,3397,22,2,18186.29
6794,3397,38,5,30726.82
6795,3398,7,1,23330.83
6796,3398,48,2,12824.52
6797,3399,121,1,6772.08
6798,3399,105,1,8125.8
6799,3400,51,1,8341.82
6800,3400,74,1,41552.59
6801,3401,118,2,9811.84
6802,3401,64,4,17689.49
6803,3402,29,2,8346.58
6804,3402,60,5,33321.91
6805,3403,56,2,33257.92
6806,3403,141,1,701.97
6807,3404,141,5,701.97
6808,3404,66,3,31441.05
6809,3405,72,5,49059.06
6810,3405,114,3,5726.03
6811,3406,21,3,55484.17
6812,3406,41,2,30082.04
6813,3407,136,3,682.08
6814,3407,144,5,11019.62
6815,3408,113,2,12566.23
6816,3408,90,1,2864.12
6817,3409,98,4,12384.57
6818,3409,20,2,81513.85
6819,3410,37,2,25059.66
6820,3410,57,4,21935.06
6821,3411,5,5,84081.85
6822,3411,5,2,84081.85
6823,3412,27,2,8040.26
6824,3412,80,4,27401.27
6825,3413,80,3,27401.27
6826,3413,59,5,13085.83
6827,3414,3,1,28995.64
6828,3414,85,2,7335.47
6829,3415,57,5,21935.06
6830,3415,86,5,15173.3
6831,3416,58,2,27146.74
6832,3416,35,4,33010.69
6833,3417,93,1,11413.05
6834,3417,4,1,39584.54
6835,3418,45,5,5214.29
6836,3418,19,5,17787.61
6837,3419,79,5,33873.61
6838,3419,57,4,21935.06
6839,3420,77,3,23879.21
6840,3420,16,2,2931.99
6841,3421,14,1,10437.0
6842,3421,100,4,6854.81
6843,3422,148,5,10266.15
6844,3422,18,2,73820.52
6845,3423,73,4,37272.06
6846,3423,144,1,11019.62
6847,3424,98,1,12384.57
6848,3424,99,3,16689.48
6849,3425,102,1,18592.29
6850,3425,38,1,30726.82
6851,3426,127,3,1177.88
6852,3426,121,2,6772.08
6853,3427,106,4,19681.04
6854,3427,47,2,23383.27
6855,3428,78,1,26923.68
6856,3428,112,5,17873.14
6857,3429,140,4,8987.09
6858,3429,128,2,9263.29
6859,3430,124,3,796.22
6860,3430,51,5,8341.82
6861,3431,107,4,21829.1
6862,3431,141,5,701.97
6863,3432,125,1,8947.13
6864,3432,114,2,5726.03
6865,3433,77,2,23879.21
6866,3433,27,5,8040.26
6867,3434,5,5,84081.85
6868,3434,53,1,26871.05
6869,3435,102,5,18592.29
6870,3435,130,2,5954.55
6871,3436,52,4,26084.73
6872,3436,148,5,10266.15
6873,3437,96,2,6710.71
6874,3437,78,2,26923.68
6875,3438,8,3,58505.04
6876,3438,106,4,19681.04
6877,3439,129,1,577.07
6878,3439,117,2,14181.77
6879,3440,92,2,2654.0
6880,3440,102,4,18592.29
6881,3441,82,4,23327.1
6882,3441,91,2,6848.12
6883,3442,139,1,4159.23
6884,3442,96,2,6710.71
6885,3443,10,2,38310.2
6886,3443,102,1,18592.29
6887,3444,3,1,28995.64
6888,3444,69,4,52834.09
6889,3445,6,3,48408.63
6890,3445,28,1,54101.33
6891,3446,6,1,48408.63
6892,3446,145,5,11360.29
6893,3447,88,1,48004.49
6894,3447,12,5,9596.51
6895,3448,143,4,13026.41
6896,3448,44,4,19789.04
6897,3449,70,4,3243.71
6898,3449,37,4,25059.66
6899,3450,27,4,8040.26
6900,3450,117,3,14181.77
6901,3451,34,1,2255.17
6902,3451,93,5,11413.05
6903,3452,63,3,29768.75
6904,3452,68,1,19598.26
6905,3453,95,4,15378.47
6906,3453,41,2,30082.04
6907,3454,149,4,14866.1
6908,3454,67,2,22314.95
6909,3455,65,4,8035.55
6910,3455,73,2,37272.06
6911,3456,84,5,5359.51
6912,3456,25,5,53524.51
6913,3457,149,3,14866.1
6914,3457,126,3,12459.53
6915,3458,110,3,12983.38
6916,3458,23,5,49555.53
6917,3459,137,3,11390.83
6918,3459,109,3,8516.39
6919,3460,97,2,3939.13
6920,3460,29,4,8346.58
6921,3461,8,2,58505.04
6922,3461,48,5,12824.52
6923,3462,142,5,12489.82
6924,3462,67,5,22314.95
6925,3463,147,4,14301.36
6926,3463,143,5,13026.41
6927,3464,78,1,26923.68
6928,3464,127,2,1177.88
6929,3465,111,2,9188.58
6930,3465,92,2,2654.0
6931,3466,133,5,8127.63
6932,3466,36,5,29242.97
6933,3467,3,5,28995.64
6934,3467,42,2,21976.79
6935,3468,25,3,53524.51
6936,3468,50,1,27118.65
6937,3469,39,3,33931.85
6938,3469,39,1,33931.85
6939,3470,3,2,28995.64
6940,3470,148,5,10266.15
6941,3471,8,3,58505.04
6942,3471,42,4,21976.79
6943,3472,147,5,14301.36
6944,3472,12,5,9596.51
6945,3473,123,5,612.96
6946,3473,45,3,5214.29
6947,3474,61,3,44878.78
6948,3474,97,4,3939.13
6949,3475,1,5,52539.0
6950,3475,150,4,7113.49
6951,3476,130,3,5954.55
6952,3476,10,4,38310.2
6953,3477,19,4,17787.61
6954,3477,18,2,73820.52
6955,3478,31,2,11490.6
6956,3478,32,4,18206.86
6957,3479,136,5,682.08
6958,3479,137,5,11390.83
6959,3480,23,4,49555.53
6960,3480,48,4,12824.52
6961,3481,109,4,8516.39
6962,3481,131,4,3599.39
6963,3482,69,2,52834.09
6964,3482,42,2,21976.79
6965,3483,59,5,13085.83
6966,3483,74,3,41552.59
6967,3484,80,4,27401.27
6968,3484,18,1,73820.52
6969,3485,118,5,9811.84
6970,3485,82,3,23327.1
6971,3486,95,4,15378.47
6972,3486,18,1,73820.52
6973,3487,113,1,12566.23
6974,3487,76,5,5024.14
6975,3488,66,3,31441.05
6976,3488,19,3,17787.61
6977,3489,50,4,27118.65
6978,3489,32,3,18206.86
6979,3490,86,1,15173.3
6980,3490,139,2,4159.23
6981,3491,19,2,17787.61
6982,3491,39,1,33931.85
6983,3492,135,1,11516.05
6984,3492,97,4,3939.13
6985,3493,11,3,69215.46
6986,3493,150,1,7113.49
6987,3494,93,4,11413.05
6988,3494,28,1,54101.33
6989,3495,15,4,69325.73
6990,3495,33,4,21649.9
6991,3496,16,4,2931.99
6992,3496,98,5,12384.57
6993,3497,91,1,6848.12
6994,3497,108,3,13549.63
6995,3498,15,4,69325.73
6996,3498,74,1,41552.59
6997,3499,14,3,10437.0
6998,3499,142,3,12489.82
6999,3500,76,3,5024.14
7000,3500,27,2,8040.26
7001,3501,129,2,577.07
7002,3501,124,2,796.22
7003,3502,67,2,22314.95
7004,3502,138,5,13863.67
7005,3503,140,1,8987.09
7006,3503,29,4,8346.58
7007,3504,111,3,9188.58
7008,3504,122,2,6970.32
7009,3505,70,5,3243.71
7010,3505,64,2,17689.49
7011,3506,81,5,37707.89
7012,3506,83,4,21901.29
7013,3507,77,5,23879.21
7014,3507,94,5,1858.01
7015,3508,28,2,54101.33
7016,3508,53,4,26871.05
7017,3509,91,5,6848.12
7018,3509,149,2,14866.1
7019,3510,58,3,27146.74
7020,3510,94,5,1858.01
7021,3511,48,2,12824.52
7022,3511,141,5,701.97
7023,3512,23,5,49555.53
7024,3512,126,1,12459.53
7025,3513,102,5,18592.29
7026,3513,65,4,8035.55
7027,3514,113,3,12566.23
7028,3514,111,5,9188.58
7029,3515,35,5,33010.69
7030,3515,47,3,23383.27
7031,3516,117,4,14181.77
7032,3516,133,1,8127.63
7033,3517,121,2,6772.08
7034,3517,85,4,7335.47
7035,3518,147,4,14301.36
7036,3518,92,1,2654.0
7037,3519,49,1,8217.13
7038,3519,83,3,21901.29
7039,3520,108,2,13549.63
7040,3520,109,4,8516.39
7041,3521,109,2,8516.39
7042,3521,27,2,8040.26
7043,3522,112,1,17873.14
7044,3522,111,2,9188.58
7045,3523,73,5,37272.06
7046,3523,71,3,3528.52
7047,3524,120,2,24465.41
7048,3524,128,2,9263.29
7049,3525,80,3,27401.27
7050,3525,83,4,21901.29
7051,3526,100,5,6854.81
7052,3526,150,5,7113.49
7053,3527,128,3,9263.29
7054,3527,18,1,73820.52
7055,3528,74,5,41552.59
7056,3528,64,2,17689.49
7057,3529,57,4,21935.06
7058,3529,54,5,30922.05
7059,3530,145,4,11360.29
7060,3530,8,1,58505.04
7061,3531,80,3,27401.27
7062,3531,127,1,1177.88
7063,3532,94,5,1858.01
7064,3532,147,4,14301.36
7065,3533,127,1,1177.88
7066,3533,148,3,10266.15
7067,3534,70,3,3243.71
7068,3534,94,5,1858.01
7069,3535,101,1,5781.84
7070,3535,68,1,19598.26
7071,3536,117,4,14181.77
7072,3536,80,1,27401.27
7073,3537,131,3,3599.39
7074,3537,27,2,8040.26
7075,3538,98,3,12384.57
7076,3538,8,3,58505.04
7077,3539,64,3,17689.49
7078,3539,35,5,33010.69
7079,3540,57,2,21935.06
7080,3540,35,4,33010.69
7081,3541,104,5,6130.95
7082,3541,125,2,8947.13
7083,3542,16,3,2931.99
7084,3542,117,2,14181.77
7085,3543,31,5,11490.6
7086,3543,111,3,9188.58
7087,3544,87,2,45649.01
7088,3544,34,4,2255.17
7089,3545,24,4,43820.15
7090,3545,20,4,81513.85
7091,3546,66,5,31441.05
7092,3546,145,2,11360.29
7093,3547,72,3,49059.06
7094,3547,42,2,21976.79
7095,3548,115,5,21162.49
7096,3548,26,5,72907.28
7097,3549,3,3,28995.64
7098,3549,81,3,37707.89
7099,3550,126,1,12459.53
7100,3550,15,4,69325.73
7101,3551,144,5,11019.62
7102,3551,125,2,8947.13
7103,3552,2,2,4930.4
7104,3552,145,4,11360.29
7105,3553,34,1,2255.17
7106,3553,89,4,4655.22
7107,3554,64,2,17689.49
7108,3554,101,3,5781.84
7109,3555,13,5,54402.04
7110,3555,116,4,6378.97
7111,3556,38,5,30726.82
7112,3556,42,4,21976.79
7113,3557,22,2,18186.29
7114,3557,143,5,13026.41
7115,3558,46,4,32887.05
7116,3558,63,1,29768.75
7117,3559,6,5,48408.63
7118,3559,104,5,6130.95
7119,3560,117,2,14181.77
7120,3560,96,3,6710.71
7121,3561,12,4,9596.51
7122,3561,127,3,1177.88
7123,3562,138,5,13863.67
7124,3562,19,4,17787.61
7125,3563,130,2,5954.55
7126,3563,3,3,28995.64
7127,3564,56,2,33257.92
7128,3564,133,1,8127.63
7129,3565,35,4,33010.69
7130,3565,125,2,8947.13
7131,3566,29,4,8346.58
7132,3566,119,3,19868.15
7133,3567,44,4,19789.04
7134,3567,138,5,13863.67
7135,3568,68,2,19598.26
7136,3568,123,5,612.96
7137,3569,143,4,13026.41
7138,3569,41,3,30082.04
7139,3570,36,4,29242.97
7140,3570,90,5,2864.12
7141,3571,21,3,55484.17
7142,3571,7,4,23330.83
7143,3572,84,1,5359.51
7144,3572,85,5,7335.47
7145,3573,3,5,28995.64
7146,3573,95,2,15378.47
7147,3574,28,4,54101.33
7148,3574,77,4,23879.21
7149,3575,13,3,54402.04
7150,3575,68,5,19598.26
7151,3576,143,4,13026.41
7152,3576,87,2,45649.01
7153,3577,70,1,3243.71
7154,3577,124,2,796.22
7155,3578,47,5,23383.27
7156,3578,76,3,5024.14
7157,3579,97,5,3939.13
7158,3579,131,5,3599.39
7159,3580,61,2,44878.78
7160,3580,36,5,29242.97
7161,3581,17,4,36162.26
7162,3581,23,1,49555.53
7163,3582,141,2,701.97
7164,3582,37,5,25059.66
7165,3583,31,5,11490.6
7166,3583,69,1,52834.09
7167,3584,55,2,18034.1
7168,3584,66,5,31441.05
7169,3585,123,4,612.96
7170,3585,92,5,2654.0
7171,3586,64,2,17689.49
7172,3586,99,4,16689.48
7173,3587,139,2,4159.23
7174,3587,92,5,2654.0
7175,3588,142,3,12489.82
7176,3588,88,3,48004.49
7177,3589,149,1,14866.1
7178,3589,140,4,8987.09
7179,3590,125,5,8947.13
7180,3590,25,2,53524.51
7181,3591,129,2,577.07
7182,3591,60,1,33321.91
7183,3592,26,5,72907.28
7184,3592,105,4,8125.8
7185,3593,102,3,18592.29
7186,3593,116,3,6378.97
7187,3594,134,2,4785.68
7188,3594,63,3,29768.75
7189,3595,97,4,3939.13
7190,3595,64,5,17689.49
7191,3596,133,2,8127.63
7192,3596,131,2,3599.39
7193,3597,47,4,23383.27
7194,3597,3,4,28995.64
7195,3598,149,4,14866.1
7196,3598,128,4,9263.29
7197,3599,125,2,8947.13
7198,3599,9,5,19098.4
7199,3600,80,2,27401.27
7200,3600,149,5,14866.1
7201,3601,81,1,37707.89
7202,3601,116,4,6378.97
7203,3602,10,2,38310.2
7204,3602,55,4,18034.1
7205,3603,139,1,4159.23
7206,3603,14,3,10437.0
7207,3604,109,2,8516.39
7208,3604,100,2,6854.81
7209,3605,37,1,25059.66
7210,3605,23,3,49555.53
7211,3606,77,4,23879.21
7212,3606,19,2,17787.61
7213,3607,19,3,17787.61
7214,3607,24,2,43820.15
7215,3608,47,5,23383.27
7216,3608,107,4,21829.1
7217,3609,49,1,8217.13
7218,3609,67,1,22314.95
7219,3610,148,3,10266.15
7220,3610,147,2,14301.36
7221,3611,107,3,21829.1
7222,3611,27,1,8040.26
7223,3612,137,3,11390.83
7224,3612,130,1,5954.55
7225,3613,46,1,32887.05
7226,3613,47,2,23383.27
7227,3614,24,3,43820.15
7228,3614,43,1,14873.86
7229,3615,140,1,8987.09
7230,3615,146,4,1905.39
7231,3616,18,2,73820.52
7232,3616,80,5,27401.27
7233,3617,40,1,19403.2
7234,3617,29,5,8346.58
7235,3618,77,2,23879.21
7236,3618,84,5,5359.51
7237,3619,122,2,6970.32
7238,3619,4,5,39584.54
7239,3620,134,1,4785.68
7240,3620,105,3,8125.8
7241,3621,121,2,6772.08
7242,3621,124,2,796.22
7243,3622,134,1,4785.68
7244,3622,27,4,8040.26
7245,3623,87,5,45649.01
7246,3623,79,3,33873.61
7247,3624,108,2,13549.63
7248,3624,47,3,23383.27
7249,3625,89,3,4655.22
7250,3625,2,3,4930.4
7251,3626,58,4,27146.74
7252,3626,1,4,52539.0
7253,3627,84,4,5359.51
7254,3627,130,1,5954.55
7255,3628,83,3,21901.29
7256,3628,3,5,28995.64
7257,3629,134,3,4785.68
7258,3629,41,1,30082.04
7259,3630,116,4,6378.97
7260,3630,47,5,23383.27
7261,3631,112,2,17873.14
7262,3631,39,5,33931.85
7263,3632,48,2,12824.52
7264,3632,73,4,37272.06
7265,3633,124,1,796.22
7266,3633,139,3,4159.23
7267,3634,70,4,3243.71
7268,3634,20,4,81513.85
7269,3635,49,2,8217.13
7270,3635,116,3,6378.97
7271,3636,63,1,29768.75
7272,3636,114,4,5726.03
7273,3637,99,4,16689.48
7274,3637,65,1,8035.55
7275,3638,4,1,39584.54
7276,3638,133,3,8127.63
7277,3639,119,4,19868.15
7278,3639,99,5,16689.48
7279,3640,94,2,1858.01
7280,3640,89,5,4655.22
7281,3641,97,1,3939.13
7282,3641,114,1,5726.03
7283,3642,38,3,30726.82
7284,3642,14,5,10437.0
7285,3643,65,4,8035.55
7286,3643,98,3,12384.57
7287,3644,40,1,19403.2
7288,3644,89,4,4655.22
7289,3645,45,2,5214.29
7290,3645,77,4,23879.21
7291,3646,32,5,18206.86
7292,3646,16,2,2931.99
7293,3647,133,5,8127.63
7294,3647,19,3,17787.61
7295,3648,62,4,6674.42
7296,3648,27,1,8040.26
7297,3649,74,3,41552.59
7298,3649,134,2,4785.68
7299,3650,98,1,12384.57
7300,3650,103,1,22522.89
7301,3651,7,4,23330.83
7302,3651,81,1,37707.89
7303,3652,118,5,9811.84
7304,3652,117,3,14181.77
7305,3653,38,2,30726.82
7306,3653,19,4,17787.61
7307,3654,130,1,5954.55
7308,3654,106,4,19681.04
7309,3655,127,4,1177.88
7310,3655,78,5,26923.68
7311,3656,18,5,73820.52
7312,3656,149,2,14866.1
7313,3657,3,1,28995.64
7314,3657,103,2,22522.89
7315,3658,111,5,9188.58
7316,3658,70,2,3243.71
7317,3659,109,2,8516.39
7318,3659,55,4,18034.1
7319,3660,21,5,55484.17
7320,3660,25,2,53524.51
7321,3661,82,3,23327.1
7322,3661,112,3,17873.14
7323,3662,118,2,9811.84
7324,3662,120,2,24465.41
7325,3663,141,4,701.97
7326,3663,142,1,12489.82
7327,3664,130,3,5954.55
7328,3664,30,3,12993.37
7329,3665,119,4,19868.15
7330,3665,48,2,12824.52
7331,3666,131,1,3599.39
7332,3666,41,4,30082.04
7333,3667,126,1,12459.53
7334,3667,75,4,3049.5
7335,3668,18,5,73820.52
7336,3668,110,4,12983.38
7337,3669,124,1,796.22
7338,3669,105,3,8125.8
7339,3670,19,5,17787.61
7340,3670,32,3,18206.86
7341,3671,108,1,13549.63
7342,3671,66,5,31441.05
7343,3672,149,1,14866.1
7344,3672,39,5,33931.85
7345,3673,57,4,21935.06
7346,3673,52,2,26084.73
7347,3674,38,5,30726.82
7348,3674,8,2,58505.04
7349,3675,115,5,21162.49
7350,3675,131,1,3599.39
7351,3676,19,2,17787.61
7352,3676,77,4,23879.21
7353,3677,39,1,33931.85
7354,3677,145,4,11360.29
7355,3678,126,2,12459.53
7356,3678,138,4,13863.67
7357,3679,100,4,6854.81
7358,3679,89,1,4655.22
7359,3680,111,3,9188.58
7360,3680,54,4,30922.05
7361,3681,100,4,6854.81
7362,3681,7,2,23330.83
7363,3682,45,4,5214.29
7364,3682,78,5,26923.68
7365,3683,22,3,18186.29
7366,3683,60,5,33321.91
7367,3684,61,5,44878.78
7368,3684,114,3,5726.03
7369,3685,1,3,52539.0
7370,3685,57,1,21935.06
7371,3686,141,2,701.97
7372,3686,55,4,18034.1
7373,3687,10,1,38310.2
7374,3687,76,4,5024.14
7375,3688,126,1,12459.53
7376,3688,90,1,2864.12
7377,3689,22,5,18186.29
7378,3689,144,5,11019.62
7379,3690,143,2,13026.41
7380,3690,125,1,8947.13
7381,3691,62,2,6674.42
7382,3691,44,3,19789.04
7383,3692,130,5,5954.55
7384,3692,17,2,36162.26
7385,3693,97,1,3939.13
7386,3693,79,2,33873.61
7387,3694,115,3,21162.49
7388,3694,89,3,4655.22
7389,3695,115,4,21162.49
7390,3695,112,2,17873.14
7391,3696,146,3,1905.39
7392,3696,5,5,84081.85
7393,3697,22,5,18186.29
7394,3697,34,4,2255.17
7395,3698,85,5,7335.47
7396,3698,71,5,3528.52
7397,3699,41,4,30082.04
7398,3699,113,3,12566.23
7399,3700,78,4,26923.68
7400,3700,48,2,12824.52
7401,3701,119,1,19868.15
7402,3701,22,5,18186.29
7403,3702,39,3,33931.85
7404,3702,97,4,3939.13
7405,3703,91,5,6848.12
7406,3703,81,4,37707.89
7407,3704,99,2,16689.48
7408,3704,63,4,29768.75
7409,3705,31,1,11490.6
7410,3705,52,3,26084.73
7411,3706,31,4,11490.6
7412,3706,8,5,58505.04
7413,3707,117,1,14181.77
7414,3707,107,3,21829.1
7415,3708,14,5,10437.0
7416,3708,29,4,8346.58
7417,3709,13,2,54402.04
7418,3709,113,4,12566.23
7419,3710,18,2,73820.52
7420,3710,84,2,5359.51
7421,3711,74,2,41552.59
7422,3711,142,1,12489.82
7423,3712,110,5,12983.38
7424,3712,71,3,3528.52
7425,3713,62,5,6674.42
7426,3713,67,3,22314.95
7427,3714,88,3,48004.49
7428,3714,42,4,21976.79
7429,3715,35,3,33010.69
7430,3715,70,4,3243.71
7431,3716,89,2,4655.22
7432,3716,142,4,12489.82
7433,3717,150,2,7113.49
7434,3717,9,1,19098.4
7435,3718,73,5,37272.06
7436,3718,38,5,30726.82
7437,3719,43,2,14873.86
7438,3719,124,5,796.22
7439,3720,47,3,23383.27
7440,3720,147,5,14301.36
7441,3721,98,5,12384.57
7442,3721,106,3,19681.04
7443,3722,3,4,28995.64
7444,3722,107,1,21829.1
7445,3723,31,1,11490.6
7446,3723,103,3,22522.89
7447,3724,87,5,45649.01
7448,3724,103,3,22522.89
7449,3725,25,1,53524.51
7450,3725,89,1,4655.22
7451,3726,61,3,44878.78
7452,3726,94,3,1858.01
7453,3727,142,1,12489.82
7454,3727,140,1,8987.09
7455,3728,14,4,10437.0
7456,3728,103,1,22522.89
7457,3729,92,4,2654.0
7458,3729,124,4,796.22
7459,3730,48,1,12824.52
7460,3730,49,4,8217.13
7461,3731,5,1,84081.85
7462,3731,138,3,13863.67
7463,3732,55,5,18034.1
7464,3732,9,1,19098.4
7465,3733,109,2,8516.39
7466,3733,60,4,33321.91
7467,3734,136,2,682.08
7468,3734,63,4,29768.75
7469,3735,150,1,7113.49
7470,3735,4,5,39584.54
7471,3736,128,5,9263.29
7472,3736,116,2,6378.97
7473,3737,17,5,36162.26
7474,3737,26,4,72907.28
7475,3738,51,1,8341.82
7476,3738,29,4,8346.58
7477,3739,85,1,7335.47
7478,3739,108,5,13549.63
7479,3740,11,1,69215.46
7480,3740,70,4,3243.71
7481,3741,48,1,12824.52
7482,3741,84,2,5359.51
7483,3742,85,4,7335.47
7484,3742,9,1,19098.4
7485,3743,54,3,30922.05
7486,3743,131,4,3599.39
7487,3744,21,4,55484.17
7488,3744,16,2,2931.99
7489,3745,3,1,28995.64
7490,3745,90,3,2864.12
7491,3746,94,1,1858.01
7492,3746,28,5,54101.33
7493,3747,116,5,6378.97
7494,3747,149,1,14866.1
7495,3748,15,3,69325.73
7496,3748,48,5,12824.52
7497,3749,68,2,19598.26
7498,3749,58,2,27146.74
7499,3750,91,3,6848.12
7500,3750,68,2,19598.26
7501,3751,51,3,8341.82
7502,3751,44,2,19789.04
7503,3752,45,1,5214.29
7504,3752,45,3,5214.29
7505,3753,51,1,8341.82
7506,3753,37,3,25059.66
7507,3754,132,2,3011.07
7508,3754,64,1,17689.49
7509,3755,56,4,33257.92
7510,3755,19,2,17787.61
7511,3756,35,2,33010.69
7512,3756,126,4,12459.53
7513,3757,149,1,14866.1
7514,3757,66,4,31441.05
7515,3758,68,3,19598.26
7516,3758,128,2,9263.29
7517,3759,4,5,39584.54
7518,3759,132,1,3011.07
7519,3760,31,1,11490.6
7520,3760,114,5,5726.03
7521,3761,4,5,39584.54
7522,3761,125,4,8947.13
7523,3762,98,4,12384.57
7524,3762,136,3,682.08
7525,3763,87,2,45649.01
7526,3763,51,3,8341.82
7527,3764,49,2,8217.13
7528,3764,90,4,2864.12
7529,3765,132,3,3011.07
7530,3765,57,4,21935.06
7531,3766,11,1,69215.46
7532,3766,19,5,17787.61
7533,3767,12,2,9596.51
7534,3767,51,4,8341.82
7535,3768,22,2,18186.29
7536,3768,101,2,5781.84
7537,3769,124,3,796.22
7538,3769,7,4,23330.83
7539,3770,6,3,48408.63
7540,3770,16,2,2931.99
7541,3771,63,3,29768.75
7542,3771,25,1,53524.51
7543,3772,102,2,18592.29
7544,3772,123,5,612.96
7545,3773,74,3,41552.59
7546,3773,116,2,6378.97
7547,3774,106,2,19681.04
7548,3774,90,2,2864.12
7549,3775,4,2,39584.54
7550,3775,69,2,52834.09
7551,3776,111,1,9188.58
7552,3776,44,4,19789.04
7553,3777,61,2,44878.78
7554,3777,33,4,21649.9
7555,3778,34,4,2255.17
7556,3778,35,5,33010.69
7557,3779,119,1,19868.15
7558,3779,34,2,2255.17
7559,3780,78,1,26923.68
7560,3780,5,5,84081.85
7561,3781,126,3,12459.53
7562,3781,21,1,55484.17
7563,3782,1,2,52539.0
7564,3782,146,2,1905.39
7565,3783,68,1,19598.26
7566,3783,148,5,10266.15
7567,3784,106,3,19681.04
7568,3784,108,4,13549.63
7569,3785,143,5,13026.41
7570,3785,92,4,2654.0
7571,3786,71,3,3528.52
7572,3786,135,1,11516.05
7573,3787,114,1,5726.03
7574,3787,54,1,30922.05
7575,3788,57,2,21935.06
7576,3788,38,5,30726.82
7577,3789,75,3,3049.5
7578,3789,45,2,5214.29
7579,3790,28,2,54101.33
7580,3790,140,3,8987.09
7581,3791,53,2,26871.05
7582,3791,33,1,21649.9
7583,3792,63,2,29768.75
7584,3792,10,1,38310.2
7585,3793,13,3,54402.04
7586,3793,43,5,14873.86
7587,3794,85,4,7335.47
7588,3794,1,2,52539.0
7589,3795,8,2,58505.04
7590,3795,51,1,8341.82
7591,3796,149,3,14866.1
7592,3796,129,4,577.07
7593,3797,47,1,23383.27
7594,3797,44,1,19789.04
7595,3798,116,3,6378.97
7596,3798,40,1,19403.2
7597,3799,6,2,48408.63
7598,3799,84,3,5359.51
7599,3800,101,5,5781.84
7600,3800,55,1,18034.1
7601,3801,131,4,3599.39
7602,3801,2,4,4930.4
7603,3802,42,2,21976.79
7604,3802,30,3,12993.37
7605,3803,62,5,6674.42
7606,3803,123,3,612.96
7607,3804,78,2,26923.68
7608,3804,127,2,1177.88
7609,3805,2,3,4930.4
7610,3805,59,3,13085.83
7611,3806,108,2,13549.63
7612,3806,125,4,8947.13
7613,3807,61,1,44878.78
7614,3807,9,5,19098.4
7615,3808,126,4,12459.53
7616,3808,59,2,13085.83
7617,3809,84,2,5359.51
7618,3809,118,2,9811.84
7619,3810,113,4,12566.23
7620,3810,125,3,8947.13
7621,3811,141,5,701.97
7622,3811,23,2,49555.53
7623,3812,149,1,14866.1
7624,3812,71,2,3528.52
7625,3813,3,2,28995.64
7626,3813,128,3,9263.29
7627,3814,101,5,5781.84
7628,3814,80,1,27401.27
7629,3815,80,2,27401.27
7630,3815,18,3,73820.52
7631,3816,8,1,58505.04
7632,3816,61,5,44878.78
7633,3817,136,5,682.08
7634,3817,121,5,6772.08
7635,3818,80,2,27401.27
7636,3818,95,2,15378.47
7637,3819,52,4,26084.73
7638,3819,27,5,8040.26
7639,3820,66,2,31441.05
7640,3820,138,3,13863.67
7641,3821,4,5,39584.54
7642,3821,137,5,11390.83
7643,3822,94,4,1858.01
7644,3822,57,5,21935.06
7645,3823,3,2,28995.64
7646,3823,140,3,8987.09
7647,3824,39,1,33931.85
7648,3824,39,1,33931.85
7649,3825,13,3,54402.04
7650,3825,24,4,43820.15
7651,3826,69,5,52834.09
7652,3826,93,1,11413.05
7653,3827,95,3,15378.47
7654,3827,146,4,1905.39
7655,3828,67,5,22314.95
7656,3828,123,1,612.96
7657,3829,49,2,8217.13
7658,3829,31,5,11490.6
7659,3830,119,1,19868.15
7660,3830,62,5,6674.42
7661,3831,94,1,1858.01
7662,3831,141,5,701.97
7663,3832,141,5,701.97
7664,3832,72,2,49059.06
7665,3833,60,3,33321.91
7666,3833,68,1,19598.26
7667,3834,35,1,33010.69
7668,3834,106,5,19681.04
7669,3835,139,1,4159.23
7670,3835,109,5,8516.39
7671,3836,18,2,73820.52
7672,3836,88,4,48004.49
7673,3837,53,4,26871.05
7674,3837,38,2,30726.82
7675,3838,70,3,3243.71
7676,3838,111,2,9188.58
7677,3839,110,3,12983.38
7678,3839,94,4,1858.01
7679,3840,32,3,18206.86
7680,3840,126,4,12459.53
7681,3841,33,2,21649.9
7682,3841,87,3,45649.01
7683,3842,22,4,18186.29
7684,3842,34,4,2255.17
7685,3843,72,5,49059.06
7686,3843,76,4,5024.14
7687,3844,48,4,12824.52
7688,3844,11,3,69215.46
7689,3845,149,5,14866.1
7690,3845,68,3,19598.26
7691,3846,97,1,3939.13
7692,3846,116,2,6378.97
7693,3847,81,2,37707.89
7694,3847,103,1,22522.89
7695,3848,108,5,13549.63
7696,3848,74,3,41552.59
7697,3849,128,1,9263.29
7698,3849,109,4,8516.39
7699,3850,79,1,33873.61
7700,3850,17,2,36162.26
7701,3851,99,1,16689.48
7702,3851,40,5,19403.2
7703,3852,117,1,14181.77
7704,3852,6,4,48408.63
7705,3853,17,1,36162.26
7706,3853,7,4,23330.83
7707,3854,76,5,5024.14
7708,3854,14,2,10437.0
7709,3855,50,2,27118.65
7710,3855,92,5,2654.0
7711,3856,102,5,18592.29
7712,3856,131,1,3599.39
7713,3857,16,5,2931.99
7714,3857,138,1,13863.67
7715,3858,73,5,37272.06
7716,3858,77,5,23879.21
7717,3859,80,4,27401.27
7718,3859,85,3,7335.47
7719,3860,19,1,17787.61
7720,3860,47,3,23383.27
7721,3861,45,2,5214.29
7722,3861,106,1,19681.04
7723,3862,109,5,8516.39
7724,3862,22,2,18186.29
7725,3863,143,2,13026.41
7726,3863,31,4,11490.6
7727,3864,41,5,30082.04
7728,3864,81,2,37707.89
7729,3865,20,5,81513.85
7730,3865,106,4,19681.04
7731,3866,114,5,5726.03
7732,3866,37,2,25059.66
7733,3867,149,4,14866.1
7734,3867,124,3,796.22
7735,3868,111,4,9188.58
7736,3868,106,3,19681.04
7737,3869,150,3,7113.49
7738,3869,143,4,13026.41
7739,3870,58,4,27146.74
7740,3870,143,4,13026.41
7741,3871,136,3,682.08
7742,3871,86,5,15173.3
7743,3872,114,1,5726.03
7744,3872,21,5,55484.17
7745,3873,124,2,796.22
7746,3873,73,5,37272.06
7747,3874,30,5,12993.37
7748,3874,114,1,5726.03
7749,3875,111,2,9188.58
7750,3875,56,4,33257.92
7751,3876,138,4,13863.67
7752,3876,67,4,22314.95
7753,3877,40,4,19403.2
7754,3877,114,2,5726.03
7755,3878,43,4,14873.86
7756,3878,133,1,8127.63
7757,3879,60,4,33321.91
7758,3879,17,3,36162.26
7759,3880,57,4,21935.06
7760,3880,79,1,33873.61
7761,3881,124,4,796.22
7762,3881,35,1,33010.69
7763,3882,46,5,32887.05
7764,3882,40,1,19403.2
7765,3883,124,3,796.22
7766,3883,83,5,21901.29
7767,3884,105,2,8125.8
7768,3884,72,1,49059.06
7769,3885,63,2,29768.75
7770,3885,72,3,49059.06
7771,3886,28,2,54101.33
7772,3886,62,1,6674.42
7773,3887,74,1,41552.59
7774,3887,70,2,3243.71
7775,3888,21,3,55484.17
7776,3888,134,2,4785.68
7777,3889,88,3,48004.49
7778,3889,88,1,48004.49
7779,3890,65,2,8035.55
7780,3890,79,2,33873.61
7781,3891,139,2,4159.23
7782,3891,89,1,4655.22
7783,3892,15,5,69325.73
7784,3892,98,5,12384.57
7785,3893,33,1,21649.9
7786,3893,90,1,2864.12
7787,3894,16,2,2931.99
7788,3894,65,1,8035.55
7789,3895,93,5,11413.05
7790,3895,78,5,26923.68
7791,3896,36,5,29242.97
7792,3896,49,3,8217.13
7793,3897,149,3,14866.1
7794,3897,39,5,33931.85
7795,3898,64,3,17689.49
7796,3898,35,4,33010.69
7797,3899,16,4,2931.99
7798,3899,3,4,28995.64
7799,3900,124,1,796.22
7800,3900,71,5,3528.52
7801,3901,123,4,612.96
7802,3901,75,2,3049.5
7803,3902,60,4,33321.91
7804,3902,28,4,54101.33
7805,3903,12,2,9596.51
7806,3903,34,3,2255.17
7807,3904,45,2,5214.29
7808,3904,59,3,13085.83
7809,3905,18,4,73820.52
7810,3905,118,5,9811.84
7811,3906,39,1,33931.85
7812,3906,27,4,8040.26
7813,3907,16,1,2931.99
7814,3907,94,2,1858.01
7815,3908,74,3,41552.59
7816,3908,101,1,5781.84
7817,3909,7,1,23330.83
7818,3909,41,4,30082.04
7819,3910,31,4,11490.6
7820,3910,44,1,19789.04
7821,3911,145,5,11360.29
7822,3911,74,1,41552.59
7823,3912,41,4,30082.04
7824,3912,9,5,19098.4
7825,3913,70,2,3243.71
7826,3913,24,3,43820.15
7827,3914,44,1,19789.04
7828,3914,24,5,43820.15
7829,3915,126,1,12459.53
7830,3915,121,5,6772.08
7831,3916,107,2,21829.1
7832,3916,89,4,4655.22
7833,3917,24,3,43820.15
7834,3917,105,2,8125.8
7835,3918,109,5,8516.39
7836,3918,139,4,4159.23
7837,3919,70,4,3243.71
7838,3919,87,1,45649.01
7839,3920,73,3,37272.06
7840,3920,97,5,3939.13
7841,3921,100,1,6854.81
7842,3921,107,2,21829.1
7843,3922,133,3,8127.63
7844,3922,59,4,13085.83
7845,3923,125,3,8947.13
7846,3923,44,5,19789.04
7847,3924,18,5,73820.52
7848,3924,121,1,6772.08
7849,3925,19,2,17787.61
7850,3925,106,2,19681.04
7851,3926,90,3,2864.12
7852,3926,49,1,8217.13
7853,3927,60,2,33321.91
7854,3927,31,1,11490.6
7855,3928,37,4,25059.66
7856,3928,14,4,10437.0
7857,3929,74,3,41552.59
7858,3929,80,4,27401.27
7859,3930,136,2,682.08
7860,3930,147,5,14301.36
7861,3931,6,3,48408.63
7862,3931,149,4,14866.1
7863,3932,23,1,49555.53
7864,3932,62,1,6674.42
7865,3933,54,2,30922.05
7866,3933,122,5,6970.32
7867,3934,30,4,12993.37
7868,3934,19,5,17787.61
7869,3935,86,1,15173.3
7870,3935,42,5,21976.79
7871,3936,119,4,19868.15
7872,3936,113,1,12566.23
7873,3937,110,3,12983.38
7874,3937,73,1,37272.06
7875,3938,54,1,30922.05
7876,3938,82,4,23327.1
7877,3939,113,4,12566.23
7878,3939,23,3,49555.53
7879,3940,4,4,39584.54
7880,3940,150,2,7113.49
7881,3941,101,1,5781.84
7882,3941,12,3,9596.51
7883,3942,73,2,37272.06
7884,3942,143,4,13026.41
7885,3943,56,3,33257.92
7886,3943,126,3,12459.53
7887,3944,10,5,38310.2
7888,3944,129,3,577.07
7889,3945,28,4,54101.33
7890,3945,79,3,33873.61
7891,3946,77,3,23879.21
7892,3946,20,2,81513.85
7893,3947,135,5,11516.05
7894,3947,34,3,2255.17
7895,3948,139,2,4159.23
7896,3948,63,3,29768.75
7897,3949,88,2,48004.49
7898,3949,101,2,5781.84
7899,3950,118,2,9811.84
7900,3950,63,5,29768.75
7901,3951,16,4,2931.99
7902,3951,26,4,72907.28
7903,3952,123,5,612.96
7904,3952,132,5,3011.07
7905,3953,12,3,9596.51
7906,3953,54,5,30922.05
7907,3954,23,1,49555.53
7908,3954,3,4,28995.64
7909,3955,56,1,33257.92
7910,3955,1,3,52539.0
7911,3956,91,1,6848.12
7912,3956,119,4,19868.15
7913,3957,32,3,18206.86
7914,3957,2,3,4930.4
7915,3958,132,4,3011.07
7916,3958,130,4,5954.55
7917,3959,29,4,8346.58
7918,3959,16,4,2931.99
7919,3960,62,2,6674.42
7920,3960,143,2,13026.41
7921,3961,28,1,54101.33
7922,3961,47,1,23383.27
7923,3962,12,5,9596.51
7924,3962,28,1,54101.33
7925,3963,72,5,49059.06
7926,3963,135,5,11516.05
7927,3964,36,1,29242.97
7928,3964,98,5,12384.57
7929,3965,90,1,2864.12
7930,3965,147,5,14301.36
7931,3966,72,4,49059.06
7932,3966,50,5,27118.65
7933,3967,134,2,4785.68
7934,3967,99,3,16689.48
7935,3968,101,5,5781.84
7936,3968,3,4,28995.64
7937,3969,29,1,8346.58
7938,3969,110,1,12983.38
7939,3970,57,2,21935.06
7940,3970,134,2,4785.68
7941,3971,38,2,30726.82
7942,3971,142,2,12489.82
7943,3972,47,2,23383.27
7944,3972,96,2,6710.71
7945,3973,118,3,9811.84
7946,3973,84,4,5359.51
7947,3974,35,4,33010.69
7948,3974,10,3,38310.2
7949,3975,34,3,2255.17
7950,3975,8,1,58505.04
7951,3976,140,5,8987.09
7952,3976,114,2,5726.03
7953,3977,12,4,9596.51
7954,3977,103,3,22522.89
7955,3978,113,4,12566.23
7956,3978,104,4,6130.95
7957,3979,120,5,24465.41
7958,3979,130,4,5954.55
7959,3980,32,2,18206.86
7960,3980,3,5,28995.64
7961,3981,66,5,31441.05
7962,3981,54,5,30922.05
7963,3982,128,2,9263.29
7964,3982,1,1,52539.0
7965,3983,101,4,5781.84
7966,3983,55,2,18034.1
7967,3984,86,4,15173.3
7968,3984,131,5,3599.39
7969,3985,139,4,4159.23
7970,3985,91,4,6848.12
7971,3986,80,5,27401.27
7972,3986,63,4,29768.75
7973,3987,120,1,24465.41
7974,3987,111,1,9188.58
7975,3988,146,4,1905.39
7976,3988,92,1,2654.0
7977,3989,1,2,52539.0
7978,3989,135,1,11516.05
7979,3990,77,1,23879.21
7980,3990,66,2,31441.05
7981,3991,143,5,13026.41
7982,3991,1,1,52539.0
7983,3992,91,2,6848.12
7984,3992,18,3,73820.52
7985,3993,2,1,4930.4
7986,3993,93,5,11413.05
7987,3994,54,3,30922.05
7988,3994,49,3,8217.13
7989,3995,139,3,4159.23
7990,3995,143,3,13026.41
7991,3996,48,3,12824.52
7992,3996,85,4,7335.47
7993,3997,18,3,73820.52
7994,3997,17,4,36162.26
7995,3998,134,3,4785.68
7996,3998,56,4,33257.92
7997,3999,100,1,6854.81
7998,3999,26,5,72907.28
7999,4000,51,2,8341.82
8000,4000,92,4,2654.0
8001,4001,147,5,14301.36
8002,4001,31,4,11490.6
8003,4002,91,2,6848.12
8004,4002,94,2,1858.01
8005,4003,67,4,22314.95
8006,4003,49,4,8217.13
8007,4004,14,3,10437.0
8008,4004,48,3,12824.52
8009,4005,147,5,14301.36
8010,4005,6,3,48408.63
8011,4006,2,1,4930.4
8012,4006,62,5,6674.42
8013,4007,81,5,37707.89
8014,4007,148,5,10266.15
8015,4008,21,5,55484.17
8016,4008,75,2,3049.5
8017,4009,48,3,12824.52
8018,4009,79,3,33873.61
8019,4010,128,3,9263.29
8020,4010,60,3,33321.91
8021,4011,47,3,23383.27
8022,4011,91,1,6848.12
8023,4012,41,2,30082.04
8024,4012,143,4,13026.41
8025,4013,150,3,7113.49
8026,4013,37,5,25059.66
8027,4014,57,5,21935.06
8028,4014,42,1,21976.79
8029,4015,13,4,54402.04
8030,4015,40,5,19403.2
8031,4016,98,5,12384.57
8032,4016,89,2,4655.22
8033,4017,26,1,72907.28
8034,4017,11,4,69215.46
8035,4018,58,3,27146.74
8036,4018,9,1,19098.4
8037,4019,52,2,26084.73
8038,4019,91,4,6848.12
8039,4020,6,3,48408.63
8040,4020,74,1,41552.59
8041,4021,67,5,22314.95
8042,4021,37,2,25059.66
8043,4022,72,2,49059.06
8044,4022,5,2,84081.85
8045,4023,87,5,45649.01
8046,4023,84,5,5359.51
8047,4024,134,5,4785.68
8048,4024,94,3,1858.01
8049,4025,114,2,5726.03
8050,4025,57,5,21935.06
8051,4026,126,3,12459.53
8052,4026,44,4,19789.04
8053,4027,2,5,4930.4
8054,4027,92,3,2654.0
8055,4028,12,2,9596.51
8056,4028,101,2,5781.84
8057,4029,96,5,6710.71
8058,4029,29,3,8346.58
8059,4030,61,3,44878.78
8060,4030,56,5,33257.92
8061,4031,93,5,11413.05
8062,4031,82,4,23327.1
8063,4032,32,4,18206.86
8064,4032,42,1,21976.79
8065,4033,121,1,6772.08
8066,4033,64,4,17689.49
8067,4034,125,5,8947.13
8068,4034,143,5,13026.41
8069,4035,53,4,26871.05
8070,4035,50,4,27118.65
8071,4036,57,1,21935.06
8072,4036,25,3,53524.51
8073,4037,47,4,23383.27
8074,4037,124,2,796.22
8075,4038,120,3,24465.41
8076,4038,139,1,4159.23
8077,4039,32,5,18206.86
8078,4039,78,3,26923.68
8079,4040,140,4,8987.09
8080,4040,137,5,11390.83
8081,4041,5,3,84081.85
8082,4041,39,5,33931.85
8083,4042,26,5,72907.28
8084,4042,73,3,37272.06
8085,4043,13,5,54402.04
8086,4043,6,1,48408.63
8087,4044,43,3,14873.86
8088,4044,83,5,21901.29
8089,4045,117,5,14181.77
8090,4045,40,3,19403.2
8091,4046,119,2,19868.15
8092,4046,29,2,8346.58
8093,4047,6,2,48408.63
8094,4047,41,1,30082.04
8095,4048,60,4,33321.91
8096,4048,63,3,29768.75
8097,4049,78,1,26923.68
8098,4049,94,2,1858.01
8099,4050,52,3,26084.73
8100,4050,1,1,52539.0
8101,4051,107,3,21829.1
8102,4051,118,5,9811.84
8103,4052,93,1,11413.05
8104,4052,107,1,21829.1
8105,4053,59,2,13085.83
8106,4053,128,1,9263.29
8107,4054,138,4,13863.67
8108,4054,91,5,6848.12
8109,4055,82,1,23327.1
8110,4055,6,2,48408.63
8111,4056,18,3,73820.52
8112,4056,103,3,22522.89
8113,4057,67,5,22314.95
8114,4057,27,5,8040.26
8115,4058,53,2,26871.05
8116,4058,43,1,14873.86
8117,4059,101,1,5781.84
8118,4059,91,2,6848.12
8119,4060,82,1,23327.1
8120,4060,21,5,55484.17
8121,4061,21,4,55484.17
8122,4061,124,5,796.22
8123,4062,131,4,3599.39
8124,4062,145,3,11360.29
8125,4063,6,3,48408.63
8126,4063,120,1,24465.41
8127,4064,3,4,28995.64
8128,4064,47,2,23383.27
8129,4065,83,1,21901.29
8130,4065,20,4,81513.85
8131,4066,127,3,1177.88
8132,4066,20,4,81513.85
8133,4067,73,5,37272.06
8134,4067,10,5,38310.2
8135,4068,46,2,32887.05
8136,4068,145,2,11360.29
8137,4069,105,1,8125.8
8138,4069,79,3,33873.61
8139,4070,125,1,8947.13
8140,4070,119,1,19868.15
8141,4071,108,4,13549.63
8142,4071,14,3,10437.0
8143,4072,127,5,1177.88
8144,4072,98,3,12384.57
8145,4073,33,4,21649.9
8146,4073,53,5,26871.05
8147,4074,143,2,13026.41
8148,4074,19,1,17787.61
8149,4075,41,3,30082.04
8150,4075,129,2,577.07
8151,4076,36,1,29242.97
8152,4076,132,5,3011.07
8153,4077,138,4,13863.67
8154,4077,3,1,28995.64
8155,4078,111,2,9188.58
8156,4078,75,3,3049.5
8157,4079,69,3,52834.09
8158,4079,19,4,17787.61
8159,4080,106,1,19681.04
8160,4080,56,4,33257.92
8161,4081,4,2,39584.54
8162,4081,67,1,22314.95
8163,4082,139,3,4159.23
8164,4082,122,5,6970.32
8165,4083,83,2,21901.29
8166,4083,32,3,18206.86
8167,4084,12,2,9596.51
8168,4084,117,3,14181.77
8169,4085,62,5,6674.42
8170,4085,63,5,29768.75
8171,4086,30,5,12993.37
8172,4086,26,4,72907.28
8173,4087,91,3,6848.12
8174,4087,81,5,37707.89
8175,4088,72,5,49059.06
8176,4088,7,4,23330.83
8177,4089,35,1,33010.69
8178,4089,148,3,10266.15
8179,4090,34,4,2255.17
8180,4090,86,5,15173.3
8181,4091,102,1,18592.29
8182,4091,115,2,21162.49
8183,4092,91,1,6848.12
8184,4092,49,2,8217.13
8185,4093,57,1,21935.06
8186,4093,38,1,30726.82
8187,4094,107,5,21829.1
8188,4094,48,2,12824.52
8189,4095,4,3,39584.54
8190,4095,55,5,18034.1
8191,4096,73,3,37272.06
8192,4096,42,5,21976.79
8193,4097,29,2,8346.58
8194,4097,65,5,8035.55
8195,4098,120,5,24465.41
8196,4098,82,4,23327.1
8197,4099,82,2,23327.1
8198,4099,58,2,27146.74
8199,4100,97,4,3939.13
8200,4100,22,1,18186.29
8201,4101,54,5,30922.05
8202,4101,40,1,19403.2
8203,4102,31,5,11490.6
8204,4102,106,2,19681.04
8205,4103,2,3,4930.4
8206,4103,12,2,9596.51
8207,4104,96,3,6710.71
8208,4104,17,2,36162.26
8209,4105,13,5,54402.04
8210,4105,101,2,5781.84
8211,4106,77,2,23879.21
8212,4106,105,3,8125.8
8213,4107,128,4,9263.29
8214,4107,5,4,84081.85
8215,4108,6,2,48408.63
8216,4108,75,3,3049.5
8217,4109,97,2,3939.13
8218,4109,19,3,17787.61
8219,4110,92,3,2654.0
8220,4110,35,4,33010.69
8221,4111,66,2,31441.05
8222,4111,29,4,8346.58
8223,4112,146,1,1905.39
8224,4112,150,3,7113.49
8225,4113,125,3,8947.13
8226,4113,146,3,1905.39
8227,4114,30,5,12993.37
8228,4114,4,3,39584.54
8229,4115,83,3,21901.29
8230,4115,148,1,10266.15
8231,4116,112,3,17873.14
8232,4116,78,4,26923.68
8233,4117,135,2,11516.05
8234,4117,38,3,30726.82
8235,4118,15,5,69325.73
8236,4118,129,5,577.07
8237,4119,100,4,6854.81
8238,4119,104,1,6130.95
8239,4120,28,5,54101.33
8240,4120,114,1,5726.03
8241,4121,4,4,39584.54
8242,4121,69,5,52834.09
8243,4122,142,5,12489.82
8244,4122,4,1,39584.54
8245,4123,107,1,21829.1
8246,4123,141,1,701.97
8247,4124,40,1,19403.2
8248,4124,49,1,8217.13
8249,4125,96,3,6710.71
8250,4125,111,4,9188.58
8251,4126,119,3,19868.15
8252,4126,48,1,12824.52
8253,4127,106,2,19681.04
8254,4127,95,5,15378.47
8255,4128,41,3,30082.04
8256,4128,72,3,49059.06
8257,4129,91,1,6848.12
8258,4129,116,4,6378.97
8259,4130,83,3,21901.29
8260,4130,117,5,14181.77
8261,4131,132,5,3011.07
8262,4131,25,3,53524.51
8263,4132,96,5,6710.71
8264,4132,62,5,6674.42
8265,4133,138,5,13863.67
8266,4133,120,4,24465.41
8267,4134,93,1,11413.05
8268,4134,79,2,33873.61
8269,4135,82,5,23327.1
8270,4135,6,4,48408.63
8271,4136,76,2,5024.14
8272,4136,41,1,30082.04
8273,4137,42,1,21976.79
8274,4137,50,4,27118.65
8275,4138,55,4,18034.1
8276,4138,4,1,39584.54
8277,4139,28,3,54101.33
8278,4139,83,2,21901.29
8279,4140,62,2,6674.42
8280,4140,63,2,29768.75
8281,4141,28,3,54101.33
8282,4141,35,1,33010.69
8283,4142,68,1,19598.26
8284,4142,125,5,8947.13
8285,4143,55,5,18034.1
8286,4143,84,2,5359.51
8287,4144,131,3,3599.39
8288,4144,50,1,27118.65
8289,4145,124,1,796.22
8290,4145,131,3,3599.39
8291,4146,106,4,19681.04
8292,4146,3,5,28995.64
8293,4147,7,2,23330.83
8294,4147,85,1,7335.47
8295,4148,69,5,52834.09
8296,4148,14,2,10437.0
8297,4149,56,2,33257.92
8298,4149,25,2,53524.51
8299,4150,146,2,1905.39
8300,4150,98,1,12384.57
8301,4151,92,4,2654.0
8302,4151,38,1,30726.82
8303,4152,116,2,6378.97
8304,4152,23,1,49555.53
8305,4153,93,4,11413.05
8306,4153,126,4,12459.53
8307,4154,45,2,5214.29
8308,4154,129,4,577.07
8309,4155,92,5,2654.0
8310,4155,34,4,2255.17
8311,4156,60,1,33321.91
8312,4156,25,4,53524.51
8313,4157,20,5,81513.85
8314,4157,15,2,69325.73
8315,4158,9,2,19098.4
8316,4158,135,4,11516.05
8317,4159,149,3,14866.1
8318,4159,41,4,30082.04
8319,4160,55,3,18034.1
8320,4160,2,3,4930.4
8321,4161,76,4,5024.14
8322,4161,92,3,2654.0
8323,4162,19,3,17787.61
8324,4162,103,5,22522.89
8325,4163,134,2,4785.68
8326,4163,41,2,30082.04
8327,4164,149,1,14866.1
8328,4164,141,1,701.97
8329,4165,42,5,21976.79
8330,4165,2,5,4930.4
8331,4166,18,5,73820.52
8332,4166,22,4,18186.29
8333,4167,121,1,6772.08
8334,4167,21,5,55484.17
8335,4168,135,2,11516.05
8336,4168,125,4,8947.13
8337,4169,30,4,12993.37
8338,4169,87,4,45649.01
8339,4170,128,5,9263.29
8340,4170,85,5,7335.47
8341,4171,113,4,12566.23
8342,4171,112,1,17873.14
8343,4172,40,1,19403.2
8344,4172,116,4,6378.97
8345,4173,73,3,37272.06
8346,4173,80,1,27401.27
8347,4174,89,4,4655.22
8348,4174,93,4,11413.05
8349,4175,74,2,41552.59
8350,4175,124,3,796.22
8351,4176,136,2,682.08
8352,4176,76,5,5024.14
8353,4177,20,2,81513.85
8354,4177,38,5,30726.82
8355,4178,30,5,12993.37
8356,4178,4,1,39584.54
8357,4179,47,5,23383.27
8358,4179,94,3,1858.01
8359,4180,129,3,577.07
8360,4180,71,3,3528.52
8361,4181,115,2,21162.49
8362,4181,84,2,5359.51
8363,4182,100,3,6854.81
8364,4182,9,4,19098.4
8365,4183,28,3,54101.33
8366,4183,147,1,14301.36
8367,4184,51,1,8341.82
8368,4184,11,3,69215.46
8369,4185,111,3,9188.58
8370,4185,37,4,25059.66
8371,4186,80,1,27401.27
8372,4186,68,3,19598.26
8373,4187,111,3,9188.58
8374,4187,83,3,21901.29
8375,4188,55,1,18034.1
8376,4188,46,5,32887.05
8377,4189,15,2,69325.73
8378,4189,136,2,682.08
8379,4190,109,3,8516.39
8380,4190,26,2,72907.28
8381,4191,66,4,31441.05
8382,4191,48,5,12824.52
8383,4192,150,2,7113.49
8384,4192,104,2,6130.95
8385,4193,50,4,27118.65
8386,4193,9,1,19098.4
8387,4194,90,1,2864.12
8388,4194,18,2,73820.52
8389,4195,22,2,18186.29
8390,4195,38,2,30726.82
8391,4196,113,4,12566.23
8392,4196,26,3,72907.28
8393,4197,142,3,12489.82
8394,4197,39,3,33931.85
8395,4198,22,1,18186.29
8396,4198,139,4,4159.23
8397,4199,76,2,5024.14
8398,4199,41,2,30082.04
8399,4200,31,5,11490.6
8400,4200,85,5,7335.47
8401,4201,56,1,33257.92
8402,4201,56,2,33257.92
8403,4202,124,3,796.22
8404,4202,126,1,12459.53
8405,4203,52,3,26084.73
8406,4203,8,5,58505.04
8407,4204,114,1,5726.03
8408,4204,138,1,13863.67
8409,4205,69,5,52834.09
8410,4205,95,3,15378.47
8411,4206,59,4,13085.83
8412,4206,38,4,30726.82
8413,4207,69,5,52834.09
8414,4207,28,5,54101.33
8415,4208,119,2,19868.15
8416,4208,30,4,12993.37
8417,4209,142,3,12489.82
8418,4209,35,5,33010.69
8419,4210,123,4,612.96
8420,4210,75,2,3049.5
8421,4211,131,3,3599.39
8422,4211,100,5,6854.81
8423,4212,82,1,23327.1
8424,4212,40,4,19403.2
8425,4213,17,4,36162.26
8426,4213,91,5,6848.12
8427,4214,103,5,22522.89
8428,4214,39,4,33931.85
8429,4215,73,2,37272.06
8430,4215,13,1,54402.04
8431,4216,58,5,27146.74
8432,4216,31,4,11490.6
8433,4217,32,1,18206.86
8434,4217,36,5,29242.97
8435,4218,21,1,55484.17
8436,4218,28,1,54101.33
8437,4219,126,1,12459.53
8438,4219,77,1,23879.21
8439,4220,75,4,3049.5
8440,4220,140,4,8987.09
8441,4221,59,4,13085.83
8442,4221,77,5,23879.21
8443,4222,13,3,54402.04
8444,4222,35,1,33010.69
8445,4223,119,1,19868.15
8446,4223,33,1,21649.9
8447,4224,128,2,9263.29
8448,4224,145,4,11360.29
8449,4225,15,1,69325.73
8450,4225,107,2,21829.1
8451,4226,32,4,18206.86
8452,4226,34,5,2255.17
8453,4227,81,5,37707.89
8454,4227,17,1,36162.26
8455,4228,116,4,6378.97
8456,4228,29,5,8346.58
8457,4229,102,4,18592.29
8458,4229,112,4,17873.14
8459,4230,66,1,31441.05
8460,4230,104,4,6130.95
8461,4231,14,4,10437.0
8462,4231,69,5,52834.09
8463,4232,87,5,45649.01
8464,4232,135,5,11516.05
8465,4233,74,3,41552.59
8466,4233,69,2,52834.09
8467,4234,74,3,41552.59
8468,4234,15,3,69325.73
8469,4235,130,5,5954.55
8470,4235,104,3,6130.95
8471,4236,91,2,6848.12
8472,4236,129,4,577.07
8473,4237,144,3,11019.62
8474,4237,81,1,37707.89
8475,4238,45,4,5214.29
8476,4238,85,2,7335.47
8477,4239,127,4,1177.88
8478,4239,108,4,13549.63
8479,4240,61,1,44878.78
8480,4240,88,3,48004.49
8481,4241,45,3,5214.29
8482,4241,70,1,3243.71
8483,4242,120,5,24465.41
8484,4242,55,2,18034.1
8485,4243,23,1,49555.53
8486,4243,39,4,33931.85
8487,4244,138,1,13863.67
8488,4244,142,4,12489.82
8489,4245,133,3,8127.63
8490,4245,7,4,23330.83
8491,4246,55,3,18034.1
8492,4246,84,5,5359.51
8493,4247,88,4,48004.49
8494,4247,126,4,12459.53
8495,4248,17,1,36162.26
8496,4248,74,3,41552.59
8497,4249,97,5,3939.13
8498,4249,142,2,12489.82
8499,4250,112,2,17873.14
8500,4250,78,2,26923.68
8501,4251,78,2,26923.68
8502,4251,53,3,26871.05
8503,4252,48,5,12824.52
8504,4252,134,4,4785.68
8505,4253,3,1,28995.64
8506,4253,85,2,7335.47
8507,4254,90,1,2864.12
8508,4254,54,4,30922.05
8509,4255,47,4,23383.27
8510,4255,46,3,32887.05
8511,4256,137,4,11390.83
8512,4256,31,5,11490.6
8513,4257,48,1,12824.52
8514,4257,17,3,36162.26
8515,4258,3,5,28995.64
8516,4258,70,5,3243.71
8517,4259,120,3,24465.41
8518,4259,40,4,19403.2
8519,4260,30,3,12993.37
8520,4260,80,4,27401.27
8521,4261,30,2,12993.37
8522,4261,18,4,73820.52
8523,4262,33,4,21649.9
8524,4262,96,4,6710.71
8525,4263,50,2,27118.65
8526,4263,48,1,12824.52
8527,4264,7,4,23330.83
8528,4264,25,1,53524.51
8529,4265,58,4,27146.74
8530,4265,142,5,12489.82
8531,4266,89,2,4655.22
8532,4266,121,3,6772.08
8533,4267,139,1,4159.23
8534,4267,44,2,19789.04
8535,4268,60,3,33321.91
8536,4268,41,2,30082.04
8537,4269,82,5,23327.1
8538,4269,65,3,8035.55
8539,4270,111,2,9188.58
8540,4270,143,2,13026.41
8541,4271,133,3,8127.63
8542,4271,101,1,5781.84
8543,4272,116,3,6378.97
8544,4272,150,1,7113.49
8545,4273,101,5,5781.84
8546,4273,134,1,4785.68
8547,4274,82,3,23327.1
8548,4274,83,4,21901.29
8549,4275,27,2,8040.26
8550,4275,110,1,12983.38
8551,4276,80,4,27401.27
8552,4276,83,1,21901.29
8553,4277,2,3,4930.4
8554,4277,48,3,12824.52
8555,4278,36,3,29242.97
8556,4278,143,3,13026.41
8557,4279,101,3,5781.84
8558,4279,133,5,8127.63
8559,4280,149,2,14866.1
8560,4280,52,2,26084.73
8561,4281,87,4,45649.01
8562,4281,24,4,43820.15
8563,4282,111,5,9188.58
8564,4282,93,2,11413.05
8565,4283,130,3,5954.55
8566,4283,70,1,3243.71
8567,4284,134,3,4785.68
8568,4284,116,4,6378.97
8569,4285,38,4,30726.82
8570,4285,116,2,6378.97
8571,4286,131,1,3599.39
8572,4286,36,4,29242.97
8573,4287,118,1,9811.84
8574,4287,77,1,23879.21
8575,4288,7,3,23330.83
8576,4288,97,3,3939.13
8577,4289,14,5,10437.0
8578,4289,128,5,9263.29
8579,4290,139,1,4159.23
8580,4290,122,2,6970.32
8581,4291,111,1,9188.58
8582,4291,131,5,3599.39
8583,4292,87,4,45649.01
8584,4292,88,2,48004.49
8585,4293,70,3,3243.71
8586,4293,42,1,21976.79
8587,4294,100,3,6854.81
8588,4294,43,1,14873.86
8589,4295,24,1,43820.15
8590,4295,133,1,8127.63
8591,4296,135,2,11516.05
8592,4296,84,3,5359.51
8593,4297,144,3,11019.62
8594,4297,35,1,33010.69
8595,4298,21,2,55484.17
8596,4298,29,3,8346.58
8597,4299,148,3,10266.15
8598,4299,109,2,8516.39
8599,4300,49,2,8217.13
8600,4300,144,1,11019.62
8601,4301,122,5,6970.32
8602,4301,138,3,13863.67
8603,4302,38,4,30726.82
8604,4302,108,5,13549.63
8605,4303,12,1,9596.51
8606,4303,120,4,24465.41
8607,4304,7,4,23330.83
8608,4304,14,3,10437.0
8609,4305,59,2,13085.83
8610,4305,120,1,24465.41
8611,4306,32,5,18206.86
8612,4306,61,4,44878.78
8613,4307,59,5,13085.83
8614,4307,134,4,4785.68
8615,4308,87,1,45649.01
8616,4308,67,2,22314.95
8617,4309,105,3,8125.8
8618,4309,111,2,9188.58
8619,4310,146,4,1905.39
8620,4310,147,1,14301.36
8621,4311,89,3,4655.22
8622,4311,88,2,48004.49
8623,4312,20,5,81513.85
8624,4312,11,5,69215.46
8625,4313,43,4,14873.86
8626,4313,122,1,6970.32
8627,4314,48,3,12824.52
8628,4314,138,3,13863.67
8629,4315,3,3,28995.64
8630,4315,127,4,1177.88
8631,4316,15,5,69325.73
8632,4316,64,1,17689.49
8633,4317,113,2,12566.23
8634,4317,85,3,7335.47
8635,4318,108,1,13549.63
8636,4318,4,4,39584.54
8637,4319,149,4,14866.1
8638,4319,66,1,31441.05
8639,4320,121,4,6772.08
8640,4320,133,3,8127.63
8641,4321,98,3,12384.57
8642,4321,67,5,22314.95
8643,4322,39,3,33931.85
8644,4322,87,5,45649.01
8645,4323,60,2,33321.91
8646,4323,65,5,8035.55
8647,4324,129,4,577.07
8648,4324,146,3,1905.39
8649,4325,79,4,33873.61
8650,4325,140,1,8987.09
8651,4326,2,2,4930.4
8652,4326,46,1,32887.05
8653,4327,114,4,5726.03
8654,4327,71,4,3528.52
8655,4328,93,2,11413.05
8656,4328,18,4,73820.52
8657,4329,96,5,6710.71
8658,4329,87,5,45649.01
8659,4330,108,2,13549.63
8660,4330,122,3,6970.32
8661,4331,33,2,21649.9
8662,4331,60,3,33321.91
8663,4332,32,2,18206.86
8664,4332,140,2,8987.09
8665,4333,74,2,41552.59
8666,4333,121,1,6772.08
8667,4334,62,4,6674.42
8668,4334,88,2,48004.49
8669,4335,101,5,5781.84
8670,4335,107,5,21829.1
8671,4336,96,4,6710.71
8672,4336,92,2,2654.0
8673,4337,17,4,36162.26
8674,4337,27,2,8040.26
8675,4338,68,4,19598.26
8676,4338,142,5,12489.82
8677,4339,60,2,33321.91
8678,4339,33,4,21649.9
8679,4340,101,4,5781.84
8680,4340,23,4,49555.53
8681,4341,56,5,33257.92
8682,4341,129,3,577.07
8683,4342,135,1,11516.05
8684,4342,31,4,11490.6
8685,4343,39,2,33931.85
8686,4343,87,1,45649.01
8687,4344,45,3,5214.29
8688,4344,124,3,796.22
8689,4345,133,1,8127.63
8690,4345,90,2,2864.12
8691,4346,46,3,32887.05
8692,4346,111,1,9188.58
8693,4347,97,2,3939.13
8694,4347,132,1,3011.07
8695,4348,135,1,11516.05
8696,4348,135,3,11516.05
8697,4349,90,3,2864.12
8698,4349,45,1,5214.29
8699,4350,101,1,5781.84
8700,4350,64,5,17689.49
8701,4351,102,1,18592.29
8702,4351,15,4,69325.73
8703,4352,141,5,701.97
8704,4352,67,5,22314.95
8705,4353,55,3,18034.1
8706,4353,2,4,4930.4
8707,4354,26,4,72907.28
8708,4354,117,2,14181.77
8709,4355,53,5,26871.05
8710,4355,35,1,33010.69
8711,4356,117,3,14181.77
8712,4356,19,1,17787.61
8713,4357,62,3,6674.42
8714,4357,144,4,11019.62
8715,4358,87,4,45649.01
8716,4358,108,5,13549.63
8717,4359,29,1,8346.58
8718,4359,63,2,29768.75
8719,4360,16,2,2931.99
8720,4360,42,3,21976.79
8721,4361,1,1,52539.0
8722,4361,125,2,8947.13
8723,4362,42,5,21976.79
8724,4362,22,3,18186.29
8725,4363,83,3,21901.29
8726,4363,54,1,30922.05
8727,4364,37,3,25059.66
8728,4364,105,4,8125.8
8729,4365,65,1,8035.55
8730,4365,2,5,4930.4
8731,4366,74,1,41552.59
8732,4366,77,2,23879.21
8733,4367,115,5,21162.49
8734,4367,26,3,72907.28
8735,4368,18,1,73820.52
8736,4368,150,3,7113.49
8737,4369,136,4,682.08
8738,4369,58,4,27146.74
8739,4370,13,4,54402.04
8740,4370,60,3,33321.91
8741,4371,11,3,69215.46
8742,4371,21,2,55484.17
8743,4372,10,1,38310.2
8744,4372,90,4,2864.12
8745,4373,48,2,12824.52
8746,4373,145,3,11360.29
8747,4374,53,2,26871.05
8748,4374,116,5,6378.97
8749,4375,30,5,12993.37
8750,4375,44,2,19789.04
8751,4376,57,1,21935.06
8752,4376,105,4,8125.8
8753,4377,31,4,11490.6
8754,4377,36,5,29242.97
8755,4378,149,4,14866.1
8756,4378,141,1,701.97
8757,4379,120,3,24465.41
8758,4379,79,5,33873.61
8759,4380,24,3,43820.15
8760,4380,76,2,5024.14
8761,4381,64,2,17689.49
8762,4381,89,2,4655.22
8763,4382,26,3,72907.28
8764,4382,104,1,6130.95
8765,4383,37,2,25059.66
8766,4383,44,3,19789.04
8767,4384,127,3,1177.88
8768,4384,102,5,18592.29
8769,4385,123,5,612.96
8770,4385,34,4,2255.17
8771,4386,22,5,18186.29
8772,4386,90,3,2864.12
8773,4387,19,2,17787.61
8774,4387,120,1,24465.41
8775,4388,54,3,30922.05
8776,4388,149,4,14866.1
8777,4389,118,5,9811.84
8778,4389,5,5,84081.85
8779,4390,127,5,1177.88
8780,4390,75,1,3049.5
8781,4391,118,5,9811.84
8782,4391,108,4,13549.63
8783,4392,58,5,27146.74
8784,4392,56,4,33257.92
8785,4393,57,5,21935.06
8786,4393,78,5,26923.68
8787,4394,85,4,7335.47
8788,4394,48,1,12824.52
8789,4395,34,1,2255.17
8790,4395,53,3,26871.05
8791,4396,42,1,21976.79
8792,4396,16,3,2931.99
8793,4397,139,1,4159.23
8794,4397,31,3,11490.6
8795,4398,107,5,21829.1
8796,4398,23,2,49555.53
8797,4399,137,5,11390.83
8798,4399,59,2,13085.83
8799,4400,19,2,17787.61
8800,4400,135,4,11516.05
8801,4401,51,3,8341.82
8802,4401,148,2,10266.15
8803,4402,56,3,33257.92
8804,4402,35,3,33010.69
8805,4403,51,4,8341.82
8806,4403,29,1,8346.58
8807,4404,72,1,49059.06
8808,4404,119,4,19868.15
8809,4405,48,5,12824.52
8810,4405,86,1,15173.3
8811,4406,2,2,4930.4
8812,4406,2,1,4930.4
8813,4407,106,3,19681.04
8814,4407,11,3,69215.46
8815,4408,7,2,23330.83
8816,4408,120,4,24465.41
8817,4409,34,1,2255.17
8818,4409,29,5,8346.58
8819,4410,143,1,13026.41
8820,4410,112,5,17873.14
8821,4411,10,3,38310.2
8822,4411,63,5,29768.75
8823,4412,21,1,55484.17
8824,4412,78,5,26923.68
8825,4413,38,1,30726.82
8826,4413,148,1,10266.15
8827,4414,44,1,19789.04
8828,4414,97,2,3939.13
8829,4415,65,3,8035.55
8830,4415,17,5,36162.26
8831,4416,81,1,37707.89
8832,4416,18,4,73820.52
8833,4417,108,3,13549.63
8834,4417,21,3,55484.17
8835,4418,5,5,84081.85
8836,4418,95,4,15378.47
8837,4419,85,4,7335.47
8838,4419,135,1,11516.05
8839,4420,19,2,17787.61
8840,4420,65,2,8035.55
8841,4421,20,3,81513.85
8842,4421,58,2,27146.74
8843,4422,57,1,21935.06
8844,4422,67,5,22314.95
8845,4423,60,5,33321.91
8846,4423,35,5,33010.69
8847,4424,40,2,19403.2
8848,4424,54,3,30922.05
8849,4425,103,2,22522.89
8850,4425,71,4,3528.52
8851,4426,43,4,14873.86
8852,4426,43,3,14873.86
8853,4427,114,1,5726.03
8854,4427,60,5,33321.91
8855,4428,25,4,53524.51
8856,4428,82,2,23327.1
8857,4429,114,4,5726.03
8858,4429,51,1,8341.82
8859,4430,140,4,8987.09
8860,4430,35,3,33010.69
8861,4431,3,2,28995.64
8862,4431,102,3,18592.29
8863,4432,135,1,11516.05
8864,4432,4,2,39584.54
8865,4433,91,3,6848.12
8866,4433,3,4,28995.64
8867,4434,69,4,52834.09
8868,4434,117,4,14181.77
8869,4435,94,1,1858.01
8870,4435,126,2,12459.53
8871,4436,124,4,796.22
8872,4436,81,2,37707.89
8873,4437,41,5,30082.04
8874,4437,29,2,8346.58
8875,4438,53,4,26871.05
8876,4438,84,3,5359.51
8877,4439,112,3,17873.14
8878,4439,67,1,22314.95
8879,4440,67,5,22314.95
8880,4440,51,1,8341.82
8881,4441,8,1,58505.04
8882,4441,95,5,15378.47
8883,4442,1,2,52539.0
8884,4442,144,2,11019.62
8885,4443,66,1,31441.05
8886,4443,61,1,44878.78
8887,4444,150,2,7113.49
8888,4444,36,5,29242.97
8889,4445,58,3,27146.74
8890,4445,52,4,26084.73
8891,4446,70,3,3243.71
8892,4446,95,4,15378.47
8893,4447,109,2,8516.39
8894,4447,6,5,48408.63
8895,4448,12,4,9596.51
8896,4448,110,5,12983.38
8897,4449,81,5,37707.89
8898,4449,14,3,10437.0
8899,4450,70,1,3243.71
8900,4450,101,4,5781.84
8901,4451,78,3,26923.68
8902,4451,105,3,8125.8
8903,4452,18,3,73820.52
8904,4452,119,1,19868.15
8905,4453,125,5,8947.13
8906,4453,39,2,33931.85
8907,4454,13,1,54402.04
8908,4454,36,5,29242.97
8909,4455,129,2,577.07
8910,4455,72,5,49059.06
8911,4456,33,5,21649.9
8912,4456,69,3,52834.09
8913,4457,85,3,7335.47
8914,4457,11,4,69215.46
8915,4458,80,2,27401.27
8916,4458,132,2,3011.07
8917,4459,140,1,8987.09
8918,4459,51,4,8341.82
8919,4460,149,3,14866.1
8920,4460,69,1,52834.09
8921,4461,14,1,10437.0
8922,4461,17,1,36162.26
8923,4462,85,4,7335.47
8924,4462,136,5,682.08
8925,4463,124,4,796.22
8926,4463,13,2,54402.04
8927,4464,111,3,9188.58
8928,4464,97,3,3939.13
8929,4465,78,2,26923.68
8930,4465,40,1,19403.2
8931,4466,104,5,6130.95
8932,4466,105,5,8125.8
8933,4467,44,5,19789.04
8934,4467,111,5,9188.58
8935,4468,125,5,8947.13
8936,4468,117,5,14181.77
8937,4469,60,3,33321.91
8938,4469,129,3,577.07
8939,4470,111,2,9188.58
8940,4470,93,4,11413.05
8941,4471,33,2,21649.9
8942,4471,52,1,26084.73
8943,4472,81,2,37707.89
8944,4472,104,1,6130.95
8945,4473,93,4,11413.05
8946,4473,74,5,41552.59
8947,4474,18,3,73820.52
8948,4474,118,3,9811.84
8949,4475,136,1,682.08
8950,4475,7,1,23330.83
8951,4476,20,3,81513.85
8952,4476,79,3,33873.61
8953,4477,118,3,9811.84
8954,4477,17,2,36162.26
8955,4478,67,3,22314.95
8956,4478,126,2,12459.53
8957,4479,123,5,612.96
8958,4479,139,3,4159.23
8959,4480,131,1,3599.39
8960,4480,15,2,69325.73
8961,4481,2,2,4930.4
8962,4481,44,5,19789.04
8963,4482,127,1,1177.88
8964,4482,114,5,5726.03
8965,4483,148,4,10266.15
8966,4483,18,4,73820.52
8967,4484,135,2,11516.05
8968,4484,39,2,33931.85
8969,4485,96,1,6710.71
8970,4485,27,3,8040.26
8971,4486,93,4,11413.05
8972,4486,59,2,13085.83
8973,4487,46,2,32887.05
8974,4487,48,2,12824.52
8975,4488,35,4,33010.69
8976,4488,10,1,38310.2
8977,4489,117,3,14181.77
8978,4489,74,2,41552.59
8979,4490,101,5,5781.84
8980,4490,136,5,682.08
8981,4491,53,2,26871.05
8982,4491,16,5,2931.99
8983,4492,148,1,10266.15
8984,4492,35,3,33010.69
8985,4493,39,2,33931.85
8986,4493,80,5,27401.27
8987,4494,49,5,8217.13
8988,4494,10,4,38310.2
8989,4495,21,5,55484.17
8990,4495,70,3,3243.71
8991,4496,104,4,6130.95
8992,4496,37,4,25059.66
8993,4497,131,3,3599.39
8994,4497,123,2,612.96
8995,4498,6,2,48408.63
8996,4498,54,5,30922.05
8997,4499,75,5,3049.5
8998,4499,75,4,3049.5
8999,4500,114,1,5726.03
9000,4500,69,4,52834.09
9001,4501,121,2,6772.08
9002,4501,53,5,26871.05
9003,4502,13,5,54402.04
9004,4502,40,1,19403.2
9005,4503,63,4,29768.75
9006,4503,11,1,69215.46
9007,4504,134,2,4785.68
9008,4504,41,4,30082.04
9009,4505,68,1,19598.26
9010,4505,50,1,27118.65
9011,4506,112,5,17873.14
9012,4506,74,4,41552.59
9013,4507,69,2,52834.09
9014,4507,67,1,22314.95
9015,4508,138,5,13863.67
9016,4508,29,3,8346.58
9017,4509,115,4,21162.49
9018,4509,96,1,6710.71
9019,4510,96,1,6710.71
9020,4510,37,1,25059.66
9021,4511,131,4,3599.39
9022,4511,67,3,22314.95
9023,4512,144,2,11019.62
9024,4512,23,5,49555.53
9025,4513,78,1,26923.68
9026,4513,94,1,1858.01
9027,4514,122,4,6970.32
9028,4514,63,5,29768.75
9029,4515,105,1,8125.8
9030,4515,142,5,12489.82
9031,4516,7,5,23330.83
9032,4516,90,3,2864.12
9033,4517,3,2,28995.64
9034,4517,16,2,2931.99
9035,4518,37,3,25059.66
9036,4518,57,3,21935.06
9037,4519,83,3,21901.29
9038,4519,93,2,11413.05
9039,4520,115,2,21162.49
9040,4520,3,3,28995.64
9041,4521,106,1,19681.04
9042,4521,1,4,52539.0
9043,4522,76,2,5024.14
9044,4522,1,5,52539.0
9045,4523,45,2,5214.29
9046,4523,93,5,11413.05
9047,4524,126,2,12459.53
9048,4524,107,4,21829.1
9049,4525,13,4,54402.04
9050,4525,23,1,49555.53
9051,4526,100,1,6854.81
9052,4526,26,1,72907.28
9053,4527,60,1,33321.91
9054,4527,58,2,27146.74
9055,4528,42,2,21976.79
9056,4528,41,2,30082.04
9057,4529,91,3,6848.12
9058,4529,58,2,27146.74
9059,4530,127,3,1177.88
9060,4530,82,2,23327.1
9061,4531,111,3,9188.58
9062,4531,103,1,22522.89
9063,4532,36,4,29242.97
9064,4532,122,3,6970.32
9065,4533,26,2,72907.28
9066,4533,21,4,55484.17
9067,4534,57,5,21935.06
9068,4534,43,3,14873.86
9069,4535,81,5,37707.89
9070,4535,98,2,12384.57
9071,4536,43,2,14873.86
9072,4536,125,2,8947.13
9073,4537,72,5,49059.06
9074,4537,68,2,19598.26
9075,4538,147,4,14301.36
9076,4538,13,5,54402.04
9077,4539,98,1,12384.57
9078,4539,118,5,9811.84
9079,4540,49,5,8217.13
9080,4540,21,1,55484.17
9081,4541,90,1,2864.12
9082,4541,91,1,6848.12
9083,4542,118,1,9811.84
9084,4542,16,5,2931.99
9085,4543,20,4,81513.85
9086,4543,95,2,15378.47
9087,4544,88,5,48004.49
9088,4544,137,3,11390.83
9089,4545,17,3,36162.26
9090,4545,52,2,26084.73
9091,4546,16,5,2931.99
9092,4546,44,5,19789.04
9093,4547,59,3,13085.83
9094,4547,61,3,44878.78
9095,4548,39,3,33931.85
9096,4548,85,1,7335.47
9097,4549,21,3,55484.17
9098,4549,44,5,19789.04
9099,4550,4,1,39584.54
9100,4550,107,3,21829.1
9101,4551,135,4,11516.05
9102,4551,32,3,18206.86
9103,4552,115,4,21162.49
9104,4552,149,2,14866.1
9105,4553,48,3,12824.52
9106,4553,104,5,6130.95
9107,4554,103,3,22522.89
9108,4554,44,5,19789.04
9109,4555,111,2,9188.58
9110,4555,136,5,682.08
9111,4556,145,5,11360.29
9112,4556,106,5,19681.04
9113,4557,3,1,28995.64
9114,4557,48,4,12824.52
9115,4558,97,5,3939.13
9116,4558,50,1,27118.65
9117,4559,9,3,19098.4
9118,4559,80,4,27401.27
9119,4560,104,3,6130.95
9120,4560,44,3,19789.04
9121,4561,70,3,3243.71
9122,4561,37,5,25059.66
9123,4562,46,5,32887.05
9124,4562,24,5,43820.15
9125,4563,50,2,27118.65
9126,4563,87,3,45649.01
9127,4564,22,2,18186.29
9128,4564,97,4,3939.13
9129,4565,17,4,36162.26
9130,4565,138,2,13863.67
9131,4566,113,2,12566.23
9132,4566,118,2,9811.84
9133,4567,29,2,8346.58
9134,4567,112,5,17873.14
9135,4568,6,5,48408.63
9136,4568,101,4,5781.84
9137,4569,5,2,84081.85
9138,4569,34,5,2255.17
9139,4570,103,2,22522.89
9140,4570,19,4,17787.61
9141,4571,92,1,2654.0
9142,4571,30,2,12993.37
9143,4572,71,1,3528.52
9144,4572,76,1,5024.14
9145,4573,54,3,30922.05
9146,4573,25,4,53524.51
9147,4574,107,1,21829.1
9148,4574,125,1,8947.13
9149,4575,52,4,26084.73
9150,4575,123,4,612.96
9151,4576,56,5,33257.92
9152,4576,97,3,3939.13
9153,4577,6,3,48408.63
9154,4577,120,1,24465.41
9155,4578,70,2,3243.71
9156,4578,12,5,9596.51
9157,4579,109,4,8516.39
9158,4579,77,4,23879.21
9159,4580,136,4,682.08
9160,4580,49,3,8217.13
9161,4581,69,2,52834.09
9162,4581,4,1,39584.54
9163,4582,39,2,33931.85
9164,4582,100,5,6854.81
9165,4583,78,1,26923.68
9166,4583,84,2,5359.51
9167,4584,83,3,21901.29
9168,4584,51,1,8341.82
9169,4585,130,4,5954.55
9170,4585,4,3,39584.54
9171,4586,11,5,69215.46
9172,4586,141,2,701.97
9173,4587,38,1,30726.82
9174,4587,105,2,8125.8
9175,4588,96,5,6710.71
9176,4588,57,2,21935.06
9177,4589,47,3,23383.27
9178,4589,3,5,28995.64
9179,4590,76,1,5024.14
9180,4590,128,3,9263.29
9181,4591,147,2,14301.36
9182,4591,136,2,682.08
9183,4592,68,1,19598.26
9184,4592,105,2,8125.8
9185,4593,63,2,29768.75
9186,4593,83,2,21901.29
9187,4594,131,4,3599.39
9188,4594,71,3,3528.52
9189,4595,7,2,23330.83
9190,4595,146,1,1905.39
9191,4596,51,2,8341.82
9192,4596,35,2,33010.69
9193,4597,123,4,612.96
9194,4597,6,2,48408.63
9195,4598,47,1,23383.27
9196,4598,145,1,11360.29
9197,4599,106,3,19681.04
9198,4599,129,1,577.07
9199,4600,100,3,6854.81
9200,4600,55,5,18034.1
9201,4601,96,3,6710.71
9202,4601,17,2,36162.26
9203,4602,149,5,14866.1
9204,4602,109,4,8516.39
9205,4603,61,1,44878.78
9206,4603,133,1,8127.63
9207,4604,83,5,21901.29
9208,4604,63,1,29768.75
9209,4605,116,4,6378.97
9210,4605,150,1,7113.49
9211,4606,76,4,5024.14
9212,4606,52,3,26084.73
9213,4607,6,4,48408.63
9214,4607,122,2,6970.32
9215,4608,28,5,54101.33
9216,4608,138,3,13863.67
9217,4609,61,4,44878.78
9218,4609,118,3,9811.84
9219,4610,62,2,6674.42
9220,4610,90,5,2864.12
9221,4611,66,1,31441.05
9222,4611,146,3,1905.39
9223,4612,63,2,29768.75
9224,4612,44,3,19789.04
9225,4613,64,2,17689.49
9226,4613,84,1,5359.51
9227,4614,101,5,5781.84
9228,4614,135,3,11516.05
9229,4615,78,2,26923.68
9230,4615,56,5,33257.92
9231,4616,6,2,48408.63
9232,4616,83,3,21901.29
9233,4617,128,1,9263.29
9234,4617,46,4,32887.05
9235,4618,140,1,8987.09
9236,4618,101,4,5781.84
9237,4619,65,3,8035.55
9238,4619,142,3,12489.82
9239,4620,105,4,8125.8
9240,4620,141,4,701.97
9241,4621,132,5,3011.07
9242,4621,44,4,19789.04
9243,4622,129,3,577.07
9244,4622,81,1,37707.89
9245,4623,38,4,30726.82
9246,4623,14,1,10437.0
9247,4624,27,5,8040.26
9248,4624,53,4,26871.05
9249,4625,15,4,69325.73
9250,4625,58,4,27146.74
9251,4626,4,3,39584.54
9252,4626,87,3,45649.01
9253,4627,92,4,2654.0
9254,4627,87,1,45649.01
9255,4628,86,3,15173.3
9256,4628,23,3,49555.53
9257,4629,46,2,32887.05
9258,4629,138,4,13863.67
9259,4630,20,3,81513.85
9260,4630,81,1,37707.89
9261,4631,79,1,33873.61
9262,4631,58,5,27146.74
9263,4632,44,2,19789.04
9264,4632,91,5,6848.12
9265,4633,17,3,36162.26
9266,4633,9,1,19098.4
9267,4634,3,1,28995.64
9268,4634,32,5,18206.86
9269,4635,7,3,23330.83
9270,4635,9,3,19098.4
9271,4636,79,2,33873.61
9272,4636,139,1,4159.23
9273,4637,108,3,13549.63
9274,4637,82,5,23327.1
9275,4638,9,5,19098.4
9276,4638,28,1,54101.33
9277,4639,102,2,18592.29
9278,4639,85,3,7335.47
9279,4640,26,5,72907.28
9280,4640,126,2,12459.53
9281,4641,103,2,22522.89
9282,4641,75,3,3049.5
9283,4642,92,3,2654.0
9284,4642,107,3,21829.1
9285,4643,142,2,12489.82
9286,4643,75,4,3049.5
9287,4644,107,5,21829.1
9288,4644,35,3,33010.69
9289,4645,137,3,11390.83
9290,4645,92,5,2654.0
9291,4646,128,2,9263.29
9292,4646,39,1,33931.85
9293,4647,95,1,15378.47
9294,4647,31,1,11490.6
9295,4648,99,1,16689.48
9296,4648,6,2,48408.63
9297,4649,110,5,12983.38
9298,4649,78,5,26923.68
9299,4650,112,4,17873.14
9300,4650,118,4,9811.84
9301,4651,111,1,9188.58
9302,4651,150,2,7113.49
9303,4652,13,2,54402.04
9304,4652,149,4,14866.1
9305,4653,103,2,22522.89
9306,4653,113,4,12566.23
9307,4654,88,3,48004.49
9308,4654,93,4,11413.05
9309,4655,77,2,23879.21
9310,4655,27,5,8040.26
9311,4656,49,4,8217.13
9312,4656,98,4,12384.57
9313,4657,24,1,43820.15
9314,4657,103,2,22522.89
9315,4658,92,2,2654.0
9316,4658,86,2,15173.3
9317,4659,35,5,33010.69
9318,4659,59,5,13085.83
9319,4660,102,2,18592.29
9320,4660,148,1,10266.15
9321,4661,138,4,13863.67
9322,4661,150,2,7113.49
9323,4662,120,3,24465.41
9324,4662,64,4,17689.49
9325,4663,34,4,2255.17
9326,4663,91,1,6848.12
9327,4664,56,1,33257.92
9328,4664,84,5,5359.51
9329,4665,98,2,12384.57
9330,4665,6,4,48408.63
9331,4666,19,2,17787.61
9332,4666,135,5,11516.05
9333,4667,65,4,8035.55
9334,4667,120,5,24465.41
9335,4668,87,3,45649.01
9336,4668,14,4,10437.0
9337,4669,150,3,7113.49
9338,4669,89,2,4655.22
9339,4670,55,3,18034.1
9340,4670,22,1,18186.29
9341,4671,48,2,12824.52
9342,4671,105,3,8125.8
9343,4672,105,2,8125.8
9344,4672,140,3,8987.09
9345,4673,13,4,54402.04
9346,4673,147,4,14301.36
9347,4674,117,2,14181.77
9348,4674,2,4,4930.4
9349,4675,69,4,52834.09
9350,4675,79,1,33873.61
9351,4676,88,3,48004.49
9352,4676,5,2,84081.85
9353,4677,122,3,6970.32
9354,4677,4,1,39584.54
9355,4678,105,1,8125.8
9356,4678,83,3,21901.29
9357,4679,126,1,12459.53
9358,4679,72,4,49059.06
9359,4680,131,4,3599.39
9360,4680,17,2,36162.26
9361,4681,60,4,33321.91
9362,4681,46,5,32887.05
9363,4682,121,2,6772.08
9364,4682,93,4,11413.05
9365,4683,103,5,22522.89
9366,4683,92,4,2654.0
9367,4684,65,2,8035.55
9368,4684,106,3,19681.04
9369,4685,55,5,18034.1
9370,4685,149,5,14866.1
9371,4686,16,5,2931.99
9372,4686,81,3,37707.89
9373,4687,121,1,6772.08
9374,4687,128,4,9263.29
9375,4688,65,1,8035.55
9376,4688,109,5,8516.39
9377,4689,109,4,8516.39
9378,4689,73,3,37272.06
9379,4690,135,5,11516.05
9380,4690,101,1,5781.84
9381,4691,87,1,45649.01
9382,4691,111,1,9188.58
9383,4692,5,5,84081.85
9384,4692,4,3,39584.54
9385,4693,73,2,37272.06
9386,4693,94,5,1858.01
9387,4694,59,3,13085.83
9388,4694,28,1,54101.33
9389,4695,13,4,54402.04
9390,4695,121,1,6772.08
9391,4696,115,4,21162.49
9392,4696,7,2,23330.83
9393,4697,68,3,19598.26
9394,4697,57,1,21935.06
9395,4698,9,4,19098.4
9396,4698,49,3,8217.13
9397,4699,23,3,49555.53
9398,4699,40,4,19403.2
9399,4700,71,2,3528.52
9400,4700,22,2,18186.29
9401,4701,138,1,13863.67
9402,4701,63,2,29768.75
9403,4702,16,5,2931.99
9404,4702,76,2,5024.14
9405,4703,135,1,11516.05
9406,4703,31,5,11490.6
9407,4704,15,5,69325.73
9408,4704,126,3,12459.53
9409,4705,49,4,8217.13
9410,4705,77,1,23879.21
9411,4706,45,4,5214.29
9412,4706,5,1,84081.85
9413,4707,42,4,21976.79
9414,4707,113,3,12566.23
9415,4708,88,5,48004.49
9416,4708,99,1,16689.48
9417,4709,134,5,4785.68
9418,4709,66,2,31441.05
9419,4710,8,4,58505.04
9420,4710,39,3,33931.85
9421,4711,138,5,13863.67
9422,4711,117,5,14181.77
9423,4712,34,1,2255.17
9424,4712,42,5,21976.79
9425,4713,37,3,25059.66
9426,4713,50,4,27118.65
9427,4714,90,3,2864.12
9428,4714,39,2,33931.85
9429,4715,6,3,48408.63
9430,4715,49,5,8217.13
9431,4716,74,5,41552.59
9432,4716,16,2,2931.99
9433,4717,3,2,28995.64
9434,4717,91,1,6848.12
9435,4718,89,4,4655.22
9436,4718,30,4,12993.37
9437,4719,17,5,36162.26
9438,4719,87,3,45649.01
9439,4720,105,4,8125.8
9440,4720,39,2,33931.85
9441,4721,4,3,39584.54
9442,4721,78,1,26923.68
9443,4722,140,3,8987.09
9444,4722,10,4,38310.2
9445,4723,18,1,73820.52
9446,4723,54,5,30922.05
9447,4724,52,3,26084.73
9448,4724,18,3,73820.52
9449,4725,112,2,17873.14
9450,4725,93,3,11413.05
9451,4726,119,4,19868.15
9452,4726,95,5,15378.47
9453,4727,71,5,3528.52
9454,4727,142,3,12489.82
9455,4728,77,4,23879.21
9456,4728,105,2,8125.8
9457,4729,1,4,52539.0
9458,4729,146,2,1905.39
9459,4730,73,5,37272.06
9460,4730,100,4,6854.81
9461,4731,55,4,18034.1
9462,4731,5,2,84081.85
9463,4732,28,5,54101.33
9464,4732,123,4,612.96
9465,4733,31,4,11490.6
9466,4733,67,2,22314.95
9467,4734,36,4,29242.97
9468,4734,78,1,26923.68
9469,4735,124,2,796.22
9470,4735,48,3,12824.52
9471,4736,93,1,11413.05
9472,4736,75,3,3049.5
9473,4737,142,5,12489.82
9474,4737,85,1,7335.47
9475,4738,32,5,18206.86
9476,4738,47,5,23383.27
9477,4739,150,5,7113.49
9478,4739,4,5,39584.54
9479,4740,24,1,43820.15
9480,4740,28,1,54101.33
9481,4741,44,4,19789.04
9482,4741,63,5,29768.75
9483,4742,11,1,69215.46
9484,4742,27,5,8040.26
9485,4743,150,1,7113.49
9486,4743,115,2,21162.49
9487,4744,146,3,1905.39
9488,4744,144,5,11019.62
9489,4745,64,3,17689.49
9490,4745,1,2,52539.0
9491,4746,10,4,38310.2
9492,4746,1,4,52539.0
9493,4747,122,1,6970.32
9494,4747,137,4,11390.83
9495,4748,46,5,32887.05
9496,4748,125,1,8947.13
9497,4749,49,3,8217.13
9498,4749,81,1,37707.89
9499,4750,96,5,6710.71
9500,4750,129,2,577.07
9501,4751,12,2,9596.51
9502,4751,65,3,8035.55
9503,4752,103,5,22522.89
9504,4752,73,2,37272.06
9505,4753,121,3,6772.08
9506,4753,47,2,23383.27
9507,4754,84,4,5359.51
9508,4754,126,5,12459.53
9509,4755,131,2,3599.39
9510,4755,3,3,28995.64
9511,4756,34,1,2255.17
9512,4756,71,3,3528.52
9513,4757,53,5,26871.05
9514,4757,42,2,21976.79
9515,4758,62,2,6674.42
9516,4758,24,2,43820.15
9517,4759,10,1,38310.2
9518,4759,56,5,33257.92
9519,4760,99,5,16689.48
9520,4760,42,2,21976.79
9521,4761,102,4,18592.29
9522,4761,45,2,5214.29
9523,4762,88,4,48004.49
9524,4762,26,1,72907.28
9525,4763,74,2,41552.59
9526,4763,106,1,19681.04
9527,4764,73,4,37272.06
9528,4764,84,4,5359.51
9529,4765,36,5,29242.97
9530,4765,115,5,21162.49
9531,4766,140,2,8987.09
9532,4766,64,3,17689.49
9533,4767,87,2,45649.01
9534,4767,19,5,17787.61
9535,4768,66,3,31441.05
9536,4768,79,4,33873.61
9537,4769,11,3,69215.46
9538,4769,132,5,3011.07
9539,4770,52,3,26084.73
9540,4770,101,2,5781.84
9541,4771,73,4,37272.06
9542,4771,26,4,72907.28
9543,4772,142,5,12489.82
9544,4772,15,1,69325.73
9545,4773,121,4,6772.08
9546,4773,23,1,49555.53
9547,4774,140,4,8987.09
9548,4774,101,3,5781.84
9549,4775,67,1,22314.95
9550,4775,102,3,18592.29
9551,4776,7,1,23330.83
9552,4776,38,2,30726.82
9553,4777,95,4,15378.47
9554,4777,78,1,26923.68
9555,4778,77,1,23879.21
9556,4778,121,4,6772.08
9557,4779,29,3,8346.58
9558,4779,37,1,25059.66
9559,4780,6,3,48408.63
9560,4780,79,2,33873.61
9561,4781,85,1,7335.47
9562,4781,49,4,8217.13
9563,4782,26,5,72907.28
9564,4782,60,3,33321.91
9565,4783,126,5,12459.53
9566,4783,147,2,14301.36
9567,4784,40,5,19403.2
9568,4784,27,1,8040.26
9569,4785,140,1,8987.09
9570,4785,113,4,12566.23
9571,4786,139,3,4159.23
9572,4786,130,3,5954.55
9573,4787,22,5,18186.29
9574,4787,45,5,5214.29
9575,4788,39,1,33931.85
9576,4788,119,4,19868.15
9577,4789,110,1,12983.38
9578,4789,59,5,13085.83
9579,4790,61,3,44878.78
9580,4790,126,5,12459.53
9581,4791,111,2,9188.58
9582,4791,105,3,8125.8
9583,4792,109,1,8516.39
9584,4792,102,1,18592.29
9585,4793,85,1,7335.47
9586,4793,18,5,73820.52
9587,4794,106,1,19681.04
9588,4794,87,1,45649.01
9589,4795,61,3,44878.78
9590,4795,9,5,19098.4
9591,4796,4,4,39584.54
9592,4796,137,4,11390.83
9593,4797,18,1,73820.52
9594,4797,66,1,31441.05
9595,4798,119,4,19868.15
9596,4798,116,1,6378.97
9597,4799,60,3,33321.91
9598,4799,119,1,19868.15
9599,4800,9,5,19098.4
9600,4800,34,4,2255.17
9601,4801,49,4,8217.13
9602,4801,77,4,23879.21
9603,4802,73,4,37272.06
9604,4802,39,2,33931.85
9605,4803,89,1,4655.22
9606,4803,115,3,21162.49
9607,4804,118,4,9811.84
9608,4804,43,1,14873.86
9609,4805,145,5,11360.29
9610,4805,147,2,14301.36
9611,4806,140,2,8987.09
9612,4806,82,5,23327.1
9613,4807,59,1,13085.83
9614,4807,20,4,81513.85
9615,4808,130,3,5954.55
9616,4808,145,4,11360.29
9617,4809,16,4,2931.99
9618,4809,17,5,36162.26
9619,4810,33,3,21649.9
9620,4810,124,3,796.22
9621,4811,31,1,11490.6
9622,4811,118,1,9811.84
9623,4812,65,3,8035.55
9624,4812,7,2,23330.83
9625,4813,74,2,41552.59
9626,4813,138,4,13863.67
9627,4814,82,4,23327.1
9628,4814,114,2,5726.03
9629,4815,29,1,8346.58
9630,4815,13,1,54402.04
9631,4816,120,4,24465.41
9632,4816,99,1,16689.48
9633,4817,47,4,23383.27
9634,4817,24,2,43820.15
9635,4818,107,1,21829.1
9636,4818,89,3,4655.22
9637,4819,10,5,38310.2
9638,4819,132,3,3011.07
9639,4820,103,5,22522.89
9640,4820,22,1,18186.29
9641,4821,59,5,13085.83
9642,4821,52,3,26084.73
9643,4822,144,1,11019.62
9644,4822,15,1,69325.73
9645,4823,63,2,29768.75
9646,4823,80,3,27401.27
9647,4824,54,5,30922.05
9648,4824,49,1,8217.13
9649,4825,122,3,6970.32
9650,4825,34,2,2255.17
9651,4826,24,4,43820.15
9652,4826,93,5,11413.05
9653,4827,129,1,577.07
9654,4827,22,3,18186.29
9655,4828,123,5,612.96
9656,4828,24,2,43820.15
9657,4829,100,4,6854.81
9658,4829,134,5,4785.68
9659,4830,88,2,48004.49
9660,4830,114,5,5726.03
9661,4831,38,5,30726.82
9662,4831,16,4,2931.99
9663,4832,62,5,6674.42
9664,4832,98,5,12384.57
9665,4833,35,3,33010.69
9666,4833,134,1,4785.68
9667,4834,127,2,1177.88
9668,4834,127,1,1177.88
9669,4835,56,1,33257.92
9670,4835,24,3,43820.15
9671,4836,132,2,3011.07
9672,4836,84,1,5359.51
9673,4837,138,3,13863.67
9674,4837,55,3,18034.1
9675,4838,48,1,12824.52
9676,4838,31,2,11490.6
9677,4839,25,5,53524.51
9678,4839,47,5,23383.27
9679,4840,135,2,11516.05
9680,4840,25,3,53524.51
9681,4841,90,3,2864.12
9682,4841,120,1,24465.41
9683,4842,82,3,23327.1
9684,4842,64,2,17689.49
9685,4843,46,1,32887.05
9686,4843,40,3,19403.2
9687,4844,92,3,2654.0
9688,4844,50,2,27118.65
9689,4845,71,3,3528.52
9690,4845,56,5,33257.92
9691,4846,47,2,23383.27
9692,4846,16,4,2931.99
9693,4847,132,1,3011.07
9694,4847,7,3,23330.83
9695,4848,8,5,58505.04
9696,4848,150,5,7113.49
9697,4849,70,1,3243.71
9698,4849,139,1,4159.23
9699,4850,104,4,6130.95
9700,4850,42,2,21976.79
9701,4851,55,4,18034.1
9702,4851,150,2,7113.49
9703,4852,96,1,6710.71
9704,4852,12,4,9596.51
9705,4853,56,5,33257.92
9706,4853,96,1,6710.71
9707,4854,82,2,23327.1
9708,4854,74,2,41552.59
9709,4855,93,4,11413.05
9710,4855,123,5,612.96
9711,4856,74,1,41552.59
9712,4856,89,3,4655.22
9713,4857,2,5,4930.4
9714,4857,78,4,26923.68
9715,4858,25,4,53524.51
9716,4858,71,3,3528.52
9717,4859,82,4,23327.1
9718,4859,51,4,8341.82
9719,4860,143,1,13026.41
9720,4860,31,5,11490.6
9721,4861,125,1,8947.13
9722,4861,84,1,5359.51
9723,4862,59,1,13085.83
9724,4862,2,4,4930.4
9725,4863,49,3,8217.13
9726,4863,10,5,38310.2
9727,4864,108,1,13549.63
9728,4864,45,5,5214.29
9729,4865,147,2,14301.36
9730,4865,97,2,3939.13
9731,4866,59,4,13085.83
9732,4866,29,5,8346.58
9733,4867,29,3,8346.58
9734,4867,113,5,12566.23
9735,4868,120,4,24465.41
9736,4868,105,3,8125.8
9737,4869,34,2,2255.17
9738,4869,120,5,24465.41
9739,4870,129,3,577.07
9740,4870,10,4,38310.2
9741,4871,145,1,11360.29
9742,4871,79,4,33873.61
9743,4872,96,3,6710.71
9744,4872,41,2,30082.04
9745,4873,3,2,28995.64
9746,4873,54,3,30922.05
9747,4874,6,1,48408.63
9748,4874,46,2,32887.05
9749,4875,43,5,14873.86
9750,4875,2,1,4930.4
9751,4876,27,1,8040.26
9752,4876,42,3,21976.79
9753,4877,61,3,44878.78
9754,4877,28,3,54101.33
9755,4878,130,2,5954.55
9756,4878,36,1,29242.97
9757,4879,43,1,14873.86
9758,4879,95,1,15378.47
9759,4880,27,1,8040.26
9760,4880,142,5,12489.82
9761,4881,1,5,52539.0
9762,4881,139,5,4159.23
9763,4882,88,1,48004.49
9764,4882,100,4,6854.81
9765,4883,96,5,6710.71
9766,4883,58,3,27146.74
9767,4884,102,1,18592.29
9768,4884,70,1,3243.71
9769,4885,7,5,23330.83
9770,4885,26,3,72907.28
9771,4886,90,2,2864.12
9772,4886,142,4,12489.82
9773,4887,3,4,28995.64
9774,4887,138,5,13863.67
9775,4888,40,1,19403.2
9776,4888,124,3,796.22
9777,4889,68,4,19598.26
9778,4889,5,4,84081.85
9779,4890,65,5,8035.55
9780,4890,86,2,15173.3
9781,4891,36,3,29242.97
9782,4891,68,5,19598.26
9783,4892,140,5,8987.09
9784,4892,114,4,5726.03
9785,4893,59,5,13085.83
9786,4893,31,4,11490.6
9787,4894,8,1,58505.04
9788,4894,115,4,21162.49
9789,4895,146,3,1905.39
9790,4895,22,4,18186.29
9791,4896,84,5,5359.51
9792,4896,119,1,19868.15
9793,4897,19,3,17787.61
9794,4897,33,5,21649.9
9795,4898,90,1,2864.12
9796,4898,107,2,21829.1
9797,4899,87,3,45649.01
9798,4899,29,4,8346.58
9799,4900,114,5,5726.03
9800,4900,86,2,15173.3
9801,4901,7,3,23330.83
9802,4901,78,3,26923.68
9803,4902,100,4,6854.81
9804,4902,89,5,4655.22
9805,4903,132,1,3011.07
9806,4903,143,4,13026.41
9807,4904,63,2,29768.75
9808,4904,77,2,23879.21
9809,4905,51,3,8341.82
9810,4905,3,5,28995.64
9811,4906,91,1,6848.12
9812,4906,30,2,12993.37
9813,4907,119,3,19868.15
9814,4907,132,1,3011.07
9815,4908,99,2,16689.48
9816,4908,108,5,13549.63
9817,4909,136,3,682.08
9818,4909,45,1,5214.29
9819,4910,87,4,45649.01
9820,4910,106,1,19681.04
9821,4911,86,5,15173.3
9822,4911,145,5,11360.29
9823,4912,50,2,27118.65
9824,4912,17,5,36162.26
9825,4913,119,3,19868.15
9826,4913,103,3,22522.89
9827,4914,101,2,5781.84
9828,4914,136,2,682.08
9829,4915,96,4,6710.71
9830,4915,12,2,9596.51
9831,4916,135,4,11516.05
9832,4916,101,1,5781.84
9833,4917,113,4,12566.23
9834,4917,138,1,13863.67
9835,4918,57,5,21935.06
9836,4918,145,1,11360.29
9837,4919,6,2,48408.63
9838,4919,11,5,69215.46
9839,4920,128,3,9263.29
9840,4920,9,2,19098.4
9841,4921,137,5,11390.83
9842,4921,150,2,7113.49
9843,4922,108,3,13549.63
9844,4922,5,1,84081.85
9845,4923,64,1,17689.49
9846,4923,6,5,48408.63
9847,4924,81,4,37707.89
9848,4924,143,5,13026.41
9849,4925,41,3,30082.04
9850,4925,135,3,11516.05
9851,4926,37,2,25059.66
9852,4926,5,5,84081.85
9853,4927,97,3,3939.13
9854,4927,33,1,21649.9
9855,4928,117,4,14181.77
9856,4928,75,5,3049.5
9857,4929,100,1,6854.81
9858,4929,47,3,23383.27
9859,4930,105,2,8125.8
9860,4930,122,5,6970.32
9861,4931,24,1,43820.15
9862,4931,100,5,6854.81
9863,4932,14,5,10437.0
9864,4932,113,2,12566.23
9865,4933,114,2,5726.03
9866,4933,45,5,5214.29
9867,4934,95,3,15378.47
9868,4934,127,4,1177.88
9869,4935,122,3,6970.32
9870,4935,143,3,13026.41
9871,4936,1,5,52539.0
9872,4936,93,2,11413.05
9873,4937,47,5,23383.27
9874,4937,107,1,21829.1
9875,4938,136,2,682.08
9876,4938,113,2,12566.23
9877,4939,105,1,8125.8
9878,4939,97,3,3939.13
9879,4940,123,4,612.96
9880,4940,131,2,3599.39
9881,4941,112,4,17873.14
9882,4941,38,5,30726.82
9883,4942,46,3,32887.05
9884,4942,27,5,8040.26
9885,4943,119,5,19868.15
9886,4943,104,5,6130.95
9887,4944,12,3,9596.51
9888,4944,44,5,19789.04
9889,4945,138,4,13863.67
9890,4945,131,5,3599.39
9891,4946,42,3,21976.79
9892,4946,146,5,1905.39
9893,4947,102,4,18592.29
9894,4947,40,3,19403.2
9895,4948,32,5,18206.86
9896,4948,92,3,2654.0
9897,4949,32,3,18206.86
9898,4949,122,1,6970.32
9899,4950,122,4,6970.32
9900,4950,44,4,19789.04
9901,4951,146,4,1905.39
9902,4951,119,2,19868.15
9903,4952,137,5,11390.83
9904,4952,36,3,29242.97
9905,4953,125,4,8947.13
9906,4953,90,3,2864.12
9907,4954,87,1,45649.01
9908,4954,68,4,19598.26
9909,4955,93,5,11413.05
9910,4955,130,2,5954.55
9911,4956,17,3,36162.26
9912,4956,52,1,26084.73
9913,4957,89,2,4655.22
9914,4957,41,1,30082.04
9915,4958,139,5,4159.23
9916,4958,61,1,44878.78
9917,4959,93,2,11413.05
9918,4959,12,3,9596.51
9919,4960,131,4,3599.39
9920,4960,95,3,15378.47
9921,4961,140,2,8987.09
9922,4961,60,5,33321.91
9923,4962,144,1,11019.62
9924,4962,109,4,8516.39
9925,4963,28,5,54101.33
9926,4963,27,4,8040.26
9927,4964,73,2,37272.06
9928,4964,94,1,1858.01
9929,4965,132,4,3011.07
9930,4965,120,3,24465.41
9931,4966,106,4,19681.04
9932,4966,122,1,6970.32
9933,4967,116,3,6378.97
9934,4967,33,3,21649.9
9935,4968,12,5,9596.51
9936,4968,117,3,14181.77
9937,4969,133,4,8127.63
9938,4969,28,2,54101.33
9939,4970,145,2,11360.29
9940,4970,71,4,3528.52
9941,4971,67,5,22314.95
9942,4971,94,1,1858.01
9943,4972,13,3,54402.04
9944,4972,79,1,33873.61
9945,4973,139,3,4159.23
9946,4973,15,1,69325.73
9947,4974,110,1,12983.38
9948,4974,50,1,27118.65
9949,4975,128,5,9263.29
9950,4975,133,3,8127.63
9951,4976,62,4,6674.42
9952,4976,60,3,33321.91
9953,4977,135,4,11516.05
9954,4977,22,3,18186.29
9955,4978,110,3,12983.38
9956,4978,140,5,8987.09
9957,4979,122,5,6970.32
9958,4979,50,3,27118.65
9959,4980,8,3,58505.04
9960,4980,142,4,12489.82
9961,4981,64,5,17689.49
9962,4981,68,1,19598.26
9963,4982,52,4,26084.73
9964,4982,5,4,84081.85
9965,4983,134,4,4785.68
9966,4983,8,2,58505.04
9967,4984,49,1,8217.13
9968,4984,23,3,49555.53
9969,4985,17,1,36162.26
9970,4985,130,2,5954.55
9971,4986,100,1,6854.81
9972,4986,111,1,9188.58
9973,4987,100,5,6854.81
9974,4987,43,1,14873.86
9975,4988,122,5,6970.32
9976,4988,113,4,12566.23
9977,4989,70,4,3243.71
9978,4989,128,1,9263.29
9979,4990,88,4,48004.49
9980,4990,77,2,23879.21
9981,4991,1,3,52539.0
9982,4991,9,1,19098.4
9983,4992,137,1,11390.83
9984,4992,3,1,28995.64
9985,4993,17,5,36162.26
9986,4993,39,4,33931.85
9987,4994,2,4,4930.4
9988,4994,48,1,12824.52
9989,4995,31,1,11490.6
9990,4995,3,4,28995.64
9991,4996,138,5,13863.67
9992,4996,123,1,612.96
9993,4997,11,5,69215.46
9994,4997,14,3,10437.0
9995,4998,42,2,21976.79
9996,4998,39,4,33931.85
9997,4999,106,2,19681.04
9998,4999,72,3,49059.06
9999,5000,103,3,22522.89
10000,5000,87,1,45649.01
10001,5001,68,1,19598.26
10002,5001,123,5,612.96
10003,5002,76,2,5024.14
10004,5002,90,5,2864.12
10005,5003,37,2,25059.66
10006,5003,4,2,39584.54
10007,5004,17,2,36162.26
10008,5004,84,2,5359.51
10009,5005,7,4,23330.83
10010,5005,106,3,19681.04
10011,5006,64,3,17689.49
10012,5006,146,2,1905.39
10013,5007,39,3,33931.85
10014,5007,108,1,13549.63
10015,5008,131,2,3599.39
10016,5008,121,1,6772.08
10017,5009,32,3,18206.86
10018,5009,117,4,14181.77
10019,5010,79,3,33873.61
10020,5010,22,4,18186.29
10021,5011,109,2,8516.39
10022,5011,30,3,12993.37
10023,5012,84,5,5359.51
10024,5012,132,3,3011.07
10025,5013,133,3,8127.63
10026,5013,123,1,612.96
10027,5014,110,5,12983.38
10028,5014,58,4,27146.74
10029,5015,26,4,72907.28
10030,5015,83,4,21901.29
10031,5016,142,2,12489.82
10032,5016,103,5,22522.89
10033,5017,17,3,36162.26
10034,5017,30,3,12993.37
10035,5018,85,1,7335.47
10036,5018,23,3,49555.53
10037,5019,86,4,15173.3
10038,5019,4,1,39584.54
10039,5020,73,1,37272.06
10040,5020,25,4,53524.51
10041,5021,49,2,8217.13
10042,5021,118,3,9811.84
10043,5022,150,1,7113.49
10044,5022,27,2,8040.26
10045,5023,135,4,11516.05
10046,5023,20,2,81513.85
10047,5024,31,5,11490.6
10048,5024,133,2,8127.63
10049,5025,87,3,45649.01
10050,5025,115,1,21162.49
10051,5026,24,4,43820.15
10052,5026,8,1,58505.04
10053,5027,110,1,12983.38
10054,5027,95,5,15378.47
10055,5028,77,2,23879.21
10056,5028,89,2,4655.22
10057,5029,84,2,5359.51
10058,5029,93,2,11413.05
10059,5030,116,1,6378.97
10060,5030,77,2,23879.21
10061,5031,8,4,58505.04
10062,5031,92,5,2654.0
10063,5032,150,5,7113.49
10064,5032,83,3,21901.29
10065,5033,71,1,3528.52
10066,5033,141,1,701.97
10067,5034,150,5,7113.49
10068,5034,82,5,23327.1
10069,5035,40,5,19403.2
10070,5035,36,1,29242.97
10071,5036,86,3,15173.3
10072,5036,149,4,14866.1
10073,5037,49,1,8217.13
10074,5037,130,2,5954.55
10075,5038,123,4,612.96
10076,5038,36,3,29242.97
10077,5039,30,5,12993.37
10078,5039,129,2,577.07
10079,5040,50,5,27118.65
10080,5040,86,2,15173.3
10081,5041,78,5,26923.68
10082,5041,21,1,55484.17
10083,5042,46,4,32887.05
10084,5042,58,5,27146.74
10085,5043,140,4,8987.09
10086,5043,74,5,41552.59
10087,5044,57,3,21935.06
10088,5044,76,3,5024.14
10089,5045,125,1,8947.13
10090,5045,115,3,21162.49
10091,5046,82,3,23327.1
10092,5046,93,2,11413.05
10093,5047,137,5,11390.83
10094,5047,44,2,19789.04
10095,5048,62,3,6674.42
10096,5048,8,5,58505.04
10097,5049,31,4,11490.6
10098,5049,9,5,19098.4
10099,5050,145,3,11360.29
10100,5050,125,3,8947.13
10101,5051,55,5,18034.1
10102,5051,37,4,25059.66
10103,5052,128,5,9263.29
10104,5052,39,5,33931.85
10105,5053,41,4,30082.04
10106,5053,91,5,6848.12
10107,5054,133,4,8127.63
10108,5054,97,5,3939.13
10109,5055,12,4,9596.51
10110,5055,148,5,10266.15
10111,5056,18,1,73820.52
10112,5056,92,1,2654.0
10113,5057,60,1,33321.91
10114,5057,79,4,33873.61
10115,5058,150,2,7113.49
10116,5058,149,5,14866.1
10117,5059,57,2,21935.06
10118,5059,129,4,577.07
10119,5060,56,3,33257.92
10120,5060,92,5,2654.0
10121,5061,125,2,8947.13
10122,5061,58,4,27146.74
10123,5062,64,4,17689.49
10124,5062,39,5,33931.85
10125,5063,85,5,7335.47
10126,5063,74,5,41552.59
10127,5064,140,1,8987.09
10128,5064,28,3,54101.33
10129,5065,96,4,6710.71
10130,5065,93,5,11413.05
10131,5066,118,2,9811.84
10132,5066,137,4,11390.83
10133,5067,140,5,8987.09
10134,5067,8,3,58505.04
10135,5068,13,4,54402.04
10136,5068,78,3,26923.68
10137,5069,25,1,53524.51
10138,5069,86,2,15173.3
10139,5070,76,4,5024.14
10140,5070,20,5,81513.85
10141,5071,113,1,12566.23
10142,5071,5,1,84081.85
10143,5072,7,2,23330.83
10144,5072,1,1,52539.0
10145,5073,63,3,29768.75
10146,5073,35,4,33010.69
10147,5074,84,1,5359.51
10148,5074,119,2,19868.15
10149,5075,136,4,682.08
10150,5075,57,2,21935.06
10151,5076,72,5,49059.06
10152,5076,79,5,33873.61
10153,5077,127,5,1177.88
10154,5077,62,4,6674.42
10155,5078,10,1,38310.2
10156,5078,38,5,30726.82
10157,5079,130,3,5954.55
10158,5079,95,3,15378.47
10159,5080,140,2,8987.09
10160,5080,130,1,5954.55
10161,5081,76,4,5024.14
10162,5081,26,4,72907.28
10163,5082,43,4,14873.86
10164,5082,8,1,58505.04
10165,5083,143,5,13026.41
10166,5083,30,2,12993.37
10167,5084,132,5,3011.07
10168,5084,127,2,1177.88
10169,5085,30,4,12993.37
10170,5085,34,5,2255.17
10171,5086,63,4,29768.75
10172,5086,1,4,52539.0
10173,5087,98,4,12384.57
10174,5087,138,5,13863.67
10175,5088,70,3,3243.71
10176,5088,140,4,8987.09
10177,5089,150,3,7113.49
10178,5089,63,1,29768.75
10179,5090,116,2,6378.97
10180,5090,51,2,8341.82
10181,5091,34,1,2255.17
10182,5091,105,2,8125.8
10183,5092,72,5,49059.06
10184,5092,8,4,58505.04
10185,5093,42,4,21976.79
10186,5093,73,2,37272.06
10187,5094,86,5,15173.3
10188,5094,94,4,1858.01
10189,5095,147,2,14301.36
10190,5095,33,5,21649.9
10191,5096,126,3,12459.53
10192,5096,63,3,29768.75
10193,5097,36,1,29242.97
10194,5097,85,1,7335.47
10195,5098,42,3,21976.79
10196,5098,15,5,69325.73
10197,5099,2,3,4930.4
10198,5099,11,5,69215.46
10199,5100,54,3,30922.05
10200,5100,90,1,2864.12
10201,5101,51,4,8341.82
10202,5101,60,3,33321.91
10203,5102,4,5,39584.54
10204,5102,46,4,32887.05
10205,5103,146,2,1905.39
10206,5103,88,2,48004.49
10207,5104,110,1,12983.38
10208,5104,121,3,6772.08
10209,5105,22,3,18186.29
10210,5105,66,1,31441.05
10211,5106,134,5,4785.68
10212,5106,35,2,33010.69
10213,5107,130,4,5954.55
10214,5107,9,1,19098.4
10215,5108,37,1,25059.66
10216,5108,56,4,33257.92
10217,5109,23,2,49555.53
10218,5109,149,5,14866.1
10219,5110,44,2,19789.04
10220,5110,40,2,19403.2
10221,5111,130,4,5954.55
10222,5111,72,3,49059.06
10223,5112,85,1,7335.47
10224,5112,42,2,21976.79
10225,5113,120,4,24465.41
10226,5113,1,4,52539.0
10227,5114,137,4,11390.83
10228,5114,110,1,12983.38
10229,5115,115,4,21162.49
10230,5115,75,3,3049.5
10231,5116,33,1,21649.9
10232,5116,117,1,14181.77
10233,5117,127,4,1177.88
10234,5117,27,2,8040.26
10235,5118,95,5,15378.47
10236,5118,40,2,19403.2
10237,5119,64,1,17689.49
10238,5119,45,5,5214.29
10239,5120,150,5,7113.49
10240,5120,81,1,37707.89
10241,5121,23,5,49555.53
10242,5121,111,1,9188.58
10243,5122,89,3,4655.22
10244,5122,33,2,21649.9
10245,5123,20,1,81513.85
10246,5123,43,4,14873.86
10247,5124,36,3,29242.97
10248,5124,116,3,6378.97
10249,5125,132,5,3011.07
10250,5125,72,4,49059.06
10251,5126,103,4,22522.89
10252,5126,79,4,33873.61
10253,5127,84,3,5359.51
10254,5127,7,3,23330.83
10255,5128,116,3,6378.97
10256,5128,17,5,36162.26
10257,5129,69,2,52834.09
10258,5129,66,2,31441.05
10259,5130,87,3,45649.01
10260,5130,129,2,577.07
10261,5131,82,1,23327.1
10262,5131,138,3,13863.67
10263,5132,17,1,36162.26
10264,5132,93,3,11413.05
10265,5133,147,3,14301.36
10266,5133,116,3,6378.97
10267,5134,3,3,28995.64
10268,5134,109,3,8516.39
10269,5135,56,3,33257.92
10270,5135,44,3,19789.04
10271,5136,77,2,23879.21
10272,5136,39,5,33931.85
10273,5137,144,1,11019.62
10274,5137,59,2,13085.83
10275,5138,108,1,13549.63
10276,5138,44,5,19789.04
10277,5139,123,3,612.96
10278,5139,144,1,11019.62
10279,5140,83,4,21901.29
10280,5140,109,5,8516.39
10281,5141,116,2,6378.97
10282,5141,54,3,30922.05
10283,5142,42,1,21976.79
10284,5142,26,5,72907.28
10285,5143,141,5,701.97
10286,5143,117,4,14181.77
10287,5144,24,1,43820.15
10288,5144,14,5,10437.0
10289,5145,115,4,21162.49
10290,5145,52,1,26084.73
10291,5146,42,5,21976.79
10292,5146,109,4,8516.39
10293,5147,89,2,4655.22
10294,5147,94,5,1858.01
10295,5148,20,5,81513.85
10296,5148,149,5,14866.1
10297,5149,91,4,6848.12
10298,5149,28,4,54101.33
10299,5150,41,1,30082.04
10300,5150,68,5,19598.26
10301,5151,103,5,22522.89
10302,5151,138,2,13863.67
10303,5152,61,5,44878.78
10304,5152,92,3,2654.0
10305,5153,31,3,11490.6
10306,5153,27,1,8040.26
10307,5154,150,2,7113.49
10308,5154,65,4,8035.55
10309,5155,109,4,8516.39
10310,5155,61,1,44878.78
10311,5156,130,5,5954.55
10312,5156,2,3,4930.4
10313,5157,139,1,4159.23
10314,5157,136,1,682.08
10315,5158,45,4,5214.29
10316,5158,33,4,21649.9
10317,5159,72,4,49059.06
10318,5159,4,1,39584.54
10319,5160,21,1,55484.17
10320,5160,23,3,49555.53
10321,5161,112,4,17873.14
10322,5161,61,1,44878.78
10323,5162,17,1,36162.26
10324,5162,131,3,3599.39
10325,5163,140,3,8987.09
10326,5163,88,4,48004.49
10327,5164,50,5,27118.65
10328,5164,58,5,27146.74
10329,5165,26,2,72907.28
10330,5165,65,1,8035.55
10331,5166,27,3,8040.26
10332,5166,126,4,12459.53
10333,5167,99,5,16689.48
10334,5167,102,3,18592.29
10335,5168,141,3,701.97
10336,5168,111,1,9188.58
10337,5169,85,5,7335.47
10338,5169,28,1,54101.33
10339,5170,30,3,12993.37
10340,5170,82,2,23327.1
10341,5171,147,4,14301.36
10342,5171,27,4,8040.26
10343,5172,52,1,26084.73
10344,5172,71,2,3528.52
10345,5173,26,1,72907.28
10346,5173,49,5,8217.13
10347,5174,114,3,5726.03
10348,5174,2,5,4930.4
10349,5175,49,1,8217.13
10350,5175,1,4,52539.0
10351,5176,27,4,8040.26
10352,5176,58,3,27146.74
10353,5177,89,5,4655.22
10354,5177,126,1,12459.53
10355,5178,123,4,612.96
10356,5178,114,2,5726.03
10357,5179,30,4,12993.37
10358,5179,98,3,12384.57
10359,5180,16,1,2931.99
10360,5180,100,2,6854.81
10361,5181,83,5,21901.29
10362,5181,88,2,48004.49
10363,5182,66,3,31441.05
10364,5182,69,4,52834.09
10365,5183,122,2,6970.32
10366,5183,137,1,11390.83
10367,5184,129,5,577.07
10368,5184,50,4,27118.65
10369,5185,40,3,19403.2
10370,5185,148,3,10266.15
10371,5186,110,1,12983.38
10372,5186,101,5,5781.84
10373,5187,144,2,11019.62
10374,5187,128,3,9263.29
10375,5188,5,1,84081.85
10376,5188,79,5,33873.61
10377,5189,32,1,18206.86
10378,5189,44,4,19789.04
10379,5190,8,2,58505.04
10380,5190,102,3,18592.29
10381,5191,104,3,6130.95
10382,5191,122,4,6970.32
10383,5192,18,1,73820.52
10384,5192,93,2,11413.05
10385,5193,128,2,9263.29
10386,5193,49,4,8217.13
10387,5194,89,3,4655.22
10388,5194,51,3,8341.82
10389,5195,79,4,33873.61
10390,5195,124,5,796.22
10391,5196,15,1,69325.73
10392,5196,82,2,23327.1
10393,5197,111,1,9188.58
10394,5197,126,3,12459.53
10395,5198,137,4,11390.83
10396,5198,145,5,11360.29
10397,5199,56,3,33257.92
10398,5199,132,5,3011.07
10399,5200,49,5,8217.13
10400,5200,125,5,8947.13
10401,5201,69,4,52834.09
10402,5201,29,4,8346.58
10403,5202,103,3,22522.89
10404,5202,147,1,14301.36
10405,5203,73,3,37272.06
10406,5203,67,3,22314.95
10407,5204,5,2,84081.85
10408,5204,46,2,32887.05
10409,5205,32,2,18206.86
10410,5205,68,5,19598.26
10411,5206,145,1,11360.29
10412,5206,66,2,31441.05
10413,5207,126,3,12459.53
10414,5207,33,3,21649.9
10415,5208,130,5,5954.55
10416,5208,27,3,8040.26
10417,5209,98,3,12384.57
10418,5209,77,3,23879.21
10419,5210,139,2,4159.23
10420,5210,124,2,796.22
10421,5211,118,2,9811.84
10422,5211,6,3,48408.63
10423,5212,30,4,12993.37
10424,5212,130,5,5954.55
10425,5213,52,5,26084.73
10426,5213,69,2,52834.09
10427,5214,69,1,52834.09
10428,5214,135,3,11516.05
10429,5215,5,3,84081.85
10430,5215,135,5,11516.05
10431,5216,16,1,2931.99
10432,5216,100,1,6854.81
10433,5217,102,4,18592.29
10434,5217,4,5,39584.54
10435,5218,127,4,1177.88
10436,5218,33,3,21649.9
10437,5219,8,5,58505.04
10438,5219,33,5,21649.9
10439,5220,56,2,33257.92
10440,5220,14,1,10437.0
10441,5221,148,2,10266.15
10442,5221,121,2,6772.08
10443,5222,60,5,33321.91
10444,5222,83,2,21901.29
10445,5223,143,5,13026.41
10446,5223,46,3,32887.05
10447,5224,127,1,1177.88
10448,5224,37,4,25059.66
10449,5225,128,2,9263.29
10450,5225,18,5,73820.52
10451,5226,43,3,14873.86
10452,5226,126,1,12459.53
10453,5227,93,4,11413.05
10454,5227,126,2,12459.53
10455,5228,32,4,18206.86
10456,5228,85,2,7335.47
10457,5229,104,2,6130.95
10458,5229,114,5,5726.03
10459,5230,98,5,12384.57
10460,5230,11,2,69215.46
10461,5231,101,1,5781.84
10462,5231,135,3,11516.05
10463,5232,62,5,6674.42
10464,5232,105,5,8125.8
10465,5233,43,2,14873.86
10466,5233,150,5,7113.49
10467,5234,49,2,8217.13
10468,5234,106,5,19681.04
10469,5235,19,5,17787.61
10470,5235,87,4,45649.01
10471,5236,28,4,54101.33
10472,5236,141,2,701.97
10473,5237,3,1,28995.64
10474,5237,50,1,27118.65
10475,5238,95,4,15378.47
10476,5238,80,3,27401.27
10477,5239,21,3,55484.17
10478,5239,142,5,12489.82
10479,5240,104,5,6130.95
10480,5240,149,4,14866.1
10481,5241,79,5,33873.61
10482,5241,39,5,33931.85
10483,5242,117,3,14181.77
10484,5242,138,2,13863.67
10485,5243,50,1,27118.65
10486,5243,140,2,8987.09
10487,5244,5,2,84081.85
10488,5244,23,3,49555.53
10489,5245,126,2,12459.53
10490,5245,40,1,19403.2
10491,5246,137,2,11390.83
10492,5246,106,1,19681.04
10493,5247,97,2,3939.13
10494,5247,37,5,25059.66
10495,5248,121,5,6772.08
10496,5248,74,4,41552.59
10497,5249,60,1,33321.91
10498,5249,17,1,36162.26
10499,5250,130,2,5954.55
10500,5250,16,3,2931.99
10501,5251,134,1,4785.68
10502,5251,105,1,8125.8
10503,5252,17,2,36162.26
10504,5252,64,4,17689.49
10505,5253,45,5,5214.29
10506,5253,141,3,701.97
10507,5254,123,1,612.96
10508,5254,27,3,8040.26
10509,5255,140,5,8987.09
10510,5255,105,4,8125.8
10511,5256,28,5,54101.33
10512,5256,107,3,21829.1
10513,5257,41,4,30082.04
10514,5257,62,1,6674.42
10515,5258,43,4,14873.86
10516,5258,108,5,13549.63
10517,5259,135,1,11516.05
10518,5259,53,2,26871.05
10519,5260,114,2,5726.03
10520,5260,145,5,11360.29
10521,5261,105,4,8125.8
10522,5261,99,2,16689.48
10523,5262,148,1,10266.15
10524,5262,148,1,10266.15
10525,5263,53,4,26871.05
10526,5263,73,1,37272.06
10527,5264,41,5,30082.04
10528,5264,54,5,30922.05
10529,5265,19,4,17787.61
10530,5265,89,4,4655.22
10531,5266,125,2,8947.13
10532,5266,87,1,45649.01
10533,5267,137,2,11390.83
10534,5267,34,1,2255.17
10535,5268,71,4,3528.52
10536,5268,57,1,21935.06
10537,5269,25,5,53524.51
10538,5269,34,3,2255.17
10539,5270,148,1,10266.15
10540,5270,115,3,21162.49
10541,5271,131,5,3599.39
10542,5271,46,3,32887.05
10543,5272,26,5,72907.28
10544,5272,55,2,18034.1
10545,5273,91,4,6848.12
10546,5273,120,2,24465.41
10547,5274,8,4,58505.04
10548,5274,17,5,36162.26
10549,5275,5,1,84081.85
10550,5275,70,4,3243.71
10551,5276,58,3,27146.74
10552,5276,36,4,29242.97
10553,5277,45,2,5214.29
10554,5277,13,5,54402.04
10555,5278,147,3,14301.36
10556,5278,138,1,13863.67
10557,5279,7,1,23330.83
10558,5279,93,1,11413.05
10559,5280,119,3,19868.15
10560,5280,139,5,4159.23
10561,5281,130,4,5954.55
10562,5281,34,2,2255.17
10563,5282,5,4,84081.85
10564,5282,138,4,13863.67
10565,5283,124,2,796.22
10566,5283,105,3,8125.8
10567,5284,62,5,6674.42
10568,5284,69,1,52834.09
10569,5285,96,2,6710.71
10570,5285,64,3,17689.49
10571,5286,134,2,4785.68
10572,5286,16,2,2931.99
10573,5287,147,1,14301.36
10574,5287,18,4,73820.52
10575,5288,103,3,22522.89
10576,5288,28,3,54101.33
10577,5289,18,4,73820.52
10578,5289,68,4,19598.26
10579,5290,113,2,12566.23
10580,5290,63,3,29768.75
10581,5291,54,4,30922.05
10582,5291,101,4,5781.84
10583,5292,73,4,37272.06
10584,5292,135,3,11516.05
10585,5293,111,3,9188.58
10586,5293,2,2,4930.4
10587,5294,62,3,6674.42
10588,5294,5,3,84081.85
10589,5295,99,5,16689.48
10590,5295,13,1,54402.04
10591,5296,83,2,21901.29
10592,5296,115,4,21162.49
10593,5297,90,1,2864.12
10594,5297,101,1,5781.84
10595,5298,64,1,17689.49
10596,5298,117,3,14181.77
10597,5299,129,3,577.07
10598,5299,105,5,8125.8
10599,5300,52,5,26084.73
10600,5300,107,2,21829.1
10601,5301,34,2,2255.17
10602,5301,32,5,18206.86
10603,5302,67,3,22314.95
10604,5302,125,4,8947.13
10605,5303,61,3,44878.78
10606,5303,56,2,33257.92
10607,5304,149,4,14866.1
10608,5304,18,2,73820.52
10609,5305,63,4,29768.75
10610,5305,57,1,21935.06
10611,5306,112,1,17873.14
10612,5306,58,4,27146.74
10613,5307,120,1,24465.41
10614,5307,102,1,18592.29
10615,5308,130,4,5954.55
10616,5308,137,1,11390.83
10617,5309,21,5,55484.17
10618,5309,120,1,24465.41
10619,5310,106,4,19681.04
10620,5310,150,5,7113.49
10621,5311,52,3,26084.73
10622,5311,23,1,49555.53
10623,5312,85,3,7335.47
10624,5312,98,4,12384.57
10625,5313,43,3,14873.86
10626,5313,33,4,21649.9
10627,5314,71,2,3528.52
10628,5314,9,4,19098.4
10629,5315,132,3,3011.07
10630,5315,46,4,32887.05
10631,5316,31,4,11490.6
10632,5316,17,2,36162.26
10633,5317,113,3,12566.23
10634,5317,103,3,22522.89
10635,5318,143,4,13026.41
10636,5318,113,1,12566.23
10637,5319,68,2,19598.26
10638,5319,106,3,19681.04
10639,5320,137,5,11390.83
10640,5320,60,4,33321.91
10641,5321,22,4,18186.29
10642,5321,81,5,37707.89
10643,5322,3,5,28995.64
10644,5322,132,4,3011.07
10645,5323,4,1,39584.54
10646,5323,40,3,19403.2
10647,5324,28,5,54101.33
10648,5324,143,2,13026.41
10649,5325,143,1,13026.41
10650,5325,101,1,5781.84
10651,5326,43,3,14873.86
10652,5326,64,2,17689.49
10653,5327,68,3,19598.26
10654,5327,18,1,73820.52
10655,5328,1,2,52539.0
10656,5328,45,1,5214.29
10657,5329,19,2,17787.61
10658,5329,145,2,11360.29
10659,5330,19,4,17787.61
10660,5330,7,5,23330.83
10661,5331,36,2,29242.97
10662,5331,136,5,682.08
10663,5332,49,4,8217.13
10664,5332,1,5,52539.0
10665,5333,125,2,8947.13
10666,5333,108,2,13549.63
10667,5334,62,2,6674.42
10668,5334,145,2,11360.29
10669,5335,57,1,21935.06
10670,5335,4,2,39584.54
10671,5336,53,2,26871.05
10672,5336,139,3,4159.23
10673,5337,42,1,21976.79
10674,5337,37,3,25059.66
10675,5338,3,1,28995.64
10676,5338,100,2,6854.81
10677,5339,34,3,2255.17
10678,5339,25,4,53524.51
10679,5340,78,5,26923.68
10680,5340,104,1,6130.95
10681,5341,6,4,48408.63
10682,5341,69,5,52834.09
10683,5342,132,5,3011.07
10684,5342,41,3,30082.04
10685,5343,117,4,14181.77
10686,5343,7,2,23330.83
10687,5344,4,2,39584.54
10688,5344,119,4,19868.15
10689,5345,150,5,7113.49
10690,5345,149,1,14866.1
10691,5346,69,3,52834.09
10692,5346,12,5,9596.51
10693,5347,48,1,12824.52
10694,5347,44,4,19789.04
10695,5348,34,4,2255.17
10696,5348,142,2,12489.82
10697,5349,126,2,12459.53
10698,5349,85,2,7335.47
10699,5350,148,5,10266.15
10700,5350,49,4,8217.13
10701,5351,75,3,3049.5
10702,5351,58,4,27146.74
10703,5352,69,1,52834.09
10704,5352,20,2,81513.85
10705,5353,99,5,16689.48
10706,5353,69,5,52834.09
10707,5354,10,5,38310.2
10708,5354,89,4,4655.22
10709,5355,75,2,3049.5
10710,5355,37,1,25059.66
10711,5356,106,3,19681.04
10712,5356,59,1,13085.83
10713,5357,38,3,30726.82
10714,5357,133,2,8127.63
10715,5358,137,2,11390.83
10716,5358,116,5,6378.97
10717,5359,13,4,54402.04
10718,5359,81,3,37707.89
10719,5360,87,4,45649.01
10720,5360,61,3,44878.78
10721,5361,143,3,13026.41
10722,5361,70,1,3243.71
10723,5362,56,2,33257.92
10724,5362,60,4,33321.91
10725,5363,98,1,12384.57
10726,5363,107,2,21829.1
10727,5364,95,2,15378.47
10728,5364,58,1,27146.74
10729,5365,142,1,12489.82
10730,5365,119,2,19868.15
10731,5366,50,3,27118.65
10732,5366,77,3,23879.21
10733,5367,38,1,30726.82
10734,5367,65,3,8035.55
10735,5368,38,3,30726.82
10736,5368,38,1,30726.82
10737,5369,91,2,6848.12
10738,5369,106,4,19681.04
10739,5370,52,5,26084.73
10740,5370,131,5,3599.39
10741,5371,4,4,39584.54
10742,5371,97,1,3939.13
10743,5372,64,1,17689.49
10744,5372,141,4,701.97
10745,5373,99,2,16689.48
10746,5373,87,3,45649.01
10747,5374,11,1,69215.46
10748,5374,44,2,19789.04
10749,5375,3,2,28995.64
10750,5375,112,4,17873.14
10751,5376,144,5,11019.62
10752,5376,108,5,13549.63
10753,5377,93,1,11413.05
10754,5377,41,4,30082.04
10755,5378,1,3,52539.0
10756,5378,126,1,12459.53
10757,5379,41,4,30082.04
10758,5379,49,1,8217.13
10759,5380,60,5,33321.91
10760,5380,47,1,23383.27
10761,5381,14,1,10437.0
10762,5381,10,2,38310.2
10763,5382,4,1,39584.54
10764,5382,29,1,8346.58
10765,5383,144,1,11019.62
10766,5383,13,5,54402.04
10767,5384,45,5,5214.29
10768,5384,44,1,19789.04
10769,5385,1,2,52539.0
10770,5385,140,5,8987.09
10771,5386,124,5,796.22
10772,5386,27,3,8040.26
10773,5387,30,3,12993.37
10774,5387,27,4,8040.26
10775,5388,129,5,577.07
10776,5388,42,4,21976.79
10777,5389,94,3,1858.01
10778,5389,15,1,69325.73
10779,5390,101,2,5781.84
10780,5390,73,2,37272.06
10781,5391,91,3,6848.12
10782,5391,95,2,15378.47
10783,5392,131,4,3599.39
10784,5392,13,5,54402.04
10785,5393,123,5,612.96
10786,5393,23,3,49555.53
10787,5394,78,2,26923.68
10788,5394,45,1,5214.29
10789,5395,93,5,11413.05
10790,5395,52,2,26084.73
10791,5396,134,2,4785.68
10792,5396,121,1,6772.08
10793,5397,96,5,6710.71
10794,5397,124,3,796.22
10795,5398,80,3,27401.27
10796,5398,104,2,6130.95
10797,5399,47,3,23383.27
10798,5399,39,3,33931.85
10799,5400,101,4,5781.84
10800,5400,15,3,69325.73
10801,5401,125,2,8947.13
10802,5401,66,5,31441.05
10803,5402,69,2,52834.09
10804,5402,48,1,12824.52
10805,5403,6,1,48408.63
10806,5403,28,3,54101.33
10807,5404,58,1,27146.74
10808,5404,11,1,69215.46
10809,5405,112,1,17873.14
10810,5405,114,1,5726.03
10811,5406,111,4,9188.58
10812,5406,12,3,9596.51
10813,5407,63,1,29768.75
10814,5407,42,3,21976.79
10815,5408,28,5,54101.33
10816,5408,56,3,33257.92
10817,5409,9,5,19098.4
10818,5409,4,3,39584.54
10819,5410,69,2,52834.09
10820,5410,53,2,26871.05
10821,5411,90,4,2864.12
10822,5411,73,1,37272.06
10823,5412,92,1,2654.0
10824,5412,141,1,701.97
10825,5413,61,3,44878.78
10826,5413,46,5,32887.05
10827,5414,132,1,3011.07
10828,5414,93,1,11413.05
10829,5415,72,4,49059.06
10830,5415,62,5,6674.42
10831,5416,148,1,10266.15
10832,5416,84,2,5359.51
10833,5417,119,5,19868.15
10834,5417,149,5,14866.1
10835,5418,28,3,54101.33
10836,5418,86,4,15173.3
10837,5419,39,5,33931.85
10838,5419,124,4,796.22
10839,5420,141,3,701.97
10840,5420,26,5,72907.28
10841,5421,27,4,8040.26
10842,5421,33,5,21649.9
10843,5422,48,4,12824.52
10844,5422,30,2,12993.37
10845,5423,101,2,5781.84
10846,5423,67,2,22314.95
10847,5424,75,1,3049.5
10848,5424,148,1,10266.15
10849,5425,119,2,19868.15
10850,5425,147,3,14301.36
10851,5426,145,2,11360.29
10852,5426,39,5,33931.85
10853,5427,93,3,11413.05
10854,5427,69,1,52834.09
10855,5428,86,3,15173.3
10856,5428,69,4,52834.09
10857,5429,61,2,44878.78
10858,5429,23,5,49555.53
10859,5430,47,4,23383.27
10860,5430,6,1,48408.63
10861,5431,101,2,5781.84
10862,5431,110,5,12983.38
10863,5432,108,1,13549.63
10864,5432,11,5,69215.46
10865,5433,77,3,23879.21
10866,5433,121,4,6772.08
10867,5434,10,4,38310.2
10868,5434,127,5,1177.88
10869,5435,131,5,3599.39
10870,5435,135,5,11516.05
10871,5436,99,2,16689.48
10872,5436,134,4,4785.68
10873,5437,128,3,9263.29
10874,5437,56,2,33257.92
10875,5438,51,5,8341.82
10876,5438,142,5,12489.82
10877,5439,134,3,4785.68
10878,5439,40,3,19403.2
10879,5440,143,5,13026.41
10880,5440,15,3,69325.73
10881,5441,147,4,14301.36
10882,5441,42,3,21976.79
10883,5442,43,3,14873.86
10884,5442,83,5,21901.29
10885,5443,8,2,58505.04
10886,5443,29,3,8346.58
10887,5444,57,5,21935.06
10888,5444,86,2,15173.3
10889,5445,17,2,36162.26
10890,5445,19,2,17787.61
10891,5446,92,2,2654.0
10892,5446,18,3,73820.52
10893,5447,130,3,5954.55
10894,5447,124,3,796.22
10895,5448,20,4,81513.85
10896,5448,69,2,52834.09
10897,5449,17,5,36162.26
10898,5449,48,4,12824.52
10899,5450,33,1,21649.9
10900,5450,115,2,21162.49
10901,5451,27,3,8040.26
10902,5451,94,4,1858.01
10903,5452,47,4,23383.27
10904,5452,95,3,15378.47
10905,5453,48,3,12824.52
10906,5453,132,4,3011.07
10907,5454,101,1,5781.84
10908,5454,31,5,11490.6
10909,5455,68,4,19598.26
10910,5455,27,1,8040.26
10911,5456,109,1,8516.39
10912,5456,138,1,13863.67
10913,5457,5,4,84081.85
10914,5457,77,3,23879.21
10915,5458,41,3,30082.04
10916,5458,78,5,26923.68
10917,5459,104,1,6130.95
10918,5459,85,1,7335.47
10919,5460,136,3,682.08
10920,5460,84,1,5359.51
10921,5461,24,1,43820.15
10922,5461,138,1,13863.67
10923,5462,50,1,27118.65
10924,5462,103,1,22522.89
10925,5463,89,3,4655.22
10926,5463,123,1,612.96
10927,5464,16,3,2931.99
10928,5464,119,5,19868.15
10929,5465,120,1,24465.41
10930,5465,64,4,17689.49
10931,5466,27,2,8040.26
10932,5466,29,1,8346.58
10933,5467,150,3,7113.49
10934,5467,35,4,33010.69
10935,5468,20,1,81513.85
10936,5468,16,2,2931.99
10937,5469,108,4,13549.63
10938,5469,111,1,9188.58
10939,5470,112,2,17873.14
10940,5470,39,5,33931.85
10941,5471,121,5,6772.08
10942,5471,135,5,11516.05
10943,5472,17,3,36162.26
10944,5472,150,3,7113.49
10945,5473,87,4,45649.01
10946,5473,16,4,2931.99
10947,5474,147,3,14301.36
10948,5474,83,5,21901.29
10949,5475,146,1,1905.39
10950,5475,85,2,7335.47
10951,5476,69,2,52834.09
10952,5476,122,3,6970.32
10953,5477,16,5,2931.99
10954,5477,8,1,58505.04
10955,5478,97,1,3939.13
10956,5478,87,2,45649.01
10957,5479,101,3,5781.84
10958,5479,72,2,49059.06
10959,5480,17,4,36162.26
10960,5480,43,2,14873.86
10961,5481,4,1,39584.54
10962,5481,64,1,17689.49
10963,5482,8,3,58505.04
10964,5482,90,2,2864.12
10965,5483,12,5,9596.51
10966,5483,41,2,30082.04
10967,5484,81,1,37707.89
10968,5484,97,5,3939.13
10969,5485,137,5,11390.83
10970,5485,141,2,701.97
10971,5486,18,1,73820.52
10972,5486,75,5,3049.5
10973,5487,104,2,6130.95
10974,5487,131,4,3599.39
10975,5488,127,4,1177.88
10976,5488,139,3,4159.23
10977,5489,68,3,19598.26
10978,5489,17,2,36162.26
10979,5490,29,5,8346.58
10980,5490,18,4,73820.52
10981,5491,14,4,10437.0
10982,5491,38,2,30726.82
10983,5492,29,4,8346.58
10984,5492,139,5,4159.23
10985,5493,79,2,33873.61
10986,5493,106,1,19681.04
10987,5494,51,2,8341.82
10988,5494,4,1,39584.54
10989,5495,55,5,18034.1
10990,5495,6,2,48408.63
10991,5496,30,3,12993.37
10992,5496,80,2,27401.27
10993,5497,91,5,6848.12
10994,5497,80,2,27401.27
10995,5498,130,2,5954.55
10996,5498,150,5,7113.49
10997,5499,27,1,8040.26
10998,5499,37,1,25059.66
10999,5500,9,3,19098.4
11000,5500,127,1,1177.88
11001,5501,22,2,18186.29
11002,5501,67,3,22314.95
11003,5502,39,2,33931.85
11004,5502,102,1,18592.29
11005,5503,37,3,25059.66
11006,5503,107,4,21829.1
11007,5504,61,2,44878.78
11008,5504,44,5,19789.04
11009,5505,32,4,18206.86
11010,5505,27,2,8040.26
11011,5506,64,2,17689.49
11012,5506,14,5,10437.0
11013,5507,83,3,21901.29
11014,5507,79,1,33873.61
11015,5508,50,3,27118.65
11016,5508,59,4,13085.83
11017,5509,131,5,3599.39
11018,5509,107,5,21829.1
11019,5510,28,3,54101.33
11020,5510,141,1,701.97
11021,5511,56,1,33257.92
11022,5511,101,4,5781.84
11023,5512,96,4,6710.71
11024,5512,148,2,10266.15
11025,5513,6,1,48408.63
11026,5513,10,2,38310.2
11027,5514,131,4,3599.39
11028,5514,82,3,23327.1
11029,5515,107,4,21829.1
11030,5515,99,1,16689.48
11031,5516,60,3,33321.91
11032,5516,47,5,23383.27
11033,5517,34,2,2255.17
11034,5517,50,3,27118.65
11035,5518,70,2,3243.71
11036,5518,6,3,48408.63
11037,5519,122,1,6970.32
11038,5519,79,2,33873.61
11039,5520,125,2,8947.13
11040,5520,3,3,28995.64
11041,5521,21,2,55484.17
11042,5521,92,3,2654.0
11043,5522,26,3,72907.28
11044,5522,146,1,1905.39
11045,5523,109,1,8516.39
11046,5523,23,1,49555.53
11047,5524,39,5,33931.85
11048,5524,66,2,31441.05
11049,5525,82,4,23327.1
11050,5525,24,5,43820.15
11051,5526,102,2,18592.29
11052,5526,62,2,6674.42
11053,5527,104,5,6130.95
11054,5527,108,2,13549.63
11055,5528,95,1,15378.47
11056,5528,50,4,27118.65
11057,5529,123,2,612.96
11058,5529,122,4,6970.32
11059,5530,2,3,4930.4
11060,5530,93,3,11413.05
11061,5531,3,5,28995.64
11062,5531,73,5,37272.06
11063,5532,53,1,26871.05
11064,5532,4,2,39584.54
11065,5533,69,3,52834.09
11066,5533,105,5,8125.8
11067,5534,69,2,52834.09
11068,5534,15,4,69325.73
11069,5535,73,5,37272.06
11070,5535,129,2,577.07
11071,5536,13,5,54402.04
11072,5536,122,4,6970.32
11073,5537,129,1,577.07
11074,5537,38,4,30726.82
11075,5538,132,5,3011.07
11076,5538,133,5,8127.63
11077,5539,1,1,52539.0
11078,5539,46,2,32887.05
11079,5540,104,5,6130.95
11080,5540,145,3,11360.29
11081,5541,23,5,49555.53
11082,5541,14,4,10437.0
11083,5542,44,5,19789.04
11084,5542,78,3,26923.68
11085,5543,37,1,25059.66
11086,5543,95,2,15378.47
11087,5544,6,2,48408.63
11088,5544,10,4,38310.2
11089,5545,87,4,45649.01
11090,5545,27,2,8040.26
11091,5546,144,4,11019.62
11092,5546,91,2,6848.12
11093,5547,56,3,33257.92
11094,5547,130,1,5954.55
11095,5548,144,1,11019.62
11096,5548,19,2,17787.61
11097,5549,112,1,17873.14
11098,5549,79,5,33873.61
11099,5550,76,4,5024.14
11100,5550,67,2,22314.95
11101,5551,31,3,11490.6
11102,5551,46,3,32887.05
11103,5552,68,5,19598.26
11104,5552,47,4,23383.27
11105,5553,26,5,72907.28
11106,5553,143,1,13026.41
11107,5554,76,3,5024.14
11108,5554,118,4,9811.84
11109,5555,150,2,7113.49
11110,5555,44,5,19789.04
11111,5556,110,2,12983.38
11112,5556,92,5,2654.0
11113,5557,77,4,23879.21
11114,5557,5,4,84081.85
11115,5558,40,1,19403.2
11116,5558,121,4,6772.08
11117,5559,94,5,1858.01
11118,5559,15,3,69325.73
11119,5560,58,1,27146.74
11120,5560,68,3,19598.26
11121,5561,57,1,21935.06
11122,5561,120,3,24465.41
11123,5562,15,4,69325.73
11124,5562,64,5,17689.49
11125,5563,93,5,11413.05
11126,5563,13,4,54402.04
11127,5564,1,1,52539.0
11128,5564,114,3,5726.03
11129,5565,16,4,2931.99
11130,5565,63,2,29768.75
11131,5566,146,4,1905.39
11132,5566,56,3,33257.92
11133,5567,30,1,12993.37
11134,5567,149,1,14866.1
11135,5568,149,2,14866.1
11136,5568,54,1,30922.05
11137,5569,134,4,4785.68
11138,5569,132,2,3011.07
11139,5570,150,5,7113.49
11140,5570,83,5,21901.29
11141,5571,17,3,36162.26
11142,5571,99,5,16689.48
11143,5572,63,4,29768.75
11144,5572,97,4,3939.13
11145,5573,60,5,33321.91
11146,5573,18,5,73820.52
11147,5574,148,1,10266.15
11148,5574,11,5,69215.46
11149,5575,31,5,11490.6
11150,5575,1,4,52539.0
11151,5576,60,2,33321.91
11152,5576,25,5,53524.51
11153,5577,91,1,6848.12
11154,5577,70,1,3243.71
11155,5578,126,2,12459.53
11156,5578,72,5,49059.06
11157,5579,101,1,5781.84
11158,5579,116,1,6378.97
11159,5580,117,4,14181.77
11160,5580,81,3,37707.89
11161,5581,94,1,1858.01
11162,5581,125,3,8947.13
11163,5582,102,5,18592.29
11164,5582,110,5,12983.38
11165,5583,7,3,23330.83
11166,5583,126,4,12459.53
11167,5584,147,1,14301.36
11168,5584,15,1,69325.73
11169,5585,49,5,8217.13
11170,5585,137,3,11390.83
11171,5586,148,4,10266.15
11172,5586,139,4,4159.23
11173,5587,19,5,17787.61
11174,5587,24,2,43820.15
11175,5588,48,1,12824.52
11176,5588,31,4,11490.6
11177,5589,15,3,69325.73
11178,5589,149,3,14866.1
11179,5590,100,4,6854.81
11180,5590,100,1,6854.81
11181,5591,67,4,22314.95
11182,5591,149,4,14866.1
11183,5592,145,2,11360.29
11184,5592,131,5,3599.39
11185,5593,36,4,29242.97
11186,5593,69,5,52834.09
11187,5594,24,2,43820.15
11188,5594,64,3,17689.49
11189,5595,33,5,21649.9
11190,5595,91,3,6848.12
11191,5596,15,1,69325.73
11192,5596,90,3,2864.12
11193,5597,85,2,7335.47
11194,5597,8,3,58505.04
11195,5598,35,1,33010.69
11196,5598,74,2,41552.59
11197,5599,22,4,18186.29
11198,5599,105,3,8125.8
11199,5600,30,5,12993.37
11200,5600,66,1,31441.05
11201,5601,51,4,8341.82
11202,5601,67,1,22314.95
11203,5602,36,5,29242.97
11204,5602,139,1,4159.23
11205,5603,111,5,9188.58
11206,5603,125,5,8947.13
11207,5604,56,2,33257.92
11208,5604,48,4,12824.52
11209,5605,41,1,30082.04
11210,5605,5,1,84081.85
11211,5606,58,5,27146.74
11212,5606,87,5,45649.01
11213,5607,69,4,52834.09
11214,5607,34,5,2255.17
11215,5608,31,3,11490.6
11216,5608,95,1,15378.47
11217,5609,83,2,21901.29
11218,5609,27,5,8040.26
11219,5610,136,2,682.08
11220,5610,105,2,8125.8
11221,5611,55,1,18034.1
11222,5611,138,1,13863.67
11223,5612,119,2,19868.15
11224,5612,102,1,18592.29
11225,5613,124,4,796.22
11226,5613,23,2,49555.53
11227,5614,71,2,3528.52
11228,5614,13,3,54402.04
11229,5615,67,1,22314.95
11230,5615,86,4,15173.3
11231,5616,139,2,4159.23
11232,5616,16,4,2931.99
11233,5617,40,4,19403.2
11234,5617,146,5,1905.39
11235,5618,146,3,1905.39
11236,5618,147,5,14301.36
11237,5619,72,1,49059.06
11238,5619,31,5,11490.6
11239,5620,134,5,4785.68
11240,5620,45,4,5214.29
11241,5621,109,2,8516.39
11242,5621,148,2,10266.15
11243,5622,98,4,12384.57
11244,5622,65,1,8035.55
11245,5623,130,4,5954.55
11246,5623,95,4,15378.47
11247,5624,10,1,38310.2
11248,5624,43,2,14873.86
11249,5625,150,3,7113.49
11250,5625,126,1,12459.53
11251,5626,58,3,27146.74
11252,5626,50,3,27118.65
11253,5627,96,2,6710.71
11254,5627,70,1,3243.71
11255,5628,122,4,6970.32
11256,5628,16,4,2931.99
11257,5629,134,4,4785.68
11258,5629,101,4,5781.84
11259,5630,63,4,29768.75
11260,5630,142,5,12489.82
11261,5631,32,5,18206.86
11262,5631,92,2,2654.0
11263,5632,12,5,9596.51
11264,5632,136,3,682.08
11265,5633,97,2,3939.13
11266,5633,73,4,37272.06
11267,5634,114,4,5726.03
11268,5634,66,1,31441.05
11269,5635,89,3,4655.22
11270,5635,110,2,12983.38
11271,5636,56,3,33257.92
11272,5636,77,1,23879.21
11273,5637,10,1,38310.2
11274,5637,46,5,32887.05
11275,5638,8,2,58505.04
11276,5638,149,1,14866.1
11277,5639,78,2,26923.68
11278,5639,148,3,10266.15
11279,5640,38,1,30726.82
11280,5640,114,3,5726.03
11281,5641,129,1,577.07
11282,5641,18,3,73820.52
11283,5642,93,5,11413.05
11284,5642,118,2,9811.84
11285,5643,15,3,69325.73
11286,5643,99,3,16689.48
11287,5644,35,2,33010.69
11288,5644,117,1,14181.77
11289,5645,36,4,29242.97
11290,5645,141,1,701.97
11291,5646,119,3,19868.15
11292,5646,10,1,38310.2
11293,5647,147,4,14301.36
11294,5647,118,1,9811.84
11295,5648,132,2,3011.07
11296,5648,53,5,26871.05
11297,5649,136,5,682.08
11298,5649,3,4,28995.64
11299,5650,145,4,11360.29
11300,5650,61,2,44878.78
11301,5651,136,2,682.08
11302,5651,130,4,5954.55
11303,5652,131,5,3599.39
11304,5652,21,4,55484.17
11305,5653,39,2,33931.85
11306,5653,87,2,45649.01
11307,5654,143,5,13026.41
11308,5654,28,3,54101.33
11309,5655,25,2,53524.51
11310,5655,111,5,9188.58
11311,5656,44,5,19789.04
11312,5656,128,1,9263.29
11313,5657,7,1,23330.83
11314,5657,46,2,32887.05
11315,5658,149,4,14866.1
11316,5658,116,1,6378.97
11317,5659,69,2,52834.09
11318,5659,18,2,73820.52
11319,5660,75,3,3049.5
11320,5660,95,1,15378.47
11321,5661,105,2,8125.8
11322,5661,136,5,682.08
11323,5662,130,2,5954.55
11324,5662,46,5,32887.05
11325,5663,114,1,5726.03
11326,5663,11,3,69215.46
11327,5664,119,3,19868.15
11328,5664,68,5,19598.26
11329,5665,140,1,8987.09
11330,5665,30,1,12993.37
11331,5666,137,1,11390.83
11332,5666,144,1,11019.62
11333,5667,105,4,8125.8
11334,5667,3,5,28995.64
11335,5668,146,5,1905.39
11336,5668,28,1,54101.33
11337,5669,40,5,19403.2
11338,5669,29,3,8346.58
11339,5670,124,1,796.22
11340,5670,69,2,52834.09
11341,5671,142,3,12489.82
11342,5671,9,1,19098.4
11343,5672,24,3,43820.15
11344,5672,73,1,37272.06
11345,5673,52,2,26084.73
11346,5673,88,5,48004.49
11347,5674,109,5,8516.39
11348,5674,15,1,69325.73
11349,5675,118,1,9811.84
11350,5675,85,3,7335.47
11351,5676,53,1,26871.05
11352,5676,110,2,12983.38
11353,5677,126,4,12459.53
11354,5677,22,5,18186.29
11355,5678,108,5,13549.63
11356,5678,133,4,8127.63
11357,5679,138,2,13863.67
11358,5679,16,1,2931.99
11359,5680,114,4,5726.03
11360,5680,109,2,8516.39
11361,5681,104,1,6130.95
11362,5681,65,5,8035.55
11363,5682,38,4,30726.82
11364,5682,79,3,33873.61
11365,5683,63,4,29768.75
11366,5683,96,4,6710.71
11367,5684,107,5,21829.1
11368,5684,43,4,14873.86
11369,5685,15,4,69325.73
11370,5685,37,5,25059.66
11371,5686,5,3,84081.85
11372,5686,31,4,11490.6
11373,5687,96,5,6710.71
11374,5687,138,2,13863.67
11375,5688,11,2,69215.46
11376,5688,58,3,27146.74
11377,5689,14,1,10437.0
11378,5689,56,4,33257.92
11379,5690,99,4,16689.48
11380,5690,11,1,69215.46
11381,5691,47,5,23383.27
11382,5691,81,3,37707.89
11383,5692,16,2,2931.99
11384,5692,143,3,13026.41
11385,5693,113,1,12566.23
11386,5693,2,4,4930.4
11387,5694,133,5,8127.63
11388,5694,127,2,1177.88
11389,5695,20,4,81513.85
11390,5695,64,4,17689.49
11391,5696,115,2,21162.49
11392,5696,64,1,17689.49
11393,5697,15,1,69325.73
11394,5697,8,5,58505.04
11395,5698,75,3,3049.5
11396,5698,148,4,10266.15
11397,5699,91,1,6848.12
11398,5699,64,1,17689.49
11399,5700,28,2,54101.33
11400,5700,3,4,28995.64
11401,5701,58,1,27146.74
11402,5701,140,1,8987.09
11403,5702,97,2,3939.13
11404,5702,74,5,41552.59
11405,5703,30,1,12993.37
11406,5703,6,3,48408.63
11407,5704,6,2,48408.63
11408,5704,119,2,19868.15
11409,5705,85,4,7335.47
11410,5705,117,2,14181.77
11411,5706,111,1,9188.58
11412,5706,82,5,23327.1
11413,5707,80,2,27401.27
11414,5707,100,1,6854.81
11415,5708,42,4,21976.79
11416,5708,49,3,8217.13
11417,5709,144,3,11019.62
11418,5709,140,2,8987.09
11419,5710,75,2,3049.5
11420,5710,77,5,23879.21
11421,5711,40,2,19403.2
11422,5711,135,1,11516.05
11423,5712,131,3,3599.39
11424,5712,115,4,21162.49
11425,5713,44,2,19789.04
11426,5713,99,2,16689.48
11427,5714,61,5,44878.78
11428,5714,22,4,18186.29
11429,5715,27,2,8040.26
11430,5715,87,1,45649.01
11431,5716,37,3,25059.66
11432,5716,137,3,11390.83
11433,5717,82,2,23327.1
11434,5717,87,4,45649.01
11435,5718,132,4,3011.07
11436,5718,14,5,10437.0
11437,5719,138,1,13863.67
11438,5719,101,2,5781.84
11439,5720,90,4,2864.12
11440,5720,37,5,25059.66
11441,5721,129,5,577.07
11442,5721,141,2,701.97
11443,5722,12,3,9596.51
11444,5722,79,1,33873.61
11445,5723,62,4,6674.42
11446,5723,45,5,5214.29
11447,5724,46,5,32887.05
11448,5724,25,2,53524.51
11449,5725,113,1,12566.23
11450,5725,103,3,22522.89
11451,5726,60,1,33321.91
11452,5726,103,5,22522.89
11453,5727,86,5,15173.3
11454,5727,16,1,2931.99
11455,5728,106,5,19681.04
11456,5728,68,1,19598.26
11457,5729,20,4,81513.85
11458,5729,9,2,19098.4
11459,5730,14,1,10437.0
11460,5730,44,2,19789.04
11461,5731,28,2,54101.33
11462,5731,91,5,6848.12
11463,5732,79,4,33873.61
11464,5732,40,2,19403.2
11465,5733,135,4,11516.05
11466,5733,80,5,27401.27
11467,5734,74,5,41552.59
11468,5734,147,2,14301.36
11469,5735,105,5,8125.8
11470,5735,130,1,5954.55
11471,5736,33,2,21649.9
11472,5736,87,1,45649.01
11473,5737,145,1,11360.29
11474,5737,56,3,33257.92
11475,5738,120,5,24465.41
11476,5738,24,2,43820.15
11477,5739,121,3,6772.08
11478,5739,47,1,23383.27
11479,5740,78,1,26923.68
11480,5740,82,4,23327.1
11481,5741,6,5,48408.63
11482,5741,96,2,6710.71
11483,5742,32,1,18206.86
11484,5742,69,4,52834.09
11485,5743,2,3,4930.4
11486,5743,138,5,13863.67
11487,5744,145,2,11360.29
11488,5744,104,1,6130.95
11489,5745,29,1,8346.58
11490,5745,77,3,23879.21
11491,5746,125,4,8947.13
11492,5746,28,3,54101.33
11493,5747,147,3,14301.36
11494,5747,52,3,26084.73
11495,5748,4,3,39584.54
11496,5748,16,1,2931.99
11497,5749,60,4,33321.91
11498,5749,129,1,577.07
11499,5750,79,3,33873.61
11500,5750,117,3,14181.77
11501,5751,66,3,31441.05
11502,5751,44,2,19789.04
11503,5752,81,3,37707.89
11504,5752,132,5,3011.07
11505,5753,120,2,24465.41
11506,5753,150,3,7113.49
11507,5754,94,1,1858.01
11508,5754,90,3,2864.12
11509,5755,38,3,30726.82
11510,5755,18,1,73820.52
11511,5756,1,5,52539.0
11512,5756,125,1,8947.13
11513,5757,84,3,5359.51
11514,5757,3,5,28995.64
11515,5758,145,2,11360.29
11516,5758,45,5,5214.29
11517,5759,50,3,27118.65
11518,5759,105,4,8125.8
11519,5760,43,5,14873.86
11520,5760,116,2,6378.97
11521,5761,94,3,1858.01
11522,5761,142,2,12489.82
11523,5762,91,3,6848.12
11524,5762,95,5,15378.47
11525,5763,82,4,23327.1
11526,5763,48,4,12824.52
11527,5764,54,3,30922.05
11528,5764,133,3,8127.63
11529,5765,86,1,15173.3
11530,5765,13,2,54402.04
11531,5766,64,1,17689.49
11532,5766,119,2,19868.15
11533,5767,97,4,3939.13
11534,5767,138,2,13863.67
11535,5768,139,4,4159.23
11536,5768,97,1,3939.13
11537,5769,147,5,14301.36
11538,5769,36,5,29242.97
11539,5770,84,5,5359.51
11540,5770,7,3,23330.83
11541,5771,11,4,69215.46
11542,5771,33,1,21649.9
11543,5772,146,3,1905.39
11544,5772,57,3,21935.06
11545,5773,30,1,12993.37
11546,5773,39,2,33931.85
11547,5774,5,1,84081.85
11548,5774,51,1,8341.82
11549,5775,29,1,8346.58
11550,5775,63,2,29768.75
11551,5776,100,2,6854.81
11552,5776,64,5,17689.49
11553,5777,138,5,13863.67
11554,5777,105,5,8125.8
11555,5778,77,5,23879.21
11556,5778,105,4,8125.8
11557,5779,107,5,21829.1
11558,5779,104,4,6130.95
11559,5780,52,3,26084.73
11560,5780,132,1,3011.07
11561,5781,92,2,2654.0
11562,5781,147,1,14301.36
11563,5782,47,2,23383.27
11564,5782,21,5,55484.17
11565,5783,4,3,39584.54
11566,5783,50,4,27118.65
11567,5784,9,3,19098.4
11568,5784,108,5,13549.63
11569,5785,15,3,69325.73
11570,5785,61,4,44878.78
11571,5786,78,3,26923.68
11572,5786,66,4,31441.05
11573,5787,67,3,22314.95
11574,5787,36,1,29242.97
11575,5788,20,1,81513.85
11576,5788,106,4,19681.04
11577,5789,4,5,39584.54
11578,5789,12,3,9596.51
11579,5790,54,1,30922.05
11580,5790,59,2,13085.83
11581,5791,105,1,8125.8
11582,5791,87,1,45649.01
11583,5792,143,4,13026.41
11584,5792,27,1,8040.26
11585,5793,66,1,31441.05
11586,5793,79,3,33873.61
11587,5794,110,3,12983.38
11588,5794,103,2,22522.89
11589,5795,137,5,11390.83
11590,5795,144,5,11019.62
11591,5796,39,2,33931.85
11592,5796,133,3,8127.63
11593,5797,10,1,38310.2
11594,5797,79,3,33873.61
11595,5798,125,5,8947.13
11596,5798,12,3,9596.51
11597,5799,127,2,1177.88
11598,5799,84,5,5359.51
11599,5800,16,3,2931.99
11600,5800,69,1,52834.09
11601,5801,111,2,9188.58
11602,5801,27,5,8040.26
11603,5802,41,4,30082.04
11604,5802,92,1,2654.0
11605,5803,1,4,52539.0
11606,5803,145,2,11360.29
11607,5804,27,3,8040.26
11608,5804,49,5,8217.13
11609,5805,7,1,23330.83
11610,5805,84,1,5359.51
11611,5806,107,4,21829.1
11612,5806,74,5,41552.59
11613,5807,32,4,18206.86
11614,5807,138,5,13863.67
11615,5808,15,2,69325.73
11616,5808,60,1,33321.91
11617,5809,62,5,6674.42
11618,5809,61,4,44878.78
11619,5810,92,5,2654.0
11620,5810,27,2,8040.26
11621,5811,1,1,52539.0
11622,5811,35,1,33010.69
11623,5812,118,1,9811.84
11624,5812,150,3,7113.49
11625,5813,73,5,37272.06
11626,5813,83,4,21901.29
11627,5814,18,5,73820.52
11628,5814,17,2,36162.26
11629,5815,66,1,31441.05
11630,5815,16,2,2931.99
11631,5816,7,4,23330.83
11632,5816,31,4,11490.6
11633,5817,146,1,1905.39
11634,5817,140,3,8987.09
11635,5818,55,4,18034.1
11636,5818,20,1,81513.85
11637,5819,107,4,21829.1
11638,5819,8,4,58505.04
11639,5820,102,5,18592.29
11640,5820,97,4,3939.13
11641,5821,2,2,4930.4
11642,5821,84,5,5359.51
11643,5822,32,2,18206.86
11644,5822,122,1,6970.32
11645,5823,121,4,6772.08
11646,5823,63,2,29768.75
11647,5824,102,5,18592.29
11648,5824,84,4,5359.51
11649,5825,137,1,11390.83
11650,5825,16,3,2931.99
11651,5826,33,5,21649.9
11652,5826,75,1,3049.5
11653,5827,105,5,8125.8
11654,5827,109,2,8516.39
11655,5828,19,5,17787.61
11656,5828,92,3,2654.0
11657,5829,33,3,21649.9
11658,5829,107,4,21829.1
11659,5830,97,4,3939.13
11660,5830,139,4,4159.23
11661,5831,1,3,52539.0
11662,5831,77,1,23879.21
11663,5832,21,4,55484.17
11664,5832,98,5,12384.57
11665,5833,24,1,43820.15
11666,5833,92,2,2654.0
11667,5834,74,1,41552.59
11668,5834,82,2,23327.1
11669,5835,78,2,26923.68
11670,5835,109,5,8516.39
11671,5836,106,5,19681.04
11672,5836,111,5,9188.58
11673,5837,115,4,21162.49
11674,5837,133,4,8127.63
11675,5838,147,1,14301.36
11676,5838,14,4,10437.0
11677,5839,143,2,13026.41
11678,5839,129,1,577.07
11679,5840,103,1,22522.89
11680,5840,67,1,22314.95
11681,5841,63,4,29768.75
11682,5841,109,3,8516.39
11683,5842,11,3,69215.46
11684,5842,145,4,11360.29
11685,5843,11,2,69215.46
11686,5843,142,2,12489.82
11687,5844,79,1,33873.61
11688,5844,1,2,52539.0
11689,5845,18,1,73820.52
11690,5845,19,3,17787.61
11691,5846,92,4,2654.0
11692,5846,124,1,796.22
11693,5847,18,5,73820.52
11694,5847,57,1,21935.06
11695,5848,121,5,6772.08
11696,5848,79,5,33873.61
11697,5849,6,5,48408.63
11698,5849,47,3,23383.27
11699,5850,89,4,4655.22
11700,5850,4,5,39584.54
11701,5851,75,2,3049.5
11702,5851,39,1,33931.85
11703,5852,31,2,11490.6
11704,5852,12,2,9596.51
11705,5853,33,2,21649.9
11706,5853,146,2,1905.39
11707,5854,89,3,4655.22
11708,5854,14,2,10437.0
11709,5855,96,4,6710.71
11710,5855,21,2,55484.17
11711,5856,51,5,8341.82
11712,5856,67,3,22314.95
11713,5857,125,2,8947.13
11714,5857,120,5,24465.41
11715,5858,19,2,17787.61
11716,5858,29,5,8346.58
11717,5859,100,3,6854.81
11718,5859,123,2,612.96
11719,5860,95,1,15378.47
11720,5860,83,3,21901.29
11721,5861,146,4,1905.39
11722,5861,13,4,54402.04
11723,5862,111,1,9188.58
11724,5862,115,4,21162.49
11725,5863,105,3,8125.8
11726,5863,125,1,8947.13
11727,5864,38,3,30726.82
11728,5864,54,3,30922.05
11729,5865,104,5,6130.95
11730,5865,57,3,21935.06
11731,5866,135,3,11516.05
11732,5866,76,5,5024.14
11733,5867,117,3,14181.77
11734,5867,28,3,54101.33
11735,5868,126,5,12459.53
11736,5868,134,1,4785.68
11737,5869,7,3,23330.83
11738,5869,131,2,3599.39
11739,5870,38,4,30726.82
11740,5870,150,4,7113.49
11741,5871,61,4,44878.78
11742,5871,14,4,10437.0
11743,5872,60,1,33321.91
11744,5872,19,4,17787.61
11745,5873,134,2,4785.68
11746,5873,24,1,43820.15
11747,5874,87,5,45649.01
11748,5874,46,4,32887.05
11749,5875,142,2,12489.82
11750,5875,60,2,33321.91
11751,5876,137,3,11390.83
11752,5876,97,5,3939.13
11753,5877,59,3,13085.83
11754,5877,82,1,23327.1
11755,5878,20,4,81513.85
11756,5878,20,1,81513.85
11757,5879,99,3,16689.48
11758,5879,24,3,43820.15
11759,5880,25,2,53524.51
11760,5880,132,2,3011.07
11761,5881,44,2,19789.04
11762,5881,107,2,21829.1
11763,5882,51,4,8341.82
11764,5882,87,5,45649.01
11765,5883,141,2,701.97
11766,5883,71,5,3528.52
11767,5884,99,1,16689.48
11768,5884,85,2,7335.47
11769,5885,9,3,19098.4
11770,5885,140,5,8987.09
11771,5886,37,3,25059.66
11772,5886,38,4,30726.82
11773,5887,120,5,24465.41
11774,5887,20,2,81513.85
11775,5888,130,5,5954.55
11776,5888,96,1,6710.71
11777,5889,91,5,6848.12
11778,5889,103,5,22522.89
11779,5890,73,1,37272.06
11780,5890,77,5,23879.21
11781,5891,120,1,24465.41
11782,5891,136,5,682.08
11783,5892,36,5,29242.97
11784,5892,21,4,55484.17
11785,5893,137,1,11390.83
11786,5893,128,4,9263.29
11787,5894,108,1,13549.63
11788,5894,93,3,11413.05
11789,5895,92,5,2654.0
11790,5895,3,4,28995.64
11791,5896,27,5,8040.26
11792,5896,113,1,12566.23
11793,5897,7,1,23330.83
11794,5897,56,4,33257.92
11795,5898,81,1,37707.89
11796,5898,38,2,30726.82
11797,5899,3,1,28995.64
11798,5899,108,2,13549.63
11799,5900,93,4,11413.05
11800,5900,101,5,5781.84
11801,5901,27,2,8040.26
11802,5901,104,3,6130.95
11803,5902,115,2,21162.49
11804,5902,85,5,7335.47
11805,5903,141,3,701.97
11806,5903,98,5,12384.57
11807,5904,70,2,3243.71
11808,5904,26,2,72907.28
11809,5905,34,5,2255.17
11810,5905,136,3,682.08
11811,5906,54,3,30922.05
11812,5906,65,1,8035.55
11813,5907,67,2,22314.95
11814,5907,10,1,38310.2
11815,5908,148,3,10266.15
11816,5908,46,4,32887.05
11817,5909,119,2,19868.15
11818,5909,103,2,22522.89
11819,5910,39,3,33931.85
11820,5910,28,3,54101.33
11821,5911,61,1,44878.78
11822,5911,12,3,9596.51
11823,5912,58,1,27146.74
11824,5912,139,1,4159.23
11825,5913,75,3,3049.5
11826,5913,57,1,21935.06
11827,5914,9,1,19098.4
11828,5914,44,3,19789.04
11829,5915,12,3,9596.51
11830,5915,115,3,21162.49
11831,5916,76,4,5024.14
11832,5916,112,5,17873.14
11833,5917,23,4,49555.53
11834,5917,28,2,54101.33
11835,5918,89,5,4655.22
11836,5918,83,1,21901.29
11837,5919,130,3,5954.55
11838,5919,106,5,19681.04
11839,5920,27,4,8040.26
11840,5920,39,5,33931.85
11841,5921,78,4,26923.68
11842,5921,22,2,18186.29
11843,5922,116,1,6378.97
11844,5922,39,4,33931.85
11845,5923,44,3,19789.04
11846,5923,22,5,18186.29
11847,5924,139,4,4159.23
11848,5924,138,2,13863.67
11849,5925,62,2,6674.42
11850,5925,55,1,18034.1
11851,5926,109,3,8516.39
11852,5926,89,5,4655.22
11853,5927,116,4,6378.97
11854,5927,18,2,73820.52
11855,5928,92,3,2654.0
11856,5928,34,2,2255.17
11857,5929,2,2,4930.4
11858,5929,34,4,2255.17
11859,5930,112,1,17873.14
11860,5930,126,4,12459.53
11861,5931,8,1,58505.04
11862,5931,23,2,49555.53
11863,5932,137,1,11390.83
11864,5932,142,3,12489.82
11865,5933,88,1,48004.49
11866,5933,116,2,6378.97
11867,5934,70,5,3243.71
11868,5934,141,5,701.97
11869,5935,141,2,701.97
11870,5935,57,1,21935.06
11871,5936,24,5,43820.15
11872,5936,131,5,3599.39
11873,5937,111,5,9188.58
11874,5937,63,3,29768.75
11875,5938,78,1,26923.68
11876,5938,95,2,15378.47
11877,5939,83,4,21901.29
11878,5939,66,1,31441.05
11879,5940,99,1,16689.48
11880,5940,88,4,48004.49
11881,5941,79,2,33873.61
11882,5941,36,5,29242.97
11883,5942,3,1,28995.64
11884,5942,131,5,3599.39
11885,5943,87,1,45649.01
11886,5943,148,1,10266.15
11887,5944,86,4,15173.3
11888,5944,46,4,32887.05
11889,5945,84,1,5359.51
11890,5945,111,2,9188.58
11891,5946,106,2,19681.04
11892,5946,40,5,19403.2
11893,5947,138,2,13863.67
11894,5947,42,3,21976.79
11895,5948,4,3,39584.54
11896,5948,63,5,29768.75
11897,5949,101,3,5781.84
11898,5949,49,1,8217.13
11899,5950,34,2,2255.17
11900,5950,81,5,37707.89
11901,5951,69,5,52834.09
11902,5951,68,2,19598.26
11903,5952,16,5,2931.99
11904,5952,68,1,19598.26
11905,5953,135,3,11516.05
11906,5953,76,3,5024.14
11907,5954,111,2,9188.58
11908,5954,12,3,9596.51
11909,5955,48,3,12824.52
11910,5955,87,4,45649.01
11911,5956,150,4,7113.49
11912,5956,48,4,12824.52
11913,5957,50,1,27118.65
11914,5957,63,5,29768.75
11915,5958,42,1,21976.79
11916,5958,28,5,54101.33
11917,5959,9,5,19098.4
11918,5959,41,5,30082.04
11919,5960,57,5,21935.06
11920,5960,10,4,38310.2
11921,5961,71,2,3528.52
11922,5961,136,3,682.08
11923,5962,118,2,9811.84
11924,5962,12,2,9596.51
11925,5963,35,1,33010.69
11926,5963,111,3,9188.58
11927,5964,32,3,18206.86
11928,5964,94,4,1858.01
11929,5965,117,2,14181.77
11930,5965,49,4,8217.13
11931,5966,97,1,3939.13
11932,5966,13,4,54402.04
11933,5967,36,4,29242.97
11934,5967,120,5,24465.41
11935,5968,125,4,8947.13
11936,5968,85,5,7335.47
11937,5969,126,2,12459.53
11938,5969,39,3,33931.85
11939,5970,108,1,13549.63
11940,5970,95,4,15378.47
11941,5971,10,3,38310.2
11942,5971,5,2,84081.85
11943,5972,24,1,43820.15
11944,5972,36,3,29242.97
11945,5973,3,3,28995.64
11946,5973,131,2,3599.39
11947,5974,102,5,18592.29
11948,5974,44,3,19789.04
11949,5975,17,4,36162.26
11950,5975,13,2,54402.04
11951,5976,72,3,49059.06
11952,5976,95,2,15378.47
11953,5977,97,4,3939.13
11954,5977,66,4,31441.05
11955,5978,146,2,1905.39
11956,5978,74,3,41552.59
11957,5979,49,2,8217.13
11958,5979,34,2,2255.17
11959,5980,142,2,12489.82
11960,5980,115,2,21162.49
11961,5981,20,2,81513.85
11962,5981,3,2,28995.64
11963,5982,127,2,1177.88
11964,5982,48,2,12824.52
11965,5983,8,3,58505.04
11966,5983,78,5,26923.68
11967,5984,74,1,41552.59
11968,5984,7,1,23330.83
11969,5985,70,3,3243.71
11970,5985,56,3,33257.92
11971,5986,74,3,41552.59
11972,5986,101,2,5781.84
11973,5987,44,4,19789.04
11974,5987,35,5,33010.69
11975,5988,19,4,17787.61
11976,5988,40,4,19403.2
11977,5989,46,3,32887.05
11978,5989,63,2,29768.75
11979,5990,68,4,19598.26
11980,5990,115,2,21162.49
11981,5991,6,3,48408.63
11982,5991,137,3,11390.83
11983,5992,74,2,41552.59
11984,5992,126,4,12459.53
11985,5993,38,5,30726.82
11986,5993,39,3,33931.85
11987,5994,95,5,15378.47
11988,5994,79,5,33873.61
11989,5995,74,5,41552.59
11990,5995,42,4,21976.79
11991,5996,90,5,2864.12
11992,5996,100,3,6854.81
11993,5997,95,5,15378.47
11994,5997,142,4,12489.82
11995,5998,112,5,17873.14
11996,5998,65,1,8035.55
11997,5999,61,1,44878.78
11998,5999,1,5,52539.0
11999,6000,113,1,12566.23
12000,6000,14,4,10437.0
12001,6001,38,2,30726.82
12002,6001,86,5,15173.3
12003,6002,29,4,8346.58
12004,6002,145,2,11360.29
12005,6003,28,5,54101.33
12006,6003,48,3,12824.52
12007,6004,71,4,3528.52
12008,6004,74,5,41552.59
12009,6005,83,4,21901.29
12010,6005,99,3,16689.48
12011,6006,103,4,22522.89
12012,6006,3,2,28995.64
12013,6007,8,4,58505.04
12014,6007,110,2,12983.38
12015,6008,72,3,49059.06
12016,6008,21,2,55484.17
12017,6009,16,5,2931.99
12018,6009,105,1,8125.8
12019,6010,37,4,25059.66
12020,6010,58,3,27146.74
12021,6011,134,3,4785.68
12022,6011,124,5,796.22
12023,6012,80,5,27401.27
12024,6012,77,1,23879.21
12025,6013,143,3,13026.41
12026,6013,77,2,23879.21
12027,6014,112,3,17873.14
12028,6014,71,5,3528.52
12029,6015,82,2,23327.1
12030,6015,113,1,12566.23
12031,6016,95,4,15378.47
12032,6016,90,3,2864.12
12033,6017,76,1,5024.14
12034,6017,85,5,7335.47
12035,6018,119,3,19868.15
12036,6018,70,5,3243.71
12037,6019,32,3,18206.86
12038,6019,4,2,39584.54
12039,6020,37,2,25059.66
12040,6020,85,1,7335.47
12041,6021,140,3,8987.09
12042,6021,144,5,11019.62
12043,6022,113,4,12566.23
12044,6022,132,1,3011.07
12045,6023,20,4,81513.85
12046,6023,81,3,37707.89
12047,6024,2,5,4930.4
12048,6024,29,3,8346.58
12049,6025,16,5,2931.99
12050,6025,113,4,12566.23
12051,6026,145,1,11360.29
12052,6026,96,4,6710.71
12053,6027,72,5,49059.06
12054,6027,8,1,58505.04
12055,6028,78,5,26923.68
12056,6028,110,5,12983.38
12057,6029,12,5,9596.51
12058,6029,4,2,39584.54
12059,6030,97,4,3939.13
12060,6030,132,2,3011.07
12061,6031,42,3,21976.79
12062,6031,147,1,14301.36
12063,6032,61,3,44878.78
12064,6032,34,4,2255.17
12065,6033,69,5,52834.09
12066,6033,116,5,6378.97
12067,6034,76,4,5024.14
12068,6034,83,2,21901.29
12069,6035,43,5,14873.86
12070,6035,17,3,36162.26
12071,6036,87,1,45649.01
12072,6036,81,4,37707.89
12073,6037,48,3,12824.52
12074,6037,60,4,33321.91
12075,6038,36,5,29242.97
12076,6038,81,2,37707.89
12077,6039,9,3,19098.4
12078,6039,53,1,26871.05
12079,6040,25,4,53524.51
12080,6040,15,3,69325.73
12081,6041,36,4,29242.97
12082,6041,59,4,13085.83
12083,6042,95,5,15378.47
12084,6042,123,2,612.96
12085,6043,147,5,14301.36
12086,6043,79,4,33873.61
12087,6044,133,3,8127.63
12088,6044,131,3,3599.39
12089,6045,118,4,9811.84
12090,6045,8,3,58505.04
12091,6046,5,3,84081.85
12092,6046,121,3,6772.08
12093,6047,148,4,10266.15
12094,6047,93,2,11413.05
12095,6048,42,5,21976.79
12096,6048,22,5,18186.29
12097,6049,136,1,682.08
12098,6049,66,1,31441.05
12099,6050,89,3,4655.22
12100,6050,129,3,577.07
12101,6051,106,3,19681.04
12102,6051,45,5,5214.29
12103,6052,21,5,55484.17
12104,6052,150,2,7113.49
12105,6053,93,5,11413.05
12106,6053,14,3,10437.0
12107,6054,140,2,8987.09
12108,6054,13,4,54402.04
12109,6055,99,5,16689.48
12110,6055,36,1,29242.97
12111,6056,82,3,23327.1
12112,6056,35,4,33010.69
12113,6057,7,2,23330.83
12114,6057,72,3,49059.06
12115,6058,33,1,21649.9
12116,6058,24,4,43820.15
12117,6059,59,5,13085.83
12118,6059,73,5,37272.06
12119,6060,99,2,16689.48
12120,6060,116,3,6378.97
12121,6061,64,4,17689.49
12122,6061,144,3,11019.62
12123,6062,139,3,4159.23
12124,6062,9,4,19098.4
12125,6063,6,1,48408.63
12126,6063,62,3,6674.42
12127,6064,36,2,29242.97
12128,6064,59,3,13085.83
12129,6065,82,1,23327.1
12130,6065,71,3,3528.52
12131,6066,7,3,23330.83
12132,6066,128,1,9263.29
12133,6067,14,4,10437.0
12134,6067,34,1,2255.17
12135,6068,131,1,3599.39
12136,6068,40,1,19403.2
12137,6069,30,1,12993.37
12138,6069,14,3,10437.0
12139,6070,23,2,49555.53
12140,6070,93,5,11413.05
12141,6071,130,4,5954.55
12142,6071,12,3,9596.51
12143,6072,101,1,5781.84
12144,6072,35,2,33010.69
12145,6073,81,1,37707.89
12146,6073,43,1,14873.86
12147,6074,32,1,18206.86
12148,6074,139,5,4159.23
12149,6075,84,3,5359.51
12150,6075,42,4,21976.79
12151,6076,22,4,18186.29
12152,6076,36,5,29242.97
12153,6077,35,4,33010.69
12154,6077,11,2,69215.46
12155,6078,97,1,3939.13
12156,6078,34,3,2255.17
12157,6079,145,2,11360.29
12158,6079,113,5,12566.23
12159,6080,126,4,12459.53
12160,6080,2,3,4930.4
12161,6081,12,2,9596.51
12162,6081,116,1,6378.97
12163,6082,137,2,11390.83
12164,6082,4,1,39584.54
12165,6083,3,1,28995.64
12166,6083,132,3,3011.07
12167,6084,150,3,7113.49
12168,6084,38,3,30726.82
12169,6085,67,1,22314.95
12170,6085,3,2,28995.64
12171,6086,94,1,1858.01
12172,6086,142,5,12489.82
12173,6087,55,3,18034.1
12174,6087,81,4,37707.89
12175,6088,99,3,16689.48
12176,6088,145,3,11360.29
12177,6089,114,5,5726.03
12178,6089,117,5,14181.77
12179,6090,40,4,19403.2
12180,6090,149,1,14866.1
12181,6091,22,4,18186.29
12182,6091,21,4,55484.17
12183,6092,67,4,22314.95
12184,6092,98,4,12384.57
12185,6093,56,2,33257.92
12186,6093,112,4,17873.14
12187,6094,58,1,27146.74
12188,6094,132,5,3011.07
12189,6095,35,5,33010.69
12190,6095,113,5,12566.23
12191,6096,118,4,9811.84
12192,6096,140,2,8987.09
12193,6097,75,3,3049.5
12194,6097,134,3,4785.68
12195,6098,130,3,5954.55
12196,6098,23,4,49555.53
12197,6099,111,2,9188.58
12198,6099,110,2,12983.38
12199,6100,88,4,48004.49
12200,6100,83,3,21901.29
12201,6101,131,3,3599.39
12202,6101,85,2,7335.47
12203,6102,77,1,23879.21
12204,6102,89,3,4655.22
12205,6103,29,4,8346.58
12206,6103,138,2,13863.67
12207,6104,52,1,26084.73
12208,6104,68,2,19598.26
12209,6105,30,3,12993.37
12210,6105,120,2,24465.41
12211,6106,61,5,44878.78
12212,6106,9,2,19098.4
12213,6107,41,4,30082.04
12214,6107,13,3,54402.04
12215,6108,86,3,15173.3
12216,6108,72,1,49059.06
12217,6109,44,4,19789.04
12218,6109,76,1,5024.14
12219,6110,45,3,5214.29
12220,6110,58,2,27146.74
12221,6111,2,3,4930.4
12222,6111,136,5,682.08
12223,6112,41,1,30082.04
12224,6112,122,5,6970.32
12225,6113,4,3,39584.54
12226,6113,39,4,33931.85
12227,6114,112,1,17873.14
12228,6114,63,4,29768.75
12229,6115,120,4,24465.41
12230,6115,50,3,27118.65
12231,6116,134,3,4785.68
12232,6116,34,5,2255.17
12233,6117,84,2,5359.51
12234,6117,81,5,37707.89
12235,6118,2,2,4930.4
12236,6118,25,2,53524.51
12237,6119,7,1,23330.83
12238,6119,59,2,13085.83
12239,6120,124,5,796.22
12240,6120,102,5,18592.29
12241,6121,87,3,45649.01
12242,6121,146,4,1905.39
12243,6122,83,2,21901.29
12244,6122,20,1,81513.85
12245,6123,122,4,6970.32
12246,6123,142,1,12489.82
12247,6124,3,2,28995.64
12248,6124,129,1,577.07
12249,6125,15,3,69325.73
12250,6125,145,2,11360.29
12251,6126,6,2,48408.63
12252,6126,14,4,10437.0
12253,6127,80,1,27401.27
12254,6127,97,4,3939.13
12255,6128,6,2,48408.63
12256,6128,22,3,18186.29
12257,6129,145,2,11360.29
12258,6129,15,4,69325.73
12259,6130,132,2,3011.07
12260,6130,71,1,3528.52
12261,6131,26,1,72907.28
12262,6131,119,4,19868.15
12263,6132,35,3,33010.69
12264,6132,4,2,39584.54
12265,6133,32,1,18206.86
12266,6133,150,5,7113.49
12267,6134,87,5,45649.01
12268,6134,56,1,33257.92
12269,6135,111,1,9188.58
12270,6135,131,3,3599.39
12271,6136,51,5,8341.82
12272,6136,38,5,30726.82
12273,6137,24,2,43820.15
12274,6137,96,2,6710.71
12275,6138,70,1,3243.71
12276,6138,31,5,11490.6
12277,6139,124,2,796.22
12278,6139,120,3,24465.41
12279,6140,45,5,5214.29
12280,6140,50,2,27118.65
12281,6141,22,4,18186.29
12282,6141,89,4,4655.22
12283,6142,18,2,73820.52
12284,6142,111,2,9188.58
12285,6143,30,1,12993.37
12286,6143,93,5,11413.05
12287,6144,98,5,12384.57
12288,6144,90,3,2864.12
12289,6145,78,5,26923.68
12290,6145,20,4,81513.85
12291,6146,141,1,701.97
12292,6146,140,5,8987.09
12293,6147,88,3,48004.49
12294,6147,127,4,1177.88
12295,6148,61,3,44878.78
12296,6148,32,4,18206.86
12297,6149,48,3,12824.52
12298,6149,58,1,27146.74
12299,6150,110,3,12983.38
12300,6150,8,2,58505.04
12301,6151,54,4,30922.05
12302,6151,60,5,33321.91
12303,6152,56,1,33257.92
12304,6152,69,3,52834.09
12305,6153,119,3,19868.15
12306,6153,25,2,53524.51
12307,6154,143,4,13026.41
12308,6154,6,2,48408.63
12309,6155,122,4,6970.32
12310,6155,145,1,11360.29
12311,6156,86,3,15173.3
12312,6156,40,3,19403.2
12313,6157,57,1,21935.06
12314,6157,122,1,6970.32
12315,6158,34,4,2255.17
12316,6158,119,4,19868.15
12317,6159,45,1,5214.29
12318,6159,118,5,9811.84
12319,6160,144,4,11019.62
12320,6160,40,5,19403.2
12321,6161,117,5,14181.77
12322,6161,40,4,19403.2
12323,6162,88,1,48004.49
12324,6162,13,2,54402.04
12325,6163,21,2,55484.17
12326,6163,54,3,30922.05
12327,6164,73,5,37272.06
12328,6164,60,4,33321.91
12329,6165,108,2,13549.63
12330,6165,82,2,23327.1
12331,6166,97,4,3939.13
12332,6166,29,5,8346.58
12333,6167,54,2,30922.05
12334,6167,56,5,33257.92
12335,6168,85,2,7335.47
12336,6168,2,2,4930.4
12337,6169,19,3,17787.61
12338,6169,87,5,45649.01
12339,6170,90,2,2864.12
12340,6170,40,2,19403.2
12341,6171,60,1,33321.91
12342,6171,87,5,45649.01
12343,6172,21,1,55484.17
12344,6172,92,1,2654.0
12345,6173,140,3,8987.09
12346,6173,11,4,69215.46
12347,6174,146,4,1905.39
12348,6174,33,2,21649.9
12349,6175,131,1,3599.39
12350,6175,13,5,54402.04
12351,6176,149,1,14866.1
12352,6176,143,5,13026.41
12353,6177,114,1,5726.03
12354,6177,133,5,8127.63
12355,6178,144,3,11019.62
12356,6178,13,1,54402.04
12357,6179,13,2,54402.04
12358,6179,136,5,682.08
12359,6180,26,1,72907.28
12360,6180,57,2,21935.06
12361,6181,9,2,19098.4
12362,6181,103,1,22522.89
12363,6182,145,4,11360.29
12364,6182,8,2,58505.04
12365,6183,59,4,13085.83
12366,6183,71,5,3528.52
12367,6184,103,1,22522.89
12368,6184,44,4,19789.04
12369,6185,149,1,14866.1
12370,6185,116,2,6378.97
12371,6186,129,1,577.07
12372,6186,121,5,6772.08
12373,6187,64,3,17689.49
12374,6187,75,4,3049.5
12375,6188,97,5,3939.13
12376,6188,1,5,52539.0
12377,6189,29,1,8346.58
12378,6189,41,2,30082.04
12379,6190,21,5,55484.17
12380,6190,62,4,6674.42
12381,6191,149,5,14866.1
12382,6191,16,3,2931.99
12383,6192,69,4,52834.09
12384,6192,1,1,52539.0
12385,6193,127,5,1177.88
12386,6193,21,5,55484.17
12387,6194,65,5,8035.55
12388,6194,44,2,19789.04
12389,6195,85,5,7335.47
12390,6195,41,1,30082.04
12391,6196,46,4,32887.05
12392,6196,54,1,30922.05
12393,6197,80,5,27401.27
12394,6197,146,4,1905.39
12395,6198,136,1,682.08
12396,6198,85,3,7335.47
12397,6199,12,1,9596.51
12398,6199,77,3,23879.21
12399,6200,57,1,21935.06
12400,6200,26,1,72907.28
12401,6201,18,4,73820.52
12402,6201,125,1,8947.13
12403,6202,89,1,4655.22
12404,6202,36,1,29242.97
12405,6203,15,4,69325.73
12406,6203,81,2,37707.89
12407,6204,83,2,21901.29
12408,6204,91,3,6848.12
12409,6205,43,2,14873.86
12410,6205,110,3,12983.38
12411,6206,54,4,30922.05
12412,6206,90,3,2864.12
12413,6207,137,3,11390.83
12414,6207,25,2,53524.51
12415,6208,141,2,701.97
12416,6208,99,3,16689.48
12417,6209,47,3,23383.27
12418,6209,146,1,1905.39
12419,6210,69,5,52834.09
12420,6210,86,5,15173.3
12421,6211,103,1,22522.89
12422,6211,130,5,5954.55
12423,6212,76,4,5024.14
12424,6212,83,5,21901.29
12425,6213,87,3,45649.01
12426,6213,113,2,12566.23
12427,6214,142,5,12489.82
12428,6214,62,1,6674.42
12429,6215,22,4,18186.29
12430,6215,31,2,11490.6
12431,6216,121,5,6772.08
12432,6216,37,3,25059.66
12433,6217,47,4,23383.27
12434,6217,34,5,2255.17
12435,6218,21,1,55484.17
12436,6218,83,1,21901.29
12437,6219,115,1,21162.49
12438,6219,108,5,13549.63
12439,6220,146,2,1905.39
12440,6220,53,2,26871.05
12441,6221,31,4,11490.6
12442,6221,29,1,8346.58
12443,6222,72,4,49059.06
12444,6222,119,3,19868.15
12445,6223,54,1,30922.05
12446,6223,24,3,43820.15
12447,6224,125,1,8947.13
12448,6224,85,3,7335.47
12449,6225,115,1,21162.49
12450,6225,27,3,8040.26
12451,6226,63,1,29768.75
12452,6226,38,4,30726.82
12453,6227,101,4,5781.84
12454,6227,147,1,14301.36
12455,6228,131,2,3599.39
12456,6228,71,3,3528.52
12457,6229,3,3,28995.64
12458,6229,37,5,25059.66
12459,6230,58,2,27146.74
12460,6230,65,2,8035.55
12461,6231,7,1,23330.83
12462,6231,85,3,7335.47
12463,6232,21,1,55484.17
12464,6232,131,3,3599.39
12465,6233,33,5,21649.9
12466,6233,120,5,24465.41
12467,6234,105,4,8125.8
12468,6234,101,3,5781.84
12469,6235,36,4,29242.97
12470,6235,64,2,17689.49
12471,6236,54,1,30922.05
12472,6236,52,2,26084.73
12473,6237,92,4,2654.0
12474,6237,47,1,23383.27
12475,6238,45,4,5214.29
12476,6238,71,1,3528.52
12477,6239,80,1,27401.27
12478,6239,86,3,15173.3
12479,6240,26,4,72907.28
12480,6240,33,5,21649.9
12481,6241,120,4,24465.41
12482,6241,39,5,33931.85
12483,6242,18,4,73820.52
12484,6242,32,4,18206.86
12485,6243,57,3,21935.06
12486,6243,148,4,10266.15
12487,6244,23,4,49555.53
12488,6244,80,4,27401.27
12489,6245,65,5,8035.55
12490,6245,116,5,6378.97
12491,6246,48,1,12824.52
12492,6246,121,5,6772.08
12493,6247,85,2,7335.47
12494,6247,16,4,2931.99
12495,6248,87,4,45649.01
12496,6248,5,3,84081.85
12497,6249,99,3,16689.48
12498,6249,137,2,11390.83
12499,6250,119,1,19868.15
12500,6250,82,2,23327.1
12501,6251,16,2,2931.99
12502,6251,125,4,8947.13
12503,6252,49,1,8217.13
12504,6252,125,3,8947.13
12505,6253,130,1,5954.55
12506,6253,105,4,8125.8
12507,6254,65,2,8035.55
12508,6254,27,2,8040.26
12509,6255,32,5,18206.86
12510,6255,47,4,23383.27
12511,6256,39,3,33931.85
12512,6256,145,4,11360.29
12513,6257,117,2,14181.77
12514,6257,76,4,5024.14
12515,6258,82,2,23327.1
12516,6258,27,4,8040.26
12517,6259,144,3,11019.62
12518,6259,21,4,55484.17
12519,6260,65,4,8035.55
12520,6260,87,4,45649.01
12521,6261,6,5,48408.63
12522,6261,28,3,54101.33
12523,6262,120,3,24465.41
12524,6262,71,1,3528.52
12525,6263,96,4,6710.71
12526,6263,110,1,12983.38
12527,6264,67,2,22314.95
12528,6264,144,2,11019.62
12529,6265,60,3,33321.91
12530,6265,36,5,29242.97
12531,6266,44,1,19789.04
12532,6266,113,5,12566.23
12533,6267,129,4,577.07
12534,6267,33,2,21649.9
12535,6268,64,3,17689.49
12536,6268,59,3,13085.83
12537,6269,46,2,32887.05
12538,6269,31,2,11490.6
12539,6270,40,5,19403.2
12540,6270,108,5,13549.63
12541,6271,127,5,1177.88
12542,6271,128,2,9263.29
12543,6272,43,3,14873.86
12544,6272,146,5,1905.39
12545,6273,100,1,6854.81
12546,6273,148,2,10266.15
12547,6274,73,4,37272.06
12548,6274,92,5,2654.0
12549,6275,96,5,6710.71
12550,6275,130,5,5954.55
12551,6276,63,3,29768.75
12552,6276,67,2,22314.95
12553,6277,39,5,33931.85
12554,6277,12,1,9596.51
12555,6278,66,1,31441.05
12556,6278,73,3,37272.06
12557,6279,19,4,17787.61
12558,6279,117,5,14181.77
12559,6280,6,1,48408.63
12560,6280,126,1,12459.53
12561,6281,89,3,4655.22
12562,6281,129,5,577.07
12563,6282,68,5,19598.26
12564,6282,82,1,23327.1
12565,6283,96,2,6710.71
12566,6283,99,2,16689.48
12567,6284,62,4,6674.42
12568,6284,4,4,39584.54
12569,6285,107,5,21829.1
12570,6285,42,4,21976.79
12571,6286,59,4,13085.83
12572,6286,73,1,37272.06
12573,6287,98,5,12384.57
12574,6287,84,5,5359.51
12575,6288,112,3,17873.14
12576,6288,106,3,19681.04
12577,6289,36,1,29242.97
12578,6289,85,4,7335.47
12579,6290,38,3,30726.82
12580,6290,138,5,13863.67
12581,6291,85,4,7335.47
12582,6291,101,3,5781.84
12583,6292,72,4,49059.06
12584,6292,73,2,37272.06
12585,6293,131,5,3599.39
12586,6293,150,4,7113.49
12587,6294,56,1,33257.92
12588,6294,113,1,12566.23
12589,6295,1,3,52539.0
12590,6295,102,4,18592.29
12591,6296,107,1,21829.1
12592,6296,93,2,11413.05
12593,6297,35,4,33010.69
12594,6297,27,2,8040.26
12595,6298,77,4,23879.21
12596,6298,29,2,8346.58
12597,6299,6,3,48408.63
12598,6299,42,1,21976.79
12599,6300,102,3,18592.29
12600,6300,7,5,23330.83
12601,6301,17,5,36162.26
12602,6301,21,4,55484.17
12603,6302,4,4,39584.54
12604,6302,111,5,9188.58
12605,6303,59,3,13085.83
12606,6303,76,5,5024.14
12607,6304,28,1,54101.33
12608,6304,42,1,21976.79
12609,6305,32,3,18206.86
12610,6305,8,5,58505.04
12611,6306,23,3,49555.53
12612,6306,81,5,37707.89
12613,6307,27,4,8040.26
12614,6307,126,2,12459.53
12615,6308,134,2,4785.68
12616,6308,60,5,33321.91
12617,6309,150,4,7113.49
12618,6309,1,3,52539.0
12619,6310,133,2,8127.63
12620,6310,82,4,23327.1
12621,6311,61,2,44878.78
12622,6311,122,4,6970.32
12623,6312,13,2,54402.04
12624,6312,104,1,6130.95
12625,6313,150,2,7113.49
12626,6313,39,5,33931.85
12627,6314,130,4,5954.55
12628,6314,88,2,48004.49
12629,6315,82,4,23327.1
12630,6315,110,5,12983.38
12631,6316,121,3,6772.08
12632,6316,47,4,23383.27
12633,6317,69,2,52834.09
12634,6317,113,5,12566.23
12635,6318,128,5,9263.29
12636,6318,126,3,12459.53
12637,6319,36,3,29242.97
12638,6319,78,2,26923.68
12639,6320,26,4,72907.28
12640,6320,24,5,43820.15
12641,6321,31,4,11490.6
12642,6321,135,3,11516.05
12643,6322,86,5,15173.3
12644,6322,143,2,13026.41
12645,6323,97,2,3939.13
12646,6323,80,5,27401.27
12647,6324,76,3,5024.14
12648,6324,11,3,69215.46
12649,6325,55,4,18034.1
12650,6325,94,3,1858.01
12651,6326,145,5,11360.29
12652,6326,15,3,69325.73
12653,6327,87,1,45649.01
12654,6327,17,3,36162.26
12655,6328,29,1,8346.58
12656,6328,21,1,55484.17
12657,6329,142,5,12489.82
12658,6329,137,4,11390.83
12659,6330,43,4,14873.86
12660,6330,147,1,14301.36
12661,6331,90,5,2864.12
12662,6331,79,4,33873.61
12663,6332,25,2,53524.51
12664,6332,127,2,1177.88
12665,6333,33,4,21649.9
12666,6333,98,4,12384.57
12667,6334,96,5,6710.71
12668,6334,131,1,3599.39
12669,6335,136,2,682.08
12670,6335,121,1,6772.08
12671,6336,49,5,8217.13
12672,6336,69,4,52834.09
12673,6337,57,1,21935.06
12674,6337,48,3,12824.52
12675,6338,72,5,49059.06
12676,6338,127,1,1177.88
12677,6339,127,3,1177.88
12678,6339,25,3,53524.51
12679,6340,145,4,11360.29
12680,6340,108,4,13549.63
12681,6341,80,1,27401.27
12682,6341,15,2,69325.73
12683,6342,137,4,11390.83
12684,6342,125,3,8947.13
12685,6343,25,4,53524.51
12686,6343,8,4,58505.04
12687,6344,62,1,6674.42
12688,6344,150,5,7113.49
12689,6345,93,1,11413.05
12690,6345,70,4,3243.71
12691,6346,137,5,11390.83
12692,6346,36,3,29242.97
12693,6347,93,4,11413.05
12694,6347,108,1,13549.63
12695,6348,48,5,12824.52
12696,6348,43,3,14873.86
12697,6349,13,5,54402.04
12698,6349,39,5,33931.85
12699,6350,116,2,6378.97
12700,6350,114,3,5726.03
12701,6351,10,4,38310.2
12702,6351,80,4,27401.27
12703,6352,12,5,9596.51
12704,6352,135,4,11516.05
12705,6353,9,3,19098.4
12706,6353,75,5,3049.5
12707,6354,21,4,55484.17
12708,6354,6,4,48408.63
12709,6355,49,1,8217.13
12710,6355,39,4,33931.85
12711,6356,93,5,11413.05
12712,6356,128,5,9263.29
12713,6357,66,2,31441.05
12714,6357,37,1,25059.66
12715,6358,92,1,2654.0
12716,6358,8,1,58505.04
12717,6359,69,2,52834.09
12718,6359,100,3,6854.81
12719,6360,110,1,12983.38
12720,6360,126,3,12459.53
12721,6361,72,3,49059.06
12722,6361,68,2,19598.26
12723,6362,45,2,5214.29
12724,6362,55,4,18034.1
12725,6363,3,4,28995.64
12726,6363,65,2,8035.55
12727,6364,77,4,23879.21
12728,6364,35,5,33010.69
12729,6365,110,5,12983.38
12730,6365,57,2,21935.06
12731,6366,27,3,8040.26
12732,6366,34,5,2255.17
12733,6367,149,3,14866.1
12734,6367,147,4,14301.36
12735,6368,21,4,55484.17
12736,6368,10,5,38310.2
12737,6369,135,3,11516.05
12738,6369,69,5,52834.09
12739,6370,29,5,8346.58
12740,6370,131,2,3599.39
12741,6371,111,3,9188.58
12742,6371,4,5,39584.54
12743,6372,65,1,8035.55
12744,6372,47,3,23383.27
12745,6373,79,4,33873.61
12746,6373,36,3,29242.97
12747,6374,109,2,8516.39
12748,6374,55,1,18034.1
12749,6375,51,3,8341.82
12750,6375,87,5,45649.01
12751,6376,74,1,41552.59
12752,6376,71,2,3528.52
12753,6377,11,5,69215.46
12754,6377,147,3,14301.36
12755,6378,64,4,17689.49
12756,6378,106,4,19681.04
12757,6379,76,4,5024.14
12758,6379,10,3,38310.2
12759,6380,80,4,27401.27
12760,6380,25,5,53524.51
12761,6381,147,4,14301.36
12762,6381,31,2,11490.6
12763,6382,12,4,9596.51
12764,6382,93,4,11413.05
12765,6383,14,4,10437.0
12766,6383,32,2,18206.86
12767,6384,5,5,84081.85
12768,6384,8,2,58505.04
12769,6385,131,4,3599.39
12770,6385,136,3,682.08
12771,6386,41,4,30082.04
12772,6386,35,3,33010.69
12773,6387,80,1,27401.27
12774,6387,107,5,21829.1
12775,6388,87,2,45649.01
12776,6388,95,1,15378.47
12777,6389,128,1,9263.29
12778,6389,120,1,24465.41
12779,6390,31,5,11490.6
12780,6390,131,2,3599.39
12781,6391,37,1,25059.66
12782,6391,64,1,17689.49
12783,6392,114,2,5726.03
12784,6392,60,4,33321.91
12785,6393,18,2,73820.52
12786,6393,33,5,21649.9
12787,6394,10,1,38310.2
12788,6394,12,1,9596.51
12789,6395,86,5,15173.3
12790,6395,77,1,23879.21
12791,6396,134,4,4785.68
12792,6396,65,5,8035.55
12793,6397,91,1,6848.12
12794,6397,56,2,33257.92
12795,6398,66,4,31441.05
12796,6398,114,1,5726.03
12797,6399,95,4,15378.47
12798,6399,115,2,21162.49
12799,6400,101,3,5781.84
12800,6400,29,3,8346.58
12801,6401,16,2,2931.99
12802,6401,47,4,23383.27
12803,6402,90,4,2864.12
12804,6402,45,1,5214.29
12805,6403,70,5,3243.71
12806,6403,73,4,37272.06
12807,6404,21,5,55484.17
12808,6404,15,2,69325.73
12809,6405,135,5,11516.05
12810,6405,39,2,33931.85
12811,6406,145,5,11360.29
12812,6406,139,3,4159.23
12813,6407,50,4,27118.65
12814,6407,121,2,6772.08
12815,6408,27,1,8040.26
12816,6408,131,2,3599.39
12817,6409,18,5,73820.52
12818,6409,88,1,48004.49
12819,6410,124,3,796.22
12820,6410,62,1,6674.42
12821,6411,123,2,612.96
12822,6411,5,3,84081.85
12823,6412,129,4,577.07
12824,6412,138,1,13863.67
12825,6413,141,2,701.97
12826,6413,14,3,10437.0
12827,6414,19,2,17787.61
12828,6414,36,3,29242.97
12829,6415,11,4,69215.46
12830,6415,143,2,13026.41
12831,6416,46,1,32887.05
12832,6416,66,3,31441.05
12833,6417,94,4,1858.01
12834,6417,143,4,13026.41
12835,6418,56,1,33257.92
12836,6418,80,4,27401.27
12837,6419,143,4,13026.41
12838,6419,2,3,4930.4
12839,6420,21,1,55484.17
12840,6420,94,1,1858.01
12841,6421,108,4,13549.63
12842,6421,150,3,7113.49
12843,6422,81,2,37707.89
12844,6422,35,1,33010.69
12845,6423,138,1,13863.67
12846,6423,28,2,54101.33
12847,6424,74,4,41552.59
12848,6424,65,5,8035.55
12849,6425,143,1,13026.41
12850,6425,116,5,6378.97
12851,6426,138,5,13863.67
12852,6426,13,4,54402.04
12853,6427,14,4,10437.0
12854,6427,127,2,1177.88
12855,6428,6,5,48408.63
12856,6428,144,2,11019.62
12857,6429,43,2,14873.86
12858,6429,47,5,23383.27
12859,6430,38,1,30726.82
12860,6430,2,2,4930.4
12861,6431,31,3,11490.6
12862,6431,39,2,33931.85
12863,6432,69,5,52834.09
12864,6432,79,1,33873.61
12865,6433,118,1,9811.84
12866,6433,145,2,11360.29
12867,6434,33,2,21649.9
12868,6434,85,4,7335.47
12869,6435,24,4,43820.15
12870,6435,116,5,6378.97
12871,6436,24,5,43820.15
12872,6436,91,1,6848.12
12873,6437,103,3,22522.89
12874,6437,28,5,54101.33
12875,6438,117,4,14181.77
12876,6438,58,2,27146.74
12877,6439,7,2,23330.83
12878,6439,102,1,18592.29
12879,6440,123,1,612.96
12880,6440,75,5,3049.5
12881,6441,134,4,4785.68
12882,6441,10,2,38310.2
12883,6442,116,5,6378.97
12884,6442,68,3,19598.26
12885,6443,96,4,6710.71
12886,6443,105,4,8125.8
12887,6444,112,2,17873.14
12888,6444,31,3,11490.6
12889,6445,31,2,11490.6
12890,6445,26,5,72907.28
12891,6446,45,5,5214.29
12892,6446,54,2,30922.05
12893,6447,46,2,32887.05
12894,6447,150,3,7113.49
12895,6448,127,5,1177.88
12896,6448,10,1,38310.2
12897,6449,13,3,54402.04
12898,6449,8,4,58505.04
12899,6450,113,1,12566.23
12900,6450,93,4,11413.05
12901,6451,104,2,6130.95
12902,6451,99,5,16689.48
12903,6452,84,4,5359.51
12904,6452,133,5,8127.63
12905,6453,16,1,2931.99
12906,6453,10,5,38310.2
12907,6454,126,2,12459.53
12908,6454,68,5,19598.26
12909,6455,48,5,12824.52
12910,6455,13,3,54402.04
12911,6456,93,1,11413.05
12912,6456,93,4,11413.05
12913,6457,55,2,18034.1
12914,6457,105,4,8125.8
12915,6458,51,1,8341.82
12916,6458,92,4,2654.0
12917,6459,39,3,33931.85
12918,6459,114,2,5726.03
12919,6460,34,2,2255.17
12920,6460,123,1,612.96
12921,6461,149,1,14866.1
12922,6461,69,3,52834.09
12923,6462,41,5,30082.04
12924,6462,133,3,8127.63
12925,6463,87,5,45649.01
12926,6463,55,1,18034.1
12927,6464,110,1,12983.38
12928,6464,74,5,41552.59
12929,6465,100,1,6854.81
12930,6465,28,2,54101.33
12931,6466,53,1,26871.05
12932,6466,127,4,1177.88
12933,6467,44,4,19789.04
12934,6467,36,5,29242.97
12935,6468,38,5,30726.82
12936,6468,117,3,14181.77
12937,6469,14,3,10437.0
12938,6469,92,2,2654.0
12939,6470,38,5,30726.82
12940,6470,36,3,29242.97
12941,6471,139,3,4159.23
12942,6471,132,1,3011.07
12943,6472,36,3,29242.97
12944,6472,118,4,9811.84
12945,6473,150,5,7113.49
12946,6473,96,5,6710.71
12947,6474,150,2,7113.49
12948,6474,123,2,612.96
12949,6475,89,1,4655.22
12950,6475,8,5,58505.04
12951,6476,108,4,13549.63
12952,6476,77,1,23879.21
12953,6477,119,2,19868.15
12954,6477,140,5,8987.09
12955,6478,83,3,21901.29
12956,6478,24,5,43820.15
12957,6479,145,3,11360.29
12958,6479,84,2,5359.51
12959,6480,72,3,49059.06
12960,6480,52,3,26084.73
12961,6481,89,2,4655.22
12962,6481,54,5,30922.05
12963,6482,94,2,1858.01
12964,6482,29,3,8346.58
12965,6483,106,1,19681.04
12966,6483,20,1,81513.85
12967,6484,15,3,69325.73
12968,6484,89,5,4655.22
12969,6485,119,5,19868.15
12970,6485,72,2,49059.06
12971,6486,44,2,19789.04
12972,6486,71,1,3528.52
12973,6487,63,2,29768.75
12974,6487,79,2,33873.61
12975,6488,106,2,19681.04
12976,6488,131,5,3599.39
12977,6489,138,5,13863.67
12978,6489,55,4,18034.1
12979,6490,82,1,23327.1
12980,6490,90,4,2864.12
12981,6491,83,3,21901.29
12982,6491,92,4,2654.0
12983,6492,2,2,4930.4
12984,6492,90,4,2864.12
12985,6493,98,1,12384.57
12986,6493,127,2,1177.88
12987,6494,148,5,10266.15
12988,6494,97,3,3939.13
12989,6495,17,4,36162.26
12990,6495,102,3,18592.29
12991,6496,120,1,24465.41
12992,6496,124,4,796.22
12993,6497,68,5,19598.26
12994,6497,25,2,53524.51
12995,6498,1,1,52539.0
12996,6498,49,2,8217.13
12997,6499,95,5,15378.47
12998,6499,98,4,12384.57
12999,6500,50,4,27118.65
13000,6500,8,2,58505.04
13001,6501,21,4,55484.17
13002,6501,145,5,11360.29
13003,6502,122,1,6970.32
13004,6502,145,1,11360.29
13005,6503,39,4,33931.85
13006,6503,107,4,21829.1
13007,6504,29,4,8346.58
13008,6504,56,5,33257.92
13009,6505,35,2,33010.69
13010,6505,53,4,26871.05
13011,6506,126,1,12459.53
13012,6506,55,1,18034.1
13013,6507,41,4,30082.04
13014,6507,19,3,17787.61
13015,6508,23,2,49555.53
13016,6508,56,2,33257.92
13017,6509,111,5,9188.58
13018,6509,11,1,69215.46
13019,6510,140,4,8987.09
13020,6510,49,4,8217.13
13021,6511,63,4,29768.75
13022,6511,97,2,3939.13
13023,6512,124,3,796.22
13024,6512,42,1,21976.79
13025,6513,139,4,4159.23
13026,6513,13,1,54402.04
13027,6514,46,1,32887.05
13028,6514,29,2,8346.58
13029,6515,77,1,23879.21
13030,6515,104,3,6130.95
13031,6516,70,4,3243.71
13032,6516,105,5,8125.8
13033,6517,138,2,13863.67
13034,6517,66,5,31441.05
13035,6518,62,2,6674.42
13036,6518,51,1,8341.82
13037,6519,115,3,21162.49
13038,6519,139,3,4159.23
13039,6520,130,4,5954.55
13040,6520,68,1,19598.26
13041,6521,96,2,6710.71
13042,6521,4,2,39584.54
13043,6522,25,3,53524.51
13044,6522,119,3,19868.15
13045,6523,80,5,27401.27
13046,6523,134,1,4785.68
13047,6524,98,1,12384.57
13048,6524,121,3,6772.08
13049,6525,126,2,12459.53
13050,6525,132,2,3011.07
13051,6526,102,4,18592.29
13052,6526,73,4,37272.06
13053,6527,29,5,8346.58
13054,6527,54,3,30922.05
13055,6528,72,5,49059.06
13056,6528,136,3,682.08
13057,6529,98,3,12384.57
13058,6529,119,2,19868.15
13059,6530,91,3,6848.12
13060,6530,64,4,17689.49
13061,6531,81,3,37707.89
13062,6531,81,4,37707.89
13063,6532,2,3,4930.4
13064,6532,46,2,32887.05
13065,6533,52,5,26084.73
13066,6533,149,2,14866.1
13067,6534,82,1,23327.1
13068,6534,108,5,13549.63
13069,6535,32,2,18206.86
13070,6535,7,4,23330.83
13071,6536,139,2,4159.23
13072,6536,27,2,8040.26
13073,6537,36,5,29242.97
13074,6537,88,1,48004.49
13075,6538,62,3,6674.42
13076,6538,22,2,18186.29
13077,6539,85,5,7335.47
13078,6539,10,4,38310.2
13079,6540,12,4,9596.51
13080,6540,120,1,24465.41
13081,6541,92,1,2654.0
13082,6541,82,2,23327.1
13083,6542,94,5,1858.01
13084,6542,99,2,16689.48
13085,6543,29,4,8346.58
13086,6543,10,1,38310.2
13087,6544,130,4,5954.55
13088,6544,130,1,5954.55
13089,6545,50,2,27118.65
13090,6545,150,1,7113.49
13091,6546,25,1,53524.51
13092,6546,29,5,8346.58
13093,6547,46,4,32887.05
13094,6547,140,3,8987.09
13095,6548,16,3,2931.99
13096,6548,129,2,577.07
13097,6549,126,2,12459.53
13098,6549,72,3,49059.06
13099,6550,134,4,4785.68
13100,6550,91,5,6848.12
13101,6551,141,5,701.97
13102,6551,137,5,11390.83
13103,6552,46,1,32887.05
13104,6552,141,3,701.97
13105,6553,135,2,11516.05
13106,6553,69,3,52834.09
13107,6554,86,1,15173.3
13108,6554,49,1,8217.13
13109,6555,111,2,9188.58
13110,6555,12,4,9596.51
13111,6556,61,2,44878.78
13112,6556,89,5,4655.22
13113,6557,139,3,4159.23
13114,6557,117,3,14181.77
13115,6558,19,2,17787.61
13116,6558,46,3,32887.05
13117,6559,52,4,26084.73
13118,6559,108,5,13549.63
13119,6560,133,3,8127.63
13120,6560,134,2,4785.68
13121,6561,141,2,701.97
13122,6561,67,1,22314.95
13123,6562,16,3,2931.99
13124,6562,34,1,2255.17
13125,6563,115,1,21162.49
13126,6563,11,1,69215.46
13127,6564,89,4,4655.22
13128,6564,57,2,21935.06
13129,6565,149,1,14866.1
13130,6565,134,1,4785.68
13131,6566,122,3,6970.32
13132,6566,128,4,9263.29
13133,6567,72,3,49059.06
13134,6567,53,2,26871.05
13135,6568,38,5,30726.82
13136,6568,51,2,8341.82
13137,6569,9,4,19098.4
13138,6569,80,2,27401.27
13139,6570,49,2,8217.13
13140,6570,141,5,701.97
13141,6571,63,1,29768.75
13142,6571,11,3,69215.46
13143,6572,147,5,14301.36
13144,6572,139,1,4159.23
13145,6573,108,5,13549.63
13146,6573,77,3,23879.21
13147,6574,10,4,38310.2
13148,6574,52,4,26084.73
13149,6575,36,1,29242.97
13150,6575,55,4,18034.1
13151,6576,111,1,9188.58
13152,6576,96,5,6710.71
13153,6577,45,5,5214.29
13154,6577,42,2,21976.79
13155,6578,70,5,3243.71
13156,6578,111,2,9188.58
13157,6579,134,2,4785.68
13158,6579,94,4,1858.01
13159,6580,113,1,12566.23
13160,6580,107,5,21829.1
13161,6581,21,4,55484.17
13162,6581,82,3,23327.1
13163,6582,75,1,3049.5
13164,6582,63,2,29768.75
13165,6583,9,5,19098.4
13166,6583,28,3,54101.33
13167,6584,18,1,73820.52
13168,6584,59,1,13085.83
13169,6585,10,1,38310.2
13170,6585,11,3,69215.46
13171,6586,142,5,12489.82
13172,6586,29,1,8346.58
13173,6587,65,3,8035.55
13174,6587,57,3,21935.06
13175,6588,36,3,29242.97
13176,6588,148,3,10266.15
13177,6589,18,3,73820.52
13178,6589,100,1,6854.81
13179,6590,50,3,27118.65
13180,6590,79,4,33873.61
13181,6591,97,2,3939.13
13182,6591,145,1,11360.29
13183,6592,113,2,12566.23
13184,6592,131,4,3599.39
13185,6593,87,4,45649.01
13186,6593,81,4,37707.89
13187,6594,31,5,11490.6
13188,6594,19,1,17787.61
13189,6595,45,5,5214.29
13190,6595,76,5,5024.14
13191,6596,2,3,4930.4
13192,6596,11,1,69215.46
13193,6597,37,4,25059.66
13194,6597,36,3,29242.97
13195,6598,29,5,8346.58
13196,6598,127,3,1177.88
13197,6599,8,2,58505.04
13198,6599,131,5,3599.39
13199,6600,118,2,9811.84
13200,6600,63,5,29768.75
13201,6601,17,4,36162.26
13202,6601,68,3,19598.26
13203,6602,78,5,26923.68
13204,6602,138,3,13863.67
13205,6603,106,2,19681.04
13206,6603,120,3,24465.41
13207,6604,113,4,12566.23
13208,6604,116,4,6378.97
13209,6605,142,2,12489.82
13210,6605,44,1,19789.04
13211,6606,135,4,11516.05
13212,6606,116,2,6378.97
13213,6607,53,4,26871.05
13214,6607,38,4,30726.82
13215,6608,81,4,37707.89
13216,6608,135,2,11516.05
13217,6609,116,2,6378.97
13218,6609,14,1,10437.0
13219,6610,74,3,41552.59
13220,6610,17,4,36162.26
13221,6611,95,3,15378.47
13222,6611,17,3,36162.26
13223,6612,18,4,73820.52
13224,6612,139,2,4159.23
13225,6613,113,2,12566.23
13226,6613,57,3,21935.06
13227,6614,14,2,10437.0
13228,6614,30,3,12993.37
13229,6615,42,1,21976.79
13230,6615,125,2,8947.13
13231,6616,23,5,49555.53
13232,6616,134,5,4785.68
13233,6617,134,2,4785.68
13234,6617,57,4,21935.06
13235,6618,36,2,29242.97
13236,6618,66,2,31441.05
13237,6619,131,2,3599.39
13238,6619,51,3,8341.82
13239,6620,66,2,31441.05
13240,6620,15,4,69325.73
13241,6621,31,2,11490.6
13242,6621,38,2,30726.82
13243,6622,8,2,58505.04
13244,6622,87,2,45649.01
13245,6623,4,1,39584.54
13246,6623,121,2,6772.08
13247,6624,58,2,27146.74
13248,6624,73,5,37272.06
13249,6625,71,3,3528.52
13250,6625,66,3,31441.05
13251,6626,16,3,2931.99
13252,6626,26,2,72907.28
13253,6627,115,3,21162.49
13254,6627,140,5,8987.09
13255,6628,115,1,21162.49
13256,6628,92,3,2654.0
13257,6629,66,5,31441.05
13258,6629,4,1,39584.54
13259,6630,92,4,2654.0
13260,6630,47,3,23383.27
13261,6631,40,5,19403.2
13262,6631,65,3,8035.55
13263,6632,59,1,13085.83
13264,6632,147,5,14301.36
13265,6633,133,2,8127.63
13266,6633,51,2,8341.82
13267,6634,36,1,29242.97
13268,6634,90,2,2864.12
13269,6635,43,5,14873.86
13270,6635,47,2,23383.27
13271,6636,63,2,29768.75
13272,6636,13,1,54402.04
13273,6637,130,4,5954.55
13274,6637,28,4,54101.33
13275,6638,44,4,19789.04
13276,6638,74,3,41552.59
13277,6639,99,1,16689.48
13278,6639,132,1,3011.07
13279,6640,118,5,9811.84
13280,6640,113,2,12566.23
13281,6641,23,1,49555.53
13282,6641,58,5,27146.74
13283,6642,78,4,26923.68
13284,6642,16,3,2931.99
13285,6643,14,2,10437.0
13286,6643,43,4,14873.86
13287,6644,68,5,19598.26
13288,6644,51,1,8341.82
13289,6645,14,2,10437.0
13290,6645,132,2,3011.07
13291,6646,95,3,15378.47
13292,6646,58,4,27146.74
13293,6647,58,1,27146.74
13294,6647,89,4,4655.22
13295,6648,61,4,44878.78
13296,6648,12,2,9596.51
13297,6649,143,5,13026.41
13298,6649,87,4,45649.01
13299,6650,114,2,5726.03
13300,6650,107,1,21829.1
13301,6651,53,2,26871.05
13302,6651,49,4,8217.13
13303,6652,7,4,23330.83
13304,6652,50,3,27118.65
13305,6653,148,5,10266.15
13306,6653,8,4,58505.04
13307,6654,113,1,12566.23
13308,6654,35,2,33010.69
13309,6655,26,4,72907.28
13310,6655,85,1,7335.47
13311,6656,135,1,11516.05
13312,6656,5,3,84081.85
13313,6657,63,3,29768.75
13314,6657,35,1,33010.69
13315,6658,112,2,17873.14
13316,6658,33,5,21649.9
13317,6659,105,3,8125.8
13318,6659,34,2,2255.17
13319,6660,27,1,8040.26
13320,6660,147,5,14301.36
13321,6661,108,3,13549.63
13322,6661,70,4,3243.71
13323,6662,22,2,18186.29
13324,6662,59,3,13085.83
13325,6663,22,5,18186.29
13326,6663,28,2,54101.33
13327,6664,26,4,72907.28
13328,6664,139,4,4159.23
13329,6665,14,4,10437.0
13330,6665,47,3,23383.27
13331,6666,55,4,18034.1
13332,6666,19,2,17787.61
13333,6667,133,1,8127.63
13334,6667,133,3,8127.63
13335,6668,132,4,3011.07
13336,6668,135,4,11516.05
13337,6669,128,4,9263.29
13338,6669,119,1,19868.15
13339,6670,20,1,81513.85
13340,6670,149,1,14866.1
13341,6671,150,2,7113.49
13342,6671,51,2,8341.82
13343,6672,3,4,28995.64
13344,6672,102,2,18592.29
13345,6673,94,4,1858.01
13346,6673,55,1,18034.1
13347,6674,99,5,16689.48
13348,6674,95,4,15378.47
13349,6675,39,5,33931.85
13350,6675,83,5,21901.29
13351,6676,22,4,18186.29
13352,6676,18,3,73820.52
13353,6677,140,2,8987.09
13354,6677,7,5,23330.83
13355,6678,24,1,43820.15
13356,6678,3,2,28995.64
13357,6679,110,4,12983.38
13358,6679,120,3,24465.41
13359,6680,138,1,13863.67
13360,6680,139,2,4159.23
13361,6681,123,2,612.96
13362,6681,57,4,21935.06
13363,6682,117,5,14181.77
13364,6682,116,5,6378.97
13365,6683,53,1,26871.05
13366,6683,89,5,4655.22
13367,6684,49,4,8217.13
13368,6684,84,4,5359.51
13369,6685,73,5,37272.06
13370,6685,87,5,45649.01
13371,6686,104,5,6130.95
13372,6686,87,5,45649.01
13373,6687,121,2,6772.08
13374,6687,48,3,12824.52
13375,6688,122,3,6970.32
13376,6688,80,2,27401.27
13377,6689,57,5,21935.06
13378,6689,120,2,24465.41
13379,6690,49,3,8217.13
13380,6690,27,3,8040.26
13381,6691,38,5,30726.82
13382,6691,56,5,33257.92
13383,6692,28,1,54101.33
13384,6692,147,4,14301.36
13385,6693,129,4,577.07
13386,6693,48,1,12824.52
13387,6694,25,2,53524.51
13388,6694,126,3,12459.53
13389,6695,110,3,12983.38
13390,6695,129,5,577.07
13391,6696,116,2,6378.97
13392,6696,9,4,19098.4
13393,6697,128,5,9263.29
13394,6697,120,2,24465.41
13395,6698,52,5,26084.73
13396,6698,73,2,37272.06
13397,6699,132,1,3011.07
13398,6699,132,2,3011.07
13399,6700,102,5,18592.29
13400,6700,94,3,1858.01
13401,6701,149,1,14866.1
13402,6701,16,1,2931.99
13403,6702,8,2,58505.04
13404,6702,135,1,11516.05
13405,6703,26,2,72907.28
13406,6703,25,5,53524.51
13407,6704,35,3,33010.69
13408,6704,75,4,3049.5
13409,6705,54,2,30922.05
13410,6705,16,2,2931.99
13411,6706,147,4,14301.36
13412,6706,59,5,13085.83
13413,6707,149,3,14866.1
13414,6707,148,2,10266.15
13415,6708,126,3,12459.53
13416,6708,12,2,9596.51
13417,6709,59,5,13085.83
13418,6709,41,1,30082.04
13419,6710,60,2,33321.91
13420,6710,135,2,11516.05
13421,6711,11,4,69215.46
13422,6711,137,3,11390.83
13423,6712,11,1,69215.46
13424,6712,82,1,23327.1
13425,6713,84,4,5359.51
13426,6713,53,5,26871.05
13427,6714,57,3,21935.06
13428,6714,32,2,18206.86
13429,6715,1,2,52539.0
13430,6715,79,5,33873.61
13431,6716,36,1,29242.97
13432,6716,18,2,73820.52
13433,6717,49,1,8217.13
13434,6717,53,3,26871.05
13435,6718,39,2,33931.85
13436,6718,139,5,4159.23
13437,6719,148,3,10266.15
13438,6719,25,5,53524.51
13439,6720,42,3,21976.79
13440,6720,58,2,27146.74
13441,6721,95,4,15378.47
13442,6721,87,1,45649.01
13443,6722,148,3,10266.15
13444,6722,141,3,701.97
13445,6723,105,3,8125.8
13446,6723,93,3,11413.05
13447,6724,108,5,13549.63
13448,6724,2,2,4930.4
13449,6725,50,4,27118.65
13450,6725,90,3,2864.12
13451,6726,82,2,23327.1
13452,6726,32,3,18206.86
13453,6727,123,3,612.96
13454,6727,63,3,29768.75
13455,6728,120,5,24465.41
13456,6728,123,3,612.96
13457,6729,108,3,13549.63
13458,6729,63,2,29768.75
13459,6730,122,2,6970.32
13460,6730,51,2,8341.82
13461,6731,150,5,7113.49
13462,6731,98,1,12384.57
13463,6732,72,2,49059.06
13464,6732,45,1,5214.29
13465,6733,109,1,8516.39
13466,6733,24,2,43820.15
13467,6734,31,4,11490.6
13468,6734,3,3,28995.64
13469,6735,55,4,18034.1
13470,6735,147,4,14301.36
13471,6736,90,1,2864.12
13472,6736,143,3,13026.41
13473,6737,52,2,26084.73
13474,6737,119,2,19868.15
13475,6738,65,1,8035.55
13476,6738,116,3,6378.97
13477,6739,12,5,9596.51
13478,6739,113,5,12566.23
13479,6740,42,4,21976.79
13480,6740,106,5,19681.04
13481,6741,140,1,8987.09
13482,6741,124,1,796.22
13483,6742,108,3,13549.63
13484,6742,38,1,30726.82
13485,6743,125,3,8947.13
13486,6743,58,4,27146.74
13487,6744,81,1,37707.89
13488,6744,118,4,9811.84
13489,6745,126,5,12459.53
13490,6745,79,2,33873.61
13491,6746,94,1,1858.01
13492,6746,12,5,9596.51
13493,6747,23,4,49555.53
13494,6747,87,5,45649.01
13495,6748,140,4,8987.09
13496,6748,144,4,11019.62
13497,6749,20,1,81513.85
13498,6749,147,4,14301.36
13499,6750,123,3,612.96
13500,6750,126,4,12459.53
13501,6751,88,2,48004.49
13502,6751,21,4,55484.17
13503,6752,38,4,30726.82
13504,6752,123,1,612.96
13505,6753,111,4,9188.58
13506,6753,146,5,1905.39
13507,6754,95,3,15378.47
13508,6754,22,3,18186.29
13509,6755,74,1,41552.59
13510,6755,64,2,17689.49
13511,6756,142,5,12489.82
13512,6756,39,4,33931.85
13513,6757,39,3,33931.85
13514,6757,117,3,14181.77
13515,6758,62,4,6674.42
13516,6758,106,4,19681.04
13517,6759,144,1,11019.62
13518,6759,42,5,21976.79
13519,6760,79,4,33873.61
13520,6760,26,3,72907.28
13521,6761,94,3,1858.01
13522,6761,70,3,3243.71
13523,6762,19,1,17787.61
13524,6762,125,3,8947.13
13525,6763,82,5,23327.1
13526,6763,95,5,15378.47
13527,6764,56,5,33257.92
13528,6764,136,2,682.08
13529,6765,24,3,43820.15
13530,6765,113,1,12566.23
13531,6766,93,4,11413.05
13532,6766,79,4,33873.61
13533,6767,36,5,29242.97
13534,6767,91,4,6848.12
13535,6768,113,2,12566.23
13536,6768,55,1,18034.1
13537,6769,130,3,5954.55
13538,6769,83,3,21901.29
13539,6770,76,2,5024.14
13540,6770,106,3,19681.04
13541,6771,72,5,49059.06
13542,6771,58,4,27146.74
13543,6772,79,4,33873.61
13544,6772,149,1,14866.1
13545,6773,143,5,13026.41
13546,6773,122,4,6970.32
13547,6774,139,5,4159.23
13548,6774,53,5,26871.05
13549,6775,70,5,3243.71
13550,6775,26,4,72907.28
13551,6776,149,4,14866.1
13552,6776,31,3,11490.6
13553,6777,113,4,12566.23
13554,6777,37,5,25059.66
13555,6778,78,5,26923.68
13556,6778,8,4,58505.04
13557,6779,64,2,17689.49
13558,6779,87,1,45649.01
13559,6780,135,4,11516.05
13560,6780,37,4,25059.66
13561,6781,67,4,22314.95
13562,6781,126,5,12459.53
13563,6782,141,1,701.97
13564,6782,148,2,10266.15
13565,6783,112,4,17873.14
13566,6783,98,4,12384.57
13567,6784,27,4,8040.26
13568,6784,117,2,14181.77
13569,6785,16,1,2931.99
13570,6785,43,2,14873.86
13571,6786,29,5,8346.58
13572,6786,61,5,44878.78
13573,6787,12,2,9596.51
13574,6787,13,1,54402.04
13575,6788,24,3,43820.15
13576,6788,81,1,37707.89
13577,6789,20,4,81513.85
13578,6789,35,3,33010.69
13579,6790,77,3,23879.21
13580,6790,1,1,52539.0
13581,6791,9,2,19098.4
13582,6791,120,2,24465.41
13583,6792,34,3,2255.17
13584,6792,118,2,9811.84
13585,6793,78,2,26923.68
13586,6793,78,2,26923.68
13587,6794,14,3,10437.0
13588,6794,103,5,22522.89
13589,6795,107,1,21829.1
13590,6795,82,5,23327.1
13591,6796,16,5,2931.99
13592,6796,37,2,25059.66
13593,6797,15,1,69325.73
13594,6797,103,4,22522.89
13595,6798,146,5,1905.39
13596,6798,45,5,5214.29
13597,6799,74,4,41552.59
13598,6799,52,5,26084.73
13599,6800,85,3,7335.47
13600,6800,88,4,48004.49
13601,6801,65,2,8035.55
13602,6801,38,4,30726.82
13603,6802,1,5,52539.0
13604,6802,30,4,12993.37
13605,6803,95,5,15378.47
13606,6803,119,1,19868.15
13607,6804,30,1,12993.37
13608,6804,147,1,14301.36
13609,6805,130,1,5954.55
13610,6805,72,4,49059.06
13611,6806,77,5,23879.21
13612,6806,12,3,9596.51
13613,6807,23,3,49555.53
13614,6807,134,3,4785.68
13615,6808,133,5,8127.63
13616,6808,130,2,5954.55
13617,6809,96,5,6710.71
13618,6809,18,2,73820.52
13619,6810,15,2,69325.73
13620,6810,120,2,24465.41
13621,6811,84,5,5359.51
13622,6811,32,1,18206.86
13623,6812,71,1,3528.52
13624,6812,111,5,9188.58
13625,6813,145,3,11360.29
13626,6813,10,4,38310.2
13627,6814,90,4,2864.12
13628,6814,49,1,8217.13
13629,6815,59,2,13085.83
13630,6815,138,3,13863.67
13631,6816,23,3,49555.53
13632,6816,96,2,6710.71
13633,6817,145,4,11360.29
13634,6817,68,2,19598.26
13635,6818,134,4,4785.68
13636,6818,106,4,19681.04
13637,6819,120,1,24465.41
13638,6819,12,2,9596.51
13639,6820,50,2,27118.65
13640,6820,97,5,3939.13
13641,6821,39,5,33931.85
13642,6821,115,5,21162.49
13643,6822,16,5,2931.99
13644,6822,146,4,1905.39
13645,6823,7,4,23330.83
13646,6823,150,3,7113.49
13647,6824,126,2,12459.53
13648,6824,14,3,10437.0
13649,6825,35,5,33010.69
13650,6825,23,4,49555.53
13651,6826,119,3,19868.15
13652,6826,9,5,19098.4
13653,6827,99,2,16689.48
13654,6827,37,4,25059.66
13655,6828,118,4,9811.84
13656,6828,144,3,11019.62
13657,6829,49,1,8217.13
13658,6829,28,2,54101.33
13659,6830,74,1,41552.59
13660,6830,139,4,4159.23
13661,6831,2,3,4930.4
13662,6831,63,4,29768.75
13663,6832,107,5,21829.1
13664,6832,145,3,11360.29
13665,6833,127,1,1177.88
13666,6833,73,1,37272.06
13667,6834,27,5,8040.26
13668,6834,95,2,15378.47
13669,6835,84,4,5359.51
13670,6835,65,2,8035.55
13671,6836,59,1,13085.83
13672,6836,101,3,5781.84
13673,6837,46,1,32887.05
13674,6837,112,2,17873.14
13675,6838,79,4,33873.61
13676,6838,21,1,55484.17
13677,6839,140,4,8987.09
13678,6839,82,5,23327.1
13679,6840,134,4,4785.68
13680,6840,7,4,23330.83
13681,6841,138,4,13863.67
13682,6841,61,5,44878.78
13683,6842,22,2,18186.29
13684,6842,73,1,37272.06
13685,6843,83,4,21901.29
13686,6843,150,2,7113.49
13687,6844,99,5,16689.48
13688,6844,36,3,29242.97
13689,6845,131,2,3599.39
13690,6845,121,3,6772.08
13691,6846,23,4,49555.53
13692,6846,14,4,10437.0
13693,6847,17,3,36162.26
13694,6847,12,2,9596.51
13695,6848,84,1,5359.51
13696,6848,90,4,2864.12
13697,6849,57,1,21935.06
13698,6849,1,5,52539.0
13699,6850,122,3,6970.32
13700,6850,106,3,19681.04
13701,6851,34,3,2255.17
13702,6851,134,2,4785.68
13703,6852,77,5,23879.21
13704,6852,50,1,27118.65
13705,6853,21,3,55484.17
13706,6853,95,1,15378.47
13707,6854,103,3,22522.89
13708,6854,81,2,37707.89
13709,6855,55,3,18034.1
13710,6855,84,4,5359.51
13711,6856,39,3,33931.85
13712,6856,4,1,39584.54
13713,6857,58,5,27146.74
13714,6857,87,5,45649.01
13715,6858,144,4,11019.62
13716,6858,68,4,19598.26
13717,6859,136,3,682.08
13718,6859,134,1,4785.68
13719,6860,130,3,5954.55
13720,6860,36,2,29242.97
13721,6861,140,2,8987.09
13722,6861,78,5,26923.68
13723,6862,124,3,796.22
13724,6862,49,2,8217.13
13725,6863,58,4,27146.74
13726,6863,43,5,14873.86
13727,6864,130,2,5954.55
13728,6864,81,5,37707.89
13729,6865,85,3,7335.47
13730,6865,22,1,18186.29
13731,6866,71,1,3528.52
13732,6866,97,5,3939.13
13733,6867,70,1,3243.71
13734,6867,4,1,39584.54
13735,6868,100,4,6854.81
13736,6868,73,4,37272.06
13737,6869,25,5,53524.51
13738,6869,19,2,17787.61
13739,6870,9,1,19098.4
13740,6870,18,1,73820.52
13741,6871,112,2,17873.14
13742,6871,134,2,4785.68
13743,6872,13,3,54402.04
13744,6872,96,4,6710.71
13745,6873,72,1,49059.06
13746,6873,150,1,7113.49
13747,6874,60,5,33321.91
13748,6874,117,1,14181.77
13749,6875,123,1,612.96
13750,6875,77,5,23879.21
13751,6876,37,2,25059.66
13752,6876,25,1,53524.51
13753,6877,85,4,7335.47
13754,6877,18,2,73820.52
13755,6878,26,5,72907.28
13756,6878,145,5,11360.29
13757,6879,124,3,796.22
13758,6879,43,3,14873.86
13759,6880,65,4,8035.55
13760,6880,16,4,2931.99
13761,6881,137,5,11390.83
13762,6881,54,3,30922.05
13763,6882,75,3,3049.5
13764,6882,117,2,14181.77
13765,6883,96,1,6710.71
13766,6883,34,1,2255.17
13767,6884,34,1,2255.17
13768,6884,141,4,701.97
13769,6885,93,3,11413.05
13770,6885,2,5,4930.4
13771,6886,146,1,1905.39
13772,6886,123,1,612.96
13773,6887,27,5,8040.26
13774,6887,78,2,26923.68
13775,6888,1,3,52539.0
13776,6888,139,3,4159.23
13777,6889,114,1,5726.03
13778,6889,103,2,22522.89
13779,6890,72,3,49059.06
13780,6890,31,3,11490.6
13781,6891,28,2,54101.33
13782,6891,100,1,6854.81
13783,6892,40,3,19403.2
13784,6892,9,2,19098.4
13785,6893,109,1,8516.39
13786,6893,32,2,18206.86
13787,6894,121,5,6772.08
13788,6894,47,4,23383.27
13789,6895,2,5,4930.4
13790,6895,27,4,8040.26
13791,6896,110,1,12983.38
13792,6896,43,3,14873.86
13793,6897,3,2,28995.64
13794,6897,104,2,6130.95
13795,6898,83,4,21901.29
13796,6898,141,5,701.97
13797,6899,118,5,9811.84
13798,6899,96,3,6710.71
13799,6900,41,5,30082.04
13800,6900,25,1,53524.51
13801,6901,15,4,69325.73
13802,6901,35,5,33010.69
13803,6902,18,4,73820.52
13804,6902,111,4,9188.58
13805,6903,11,5,69215.46
13806,6903,50,2,27118.65
13807,6904,59,5,13085.83
13808,6904,118,5,9811.84
13809,6905,34,3,2255.17
13810,6905,2,5,4930.4
13811,6906,50,3,27118.65
13812,6906,9,1,19098.4
13813,6907,22,4,18186.29
13814,6907,12,3,9596.51
13815,6908,115,4,21162.49
13816,6908,74,1,41552.59
13817,6909,4,2,39584.54
13818,6909,144,1,11019.62
13819,6910,97,1,3939.13
13820,6910,97,1,3939.13
13821,6911,50,2,27118.65
13822,6911,105,1,8125.8
13823,6912,48,3,12824.52
13824,6912,67,2,22314.95
13825,6913,58,4,27146.74
13826,6913,79,5,33873.61
13827,6914,89,4,4655.22
13828,6914,130,5,5954.55
13829,6915,146,4,1905.39
13830,6915,130,2,5954.55
13831,6916,124,2,796.22
13832,6916,66,4,31441.05
13833,6917,12,4,9596.51
13834,6917,36,3,29242.97
13835,6918,111,2,9188.58
13836,6918,85,5,7335.47
13837,6919,150,4,7113.49
13838,6919,150,5,7113.49
13839,6920,145,4,11360.29
13840,6920,135,4,11516.05
13841,6921,34,1,2255.17
13842,6921,87,3,45649.01
13843,6922,8,4,58505.04
13844,6922,124,2,796.22
13845,6923,131,2,3599.39
13846,6923,60,4,33321.91
13847,6924,3,5,28995.64
13848,6924,61,3,44878.78
13849,6925,44,2,19789.04
13850,6925,55,5,18034.1
13851,6926,21,5,55484.17
13852,6926,133,4,8127.63
13853,6927,36,4,29242.97
13854,6927,123,1,612.96
13855,6928,36,5,29242.97
13856,6928,127,3,1177.88
13857,6929,141,5,701.97
13858,6929,45,5,5214.29
13859,6930,48,2,12824.52
13860,6930,27,2,8040.26
13861,6931,21,5,55484.17
13862,6931,118,5,9811.84
13863,6932,25,2,53524.51
13864,6932,62,1,6674.42
13865,6933,112,3,17873.14
13866,6933,89,2,4655.22
13867,6934,51,3,8341.82
13868,6934,27,4,8040.26
13869,6935,77,5,23879.21
13870,6935,97,3,3939.13
13871,6936,100,5,6854.81
13872,6936,80,4,27401.27
13873,6937,126,1,12459.53
13874,6937,73,4,37272.06
13875,6938,27,3,8040.26
13876,6938,59,5,13085.83
13877,6939,96,1,6710.71
13878,6939,107,1,21829.1
13879,6940,126,2,12459.53
13880,6940,69,1,52834.09
13881,6941,81,2,37707.89
13882,6941,148,3,10266.15
13883,6942,118,4,9811.84
13884,6942,38,2,30726.82
13885,6943,17,2,36162.26
13886,6943,59,2,13085.83
13887,6944,97,1,3939.13
13888,6944,73,2,37272.06
13889,6945,75,3,3049.5
13890,6945,110,3,12983.38
13891,6946,137,4,11390.83
13892,6946,127,1,1177.88
13893,6947,24,3,43820.15
13894,6947,49,5,8217.13
13895,6948,96,4,6710.71
13896,6948,58,1,27146.74
13897,6949,53,2,26871.05
13898,6949,66,1,31441.05
13899,6950,98,1,12384.57
13900,6950,78,4,26923.68
13901,6951,43,5,14873.86
13902,6951,13,4,54402.04
13903,6952,9,5,19098.4
13904,6952,88,1,48004.49
13905,6953,20,3,81513.85
13906,6953,36,4,29242.97
13907,6954,81,3,37707.89
13908,6954,44,4,19789.04
13909,6955,61,3,44878.78
13910,6955,67,1,22314.95
13911,6956,86,4,15173.3
13912,6956,8,1,58505.04
13913,6957,64,4,17689.49
13914,6957,64,2,17689.49
13915,6958,67,5,22314.95
13916,6958,58,5,27146.74
13917,6959,70,3,3243.71
13918,6959,119,1,19868.15
13919,6960,96,5,6710.71
13920,6960,109,4,8516.39
13921,6961,146,5,1905.39
13922,6961,21,3,55484.17
13923,6962,141,2,701.97
13924,6962,88,1,48004.49
13925,6963,67,4,22314.95
13926,6963,21,4,55484.17
13927,6964,28,4,54101.33
13928,6964,20,2,81513.85
13929,6965,47,4,23383.27
13930,6965,29,3,8346.58
13931,6966,126,1,12459.53
13932,6966,22,5,18186.29
13933,6967,82,4,23327.1
13934,6967,62,1,6674.42
13935,6968,108,5,13549.63
13936,6968,13,4,54402.04
13937,6969,112,1,17873.14
13938,6969,50,1,27118.65
13939,6970,47,1,23383.27
13940,6970,33,5,21649.9
13941,6971,143,5,13026.41
13942,6971,118,3,9811.84
13943,6972,107,4,21829.1
13944,6972,133,2,8127.63
13945,6973,83,1,21901.29
13946,6973,98,1,12384.57
13947,6974,35,2,33010.69
13948,6974,73,4,37272.06
13949,6975,30,1,12993.37
13950,6975,148,2,10266.15
13951,6976,101,2,5781.84
13952,6976,53,5,26871.05
13953,6977,50,1,27118.65
13954,6977,149,1,14866.1
13955,6978,111,3,9188.58
13956,6978,134,2,4785.68
13957,6979,39,5,33931.85
13958,6979,59,1,13085.83
13959,6980,2,5,4930.4
13960,6980,69,4,52834.09
13961,6981,57,3,21935.06
13962,6981,136,1,682.08
13963,6982,142,4,12489.82
13964,6982,150,3,7113.49
13965,6983,82,5,23327.1
13966,6983,109,1,8516.39
13967,6984,112,5,17873.14
13968,6984,21,3,55484.17
13969,6985,146,1,1905.39
13970,6985,141,5,701.97
13971,6986,33,1,21649.9
13972,6986,44,1,19789.04
13973,6987,52,1,26084.73
13974,6987,142,2,12489.82
13975,6988,118,2,9811.84
13976,6988,110,2,12983.38
13977,6989,98,3,12384.57
13978,6989,106,4,19681.04
13979,6990,96,4,6710.71
13980,6990,99,3,16689.48
13981,6991,66,2,31441.05
13982,6991,9,5,19098.4
13983,6992,84,5,5359.51
13984,6992,40,2,19403.2
13985,6993,116,3,6378.97
13986,6993,2,3,4930.4
13987,6994,74,4,41552.59
13988,6994,83,4,21901.29
13989,6995,116,1,6378.97
13990,6995,29,4,8346.58
13991,6996,37,5,25059.66
13992,6996,142,5,12489.82
13993,6997,92,5,2654.0
13994,6997,78,5,26923.68
13995,6998,19,4,17787.61
13996,6998,92,5,2654.0
13997,6999,77,5,23879.21
13998,6999,17,3,36162.26
13999,7000,75,1,3049.5
14000,7000,98,5,12384.57
14001,7001,98,1,12384.57
14002,7001,89,2,4655.22
14003,7002,91,4,6848.12
14004,7002,57,3,21935.06
14005,7003,145,5,11360.29
14006,7003,87,1,45649.01
14007,7004,56,1,33257.92
14008,7004,133,2,8127.63
14009,7005,130,5,5954.55
14010,7005,37,3,25059.66
14011,7006,69,5,52834.09
14012,7006,16,1,2931.99
14013,7007,17,3,36162.26
14014,7007,66,2,31441.05
14015,7008,42,1,21976.79
14016,7008,144,3,11019.62
14017,7009,51,2,8341.82
14018,7009,54,1,30922.05
14019,7010,121,3,6772.08
14020,7010,129,4,577.07
14021,7011,74,3,41552.59
14022,7011,49,3,8217.13
14023,7012,2,1,4930.4
14024,7012,15,4,69325.73
14025,7013,75,5,3049.5
14026,7013,13,2,54402.04
14027,7014,96,4,6710.71
14028,7014,49,3,8217.13
14029,7015,149,4,14866.1
14030,7015,42,5,21976.79
14031,7016,16,3,2931.99
14032,7016,101,4,5781.84
14033,7017,114,3,5726.03
14034,7017,107,3,21829.1
14035,7018,64,2,17689.49
14036,7018,92,1,2654.0
14037,7019,97,3,3939.13
14038,7019,131,4,3599.39
14039,7020,66,2,31441.05
14040,7020,127,1,1177.88
14041,7021,19,5,17787.61
14042,7021,120,2,24465.41
14043,7022,58,5,27146.74
14044,7022,129,3,577.07
14045,7023,133,4,8127.63
14046,7023,145,5,11360.29
14047,7024,13,4,54402.04
14048,7024,112,4,17873.14
14049,7025,92,3,2654.0
14050,7025,38,3,30726.82
14051,7026,133,5,8127.63
14052,7026,93,2,11413.05
14053,7027,9,2,19098.4
14054,7027,73,4,37272.06
14055,7028,142,4,12489.82
14056,7028,116,2,6378.97
14057,7029,7,3,23330.83
14058,7029,14,1,10437.0
14059,7030,14,5,10437.0
14060,7030,95,2,15378.47
14061,7031,97,3,3939.13
14062,7031,112,4,17873.14
14063,7032,52,4,26084.73
14064,7032,48,5,12824.52
14065,7033,47,4,23383.27
14066,7033,130,4,5954.55
14067,7034,99,1,16689.48
14068,7034,36,5,29242.97
14069,7035,139,3,4159.23
14070,7035,70,1,3243.71
14071,7036,80,2,27401.27
14072,7036,95,2,15378.47
14073,7037,60,4,33321.91
14074,7037,5,2,84081.85
14075,7038,142,4,12489.82
14076,7038,6,5,48408.63
14077,7039,131,4,3599.39
14078,7039,123,3,612.96
14079,7040,127,5,1177.88
14080,7040,125,2,8947.13
14081,7041,96,5,6710.71
14082,7041,70,3,3243.71
14083,7042,106,2,19681.04
14084,7042,70,2,3243.71
14085,7043,129,3,577.07
14086,7043,59,3,13085.83
14087,7044,121,3,6772.08
14088,7044,110,2,12983.38
14089,7045,13,4,54402.04
14090,7045,105,3,8125.8
14091,7046,40,4,19403.2
14092,7046,58,3,27146.74
14093,7047,98,3,12384.57
14094,7047,92,2,2654.0
14095,7048,136,5,682.08
14096,7048,131,1,3599.39
14097,7049,14,1,10437.0
14098,7049,128,4,9263.29
14099,7050,149,4,14866.1
14100,7050,101,4,5781.84
14101,7051,128,1,9263.29
14102,7051,83,4,21901.29
14103,7052,52,1,26084.73
14104,7052,113,3,12566.23
14105,7053,147,2,14301.36
14106,7053,88,4,48004.49
14107,7054,118,4,9811.84
14108,7054,99,4,16689.48
14109,7055,144,1,11019.62
14110,7055,9,1,19098.4
14111,7056,44,4,19789.04
14112,7056,54,1,30922.05
14113,7057,62,4,6674.42
14114,7057,36,4,29242.97
14115,7058,85,1,7335.47
14116,7058,35,3,33010.69
14117,7059,81,5,37707.89
14118,7059,88,4,48004.49
14119,7060,149,2,14866.1
14120,7060,96,2,6710.71
14121,7061,64,3,17689.49
14122,7061,13,2,54402.04
14123,7062,22,1,18186.29
14124,7062,16,4,2931.99
14125,7063,74,2,41552.59
14126,7063,110,5,12983.38
14127,7064,113,4,12566.23
14128,7064,148,3,10266.15
14129,7065,66,4,31441.05
14130,7065,120,3,24465.41
14131,7066,42,1,21976.79
14132,7066,90,1,2864.12
14133,7067,55,1,18034.1
14134,7067,144,2,11019.62
14135,7068,124,2,796.22
14136,7068,97,5,3939.13
14137,7069,45,1,5214.29
14138,7069,26,4,72907.28
14139,7070,123,4,612.96
14140,7070,22,1,18186.29
14141,7071,135,4,11516.05
14142,7071,101,5,5781.84
14143,7072,71,4,3528.52
14144,7072,64,5,17689.49
14145,7073,15,2,69325.73
14146,7073,143,2,13026.41
14147,7074,36,4,29242.97
14148,7074,140,1,8987.09
14149,7075,121,5,6772.08
14150,7075,149,3,14866.1
14151,7076,45,4,5214.29
14152,7076,132,4,3011.07
14153,7077,148,1,10266.15
14154,7077,51,1,8341.82
14155,7078,7,3,23330.83
14156,7078,89,1,4655.22
14157,7079,44,5,19789.04
14158,7079,114,5,5726.03
14159,7080,27,4,8040.26
14160,7080,118,1,9811.84
14161,7081,100,1,6854.81
14162,7081,64,4,17689.49
14163,7082,10,1,38310.2
14164,7082,129,1,577.07
14165,7083,25,1,53524.51
14166,7083,114,2,5726.03
14167,7084,90,3,2864.12
14168,7084,44,4,19789.04
14169,7085,132,3,3011.07
14170,7085,95,1,15378.47
14171,7086,37,4,25059.66
14172,7086,17,1,36162.26
14173,7087,95,2,15378.47
14174,7087,129,5,577.07
14175,7088,53,3,26871.05
14176,7088,140,4,8987.09
14177,7089,119,5,19868.15
14178,7089,70,1,3243.71
14179,7090,89,4,4655.22
14180,7090,122,5,6970.32
14181,7091,114,5,5726.03
14182,7091,6,5,48408.63
14183,7092,112,5,17873.14
14184,7092,77,4,23879.21
14185,7093,105,2,8125.8
14186,7093,87,5,45649.01
14187,7094,147,4,14301.36
14188,7094,116,2,6378.97
14189,7095,64,2,17689.49
14190,7095,79,4,33873.61
14191,7096,19,4,17787.61
14192,7096,131,5,3599.39
14193,7097,25,4,53524.51
14194,7097,123,1,612.96
14195,7098,15,2,69325.73
14196,7098,16,2,2931.99
14197,7099,125,5,8947.13
14198,7099,112,3,17873.14
14199,7100,29,1,8346.58
14200,7100,139,5,4159.23
14201,7101,76,4,5024.14
14202,7101,70,4,3243.71
14203,7102,20,4,81513.85
14204,7102,145,5,11360.29
14205,7103,52,5,26084.73
14206,7103,136,4,682.08
14207,7104,132,3,3011.07
14208,7104,137,4,11390.83
14209,7105,138,4,13863.67
14210,7105,64,5,17689.49
14211,7106,42,3,21976.79
14212,7106,100,5,6854.81
14213,7107,140,4,8987.09
14214,7107,24,4,43820.15
14215,7108,137,3,11390.83
14216,7108,90,1,2864.12
14217,7109,58,1,27146.74
14218,7109,42,4,21976.79
14219,7110,121,2,6772.08
14220,7110,21,3,55484.17
14221,7111,33,5,21649.9
14222,7111,23,3,49555.53
14223,7112,1,3,52539.0
14224,7112,50,4,27118.65
14225,7113,25,2,53524.51
14226,7113,27,3,8040.26
14227,7114,31,4,11490.6
14228,7114,55,5,18034.1
14229,7115,74,3,41552.59
14230,7115,22,2,18186.29
14231,7116,140,3,8987.09
14232,7116,133,5,8127.63
14233,7117,20,2,81513.85
14234,7117,2,5,4930.4
14235,7118,133,1,8127.63
14236,7118,128,5,9263.29
14237,7119,26,1,72907.28
14238,7119,84,5,5359.51
14239,7120,131,4,3599.39
14240,7120,37,3,25059.66
14241,7121,136,2,682.08
14242,7121,75,2,3049.5
14243,7122,14,4,10437.0
14244,7122,121,3,6772.08
14245,7123,17,4,36162.26
14246,7123,126,1,12459.53
14247,7124,33,2,21649.9
14248,7124,135,5,11516.05
14249,7125,27,2,8040.26
14250,7125,128,5,9263.29
14251,7126,100,5,6854.81
14252,7126,137,4,11390.83
14253,7127,132,5,3011.07
14254,7127,127,2,1177.88
14255,7128,71,2,3528.52
14256,7128,127,2,1177.88
14257,7129,80,2,27401.27
14258,7129,112,4,17873.14
14259,7130,87,2,45649.01
14260,7130,52,3,26084.73
14261,7131,107,2,21829.1
14262,7131,120,1,24465.41
14263,7132,5,5,84081.85
14264,7132,145,4,11360.29
14265,7133,49,2,8217.13
14266,7133,88,4,48004.49
14267,7134,20,2,81513.85
14268,7134,3,5,28995.64
14269,7135,86,2,15173.3
14270,7135,75,4,3049.5
14271,7136,20,5,81513.85
14272,7136,96,2,6710.71
14273,7137,90,2,2864.12
14274,7137,12,4,9596.51
14275,7138,116,2,6378.97
14276,7138,31,5,11490.6
14277,7139,120,1,24465.41
14278,7139,97,2,3939.13
14279,7140,75,3,3049.5
14280,7140,125,5,8947.13
14281,7141,68,5,19598.26
14282,7141,60,5,33321.91
14283,7142,146,4,1905.39
14284,7142,75,1,3049.5
14285,7143,56,3,33257.92
14286,7143,60,1,33321.91
14287,7144,34,2,2255.17
14288,7144,67,4,22314.95
14289,7145,43,5,14873.86
14290,7145,126,5,12459.53
14291,7146,58,4,27146.74
14292,7146,13,1,54402.04
14293,7147,34,3,2255.17
14294,7147,126,1,12459.53
14295,7148,16,1,2931.99
14296,7148,13,2,54402.04
14297,7149,131,2,3599.39
14298,7149,56,2,33257.92
14299,7150,22,1,18186.29
14300,7150,41,5,30082.04
14301,7151,115,5,21162.49
14302,7151,120,3,24465.41
14303,7152,66,3,31441.05
14304,7152,45,4,5214.29
14305,7153,110,5,12983.38
14306,7153,106,4,19681.04
14307,7154,47,3,23383.27
14308,7154,39,5,33931.85
14309,7155,46,2,32887.05
14310,7155,126,4,12459.53
14311,7156,103,2,22522.89
14312,7156,115,5,21162.49
14313,7157,139,2,4159.23
14314,7157,23,2,49555.53
14315,7158,10,4,38310.2
14316,7158,108,4,13549.63
14317,7159,27,2,8040.26
14318,7159,53,4,26871.05
14319,7160,137,4,11390.83
14320,7160,142,5,12489.82
14321,7161,65,2,8035.55
14322,7161,52,5,26084.73
14323,7162,50,4,27118.65
14324,7162,68,3,19598.26
14325,7163,80,5,27401.27
14326,7163,39,4,33931.85
14327,7164,63,5,29768.75
14328,7164,93,3,11413.05
14329,7165,141,1,701.97
14330,7165,107,4,21829.1
14331,7166,25,3,53524.51
14332,7166,145,5,11360.29
14333,7167,122,1,6970.32
14334,7167,7,5,23330.83
14335,7168,42,5,21976.79
14336,7168,111,5,9188.58
14337,7169,38,5,30726.82
14338,7169,33,3,21649.9
14339,7170,90,5,2864.12
14340,7170,16,5,2931.99
14341,7171,69,4,52834.09
14342,7171,39,1,33931.85
14343,7172,88,3,48004.49
14344,7172,97,2,3939.13
14345,7173,37,3,25059.66
14346,7173,38,3,30726.82
14347,7174,131,5,3599.39
14348,7174,132,3,3011.07
14349,7175,131,2,3599.39
14350,7175,17,2,36162.26
14351,7176,74,1,41552.59
14352,7176,37,2,25059.66
14353,7177,129,1,577.07
14354,7177,65,1,8035.55
14355,7178,65,5,8035.55
14356,7178,13,5,54402.04
14357,7179,138,4,13863.67
14358,7179,61,1,44878.78
14359,7180,59,2,13085.83
14360,7180,28,2,54101.33
14361,7181,86,4,15173.3
14362,7181,142,1,12489.82
14363,7182,99,2,16689.48
14364,7182,66,5,31441.05
14365,7183,61,4,44878.78
14366,7183,88,5,48004.49
14367,7184,75,3,3049.5
14368,7184,90,4,2864.12
14369,7185,1,1,52539.0
14370,7185,119,2,19868.15
14371,7186,121,5,6772.08
14372,7186,91,2,6848.12
14373,7187,147,5,14301.36
14374,7187,120,3,24465.41
14375,7188,87,4,45649.01
14376,7188,55,4,18034.1
14377,7189,69,1,52834.09
14378,7189,65,5,8035.55
14379,7190,36,5,29242.97
14380,7190,104,3,6130.95
14381,7191,2,1,4930.4
14382,7191,144,1,11019.62
14383,7192,5,1,84081.85
14384,7192,43,5,14873.86
14385,7193,7,1,23330.83
14386,7193,48,1,12824.52
14387,7194,8,4,58505.04
14388,7194,146,4,1905.39
14389,7195,63,4,29768.75
14390,7195,101,5,5781.84
14391,7196,1,2,52539.0
14392,7196,2,3,4930.4
14393,7197,25,1,53524.51
14394,7197,51,2,8341.82
14395,7198,136,2,682.08
14396,7198,27,2,8040.26
14397,7199,91,2,6848.12
14398,7199,144,3,11019.62
14399,7200,92,2,2654.0
14400,7200,7,2,23330.83
14401,7201,129,1,577.07
14402,7201,56,3,33257.92
14403,7202,35,5,33010.69
14404,7202,64,2,17689.49
14405,7203,133,5,8127.63
14406,7203,35,5,33010.69
14407,7204,87,3,45649.01
14408,7204,125,5,8947.13
14409,7205,108,4,13549.63
14410,7205,100,2,6854.81
14411,7206,14,2,10437.0
14412,7206,59,3,13085.83
14413,7207,148,5,10266.15
14414,7207,134,4,4785.68
14415,7208,1,1,52539.0
14416,7208,15,1,69325.73
14417,7209,5,3,84081.85
14418,7209,101,5,5781.84
14419,7210,52,3,26084.73
14420,7210,37,3,25059.66
14421,7211,25,3,53524.51
14422,7211,15,4,69325.73
14423,7212,108,3,13549.63
14424,7212,41,2,30082.04
14425,7213,52,3,26084.73
14426,7213,124,1,796.22
14427,7214,29,5,8346.58
14428,7214,27,4,8040.26
14429,7215,82,1,23327.1
14430,7215,145,2,11360.29
14431,7216,134,1,4785.68
14432,7216,104,3,6130.95
14433,7217,26,3,72907.28
14434,7217,35,4,33010.69
14435,7218,9,1,19098.4
14436,7218,39,4,33931.85
14437,7219,71,1,3528.52
14438,7219,30,2,12993.37
14439,7220,109,4,8516.39
14440,7220,107,3,21829.1
14441,7221,35,3,33010.69
14442,7221,82,3,23327.1
14443,7222,126,4,12459.53
14444,7222,127,1,1177.88
14445,7223,150,2,7113.49
14446,7223,36,3,29242.97
14447,7224,117,5,14181.77
14448,7224,39,2,33931.85
14449,7225,31,2,11490.6
14450,7225,36,3,29242.97
14451,7226,140,5,8987.09
14452,7226,7,4,23330.83
14453,7227,104,1,6130.95
14454,7227,33,5,21649.9
14455,7228,34,4,2255.17
14456,7228,1,4,52539.0
14457,7229,96,2,6710.71
14458,7229,99,4,16689.48
14459,7230,27,2,8040.26
14460,7230,22,1,18186.29
14461,7231,36,2,29242.97
14462,7231,119,5,19868.15
14463,7232,40,5,19403.2
14464,7232,24,3,43820.15
14465,7233,134,1,4785.68
14466,7233,40,2,19403.2
14467,7234,132,2,3011.07
14468,7234,87,5,45649.01
14469,7235,119,3,19868.15
14470,7235,117,3,14181.77
14471,7236,69,1,52834.09
14472,7236,33,3,21649.9
14473,7237,5,3,84081.85
14474,7237,64,5,17689.49
14475,7238,67,2,22314.95
14476,7238,136,5,682.08
14477,7239,61,2,44878.78
14478,7239,90,1,2864.12
14479,7240,21,3,55484.17
14480,7240,139,2,4159.23
14481,7241,122,1,6970.32
14482,7241,41,3,30082.04
14483,7242,93,2,11413.05
14484,7242,134,3,4785.68
14485,7243,145,2,11360.29
14486,7243,57,3,21935.06
14487,7244,73,4,37272.06
14488,7244,59,2,13085.83
14489,7245,44,1,19789.04
14490,7245,20,1,81513.85
14491,7246,65,4,8035.55
14492,7246,9,1,19098.4
14493,7247,19,4,17787.61
14494,7247,38,2,30726.82
14495,7248,146,4,1905.39
14496,7248,58,1,27146.74
14497,7249,5,1,84081.85
14498,7249,11,4,69215.46
14499,7250,112,2,17873.14
14500,7250,61,4,44878.78
14501,7251,130,3,5954.55
14502,7251,89,4,4655.22
14503,7252,119,1,19868.15
14504,7252,44,2,19789.04
14505,7253,12,1,9596.51
14506,7253,112,4,17873.14
14507,7254,79,2,33873.61
14508,7254,9,2,19098.4
14509,7255,27,2,8040.26
14510,7255,8,4,58505.04
14511,7256,104,2,6130.95
14512,7256,44,4,19789.04
14513,7257,116,2,6378.97
14514,7257,96,5,6710.71
14515,7258,74,5,41552.59
14516,7258,63,2,29768.75
14517,7259,134,4,4785.68
14518,7259,77,4,23879.21
14519,7260,70,1,3243.71
14520,7260,33,4,21649.9
14521,7261,108,2,13549.63
14522,7261,8,3,58505.04
14523,7262,106,5,19681.04
14524,7262,57,2,21935.06
14525,7263,135,2,11516.05
14526,7263,60,2,33321.91
14527,7264,17,4,36162.26
14528,7264,121,4,6772.08
14529,7265,60,4,33321.91
14530,7265,76,5,5024.14
14531,7266,61,2,44878.78
14532,7266,82,3,23327.1
14533,7267,102,5,18592.29
14534,7267,23,4,49555.53
14535,7268,88,3,48004.49
14536,7268,122,5,6970.32
14537,7269,82,5,23327.1
14538,7269,128,5,9263.29
14539,7270,13,4,54402.04
14540,7270,97,5,3939.13
14541,7271,97,4,3939.13
14542,7271,14,5,10437.0
14543,7272,100,5,6854.81
14544,7272,91,1,6848.12
14545,7273,124,3,796.22
14546,7273,100,4,6854.81
14547,7274,54,5,30922.05
14548,7274,101,2,5781.84
14549,7275,58,2,27146.74
14550,7275,137,5,11390.83
14551,7276,69,1,52834.09
14552,7276,12,1,9596.51
14553,7277,120,5,24465.41
14554,7277,90,5,2864.12
14555,7278,2,3,4930.4
14556,7278,95,4,15378.47
14557,7279,108,1,13549.63
14558,7279,56,3,33257.92
14559,7280,110,2,12983.38
14560,7280,50,5,27118.65
14561,7281,7,2,23330.83
14562,7281,87,3,45649.01
14563,7282,96,4,6710.71
14564,7282,142,1,12489.82
14565,7283,124,5,796.22
14566,7283,74,4,41552.59
14567,7284,50,2,27118.65
14568,7284,89,1,4655.22
14569,7285,72,4,49059.06
14570,7285,117,3,14181.77
14571,7286,117,1,14181.77
14572,7286,39,2,33931.85
14573,7287,120,3,24465.41
14574,7287,103,1,22522.89
14575,7288,11,3,69215.46
14576,7288,48,3,12824.52
14577,7289,67,4,22314.95
14578,7289,33,3,21649.9
14579,7290,24,4,43820.15
14580,7290,128,3,9263.29
14581,7291,148,4,10266.15
14582,7291,71,5,3528.52
14583,7292,92,5,2654.0
14584,7292,59,5,13085.83
14585,7293,99,1,16689.48
14586,7293,68,5,19598.26
14587,7294,52,1,26084.73
14588,7294,132,2,3011.07
14589,7295,17,1,36162.26
14590,7295,140,1,8987.09
14591,7296,77,5,23879.21
14592,7296,96,1,6710.71
14593,7297,109,1,8516.39
14594,7297,144,4,11019.62
14595,7298,149,5,14866.1
14596,7298,110,2,12983.38
14597,7299,65,3,8035.55
14598,7299,6,4,48408.63
14599,7300,10,5,38310.2
14600,7300,144,2,11019.62
14601,7301,80,4,27401.27
14602,7301,34,2,2255.17
14603,7302,43,5,14873.86
14604,7302,127,5,1177.88
14605,7303,53,1,26871.05
14606,7303,149,5,14866.1
14607,7304,22,4,18186.29
14608,7304,147,2,14301.36
14609,7305,47,5,23383.27
14610,7305,52,5,26084.73
14611,7306,139,5,4159.23
14612,7306,16,5,2931.99
14613,7307,91,3,6848.12
14614,7307,58,2,27146.74
14615,7308,123,4,612.96
14616,7308,120,4,24465.41
14617,7309,9,3,19098.4
14618,7309,96,1,6710.71
14619,7310,54,4,30922.05
14620,7310,24,5,43820.15
14621,7311,20,5,81513.85
14622,7311,98,2,12384.57
14623,7312,79,4,33873.61
14624,7312,110,4,12983.38
14625,7313,81,5,37707.89
14626,7313,2,3,4930.4
14627,7314,52,3,26084.73
14628,7314,124,3,796.22
14629,7315,113,3,12566.23
14630,7315,75,3,3049.5
14631,7316,20,1,81513.85
14632,7316,28,3,54101.33
14633,7317,146,5,1905.39
14634,7317,65,3,8035.55
14635,7318,93,3,11413.05
14636,7318,65,3,8035.55
14637,7319,107,2,21829.1
14638,7319,55,2,18034.1
14639,7320,18,4,73820.52
14640,7320,146,1,1905.39
14641,7321,71,1,3528.52
14642,7321,27,5,8040.26
14643,7322,99,3,16689.48
14644,7322,49,3,8217.13
14645,7323,121,1,6772.08
14646,7323,105,1,8125.8
14647,7324,128,1,9263.29
14648,7324,38,5,30726.82
14649,7325,121,2,6772.08
14650,7325,128,2,9263.29
14651,7326,15,2,69325.73
14652,7326,147,3,14301.36
14653,7327,92,3,2654.0
14654,7327,74,4,41552.59
14655,7328,148,4,10266.15
14656,7328,45,4,5214.29
14657,7329,23,3,49555.53
14658,7329,37,3,25059.66
14659,7330,79,5,33873.61
14660,7330,55,5,18034.1
14661,7331,66,1,31441.05
14662,7331,116,3,6378.97
14663,7332,127,2,1177.88
14664,7332,56,1,33257.92
14665,7333,143,5,13026.41
14666,7333,101,1,5781.84
14667,7334,36,4,29242.97
14668,7334,73,3,37272.06
14669,7335,99,3,16689.48
14670,7335,93,1,11413.05
14671,7336,120,2,24465.41
14672,7336,121,2,6772.08
14673,7337,64,3,17689.49
14674,7337,35,2,33010.69
14675,7338,130,2,5954.55
14676,7338,52,5,26084.73
14677,7339,40,3,19403.2
14678,7339,105,3,8125.8
14679,7340,142,3,12489.82
14680,7340,111,4,9188.58
14681,7341,51,4,8341.82
14682,7341,105,5,8125.8
14683,7342,40,5,19403.2
14684,7342,121,3,6772.08
14685,7343,40,3,19403.2
14686,7343,72,2,49059.06
14687,7344,123,2,612.96
14688,7344,95,5,15378.47
14689,7345,30,5,12993.37
14690,7345,17,3,36162.26
14691,7346,130,1,5954.55
14692,7346,129,3,577.07
14693,7347,71,4,3528.52
14694,7347,110,4,12983.38
14695,7348,42,4,21976.79
14696,7348,58,5,27146.74
14697,7349,120,2,24465.41
14698,7349,68,5,19598.26
14699,7350,139,4,4159.23
14700,7350,49,3,8217.13
14701,7351,38,2,30726.82
14702,7351,29,4,8346.58
14703,7352,148,2,10266.15
14704,7352,58,4,27146.74
14705,7353,93,2,11413.05
14706,7353,104,1,6130.95
14707,7354,69,2,52834.09
14708,7354,44,4,19789.04
14709,7355,95,2,15378.47
14710,7355,121,4,6772.08
14711,7356,132,5,3011.07
14712,7356,40,3,19403.2
14713,7357,14,5,10437.0
14714,7357,23,5,49555.53
14715,7358,69,1,52834.09
14716,7358,44,2,19789.04
14717,7359,150,3,7113.49
14718,7359,74,4,41552.59
14719,7360,6,2,48408.63
14720,7360,66,5,31441.05
14721,7361,50,1,27118.65
14722,7361,48,4,12824.52
14723,7362,80,5,27401.27
14724,7362,43,5,14873.86
14725,7363,147,5,14301.36
14726,7363,42,1,21976.79
14727,7364,117,3,14181.77
14728,7364,74,5,41552.59
14729,7365,68,3,19598.26
14730,7365,131,4,3599.39
14731,7366,124,2,796.22
14732,7366,147,2,14301.36
14733,7367,25,1,53524.51
14734,7367,36,1,29242.97
14735,7368,147,4,14301.36
14736,7368,18,5,73820.52
14737,7369,120,2,24465.41
14738,7369,8,1,58505.04
14739,7370,19,1,17787.61
14740,7370,36,5,29242.97
14741,7371,48,4,12824.52
14742,7371,29,5,8346.58
14743,7372,36,2,29242.97
14744,7372,4,5,39584.54
14745,7373,78,3,26923.68
14746,7373,98,4,12384.57
14747,7374,89,1,4655.22
14748,7374,125,3,8947.13
14749,7375,8,3,58505.04
14750,7375,104,1,6130.95
14751,7376,35,2,33010.69
14752,7376,65,4,8035.55
14753,7377,28,3,54101.33
14754,7377,21,1,55484.17
14755,7378,103,4,22522.89
14756,7378,53,5,26871.05
14757,7379,110,3,12983.38
14758,7379,88,1,48004.49
14759,7380,102,4,18592.29
14760,7380,111,1,9188.58
14761,7381,79,4,33873.61
14762,7381,29,1,8346.58
14763,7382,117,4,14181.77
14764,7382,98,5,12384.57
14765,7383,97,5,3939.13
14766,7383,54,5,30922.05
14767,7384,21,1,55484.17
14768,7384,8,5,58505.04
14769,7385,143,5,13026.41
14770,7385,140,2,8987.09
14771,7386,117,2,14181.77
14772,7386,146,3,1905.39
14773,7387,40,4,19403.2
14774,7387,56,4,33257.92
14775,7388,124,3,796.22
14776,7388,25,2,53524.51
14777,7389,12,3,9596.51
14778,7389,92,1,2654.0
14779,7390,67,4,22314.95
14780,7390,65,3,8035.55
14781,7391,36,3,29242.97
14782,7391,49,5,8217.13
14783,7392,59,4,13085.83
14784,7392,62,5,6674.42
14785,7393,1,1,52539.0
14786,7393,126,1,12459.53
14787,7394,54,4,30922.05
14788,7394,82,5,23327.1
14789,7395,30,1,12993.37
14790,7395,111,1,9188.58
14791,7396,135,2,11516.05
14792,7396,86,3,15173.3
14793,7397,67,5,22314.95
14794,7397,112,5,17873.14
14795,7398,67,3,22314.95
14796,7398,120,1,24465.41
14797,7399,1,4,52539.0
14798,7399,41,2,30082.04
14799,7400,92,5,2654.0
14800,7400,86,3,15173.3
14801,7401,31,1,11490.6
14802,7401,117,2,14181.77
14803,7402,85,3,7335.47
14804,7402,96,4,6710.71
14805,7403,2,2,4930.4
14806,7403,127,5,1177.88
14807,7404,48,5,12824.52
14808,7404,38,1,30726.82
14809,7405,79,4,33873.61
14810,7405,98,2,12384.57
14811,7406,41,5,30082.04
14812,7406,134,5,4785.68
14813,7407,48,3,12824.52
14814,7407,45,5,5214.29
14815,7408,4,2,39584.54
14816,7408,26,1,72907.28
14817,7409,132,3,3011.07
14818,7409,110,1,12983.38
14819,7410,114,3,5726.03
14820,7410,147,2,14301.36
14821,7411,107,3,21829.1
14822,7411,146,5,1905.39
14823,7412,56,5,33257.92
14824,7412,115,5,21162.49
14825,7413,137,5,11390.83
14826,7413,82,5,23327.1
14827,7414,140,2,8987.09
14828,7414,140,1,8987.09
14829,7415,133,5,8127.63
14830,7415,101,4,5781.84
14831,7416,117,2,14181.77
14832,7416,113,1,12566.23
14833,7417,133,3,8127.63
14834,7417,7,5,23330.83
14835,7418,22,3,18186.29
14836,7418,109,2,8516.39
14837,7419,89,5,4655.22
14838,7419,15,5,69325.73
14839,7420,4,3,39584.54
14840,7420,123,5,612.96
14841,7421,20,4,81513.85
14842,7421,53,2,26871.05
14843,7422,47,5,23383.27
14844,7422,43,5,14873.86
14845,7423,135,1,11516.05
14846,7423,19,5,17787.61
14847,7424,100,2,6854.81
14848,7424,69,2,52834.09
14849,7425,137,1,11390.83
14850,7425,25,1,53524.51
14851,7426,130,1,5954.55
14852,7426,50,5,27118.65
14853,7427,101,3,5781.84
14854,7427,12,2,9596.51
14855,7428,10,4,38310.2
14856,7428,98,4,12384.57
14857,7429,87,3,45649.01
14858,7429,128,3,9263.29
14859,7430,26,5,72907.28
14860,7430,67,2,22314.95
14861,7431,52,5,26084.73
14862,7431,22,3,18186.29
14863,7432,6,1,48408.63
14864,7432,104,4,6130.95
14865,7433,106,2,19681.04
14866,7433,36,2,29242.97
14867,7434,94,5,1858.01
14868,7434,29,4,8346.58
14869,7435,2,2,4930.4
14870,7435,39,2,33931.85
14871,7436,123,4,612.96
14872,7436,150,5,7113.49
14873,7437,68,3,19598.26
14874,7437,15,3,69325.73
14875,7438,66,5,31441.05
14876,7438,91,2,6848.12
14877,7439,40,2,19403.2
14878,7439,65,5,8035.55
14879,7440,142,4,12489.82
14880,7440,119,5,19868.15
14881,7441,80,2,27401.27
14882,7441,37,1,25059.66
14883,7442,93,5,11413.05
14884,7442,89,5,4655.22
14885,7443,44,4,19789.04
14886,7443,121,3,6772.08
14887,7444,31,2,11490.6
14888,7444,2,5,4930.4
14889,7445,62,4,6674.42
14890,7445,59,2,13085.83
14891,7446,145,4,11360.29
14892,7446,43,5,14873.86
14893,7447,23,3,49555.53
14894,7447,16,2,2931.99
14895,7448,39,4,33931.85
14896,7448,130,1,5954.55
14897,7449,139,1,4159.23
14898,7449,74,4,41552.59
14899,7450,64,3,17689.49
14900,7450,85,1,7335.47
14901,7451,102,4,18592.29
14902,7451,109,3,8516.39
14903,7452,73,1,37272.06
14904,7452,124,5,796.22
14905,7453,30,2,12993.37
14906,7453,119,1,19868.15
14907,7454,86,4,15173.3
14908,7454,29,1,8346.58
14909,7455,60,2,33321.91
14910,7455,114,2,5726.03
14911,7456,60,3,33321.91
14912,7456,109,4,8516.39
14913,7457,43,3,14873.86
14914,7457,118,5,9811.84
14915,7458,55,2,18034.1
14916,7458,18,4,73820.52
14917,7459,136,3,682.08
14918,7459,73,3,37272.06
14919,7460,101,3,5781.84
14920,7460,84,2,5359.51
14921,7461,14,1,10437.0
14922,7461,51,2,8341.82
14923,7462,44,1,19789.04
14924,7462,94,4,1858.01
14925,7463,53,4,26871.05
14926,7463,28,5,54101.33
14927,7464,72,1,49059.06
14928,7464,45,1,5214.29
14929,7465,126,1,12459.53
14930,7465,46,4,32887.05
14931,7466,121,4,6772.08
14932,7466,30,5,12993.37
14933,7467,23,1,49555.53
14934,7467,26,4,72907.28
14935,7468,65,4,8035.55
14936,7468,11,5,69215.46
14937,7469,37,5,25059.66
14938,7469,36,1,29242.97
14939,7470,44,4,19789.04
14940,7470,36,4,29242.97
14941,7471,91,4,6848.12
14942,7471,86,3,15173.3
14943,7472,45,5,5214.29
14944,7472,64,2,17689.49
14945,7473,126,4,12459.53
14946,7473,127,2,1177.88
14947,7474,53,1,26871.05
14948,7474,42,2,21976.79
14949,7475,146,2,1905.39
14950,7475,1,5,52539.0
14951,7476,75,5,3049.5
14952,7476,87,1,45649.01
14953,7477,23,1,49555.53
14954,7477,104,1,6130.95
14955,7478,133,5,8127.63
14956,7478,97,2,3939.13
14957,7479,30,4,12993.37
14958,7479,75,5,3049.5
14959,7480,71,2,3528.52
14960,7480,5,2,84081.85
14961,7481,114,5,5726.03
14962,7481,19,5,17787.61
14963,7482,57,2,21935.06
14964,7482,84,2,5359.51
14965,7483,80,3,27401.27
14966,7483,138,3,13863.67
14967,7484,53,1,26871.05
14968,7484,128,2,9263.29
14969,7485,110,5,12983.38
14970,7485,34,1,2255.17
14971,7486,90,3,2864.12
14972,7486,105,4,8125.8
14973,7487,23,5,49555.53
14974,7487,35,1,33010.69
14975,7488,20,2,81513.85
14976,7488,67,5,22314.95
14977,7489,79,3,33873.61
14978,7489,30,4,12993.37
14979,7490,17,3,36162.26
14980,7490,74,3,41552.59
14981,7491,49,5,8217.13
14982,7491,97,1,3939.13
14983,7492,137,5,11390.83
14984,7492,7,4,23330.83
14985,7493,140,2,8987.09
14986,7493,18,3,73820.52
14987,7494,40,2,19403.2
14988,7494,65,5,8035.55
14989,7495,51,4,8341.82
14990,7495,36,4,29242.97
14991,7496,95,1,15378.47
14992,7496,148,1,10266.15
14993,7497,50,2,27118.65
14994,7497,4,3,39584.54
14995,7498,134,3,4785.68
14996,7498,55,4,18034.1
14997,7499,68,5,19598.26
14998,7499,94,5,1858.01
14999,7500,13,3,54402.04
15000,7500,135,2,11516.05
15001,7501,119,4,19868.15
15002,7501,74,2,41552.59
15003,7502,51,2,8341.82
15004,7502,105,5,8125.8
15005,7503,53,5,26871.05
15006,7503,2,5,4930.4
15007,7504,29,3,8346.58
15008,7504,120,2,24465.41
15009,7505,7,1,23330.83
15010,7505,144,1,11019.62
15011,7506,21,2,55484.17
15012,7506,94,4,1858.01
15013,7507,59,4,13085.83
15014,7507,137,2,11390.83
15015,7508,31,1,11490.6
15016,7508,85,4,7335.47
15017,7509,118,2,9811.84
15018,7509,55,5,18034.1
15019,7510,9,4,19098.4
15020,7510,99,3,16689.48
15021,7511,33,3,21649.9
15022,7511,106,4,19681.04
15023,7512,5,3,84081.85
15024,7512,96,2,6710.71
15025,7513,76,2,5024.14
15026,7513,81,2,37707.89
15027,7514,93,4,11413.05
15028,7514,87,1,45649.01
15029,7515,36,4,29242.97
15030,7515,124,1,796.22
15031,7516,82,2,23327.1
15032,7516,71,3,3528.52
15033,7517,86,4,15173.3
15034,7517,70,1,3243.71
15035,7518,76,3,5024.14
15036,7518,148,5,10266.15
15037,7519,41,4,30082.04
15038,7519,22,1,18186.29
15039,7520,12,5,9596.51
15040,7520,51,4,8341.82
15041,7521,145,1,11360.29
15042,7521,136,4,682.08
15043,7522,148,5,10266.15
15044,7522,10,3,38310.2
15045,7523,17,5,36162.26
15046,7523,105,3,8125.8
15047,7524,110,4,12983.38
15048,7524,52,5,26084.73
15049,7525,94,4,1858.01
15050,7525,77,5,23879.21
15051,7526,141,1,701.97
15052,7526,7,1,23330.83
15053,7527,36,3,29242.97
15054,7527,62,5,6674.42
15055,7528,9,3,19098.4
15056,7528,56,2,33257.92
15057,7529,29,3,8346.58
15058,7529,99,2,16689.48
15059,7530,107,1,21829.1
15060,7530,75,1,3049.5
15061,7531,34,3,2255.17
15062,7531,90,1,2864.12
15063,7532,124,1,796.22
15064,7532,77,5,23879.21
15065,7533,71,3,3528.52
15066,7533,34,5,2255.17
15067,7534,61,1,44878.78
15068,7534,85,2,7335.47
15069,7535,62,5,6674.42
15070,7535,106,1,19681.04
15071,7536,27,1,8040.26
15072,7536,96,2,6710.71
15073,7537,141,2,701.97
15074,7537,48,4,12824.52
15075,7538,83,2,21901.29
15076,7538,71,5,3528.52
15077,7539,84,5,5359.51
15078,7539,124,3,796.22
15079,7540,107,4,21829.1
15080,7540,80,3,27401.27
15081,7541,56,4,33257.92
15082,7541,54,2,30922.05
15083,7542,47,3,23383.27
15084,7542,6,2,48408.63
15085,7543,37,3,25059.66
15086,7543,102,4,18592.29
15087,7544,123,5,612.96
15088,7544,32,4,18206.86
15089,7545,58,2,27146.74
15090,7545,33,4,21649.9
15091,7546,95,4,15378.47
15092,7546,21,1,55484.17
15093,7547,76,1,5024.14
15094,7547,132,4,3011.07
15095,7548,54,3,30922.05
15096,7548,127,4,1177.88
15097,7549,120,5,24465.41
15098,7549,79,2,33873.61
15099,7550,98,3,12384.57
15100,7550,149,4,14866.1
15101,7551,133,3,8127.63
15102,7551,59,4,13085.83
15103,7552,46,1,32887.05
15104,7552,18,4,73820.52
15105,7553,26,1,72907.28
15106,7553,20,3,81513.85
15107,7554,48,2,12824.52
15108,7554,15,5,69325.73
15109,7555,18,5,73820.52
15110,7555,59,4,13085.83
15111,7556,38,4,30726.82
15112,7556,16,2,2931.99
15113,7557,78,4,26923.68
15114,7557,51,1,8341.82
15115,7558,116,5,6378.97
15116,7558,1,2,52539.0
15117,7559,64,4,17689.49
15118,7559,126,2,12459.53
15119,7560,109,2,8516.39
15120,7560,112,5,17873.14
15121,7561,149,4,14866.1
15122,7561,32,4,18206.86
15123,7562,142,4,12489.82
15124,7562,10,1,38310.2
15125,7563,27,4,8040.26
15126,7563,69,3,52834.09
15127,7564,52,5,26084.73
15128,7564,136,2,682.08
15129,7565,34,2,2255.17
15130,7565,24,5,43820.15
15131,7566,122,3,6970.32
15132,7566,1,2,52539.0
15133,7567,131,2,3599.39
15134,7567,63,1,29768.75
15135,7568,104,3,6130.95
15136,7568,64,1,17689.49
15137,7569,57,3,21935.06
15138,7569,147,1,14301.36
15139,7570,20,5,81513.85
15140,7570,19,5,17787.61
15141,7571,19,1,17787.61
15142,7571,41,1,30082.04
15143,7572,13,3,54402.04
15144,7572,16,2,2931.99
15145,7573,83,2,21901.29
15146,7573,143,1,13026.41
15147,7574,43,1,14873.86
15148,7574,79,3,33873.61
15149,7575,107,5,21829.1
15150,7575,113,5,12566.23
15151,7576,91,3,6848.12
15152,7576,64,4,17689.49
15153,7577,102,3,18592.29
15154,7577,67,3,22314.95
15155,7578,83,2,21901.29
15156,7578,18,5,73820.52
15157,7579,3,5,28995.64
15158,7579,81,5,37707.89
15159,7580,87,3,45649.01
15160,7580,68,5,19598.26
15161,7581,112,2,17873.14
15162,7581,77,5,23879.21
15163,7582,124,1,796.22
15164,7582,132,2,3011.07
15165,7583,47,5,23383.27
15166,7583,86,1,15173.3
15167,7584,101,1,5781.84
15168,7584,137,1,11390.83
15169,7585,13,5,54402.04
15170,7585,150,5,7113.49
15171,7586,80,3,27401.27
15172,7586,46,4,32887.05
15173,7587,107,1,21829.1
15174,7587,139,5,4159.23
15175,7588,3,2,28995.64
15176,7588,68,2,19598.26
15177,7589,124,3,796.22
15178,7589,55,3,18034.1
15179,7590,21,5,55484.17
15180,7590,68,2,19598.26
15181,7591,69,2,52834.09
15182,7591,84,1,5359.51
15183,7592,67,5,22314.95
15184,7592,29,3,8346.58
15185,7593,140,3,8987.09
15186,7593,60,5,33321.91
15187,7594,102,5,18592.29
15188,7594,51,1,8341.82
15189,7595,141,3,701.97
15190,7595,44,3,19789.04
15191,7596,62,3,6674.42
15192,7596,120,2,24465.41
15193,7597,125,2,8947.13
15194,7597,82,4,23327.1
15195,7598,114,2,5726.03
15196,7598,5,4,84081.85
15197,7599,60,5,33321.91
15198,7599,96,3,6710.71
15199,7600,98,1,12384.57
15200,7600,11,5,69215.46
15201,7601,15,4,69325.73
15202,7601,61,3,44878.78
15203,7602,42,3,21976.79
15204,7602,141,4,701.97
15205,7603,121,4,6772.08
15206,7603,42,4,21976.79
15207,7604,46,3,32887.05
15208,7604,126,4,12459.53
15209,7605,40,2,19403.2
15210,7605,146,4,1905.39
15211,7606,129,2,577.07
15212,7606,72,5,49059.06
15213,7607,24,5,43820.15
15214,7607,36,3,29242.97
15215,7608,83,3,21901.29
15216,7608,59,4,13085.83
15217,7609,44,3,19789.04
15218,7609,40,1,19403.2
15219,7610,15,5,69325.73
15220,7610,43,5,14873.86
15221,7611,106,5,19681.04
15222,7611,89,2,4655.22
15223,7612,138,1,13863.67
15224,7612,128,1,9263.29
15225,7613,124,4,796.22
15226,7613,18,5,73820.52
15227,7614,135,1,11516.05
15228,7614,88,5,48004.49
15229,7615,81,5,37707.89
15230,7615,43,2,14873.86
15231,7616,118,5,9811.84
15232,7616,53,3,26871.05
15233,7617,102,2,18592.29
15234,7617,86,3,15173.3
15235,7618,24,4,43820.15
15236,7618,85,3,7335.47
15237,7619,50,3,27118.65
15238,7619,105,4,8125.8
15239,7620,15,5,69325.73
15240,7620,126,2,12459.53
15241,7621,130,5,5954.55
15242,7621,53,5,26871.05
15243,7622,25,1,53524.51
15244,7622,39,5,33931.85
15245,7623,24,1,43820.15
15246,7623,5,1,84081.85
15247,7624,144,1,11019.62
15248,7624,23,2,49555.53
15249,7625,132,1,3011.07
15250,7625,93,2,11413.05
15251,7626,4,4,39584.54
15252,7626,50,3,27118.65
15253,7627,127,2,1177.88
15254,7627,70,2,3243.71
15255,7628,76,3,5024.14
15256,7628,9,3,19098.4
15257,7629,138,5,13863.67
15258,7629,8,2,58505.04
15259,7630,23,4,49555.53
15260,7630,114,2,5726.03
15261,7631,16,4,2931.99
15262,7631,73,3,37272.06
15263,7632,124,2,796.22
15264,7632,36,4,29242.97
15265,7633,112,3,17873.14
15266,7633,64,5,17689.49
15267,7634,17,1,36162.26
15268,7634,121,2,6772.08
15269,7635,43,5,14873.86
15270,7635,60,4,33321.91
15271,7636,84,1,5359.51
15272,7636,149,5,14866.1
15273,7637,35,5,33010.69
15274,7637,116,1,6378.97
15275,7638,66,5,31441.05
15276,7638,84,5,5359.51
15277,7639,89,5,4655.22
15278,7639,51,5,8341.82
15279,7640,145,4,11360.29
15280,7640,142,4,12489.82
15281,7641,39,4,33931.85
15282,7641,27,5,8040.26
15283,7642,111,5,9188.58
15284,7642,124,1,796.22
15285,7643,103,5,22522.89
15286,7643,115,4,21162.49
15287,7644,89,3,4655.22
15288,7644,31,1,11490.6
15289,7645,133,3,8127.63
15290,7645,128,4,9263.29
15291,7646,43,5,14873.86
15292,7646,114,3,5726.03
15293,7647,147,3,14301.36
15294,7647,115,5,21162.49
15295,7648,24,4,43820.15
15296,7648,30,4,12993.37
15297,7649,21,1,55484.17
15298,7649,46,4,32887.05
15299,7650,111,2,9188.58
15300,7650,4,5,39584.54
15301,7651,13,1,54402.04
15302,7651,92,4,2654.0
15303,7652,58,1,27146.74
15304,7652,76,3,5024.14
15305,7653,38,2,30726.82
15306,7653,22,5,18186.29
15307,7654,26,2,72907.28
15308,7654,66,2,31441.05
15309,7655,125,3,8947.13
15310,7655,124,3,796.22
15311,7656,105,4,8125.8
15312,7656,97,4,3939.13
15313,7657,82,3,23327.1
15314,7657,38,1,30726.82
15315,7658,137,4,11390.83
15316,7658,97,4,3939.13
15317,7659,73,3,37272.06
15318,7659,16,4,2931.99
15319,7660,10,4,38310.2
15320,7660,51,1,8341.82
15321,7661,132,1,3011.07
15322,7661,79,3,33873.61
15323,7662,42,1,21976.79
15324,7662,7,2,23330.83
15325,7663,1,5,52539.0
15326,7663,10,1,38310.2
15327,7664,102,4,18592.29
15328,7664,74,3,41552.59
15329,7665,54,4,30922.05
15330,7665,23,5,49555.53
15331,7666,58,3,27146.74
15332,7666,51,5,8341.82
15333,7667,83,5,21901.29
15334,7667,33,3,21649.9
15335,7668,4,4,39584.54
15336,7668,134,3,4785.68
15337,7669,143,5,13026.41
15338,7669,149,2,14866.1
15339,7670,134,1,4785.68
15340,7670,52,3,26084.73
15341,7671,36,3,29242.97
15342,7671,103,2,22522.89
15343,7672,70,4,3243.71
15344,7672,11,2,69215.46
15345,7673,18,4,73820.52
15346,7673,115,1,21162.49
15347,7674,33,3,21649.9
15348,7674,52,5,26084.73
15349,7675,62,4,6674.42
15350,7675,149,4,14866.1
15351,7676,116,5,6378.97
15352,7676,26,1,72907.28
15353,7677,47,2,23383.27
15354,7677,3,5,28995.64
15355,7678,101,5,5781.84
15356,7678,94,5,1858.01
15357,7679,42,3,21976.79
15358,7679,17,4,36162.26
15359,7680,73,5,37272.06
15360,7680,27,3,8040.26
15361,7681,95,3,15378.47
15362,7681,147,2,14301.36
15363,7682,92,2,2654.0
15364,7682,77,4,23879.21
15365,7683,3,3,28995.64
15366,7683,139,1,4159.23
15367,7684,25,5,53524.51
15368,7684,81,2,37707.89
15369,7685,57,4,21935.06
15370,7685,28,2,54101.33
15371,7686,126,4,12459.53
15372,7686,81,2,37707.89
15373,7687,77,2,23879.21
15374,7687,66,3,31441.05
15375,7688,22,2,18186.29
15376,7688,92,2,2654.0
15377,7689,98,5,12384.57
15378,7689,89,5,4655.22
15379,7690,109,3,8516.39
15380,7690,51,2,8341.82
15381,7691,30,1,12993.37
15382,7691,69,3,52834.09
15383,7692,56,5,33257.92
15384,7692,37,1,25059.66
15385,7693,127,4,1177.88
15386,7693,16,5,2931.99
15387,7694,51,5,8341.82
15388,7694,94,3,1858.01
15389,7695,2,4,4930.4
15390,7695,64,3,17689.49
15391,7696,25,4,53524.51
15392,7696,8,5,58505.04
15393,7697,131,3,3599.39
15394,7697,24,3,43820.15
15395,7698,94,3,1858.01
15396,7698,143,2,13026.41
15397,7699,14,2,10437.0
15398,7699,139,4,4159.23
15399,7700,16,4,2931.99
15400,7700,84,3,5359.51
15401,7701,23,2,49555.53
15402,7701,138,1,13863.67
15403,7702,34,1,2255.17
15404,7702,136,3,682.08
15405,7703,15,4,69325.73
15406,7703,100,4,6854.81
15407,7704,127,2,1177.88
15408,7704,146,1,1905.39
15409,7705,75,5,3049.5
15410,7705,4,4,39584.54
15411,7706,141,2,701.97
15412,7706,79,2,33873.61
15413,7707,50,4,27118.65
15414,7707,32,4,18206.86
15415,7708,1,4,52539.0
15416,7708,52,1,26084.73
15417,7709,45,3,5214.29
15418,7709,142,2,12489.82
15419,7710,100,4,6854.81
15420,7710,141,2,701.97
15421,7711,73,1,37272.06
15422,7711,99,2,16689.48
15423,7712,133,2,8127.63
15424,7712,74,4,41552.59
15425,7713,109,1,8516.39
15426,7713,28,4,54101.33
15427,7714,74,5,41552.59
15428,7714,93,2,11413.05
15429,7715,135,4,11516.05
15430,7715,104,4,6130.95
15431,7716,146,5,1905.39
15432,7716,116,4,6378.97
15433,7717,78,3,26923.68
15434,7717,54,2,30922.05
15435,7718,23,2,49555.53
15436,7718,81,3,37707.89
15437,7719,126,3,12459.53
15438,7719,98,1,12384.57
15439,7720,142,1,12489.82
15440,7720,6,4,48408.63
15441,7721,58,4,27146.74
15442,7721,102,2,18592.29
15443,7722,47,3,23383.27
15444,7722,32,3,18206.86
15445,7723,19,5,17787.61
15446,7723,138,1,13863.67
15447,7724,14,2,10437.0
15448,7724,81,1,37707.89
15449,7725,127,5,1177.88
15450,7725,83,2,21901.29
15451,7726,113,2,12566.23
15452,7726,62,3,6674.42
15453,7727,2,2,4930.4
15454,7727,4,4,39584.54
15455,7728,123,2,612.96
15456,7728,52,5,26084.73
15457,7729,34,4,2255.17
15458,7729,136,1,682.08
15459,7730,66,4,31441.05
15460,7730,100,4,6854.81
15461,7731,97,4,3939.13
15462,7731,21,3,55484.17
15463,7732,146,5,1905.39
15464,7732,63,5,29768.75
15465,7733,102,3,18592.29
15466,7733,142,5,12489.82
15467,7734,122,5,6970.32
15468,7734,130,4,5954.55
15469,7735,51,5,8341.82
15470,7735,17,2,36162.26
15471,7736,146,3,1905.39
15472,7736,97,3,3939.13
15473,7737,126,4,12459.53
15474,7737,9,2,19098.4
15475,7738,70,5,3243.71
15476,7738,25,2,53524.51
15477,7739,79,4,33873.61
15478,7739,145,1,11360.29
15479,7740,42,3,21976.79
15480,7740,98,5,12384.57
15481,7741,23,4,49555.53
15482,7741,109,3,8516.39
15483,7742,3,1,28995.64
15484,7742,125,3,8947.13
15485,7743,141,5,701.97
15486,7743,15,5,69325.73
15487,7744,11,1,69215.46
15488,7744,57,1,21935.06
15489,7745,48,5,12824.52
15490,7745,124,5,796.22
15491,7746,58,2,27146.74
15492,7746,42,1,21976.79
15493,7747,110,4,12983.38
15494,7747,23,3,49555.53
15495,7748,110,4,12983.38
15496,7748,16,2,2931.99
15497,7749,24,2,43820.15
15498,7749,131,4,3599.39
15499,7750,22,2,18186.29
15500,7750,37,1,25059.66
15501,7751,72,4,49059.06
15502,7751,88,2,48004.49
15503,7752,89,2,4655.22
15504,7752,132,3,3011.07
15505,7753,58,5,27146.74
15506,7753,110,2,12983.38
15507,7754,48,2,12824.52
15508,7754,43,1,14873.86
15509,7755,124,1,796.22
15510,7755,90,1,2864.12
15511,7756,114,3,5726.03
15512,7756,118,5,9811.84
15513,7757,3,3,28995.64
15514,7757,124,5,796.22
15515,7758,70,1,3243.71
15516,7758,41,4,30082.04
15517,7759,69,2,52834.09
15518,7759,143,5,13026.41
15519,7760,113,5,12566.23
15520,7760,116,1,6378.97
15521,7761,95,2,15378.47
15522,7761,37,4,25059.66
15523,7762,132,4,3011.07
15524,7762,107,4,21829.1
15525,7763,16,1,2931.99
15526,7763,107,5,21829.1
15527,7764,99,1,16689.48
15528,7764,140,1,8987.09
15529,7765,69,4,52834.09
15530,7765,98,2,12384.57
15531,7766,35,2,33010.69
15532,7766,23,3,49555.53
15533,7767,117,1,14181.77
15534,7767,27,5,8040.26
15535,7768,92,2,2654.0
15536,7768,105,4,8125.8
15537,7769,90,2,2864.12
15538,7769,52,1,26084.73
15539,7770,101,4,5781.84
15540,7770,116,2,6378.97
15541,7771,83,3,21901.29
15542,7771,66,4,31441.05
15543,7772,86,3,15173.3
15544,7772,109,5,8516.39
15545,7773,36,3,29242.97
15546,7773,67,2,22314.95
15547,7774,120,4,24465.41
15548,7774,32,5,18206.86
15549,7775,86,3,15173.3
15550,7775,20,4,81513.85
15551,7776,137,4,11390.83
15552,7776,125,1,8947.13
15553,7777,5,1,84081.85
15554,7777,143,3,13026.41
15555,7778,140,3,8987.09
15556,7778,92,4,2654.0
15557,7779,76,5,5024.14
15558,7779,10,2,38310.2
15559,7780,95,4,15378.47
15560,7780,113,4,12566.23
15561,7781,30,1,12993.37
15562,7781,89,4,4655.22
15563,7782,73,1,37272.06
15564,7782,82,5,23327.1
15565,7783,127,2,1177.88
15566,7783,80,2,27401.27
15567,7784,42,2,21976.79
15568,7784,92,2,2654.0
15569,7785,138,4,13863.67
15570,7785,30,5,12993.37
15571,7786,32,4,18206.86
15572,7786,64,1,17689.49
15573,7787,65,2,8035.55
15574,7787,14,5,10437.0
15575,7788,9,2,19098.4
15576,7788,13,4,54402.04
15577,7789,131,1,3599.39
15578,7789,142,2,12489.82
15579,7790,110,5,12983.38
15580,7790,31,2,11490.6
15581,7791,65,5,8035.55
15582,7791,118,1,9811.84
15583,7792,63,4,29768.75
15584,7792,55,5,18034.1
15585,7793,140,4,8987.09
15586,7793,40,3,19403.2
15587,7794,12,1,9596.51
15588,7794,36,3,29242.97
15589,7795,62,2,6674.42
15590,7795,66,1,31441.05
15591,7796,88,1,48004.49
15592,7796,69,5,52834.09
15593,7797,23,1,49555.53
15594,7797,64,5,17689.49
15595,7798,13,5,54402.04
15596,7798,19,5,17787.61
15597,7799,21,2,55484.17
15598,7799,122,5,6970.32
15599,7800,120,2,24465.41
15600,7800,72,1,49059.06
15601,7801,115,3,21162.49
15602,7801,47,2,23383.27
15603,7802,106,3,19681.04
15604,7802,65,5,8035.55
15605,7803,137,3,11390.83
15606,7803,29,1,8346.58
15607,7804,28,1,54101.33
15608,7804,33,1,21649.9
15609,7805,30,2,12993.37
15610,7805,52,3,26084.73
15611,7806,11,4,69215.46
15612,7806,130,1,5954.55
15613,7807,68,2,19598.26
15614,7807,110,4,12983.38
15615,7808,64,2,17689.49
15616,7808,126,3,12459.53
15617,7809,146,2,1905.39
15618,7809,68,5,19598.26
15619,7810,122,3,6970.32
15620,7810,94,2,1858.01
15621,7811,84,3,5359.51
15622,7811,127,5,1177.88
15623,7812,115,5,21162.49
15624,7812,150,4,7113.49
15625,7813,63,2,29768.75
15626,7813,61,5,44878.78
15627,7814,112,4,17873.14
15628,7814,77,2,23879.21
15629,7815,147,4,14301.36
15630,7815,67,2,22314.95
15631,7816,40,3,19403.2
15632,7816,80,1,27401.27
15633,7817,114,3,5726.03
15634,7817,54,5,30922.05
15635,7818,109,4,8516.39
15636,7818,120,3,24465.41
15637,7819,57,4,21935.06
15638,7819,36,1,29242.97
15639,7820,2,2,4930.4
15640,7820,125,2,8947.13
15641,7821,86,5,15173.3
15642,7821,17,1,36162.26
15643,7822,113,5,12566.23
15644,7822,16,2,2931.99
15645,7823,76,4,5024.14
15646,7823,95,4,15378.47
15647,7824,123,1,612.96
15648,7824,121,4,6772.08
15649,7825,10,2,38310.2
15650,7825,18,3,73820.52
15651,7826,124,3,796.22
15652,7826,93,3,11413.05
15653,7827,9,1,19098.4
15654,7827,70,5,3243.71
15655,7828,36,2,29242.97
15656,7828,71,4,3528.52
15657,7829,145,2,11360.29
15658,7829,32,5,18206.86
15659,7830,69,3,52834.09
15660,7830,113,3,12566.23
15661,7831,73,2,37272.06
15662,7831,23,4,49555.53
15663,7832,15,4,69325.73
15664,7832,127,5,1177.88
15665,7833,51,4,8341.82
15666,7833,125,4,8947.13
15667,7834,5,4,84081.85
15668,7834,147,4,14301.36
15669,7835,134,4,4785.68
15670,7835,148,5,10266.15
15671,7836,33,5,21649.9
15672,7836,98,2,12384.57
15673,7837,14,5,10437.0
15674,7837,44,3,19789.04
15675,7838,57,5,21935.06
15676,7838,10,1,38310.2
15677,7839,90,3,2864.12
15678,7839,57,1,21935.06
15679,7840,97,4,3939.13
15680,7840,2,3,4930.4
15681,7841,13,3,54402.04
15682,7841,145,2,11360.29
15683,7842,43,2,14873.86
15684,7842,65,1,8035.55
15685,7843,112,4,17873.14
15686,7843,108,1,13549.63
15687,7844,104,3,6130.95
15688,7844,12,4,9596.51
15689,7845,68,4,19598.26
15690,7845,42,4,21976.79
15691,7846,135,5,11516.05
15692,7846,109,4,8516.39
15693,7847,52,5,26084.73
15694,7847,3,1,28995.64
15695,7848,53,2,26871.05
15696,7848,27,2,8040.26
15697,7849,121,3,6772.08
15698,7849,136,4,682.08
15699,7850,130,1,5954.55
15700,7850,119,4,19868.15
15701,7851,100,4,6854.81
15702,7851,113,3,12566.23
15703,7852,139,2,4159.23
15704,7852,29,2,8346.58
15705,7853,24,2,43820.15
15706,7853,126,5,12459.53
15707,7854,93,3,11413.05
15708,7854,40,5,19403.2
15709,7855,110,3,12983.38
15710,7855,135,5,11516.05
15711,7856,56,5,33257.92
15712,7856,141,5,701.97
15713,7857,105,1,8125.8
15714,7857,30,2,12993.37
15715,7858,92,3,2654.0
15716,7858,70,2,3243.71
15717,7859,74,1,41552.59
15718,7859,84,3,5359.51
15719,7860,21,4,55484.17
15720,7860,48,3,12824.52
15721,7861,93,5,11413.05
15722,7861,15,5,69325.73
15723,7862,19,4,17787.61
15724,7862,130,4,5954.55
15725,7863,125,4,8947.13
15726,7863,39,5,33931.85
15727,7864,137,4,11390.83
15728,7864,58,4,27146.74
15729,7865,8,3,58505.04
15730,7865,27,1,8040.26
15731,7866,1,2,52539.0
15732,7866,91,2,6848.12
15733,7867,92,5,2654.0
15734,7867,61,5,44878.78
15735,7868,84,2,5359.51
15736,7868,83,5,21901.29
15737,7869,16,1,2931.99
15738,7869,7,5,23330.83
15739,7870,111,2,9188.58
15740,7870,22,5,18186.29
15741,7871,11,1,69215.46
15742,7871,147,5,14301.36
15743,7872,104,2,6130.95
15744,7872,51,1,8341.82
15745,7873,104,4,6130.95
15746,7873,89,5,4655.22
15747,7874,58,4,27146.74
15748,7874,56,3,33257.92
15749,7875,13,1,54402.04
15750,7875,9,2,19098.4
15751,7876,133,1,8127.63
15752,7876,3,4,28995.64
15753,7877,25,5,53524.51
15754,7877,86,5,15173.3
15755,7878,122,2,6970.32
15756,7878,2,1,4930.4
15757,7879,47,3,23383.27
15758,7879,72,1,49059.06
15759,7880,143,5,13026.41
15760,7880,41,2,30082.04
15761,7881,72,5,49059.06
15762,7881,45,2,5214.29
15763,7882,45,3,5214.29
15764,7882,119,1,19868.15
15765,7883,90,3,2864.12
15766,7883,31,3,11490.6
15767,7884,24,3,43820.15
15768,7884,41,5,30082.04
15769,7885,93,3,11413.05
15770,7885,143,5,13026.41
15771,7886,91,5,6848.12
15772,7886,134,4,4785.68
15773,7887,24,1,43820.15
15774,7887,105,5,8125.8
15775,7888,8,2,58505.04
15776,7888,31,2,11490.6
15777,7889,134,4,4785.68
15778,7889,139,4,4159.23
15779,7890,18,1,73820.52
15780,7890,140,2,8987.09
15781,7891,145,3,11360.29
15782,7891,128,3,9263.29
15783,7892,38,4,30726.82
15784,7892,26,2,72907.28
15785,7893,149,1,14866.1
15786,7893,72,2,49059.06
15787,7894,74,1,41552.59
15788,7894,134,2,4785.68
15789,7895,128,3,9263.29
15790,7895,98,1,12384.57
15791,7896,136,1,682.08
15792,7896,109,3,8516.39
15793,7897,77,2,23879.21
15794,7897,53,4,26871.05
15795,7898,52,1,26084.73
15796,7898,13,1,54402.04
15797,7899,9,4,19098.4
15798,7899,45,5,5214.29
15799,7900,22,2,18186.29
15800,7900,13,3,54402.04
15801,7901,26,1,72907.28
15802,7901,72,1,49059.06
15803,7902,100,2,6854.81
15804,7902,56,1,33257.92
15805,7903,72,4,49059.06
15806,7903,101,4,5781.84
15807,7904,52,1,26084.73
15808,7904,13,5,54402.04
15809,7905,27,4,8040.26
15810,7905,75,4,3049.5
15811,7906,20,5,81513.85
15812,7906,20,3,81513.85
15813,7907,144,3,11019.62
15814,7907,55,1,18034.1
15815,7908,133,5,8127.63
15816,7908,108,4,13549.63
15817,7909,65,4,8035.55
15818,7909,63,1,29768.75
15819,7910,148,3,10266.15
15820,7910,88,2,48004.49
15821,7911,52,4,26084.73
15822,7911,33,1,21649.9
15823,7912,3,2,28995.64
15824,7912,105,1,8125.8
15825,7913,100,3,6854.81
15826,7913,69,2,52834.09
15827,7914,131,3,3599.39
15828,7914,65,1,8035.55
15829,7915,34,4,2255.17
15830,7915,58,2,27146.74
15831,7916,108,2,13549.63
15832,7916,60,4,33321.91
15833,7917,107,2,21829.1
15834,7917,69,3,52834.09
15835,7918,145,4,11360.29
15836,7918,42,4,21976.79
15837,7919,53,3,26871.05
15838,7919,54,3,30922.05
15839,7920,33,2,21649.9
15840,7920,118,4,9811.84
15841,7921,68,5,19598.26
15842,7921,10,4,38310.2
15843,7922,109,4,8516.39
15844,7922,106,1,19681.04
15845,7923,145,4,11360.29
15846,7923,82,3,23327.1
15847,7924,91,5,6848.12
15848,7924,43,3,14873.86
15849,7925,69,3,52834.09
15850,7925,148,3,10266.15
15851,7926,18,4,73820.52
15852,7926,111,3,9188.58
15853,7927,43,3,14873.86
15854,7927,62,2,6674.42
15855,7928,123,2,612.96
15856,7928,142,3,12489.82
15857,7929,137,5,11390.83
15858,7929,122,4,6970.32
15859,7930,20,1,81513.85
15860,7930,15,3,69325.73
15861,7931,65,5,8035.55
15862,7931,37,4,25059.66
15863,7932,11,4,69215.46
15864,7932,10,5,38310.2
15865,7933,118,1,9811.84
15866,7933,55,1,18034.1
15867,7934,119,2,19868.15
15868,7934,131,3,3599.39
15869,7935,132,1,3011.07
15870,7935,39,1,33931.85
15871,7936,134,2,4785.68
15872,7936,13,4,54402.04
15873,7937,75,4,3049.5
15874,7937,6,2,48408.63
15875,7938,135,5,11516.05
15876,7938,51,4,8341.82
15877,7939,133,3,8127.63
15878,7939,125,5,8947.13
15879,7940,106,1,19681.04
15880,7940,23,3,49555.53
15881,7941,134,1,4785.68
15882,7941,66,2,31441.05
15883,7942,56,5,33257.92
15884,7942,137,5,11390.83
15885,7943,22,5,18186.29
15886,7943,111,5,9188.58
15887,7944,107,4,21829.1
15888,7944,86,1,15173.3
15889,7945,77,3,23879.21
15890,7945,108,3,13549.63
15891,7946,54,1,30922.05
15892,7946,127,4,1177.88
15893,7947,47,1,23383.27
15894,7947,120,5,24465.41
15895,7948,13,2,54402.04
15896,7948,140,2,8987.09
15897,7949,118,2,9811.84
15898,7949,146,5,1905.39
15899,7950,12,5,9596.51
15900,7950,137,5,11390.83
15901,7951,148,3,10266.15
15902,7951,58,4,27146.74
15903,7952,118,3,9811.84
15904,7952,115,4,21162.49
15905,7953,54,1,30922.05
15906,7953,74,3,41552.59
15907,7954,19,1,17787.61
15908,7954,93,5,11413.05
15909,7955,56,4,33257.92
15910,7955,141,3,701.97
15911,7956,132,4,3011.07
15912,7956,11,1,69215.46
15913,7957,96,3,6710.71
15914,7957,36,3,29242.97
15915,7958,19,5,17787.61
15916,7958,132,4,3011.07
15917,7959,133,5,8127.63
15918,7959,13,3,54402.04
15919,7960,90,1,2864.12
15920,7960,126,4,12459.53
15921,7961,131,5,3599.39
15922,7961,68,2,19598.26
15923,7962,149,5,14866.1
15924,7962,95,1,15378.47
15925,7963,26,5,72907.28
15926,7963,21,3,55484.17
15927,7964,136,2,682.08
15928,7964,85,1,7335.47
15929,7965,44,4,19789.04
15930,7965,91,2,6848.12
15931,7966,136,4,682.08
15932,7966,147,1,14301.36
15933,7967,83,5,21901.29
15934,7967,115,2,21162.49
15935,7968,2,4,4930.4
15936,7968,114,4,5726.03
15937,7969,144,1,11019.62
15938,7969,13,5,54402.04
15939,7970,141,1,701.97
15940,7970,63,1,29768.75
15941,7971,96,4,6710.71
15942,7971,88,3,48004.49
15943,7972,26,1,72907.28
15944,7972,3,2,28995.64
15945,7973,26,4,72907.28
15946,7973,150,5,7113.49
15947,7974,100,2,6854.81
15948,7974,20,2,81513.85
15949,7975,147,2,14301.36
15950,7975,51,5,8341.82
15951,7976,31,4,11490.6
15952,7976,93,1,11413.05
15953,7977,67,2,22314.95
15954,7977,65,2,8035.55
15955,7978,38,5,30726.82
15956,7978,71,2,3528.52
15957,7979,40,5,19403.2
15958,7979,79,1,33873.61
15959,7980,109,3,8516.39
15960,7980,85,2,7335.47
15961,7981,60,5,33321.91
15962,7981,79,3,33873.61
15963,7982,42,3,21976.79
15964,7982,116,5,6378.97
15965,7983,68,1,19598.26
15966,7983,119,2,19868.15
15967,7984,86,4,15173.3
15968,7984,28,5,54101.33
15969,7985,140,2,8987.09
15970,7985,133,3,8127.63
15971,7986,53,2,26871.05
15972,7986,36,2,29242.97
15973,7987,27,5,8040.26
15974,7987,90,1,2864.12
15975,7988,41,1,30082.04
15976,7988,85,3,7335.47
15977,7989,136,4,682.08
15978,7989,139,5,4159.23
15979,7990,125,1,8947.13
15980,7990,135,4,11516.05
15981,7991,80,4,27401.27
15982,7991,125,3,8947.13
15983,7992,16,5,2931.99
15984,7992,3,4,28995.64
15985,7993,28,3,54101.33
15986,7993,56,3,33257.92
15987,7994,98,2,12384.57
15988,7994,17,1,36162.26
15989,7995,138,2,13863.67
15990,7995,61,2,44878.78
15991,7996,19,1,17787.61
15992,7996,32,3,18206.86
15993,7997,4,5,39584.54
15994,7997,48,3,12824.52
15995,7998,131,4,3599.39
15996,7998,23,1,49555.53
15997,7999,77,1,23879.21
15998,7999,105,2,8125.8
15999,8000,92,3,2654.0
16000,8000,89,4,4655.22
16001,8001,129,5,577.07
16002,8001,70,1,3243.71
16003,8002,73,3,37272.06
16004,8002,117,3,14181.77
16005,8003,123,2,612.96
16006,8003,89,3,4655.22
16007,8004,144,4,11019.62
16008,8004,136,3,682.08
16009,8005,128,4,9263.29
16010,8005,123,1,612.96
16011,8006,99,2,16689.48
16012,8006,78,3,26923.68
16013,8007,128,4,9263.29
16014,8007,145,5,11360.29
16015,8008,115,2,21162.49
16016,8008,52,1,26084.73
16017,8009,22,5,18186.29
16018,8009,113,3,12566.23
16019,8010,115,3,21162.49
16020,8010,64,1,17689.49
16021,8011,76,3,5024.14
16022,8011,52,4,26084.73
16023,8012,14,4,10437.0
16024,8012,70,4,3243.71
16025,8013,26,2,72907.28
16026,8013,20,3,81513.85
16027,8014,56,5,33257.92
16028,8014,106,5,19681.04
16029,8015,39,4,33931.85
16030,8015,22,5,18186.29
16031,8016,33,5,21649.9
16032,8016,44,4,19789.04
16033,8017,60,1,33321.91
16034,8017,114,3,5726.03
16035,8018,12,3,9596.51
16036,8018,113,3,12566.23
16037,8019,120,1,24465.41
16038,8019,145,4,11360.29
16039,8020,79,1,33873.61
16040,8020,68,1,19598.26
16041,8021,127,3,1177.88
16042,8021,84,1,5359.51
16043,8022,25,1,53524.51
16044,8022,86,5,15173.3
16045,8023,92,5,2654.0
16046,8023,64,1,17689.49
16047,8024,141,3,701.97
16048,8024,124,1,796.22
16049,8025,114,3,5726.03
16050,8025,23,4,49555.53
16051,8026,69,3,52834.09
16052,8026,115,5,21162.49
16053,8027,84,5,5359.51
16054,8027,147,3,14301.36
16055,8028,66,2,31441.05
16056,8028,119,4,19868.15
16057,8029,41,1,30082.04
16058,8029,6,5,48408.63
16059,8030,146,4,1905.39
16060,8030,67,5,22314.95
16061,8031,91,3,6848.12
16062,8031,43,1,14873.86
16063,8032,129,3,577.07
16064,8032,144,1,11019.62
16065,8033,60,5,33321.91
16066,8033,86,1,15173.3
16067,8034,4,3,39584.54
16068,8034,126,4,12459.53
16069,8035,32,5,18206.86
16070,8035,111,4,9188.58
16071,8036,59,1,13085.83
16072,8036,134,3,4785.68
16073,8037,99,2,16689.48
16074,8037,97,2,3939.13
16075,8038,58,5,27146.74
16076,8038,47,3,23383.27
16077,8039,23,3,49555.53
16078,8039,23,2,49555.53
16079,8040,73,1,37272.06
16080,8040,22,4,18186.29
16081,8041,71,5,3528.52
16082,8041,119,1,19868.15
16083,8042,53,4,26871.05
16084,8042,67,1,22314.95
16085,8043,33,3,21649.9
16086,8043,69,1,52834.09
16087,8044,134,5,4785.68
16088,8044,88,1,48004.49
16089,8045,134,1,4785.68
16090,8045,103,3,22522.89
16091,8046,142,4,12489.82
16092,8046,122,2,6970.32
16093,8047,122,5,6970.32
16094,8047,98,3,12384.57
16095,8048,27,4,8040.26
16096,8048,148,2,10266.15
16097,8049,144,3,11019.62
16098,8049,36,3,29242.97
16099,8050,37,4,25059.66
16100,8050,76,4,5024.14
16101,8051,3,3,28995.64
16102,8051,98,3,12384.57
16103,8052,116,1,6378.97
16104,8052,118,2,9811.84
16105,8053,113,4,12566.23
16106,8053,18,3,73820.52
16107,8054,117,5,14181.77
16108,8054,114,2,5726.03
16109,8055,146,2,1905.39
16110,8055,1,4,52539.0
16111,8056,2,5,4930.4
16112,8056,147,5,14301.36
16113,8057,21,5,55484.17
16114,8057,46,1,32887.05
16115,8058,49,5,8217.13
16116,8058,44,5,19789.04
16117,8059,109,2,8516.39
16118,8059,96,3,6710.71
16119,8060,60,2,33321.91
16120,8060,86,5,15173.3
16121,8061,125,5,8947.13
16122,8061,134,4,4785.68
16123,8062,4,2,39584.54
16124,8062,35,1,33010.69
16125,8063,37,3,25059.66
16126,8063,66,4,31441.05
16127,8064,80,1,27401.27
16128,8064,109,1,8516.39
16129,8065,98,4,12384.57
16130,8065,69,3,52834.09
16131,8066,146,3,1905.39
16132,8066,130,2,5954.55
16133,8067,8,4,58505.04
16134,8067,71,1,3528.52
16135,8068,56,5,33257.92
16136,8068,31,3,11490.6
16137,8069,91,3,6848.12
16138,8069,34,2,2255.17
16139,8070,131,5,3599.39
16140,8070,121,3,6772.08
16141,8071,54,3,30922.05
16142,8071,124,4,796.22
16143,8072,40,5,19403.2
16144,8072,109,1,8516.39
16145,8073,19,4,17787.61
16146,8073,31,2,11490.6
16147,8074,101,1,5781.84
16148,8074,142,2,12489.82
16149,8075,133,5,8127.63
16150,8075,33,1,21649.9
16151,8076,112,4,17873.14
16152,8076,40,2,19403.2
16153,8077,72,1,49059.06
16154,8077,98,3,12384.57
16155,8078,104,4,6130.95
16156,8078,51,5,8341.82
16157,8079,110,5,12983.38
16158,8079,4,3,39584.54
16159,8080,112,1,17873.14
16160,8080,3,4,28995.64
16161,8081,43,1,14873.86
16162,8081,118,3,9811.84
16163,8082,108,2,13549.63
16164,8082,110,5,12983.38
16165,8083,38,2,30726.82
16166,8083,58,5,27146.74
16167,8084,57,2,21935.06
16168,8084,17,2,36162.26
16169,8085,79,4,33873.61
16170,8085,124,4,796.22
16171,8086,128,4,9263.29
16172,8086,50,4,27118.65
16173,8087,148,5,10266.15
16174,8087,142,5,12489.82
16175,8088,6,1,48408.63
16176,8088,129,3,577.07
16177,8089,54,5,30922.05
16178,8089,72,5,49059.06
16179,8090,96,1,6710.71
16180,8090,95,5,15378.47
16181,8091,97,5,3939.13
16182,8091,142,1,12489.82
16183,8092,54,2,30922.05
16184,8092,43,1,14873.86
16185,8093,44,3,19789.04
16186,8093,146,3,1905.39
16187,8094,71,2,3528.52
16188,8094,43,5,14873.86
16189,8095,146,1,1905.39
16190,8095,49,2,8217.13
16191,8096,86,2,15173.3
16192,8096,108,1,13549.63
16193,8097,80,3,27401.27
16194,8097,57,5,21935.06
16195,8098,3,3,28995.64
16196,8098,19,3,17787.61
16197,8099,130,5,5954.55
16198,8099,85,2,7335.47
16199,8100,115,4,21162.49
16200,8100,133,2,8127.63
16201,8101,75,1,3049.5
16202,8101,74,4,41552.59
16203,8102,108,3,13549.63
16204,8102,15,3,69325.73
16205,8103,112,2,17873.14
16206,8103,132,2,3011.07
16207,8104,136,2,682.08
16208,8104,59,2,13085.83
16209,8105,106,4,19681.04
16210,8105,138,1,13863.67
16211,8106,141,4,701.97
16212,8106,101,2,5781.84
16213,8107,22,3,18186.29
16214,8107,41,4,30082.04
16215,8108,26,4,72907.28
16216,8108,114,4,5726.03
16217,8109,117,3,14181.77
16218,8109,111,4,9188.58
16219,8110,44,1,19789.04
16220,8110,50,3,27118.65
16221,8111,106,4,19681.04
16222,8111,16,5,2931.99
16223,8112,68,3,19598.26
16224,8112,98,5,12384.57
16225,8113,126,5,12459.53
16226,8113,149,3,14866.1
16227,8114,90,1,2864.12
16228,8114,13,3,54402.04
16229,8115,122,5,6970.32
16230,8115,106,2,19681.04
16231,8116,105,2,8125.8
16232,8116,94,4,1858.01
16233,8117,136,5,682.08
16234,8117,125,4,8947.13
16235,8118,31,4,11490.6
16236,8118,143,2,13026.41
16237,8119,146,4,1905.39
16238,8119,144,5,11019.62
16239,8120,143,1,13026.41
16240,8120,145,2,11360.29
16241,8121,140,1,8987.09
16242,8121,1,5,52539.0
16243,8122,116,1,6378.97
16244,8122,125,4,8947.13
16245,8123,140,2,8987.09
16246,8123,30,3,12993.37
16247,8124,102,3,18592.29
16248,8124,131,5,3599.39
16249,8125,97,5,3939.13
16250,8125,6,2,48408.63
16251,8126,44,4,19789.04
16252,8126,59,3,13085.83
16253,8127,122,1,6970.32
16254,8127,71,1,3528.52
16255,8128,21,2,55484.17
16256,8128,102,2,18592.29
16257,8129,21,4,55484.17
16258,8129,114,4,5726.03
16259,8130,47,4,23383.27
16260,8130,2,1,4930.4
16261,8131,134,2,4785.68
16262,8131,93,4,11413.05
16263,8132,144,3,11019.62
16264,8132,32,4,18206.86
16265,8133,5,5,84081.85
16266,8133,124,1,796.22
16267,8134,18,3,73820.52
16268,8134,94,1,1858.01
16269,8135,105,3,8125.8
16270,8135,143,1,13026.41
16271,8136,73,4,37272.06
16272,8136,145,3,11360.29
16273,8137,122,3,6970.32
16274,8137,95,3,15378.47
16275,8138,46,4,32887.05
16276,8138,112,4,17873.14
16277,8139,102,3,18592.29
16278,8139,18,3,73820.52
16279,8140,92,4,2654.0
16280,8140,4,5,39584.54
16281,8141,18,5,73820.52
16282,8141,14,4,10437.0
16283,8142,144,3,11019.62
16284,8142,89,1,4655.22
16285,8143,119,3,19868.15
16286,8143,54,5,30922.05
16287,8144,142,1,12489.82
16288,8144,135,1,11516.05
16289,8145,65,1,8035.55
16290,8145,4,5,39584.54
16291,8146,85,4,7335.47
16292,8146,53,5,26871.05
16293,8147,77,3,23879.21
16294,8147,85,2,7335.47
16295,8148,39,2,33931.85
16296,8148,23,4,49555.53
16297,8149,134,3,4785.68
16298,8149,23,3,49555.53
16299,8150,23,4,49555.53
16300,8150,106,1,19681.04
16301,8151,126,3,12459.53
16302,8151,146,4,1905.39
16303,8152,49,1,8217.13
16304,8152,53,4,26871.05
16305,8153,71,2,3528.52
16306,8153,149,4,14866.1
16307,8154,48,1,12824.52
16308,8154,127,4,1177.88
16309,8155,68,1,19598.26
16310,8155,50,5,27118.65
16311,8156,60,2,33321.91
16312,8156,120,2,24465.41
16313,8157,113,3,12566.23
16314,8157,17,3,36162.26
16315,8158,38,1,30726.82
16316,8158,66,3,31441.05
16317,8159,74,4,41552.59
16318,8159,134,1,4785.68
16319,8160,109,5,8516.39
16320,8160,103,3,22522.89
16321,8161,90,2,2864.12
16322,8161,11,5,69215.46
16323,8162,101,2,5781.84
16324,8162,10,4,38310.2
16325,8163,98,4,12384.57
16326,8163,148,3,10266.15
16327,8164,35,1,33010.69
16328,8164,115,1,21162.49
16329,8165,3,1,28995.64
16330,8165,25,5,53524.51
16331,8166,136,5,682.08
16332,8166,71,4,3528.52
16333,8167,89,4,4655.22
16334,8167,144,4,11019.62
16335,8168,42,1,21976.79
16336,8168,130,1,5954.55
16337,8169,136,1,682.08
16338,8169,105,2,8125.8
16339,8170,101,1,5781.84
16340,8170,44,1,19789.04
16341,8171,147,4,14301.36
16342,8171,33,5,21649.9
16343,8172,109,5,8516.39
16344,8172,110,1,12983.38
16345,8173,66,3,31441.05
16346,8173,1,5,52539.0
16347,8174,128,3,9263.29
16348,8174,116,1,6378.97
16349,8175,111,1,9188.58
16350,8175,144,3,11019.62
16351,8176,25,4,53524.51
16352,8176,131,5,3599.39
16353,8177,108,2,13549.63
16354,8177,13,3,54402.04
16355,8178,55,4,18034.1
16356,8178,132,5,3011.07
16357,8179,24,3,43820.15
16358,8179,136,1,682.08
16359,8180,76,1,5024.14
16360,8180,5,5,84081.85
16361,8181,141,2,701.97
16362,8181,100,3,6854.81
16363,8182,37,3,25059.66
16364,8182,115,3,21162.49
16365,8183,109,5,8516.39
16366,8183,10,4,38310.2
16367,8184,141,2,701.97
16368,8184,51,5,8341.82
16369,8185,68,3,19598.26
16370,8185,136,1,682.08
16371,8186,66,5,31441.05
16372,8186,123,2,612.96
16373,8187,70,1,3243.71
16374,8187,81,4,37707.89
16375,8188,18,4,73820.52
16376,8188,135,3,11516.05
16377,8189,117,3,14181.77
16378,8189,53,5,26871.05
16379,8190,67,4,22314.95
16380,8190,52,3,26084.73
16381,8191,51,1,8341.82
16382,8191,95,2,15378.47
16383,8192,3,5,28995.64
16384,8192,48,3,12824.52
16385,8193,131,1,3599.39
16386,8193,34,5,2255.17
16387,8194,142,2,12489.82
16388,8194,85,1,7335.47
16389,8195,108,2,13549.63
16390,8195,137,1,11390.83
16391,8196,101,4,5781.84
16392,8196,48,4,12824.52
16393,8197,97,4,3939.13
16394,8197,71,1,3528.52
16395,8198,2,1,4930.4
16396,8198,19,2,17787.61
16397,8199,130,2,5954.55
16398,8199,68,3,19598.26
16399,8200,43,1,14873.86
16400,8200,125,2,8947.13
16401,8201,18,1,73820.52
16402,8201,131,2,3599.39
16403,8202,125,1,8947.13
16404,8202,137,5,11390.83
16405,8203,2,3,4930.4
16406,8203,54,4,30922.05
16407,8204,127,5,1177.88
16408,8204,148,5,10266.15
16409,8205,82,1,23327.1
16410,8205,102,3,18592.29
16411,8206,40,5,19403.2
16412,8206,76,3,5024.14
16413,8207,85,3,7335.47
16414,8207,16,4,2931.99
16415,8208,71,5,3528.52
16416,8208,126,4,12459.53
16417,8209,112,5,17873.14
16418,8209,121,5,6772.08
16419,8210,147,1,14301.36
16420,8210,55,2,18034.1
16421,8211,57,5,21935.06
16422,8211,77,5,23879.21
16423,8212,30,5,12993.37
16424,8212,84,1,5359.51
16425,8213,5,1,84081.85
16426,8213,26,3,72907.28
16427,8214,146,4,1905.39
16428,8214,54,3,30922.05
16429,8215,69,1,52834.09
16430,8215,130,5,5954.55
16431,8216,54,2,30922.05
16432,8216,11,5,69215.46
16433,8217,143,5,13026.41
16434,8217,64,4,17689.49
16435,8218,83,5,21901.29
16436,8218,84,3,5359.51
16437,8219,44,2,19789.04
16438,8219,97,4,3939.13
16439,8220,45,4,5214.29
16440,8220,67,2,22314.95
16441,8221,115,4,21162.49
16442,8221,19,3,17787.61
16443,8222,117,5,14181.77
16444,8222,146,2,1905.39
16445,8223,128,1,9263.29
16446,8223,50,5,27118.65
16447,8224,123,2,612.96
16448,8224,101,2,5781.84
16449,8225,32,4,18206.86
16450,8225,130,5,5954.55
16451,8226,43,5,14873.86
16452,8226,53,1,26871.05
16453,8227,69,3,52834.09
16454,8227,144,4,11019.62
16455,8228,80,4,27401.27
16456,8228,100,5,6854.81
16457,8229,62,2,6674.42
16458,8229,85,4,7335.47
16459,8230,47,4,23383.27
16460,8230,13,3,54402.04
16461,8231,73,5,37272.06
16462,8231,8,5,58505.04
16463,8232,35,3,33010.69
16464,8232,39,2,33931.85
16465,8233,136,1,682.08
16466,8233,59,5,13085.83
16467,8234,9,5,19098.4
16468,8234,144,5,11019.62
16469,8235,1,2,52539.0
16470,8235,88,2,48004.49
16471,8236,95,2,15378.47
16472,8236,64,3,17689.49
16473,8237,142,3,12489.82
16474,8237,114,1,5726.03
16475,8238,38,3,30726.82
16476,8238,78,5,26923.68
16477,8239,124,4,796.22
16478,8239,139,4,4159.23
16479,8240,46,4,32887.05
16480,8240,132,3,3011.07
16481,8241,106,3,19681.04
16482,8241,94,1,1858.01
16483,8242,92,2,2654.0
16484,8242,133,3,8127.63
16485,8243,61,1,44878.78
16486,8243,77,3,23879.21
16487,8244,63,3,29768.75
16488,8244,39,3,33931.85
16489,8245,108,3,13549.63
16490,8245,93,2,11413.05
16491,8246,41,1,30082.04
16492,8246,59,5,13085.83
16493,8247,74,5,41552.59
16494,8247,11,3,69215.46
16495,8248,64,2,17689.49
16496,8248,27,5,8040.26
16497,8249,96,3,6710.71
16498,8249,63,4,29768.75
16499,8250,138,2,13863.67
16500,8250,109,2,8516.39
16501,8251,83,5,21901.29
16502,8251,77,3,23879.21
16503,8252,137,2,11390.83
16504,8252,138,3,13863.67
16505,8253,48,1,12824.52
16506,8253,76,5,5024.14
16507,8254,90,4,2864.12
16508,8254,86,4,15173.3
16509,8255,101,4,5781.84
16510,8255,103,1,22522.89
16511,8256,45,3,5214.29
16512,8256,73,1,37272.06
16513,8257,20,1,81513.85
16514,8257,74,2,41552.59
16515,8258,46,1,32887.05
16516,8258,82,3,23327.1
16517,8259,135,5,11516.05
16518,8259,2,2,4930.4
16519,8260,123,2,612.96
16520,8260,27,4,8040.26
16521,8261,143,5,13026.41
16522,8261,113,5,12566.23
16523,8262,80,3,27401.27
16524,8262,20,3,81513.85
16525,8263,13,3,54402.04
16526,8263,103,5,22522.89
16527,8264,36,5,29242.97
16528,8264,101,1,5781.84
16529,8265,122,3,6970.32
16530,8265,137,3,11390.83
16531,8266,48,5,12824.52
16532,8266,131,4,3599.39
16533,8267,118,3,9811.84
16534,8267,86,3,15173.3
16535,8268,37,2,25059.66
16536,8268,139,2,4159.23
16537,8269,146,2,1905.39
16538,8269,80,4,27401.27
16539,8270,48,1,12824.52
16540,8270,137,1,11390.83
16541,8271,120,2,24465.41
16542,8271,127,3,1177.88
16543,8272,90,2,2864.12
16544,8272,96,5,6710.71
16545,8273,145,2,11360.29
16546,8273,80,2,27401.27
16547,8274,88,5,48004.49
16548,8274,99,2,16689.48
16549,8275,59,4,13085.83
16550,8275,76,1,5024.14
16551,8276,22,1,18186.29
16552,8276,47,1,23383.27
16553,8277,64,5,17689.49
16554,8277,82,1,23327.1
16555,8278,28,4,54101.33
16556,8278,122,2,6970.32
16557,8279,114,3,5726.03
16558,8279,127,4,1177.88
16559,8280,46,2,32887.05
16560,8280,12,2,9596.51
16561,8281,25,3,53524.51
16562,8281,69,3,52834.09
16563,8282,34,2,2255.17
16564,8282,137,5,11390.83
16565,8283,60,3,33321.91
16566,8283,114,3,5726.03
16567,8284,139,3,4159.23
16568,8284,53,4,26871.05
16569,8285,72,1,49059.06
16570,8285,33,4,21649.9
16571,8286,140,1,8987.09
16572,8286,98,2,12384.57
16573,8287,6,5,48408.63
16574,8287,37,2,25059.66
16575,8288,113,3,12566.23
16576,8288,26,3,72907.28
16577,8289,143,5,13026.41
16578,8289,87,3,45649.01
16579,8290,39,2,33931.85
16580,8290,14,3,10437.0
16581,8291,91,1,6848.12
16582,8291,65,2,8035.55
16583,8292,77,4,23879.21
16584,8292,147,4,14301.36
16585,8293,54,4,30922.05
16586,8293,25,1,53524.51
16587,8294,149,5,14866.1
16588,8294,103,3,22522.89
16589,8295,24,2,43820.15
16590,8295,66,5,31441.05
16591,8296,94,4,1858.01
16592,8296,138,5,13863.67
16593,8297,19,5,17787.61
16594,8297,17,1,36162.26
16595,8298,28,2,54101.33
16596,8298,149,1,14866.1
16597,8299,116,3,6378.97
16598,8299,38,4,30726.82
16599,8300,70,1,3243.71
16600,8300,19,1,17787.61
16601,8301,116,2,6378.97
16602,8301,54,3,30922.05
16603,8302,109,4,8516.39
16604,8302,5,2,84081.85
16605,8303,134,1,4785.68
16606,8303,146,1,1905.39
16607,8304,32,2,18206.86
16608,8304,26,4,72907.28
16609,8305,28,5,54101.33
16610,8305,123,1,612.96
16611,8306,136,1,682.08
16612,8306,60,4,33321.91
16613,8307,54,1,30922.05
16614,8307,58,3,27146.74
16615,8308,115,5,21162.49
16616,8308,40,1,19403.2
16617,8309,147,1,14301.36
16618,8309,57,2,21935.06
16619,8310,133,4,8127.63
16620,8310,29,4,8346.58
16621,8311,21,5,55484.17
16622,8311,81,4,37707.89
16623,8312,9,4,19098.4
16624,8312,121,1,6772.08
16625,8313,71,5,3528.52
16626,8313,135,1,11516.05
16627,8314,94,2,1858.01
16628,8314,48,1,12824.52
16629,8315,27,1,8040.26
16630,8315,121,2,6772.08
16631,8316,93,3,11413.05
16632,8316,132,2,3011.07
16633,8317,20,1,81513.85
16634,8317,112,2,17873.14
16635,8318,22,2,18186.29
16636,8318,132,5,3011.07
16637,8319,29,4,8346.58
16638,8319,77,1,23879.21
16639,8320,65,5,8035.55
16640,8320,97,2,3939.13
16641,8321,106,3,19681.04
16642,8321,6,5,48408.63
16643,8322,129,2,577.07
16644,8322,2,2,4930.4
16645,8323,26,1,72907.28
16646,8323,142,4,12489.82
16647,8324,3,5,28995.64
16648,8324,16,5,2931.99
16649,8325,29,4,8346.58
16650,8325,100,4,6854.81
16651,8326,111,3,9188.58
16652,8326,15,5,69325.73
16653,8327,94,4,1858.01
16654,8327,37,3,25059.66
16655,8328,84,3,5359.51
16656,8328,87,2,45649.01
16657,8329,133,1,8127.63
16658,8329,14,5,10437.0
16659,8330,10,3,38310.2
16660,8330,40,5,19403.2
16661,8331,130,3,5954.55
16662,8331,102,3,18592.29
16663,8332,141,3,701.97
16664,8332,25,2,53524.51
16665,8333,122,5,6970.32
16666,8333,125,2,8947.13
16667,8334,126,3,12459.53
16668,8334,65,3,8035.55
16669,8335,135,1,11516.05
16670,8335,73,2,37272.06
16671,8336,2,2,4930.4
16672,8336,50,3,27118.65
16673,8337,90,5,2864.12
16674,8337,146,2,1905.39
16675,8338,125,3,8947.13
16676,8338,103,4,22522.89
16677,8339,44,1,19789.04
16678,8339,105,4,8125.8
16679,8340,137,3,11390.83
16680,8340,91,3,6848.12
16681,8341,115,4,21162.49
16682,8341,2,3,4930.4
16683,8342,130,4,5954.55
16684,8342,142,5,12489.82
16685,8343,30,4,12993.37
16686,8343,100,2,6854.81
16687,8344,3,2,28995.64
16688,8344,100,3,6854.81
16689,8345,9,5,19098.4
16690,8345,33,1,21649.9
16691,8346,131,3,3599.39
16692,8346,147,3,14301.36
16693,8347,137,1,11390.83
16694,8347,104,3,6130.95
16695,8348,86,5,15173.3
16696,8348,150,4,7113.49
16697,8349,60,1,33321.91
16698,8349,137,5,11390.83
16699,8350,126,1,12459.53
16700,8350,136,4,682.08
16701,8351,136,5,682.08
16702,8351,46,2,32887.05
16703,8352,89,1,4655.22
16704,8352,112,1,17873.14
16705,8353,146,3,1905.39
16706,8353,130,4,5954.55
16707,8354,16,3,2931.99
16708,8354,5,3,84081.85
16709,8355,91,5,6848.12
16710,8355,25,3,53524.51
16711,8356,117,5,14181.77
16712,8356,27,2,8040.26
16713,8357,48,3,12824.52
16714,8357,30,3,12993.37
16715,8358,123,3,612.96
16716,8358,56,5,33257.92
16717,8359,11,5,69215.46
16718,8359,30,3,12993.37
16719,8360,139,5,4159.23
16720,8360,70,5,3243.71
16721,8361,16,2,2931.99
16722,8361,136,5,682.08
16723,8362,25,1,53524.51
16724,8362,66,1,31441.05
16725,8363,28,1,54101.33
16726,8363,120,5,24465.41
16727,8364,44,5,19789.04
16728,8364,51,4,8341.82
16729,8365,41,3,30082.04
16730,8365,144,3,11019.62
16731,8366,9,3,19098.4
16732,8366,5,5,84081.85
16733,8367,52,2,26084.73
16734,8367,113,2,12566.23
16735,8368,45,4,5214.29
16736,8368,9,5,19098.4
16737,8369,3,5,28995.64
16738,8369,46,5,32887.05
16739,8370,114,2,5726.03
16740,8370,52,5,26084.73
16741,8371,143,3,13026.41
16742,8371,104,3,6130.95
16743,8372,104,4,6130.95
16744,8372,95,3,15378.47
16745,8373,136,4,682.08
16746,8373,36,1,29242.97
16747,8374,34,4,2255.17
16748,8374,56,4,33257.92
16749,8375,87,5,45649.01
16750,8375,11,1,69215.46
16751,8376,4,3,39584.54
16752,8376,141,5,701.97
16753,8377,24,4,43820.15
16754,8377,143,3,13026.41
16755,8378,142,3,12489.82
16756,8378,17,4,36162.26
16757,8379,89,1,4655.22
16758,8379,22,4,18186.29
16759,8380,51,5,8341.82
16760,8380,52,1,26084.73
16761,8381,145,4,11360.29
16762,8381,63,2,29768.75
16763,8382,13,5,54402.04
16764,8382,103,5,22522.89
16765,8383,62,5,6674.42
16766,8383,124,4,796.22
16767,8384,114,1,5726.03
16768,8384,77,2,23879.21
16769,8385,90,1,2864.12
16770,8385,146,5,1905.39
16771,8386,88,2,48004.49
16772,8386,150,1,7113.49
16773,8387,61,1,44878.78
16774,8387,107,5,21829.1
16775,8388,94,4,1858.01
16776,8388,76,3,5024.14
16777,8389,127,3,1177.88
16778,8389,30,3,12993.37
16779,8390,83,1,21901.29
16780,8390,136,4,682.08
16781,8391,56,4,33257.92
16782,8391,94,1,1858.01
16783,8392,96,5,6710.71
16784,8392,89,3,4655.22
16785,8393,62,3,6674.42
16786,8393,87,5,45649.01
16787,8394,46,1,32887.05
16788,8394,40,1,19403.2
16789,8395,63,3,29768.75
16790,8395,143,2,13026.41
16791,8396,15,2,69325.73
16792,8396,72,4,49059.06
16793,8397,56,2,33257.92
16794,8397,129,2,577.07
16795,8398,47,5,23383.27
16796,8398,15,2,69325.73
16797,8399,142,4,12489.82
16798,8399,55,3,18034.1
16799,8400,60,5,33321.91
16800,8400,66,1,31441.05
16801,8401,28,4,54101.33
16802,8401,61,4,44878.78
16803,8402,19,4,17787.61
16804,8402,140,3,8987.09
16805,8403,93,5,11413.05
16806,8403,126,3,12459.53
16807,8404,141,4,701.97
16808,8404,46,5,32887.05
16809,8405,84,4,5359.51
16810,8405,70,2,3243.71
16811,8406,54,1,30922.05
16812,8406,29,4,8346.58
16813,8407,72,4,49059.06
16814,8407,138,5,13863.67
16815,8408,103,1,22522.89
16816,8408,15,3,69325.73
16817,8409,49,4,8217.13
16818,8409,6,4,48408.63
16819,8410,73,2,37272.06
16820,8410,61,5,44878.78
16821,8411,139,5,4159.23
16822,8411,145,5,11360.29
16823,8412,10,5,38310.2
16824,8412,2,4,4930.4
16825,8413,89,1,4655.22
16826,8413,77,2,23879.21
16827,8414,58,1,27146.74
16828,8414,94,5,1858.01
16829,8415,147,5,14301.36
16830,8415,141,5,701.97
16831,8416,122,1,6970.32
16832,8416,69,4,52834.09
16833,8417,33,5,21649.9
16834,8417,18,3,73820.52
16835,8418,64,2,17689.49
16836,8418,97,5,3939.13
16837,8419,129,2,577.07
16838,8419,12,1,9596.51
16839,8420,28,4,54101.33
16840,8420,2,4,4930.4
16841,8421,72,1,49059.06
16842,8421,99,4,16689.48
16843,8422,131,1,3599.39
16844,8422,64,3,17689.49
16845,8423,126,4,12459.53
16846,8423,62,1,6674.42
16847,8424,30,5,12993.37
16848,8424,113,5,12566.23
16849,8425,44,1,19789.04
16850,8425,129,2,577.07
16851,8426,23,4,49555.53
16852,8426,10,5,38310.2
16853,8427,138,4,13863.67
16854,8427,77,3,23879.21
16855,8428,62,3,6674.42
16856,8428,22,5,18186.29
16857,8429,116,5,6378.97
16858,8429,110,2,12983.38
16859,8430,133,3,8127.63
16860,8430,138,3,13863.67
16861,8431,117,4,14181.77
16862,8431,36,4,29242.97
16863,8432,116,5,6378.97
16864,8432,89,1,4655.22
16865,8433,56,3,33257.92
16866,8433,89,5,4655.22
16867,8434,144,5,11019.62
16868,8434,11,3,69215.46
16869,8435,56,2,33257.92
16870,8435,42,3,21976.79
16871,8436,86,4,15173.3
16872,8436,89,5,4655.22
16873,8437,123,3,612.96
16874,8437,140,5,8987.09
16875,8438,125,4,8947.13
16876,8438,114,1,5726.03
16877,8439,79,2,33873.61
16878,8439,46,1,32887.05
16879,8440,42,3,21976.79
16880,8440,72,3,49059.06
16881,8441,134,5,4785.68
16882,8441,14,2,10437.0
16883,8442,57,4,21935.06
16884,8442,9,2,19098.4
16885,8443,69,1,52834.09
16886,8443,38,3,30726.82
16887,8444,29,5,8346.58
16888,8444,124,5,796.22
16889,8445,138,4,13863.67
16890,8445,130,3,5954.55
16891,8446,39,5,33931.85
16892,8446,100,5,6854.81
16893,8447,112,4,17873.14
16894,8447,30,3,12993.37
16895,8448,148,1,10266.15
16896,8448,111,5,9188.58
16897,8449,101,5,5781.84
16898,8449,4,1,39584.54
16899,8450,94,5,1858.01
16900,8450,143,5,13026.41
16901,8451,84,1,5359.51
16902,8451,1,1,52539.0
16903,8452,27,5,8040.26
16904,8452,70,2,3243.71
16905,8453,93,2,11413.05
16906,8453,109,3,8516.39
16907,8454,5,3,84081.85
16908,8454,19,4,17787.61
16909,8455,86,5,15173.3
16910,8455,145,2,11360.29
16911,8456,18,5,73820.52
16912,8456,26,4,72907.28
16913,8457,94,5,1858.01
16914,8457,92,2,2654.0
16915,8458,28,3,54101.33
16916,8458,101,2,5781.84
16917,8459,14,5,10437.0
16918,8459,128,3,9263.29
16919,8460,27,4,8040.26
16920,8460,122,4,6970.32
16921,8461,108,3,13549.63
16922,8461,10,1,38310.2
16923,8462,114,2,5726.03
16924,8462,8,2,58505.04
16925,8463,43,2,14873.86
16926,8463,88,5,48004.49
16927,8464,95,4,15378.47
16928,8464,40,5,19403.2
16929,8465,41,5,30082.04
16930,8465,82,5,23327.1
16931,8466,125,1,8947.13
16932,8466,37,1,25059.66
16933,8467,87,4,45649.01
16934,8467,136,3,682.08
16935,8468,96,1,6710.71
16936,8468,79,5,33873.61
16937,8469,101,5,5781.84
16938,8469,14,3,10437.0
16939,8470,140,4,8987.09
16940,8470,88,1,48004.49
16941,8471,75,2,3049.5
16942,8471,28,4,54101.33
16943,8472,149,2,14866.1
16944,8472,19,4,17787.61
16945,8473,121,4,6772.08
16946,8473,116,5,6378.97
16947,8474,113,4,12566.23
16948,8474,22,4,18186.29
16949,8475,85,5,7335.47
16950,8475,61,1,44878.78
16951,8476,8,4,58505.04
16952,8476,31,4,11490.6
16953,8477,128,5,9263.29
16954,8477,72,3,49059.06
16955,8478,66,3,31441.05
16956,8478,23,4,49555.53
16957,8479,10,2,38310.2
16958,8479,16,2,2931.99
16959,8480,100,5,6854.81
16960,8480,125,2,8947.13
16961,8481,63,5,29768.75
16962,8481,20,1,81513.85
16963,8482,86,5,15173.3
16964,8482,65,2,8035.55
16965,8483,12,1,9596.51
16966,8483,60,1,33321.91
16967,8484,63,3,29768.75
16968,8484,142,4,12489.82
16969,8485,74,2,41552.59
16970,8485,34,4,2255.17
16971,8486,70,5,3243.71
16972,8486,56,3,33257.92
16973,8487,38,3,30726.82
16974,8487,30,3,12993.37
16975,8488,59,5,13085.83
16976,8488,135,3,11516.05
16977,8489,5,1,84081.85
16978,8489,7,3,23330.83
16979,8490,144,5,11019.62
16980,8490,3,4,28995.64
16981,8491,79,3,33873.61
16982,8491,136,5,682.08
16983,8492,15,1,69325.73
16984,8492,46,4,32887.05
16985,8493,109,2,8516.39
16986,8493,116,5,6378.97
16987,8494,101,2,5781.84
16988,8494,142,2,12489.82
16989,8495,82,1,23327.1
16990,8495,77,2,23879.21
16991,8496,70,1,3243.71
16992,8496,79,3,33873.61
16993,8497,47,5,23383.27
16994,8497,146,5,1905.39
16995,8498,150,1,7113.49
16996,8498,66,2,31441.05
16997,8499,2,1,4930.4
16998,8499,69,1,52834.09
16999,8500,105,2,8125.8
17000,8500,134,5,4785.68
17001,8501,107,5,21829.1
17002,8501,130,3,5954.55
17003,8502,113,3,12566.23
17004,8502,148,3,10266.15
17005,8503,23,5,49555.53
17006,8503,101,3,5781.84
17007,8504,97,1,3939.13
17008,8504,65,1,8035.55
17009,8505,49,3,8217.13
17010,8505,70,3,3243.71
17011,8506,7,4,23330.83
17012,8506,8,1,58505.04
17013,8507,87,2,45649.01
17014,8507,48,3,12824.52
17015,8508,143,5,13026.41
17016,8508,121,3,6772.08
17017,8509,138,4,13863.67
17018,8509,127,1,1177.88
17019,8510,42,1,21976.79
17020,8510,2,4,4930.4
17021,8511,136,2,682.08
17022,8511,95,4,15378.47
17023,8512,116,2,6378.97
17024,8512,113,5,12566.23
17025,8513,54,3,30922.05
17026,8513,22,2,18186.29
17027,8514,114,1,5726.03
17028,8514,134,2,4785.68
17029,8515,75,3,3049.5
17030,8515,123,2,612.96
17031,8516,2,4,4930.4
17032,8516,27,1,8040.26
17033,8517,15,2,69325.73
17034,8517,84,2,5359.51
17035,8518,100,3,6854.81
17036,8518,116,2,6378.97
17037,8519,144,4,11019.62
17038,8519,60,2,33321.91
17039,8520,77,1,23879.21
17040,8520,115,2,21162.49
17041,8521,3,3,28995.64
17042,8521,11,3,69215.46
17043,8522,98,3,12384.57
17044,8522,114,5,5726.03
17045,8523,70,4,3243.71
17046,8523,101,4,5781.84
17047,8524,37,4,25059.66
17048,8524,27,2,8040.26
17049,8525,17,2,36162.26
17050,8525,73,1,37272.06
17051,8526,28,2,54101.33
17052,8526,47,4,23383.27
17053,8527,89,2,4655.22
17054,8527,115,2,21162.49
17055,8528,58,5,27146.74
17056,8528,116,5,6378.97
17057,8529,95,1,15378.47
17058,8529,64,4,17689.49
17059,8530,93,2,11413.05
17060,8530,62,2,6674.42
17061,8531,90,3,2864.12
17062,8531,68,5,19598.26
17063,8532,48,1,12824.52
17064,8532,132,4,3011.07
17065,8533,119,3,19868.15
17066,8533,9,1,19098.4
17067,8534,62,2,6674.42
17068,8534,78,3,26923.68
17069,8535,56,4,33257.92
17070,8535,95,5,15378.47
17071,8536,29,3,8346.58
17072,8536,57,2,21935.06
17073,8537,128,4,9263.29
17074,8537,53,5,26871.05
17075,8538,83,4,21901.29
17076,8538,133,3,8127.63
17077,8539,20,3,81513.85
17078,8539,35,2,33010.69
17079,8540,124,1,796.22
17080,8540,71,5,3528.52
17081,8541,87,3,45649.01
17082,8541,26,2,72907.28
17083,8542,27,2,8040.26
17084,8542,136,3,682.08
17085,8543,57,4,21935.06
17086,8543,98,1,12384.57
17087,8544,20,2,81513.85
17088,8544,93,5,11413.05
17089,8545,140,5,8987.09
17090,8545,71,3,3528.52
17091,8546,127,4,1177.88
17092,8546,82,1,23327.1
17093,8547,43,5,14873.86
17094,8547,117,3,14181.77
17095,8548,140,5,8987.09
17096,8548,2,1,4930.4
17097,8549,20,1,81513.85
17098,8549,19,5,17787.61
17099,8550,27,5,8040.26
17100,8550,86,1,15173.3
17101,8551,93,2,11413.05
17102,8551,139,3,4159.23
17103,8552,144,5,11019.62
17104,8552,59,1,13085.83
17105,8553,137,2,11390.83
17106,8553,26,1,72907.28
17107,8554,113,5,12566.23
17108,8554,18,1,73820.52
17109,8555,130,4,5954.55
17110,8555,127,5,1177.88
17111,8556,142,1,12489.82
17112,8556,144,4,11019.62
17113,8557,77,3,23879.21
17114,8557,105,2,8125.8
17115,8558,71,4,3528.52
17116,8558,62,4,6674.42
17117,8559,43,5,14873.86
17118,8559,62,1,6674.42
17119,8560,10,5,38310.2
17120,8560,54,1,30922.05
17121,8561,108,2,13549.63
17122,8561,59,5,13085.83
17123,8562,97,1,3939.13
17124,8562,110,1,12983.38
17125,8563,40,2,19403.2
17126,8563,38,4,30726.82
17127,8564,70,2,3243.71
17128,8564,23,4,49555.53
17129,8565,142,2,12489.82
17130,8565,120,4,24465.41
17131,8566,19,1,17787.61
17132,8566,92,1,2654.0
17133,8567,21,5,55484.17
17134,8567,60,2,33321.91
17135,8568,91,3,6848.12
17136,8568,24,2,43820.15
17137,8569,21,2,55484.17
17138,8569,140,2,8987.09
17139,8570,13,5,54402.04
17140,8570,64,2,17689.49
17141,8571,50,2,27118.65
17142,8571,74,4,41552.59
17143,8572,37,2,25059.66
17144,8572,105,3,8125.8
17145,8573,37,3,25059.66
17146,8573,3,1,28995.64
17147,8574,27,4,8040.26
17148,8574,72,2,49059.06
17149,8575,93,5,11413.05
17150,8575,26,3,72907.28
17151,8576,68,4,19598.26
17152,8576,62,5,6674.42
17153,8577,52,2,26084.73
17154,8577,55,4,18034.1
17155,8578,122,1,6970.32
17156,8578,115,4,21162.49
17157,8579,42,5,21976.79
17158,8579,5,5,84081.85
17159,8580,149,3,14866.1
17160,8580,105,1,8125.8
17161,8581,88,2,48004.49
17162,8581,80,3,27401.27
17163,8582,3,5,28995.64
17164,8582,76,4,5024.14
17165,8583,114,1,5726.03
17166,8583,5,1,84081.85
17167,8584,37,4,25059.66
17168,8584,88,4,48004.49
17169,8585,143,5,13026.41
17170,8585,138,4,13863.67
17171,8586,139,4,4159.23
17172,8586,128,5,9263.29
17173,8587,31,1,11490.6
17174,8587,112,3,17873.14
17175,8588,13,2,54402.04
17176,8588,79,5,33873.61
17177,8589,50,5,27118.65
17178,8589,146,4,1905.39
17179,8590,98,3,12384.57
17180,8590,50,4,27118.65
17181,8591,121,4,6772.08
17182,8591,56,1,33257.92
17183,8592,115,2,21162.49
17184,8592,139,4,4159.23
17185,8593,34,4,2255.17
17186,8593,91,4,6848.12
17187,8594,56,1,33257.92
17188,8594,143,2,13026.41
17189,8595,28,2,54101.33
17190,8595,20,2,81513.85
17191,8596,64,5,17689.49
17192,8596,98,1,12384.57
17193,8597,115,5,21162.49
17194,8597,41,4,30082.04
17195,8598,73,4,37272.06
17196,8598,36,2,29242.97
17197,8599,43,2,14873.86
17198,8599,84,3,5359.51
17199,8600,78,4,26923.68
17200,8600,64,5,17689.49
17201,8601,104,2,6130.95
17202,8601,35,4,33010.69
17203,8602,106,5,19681.04
17204,8602,27,5,8040.26
17205,8603,124,4,796.22
17206,8603,146,4,1905.39
17207,8604,51,2,8341.82
17208,8604,1,2,52539.0
17209,8605,74,1,41552.59
17210,8605,81,5,37707.89
17211,8606,144,3,11019.62
17212,8606,70,5,3243.71
17213,8607,111,4,9188.58
17214,8607,66,5,31441.05
17215,8608,80,4,27401.27
17216,8608,28,4,54101.33
17217,8609,128,3,9263.29
17218,8609,100,5,6854.81
17219,8610,74,5,41552.59
17220,8610,93,4,11413.05
17221,8611,79,5,33873.61
17222,8611,64,1,17689.49
17223,8612,130,5,5954.55
17224,8612,14,5,10437.0
17225,8613,21,3,55484.17
17226,8613,82,1,23327.1
17227,8614,98,3,12384.57
17228,8614,16,2,2931.99
17229,8615,56,3,33257.92
17230,8615,99,2,16689.48
17231,8616,110,3,12983.38
17232,8616,13,5,54402.04
17233,8617,91,5,6848.12
17234,8617,88,3,48004.49
17235,8618,24,3,43820.15
17236,8618,94,4,1858.01
17237,8619,36,2,29242.97
17238,8619,144,1,11019.62
17239,8620,97,1,3939.13
17240,8620,84,5,5359.51
17241,8621,108,1,13549.63
17242,8621,84,2,5359.51
17243,8622,99,4,16689.48
17244,8622,21,4,55484.17
17245,8623,118,4,9811.84
17246,8623,142,1,12489.82
17247,8624,128,4,9263.29
17248,8624,117,2,14181.77
17249,8625,32,3,18206.86
17250,8625,141,1,701.97
17251,8626,40,3,19403.2
17252,8626,126,5,12459.53
17253,8627,96,4,6710.71
17254,8627,11,3,69215.46
17255,8628,5,2,84081.85
17256,8628,12,4,9596.51
17257,8629,87,1,45649.01
17258,8629,81,4,37707.89
17259,8630,36,1,29242.97
17260,8630,47,3,23383.27
17261,8631,29,5,8346.58
17262,8631,7,3,23330.83
17263,8632,55,4,18034.1
17264,8632,39,4,33931.85
17265,8633,52,5,26084.73
17266,8633,100,2,6854.81
17267,8634,143,3,13026.41
17268,8634,111,5,9188.58
17269,8635,12,3,9596.51
17270,8635,55,4,18034.1
17271,8636,40,3,19403.2
17272,8636,106,4,19681.04
17273,8637,95,3,15378.47
17274,8637,134,1,4785.68
17275,8638,14,1,10437.0
17276,8638,28,4,54101.33
17277,8639,13,4,54402.04
17278,8639,137,2,11390.83
17279,8640,27,1,8040.26
17280,8640,123,4,612.96
17281,8641,70,2,3243.71
17282,8641,112,1,17873.14
17283,8642,102,4,18592.29
17284,8642,92,2,2654.0
17285,8643,68,4,19598.26
17286,8643,93,1,11413.05
17287,8644,124,1,796.22
17288,8644,45,5,5214.29
17289,8645,115,2,21162.49
17290,8645,91,5,6848.12
17291,8646,140,4,8987.09
17292,8646,28,2,54101.33
17293,8647,35,2,33010.69
17294,8647,132,4,3011.07
17295,8648,91,3,6848.12
17296,8648,39,5,33931.85
17297,8649,149,1,14866.1
17298,8649,6,3,48408.63
17299,8650,102,4,18592.29
17300,8650,78,1,26923.68
17301,8651,133,2,8127.63
17302,8651,145,3,11360.29
17303,8652,53,1,26871.05
17304,8652,84,1,5359.51
17305,8653,72,3,49059.06
17306,8653,139,2,4159.23
17307,8654,145,1,11360.29
17308,8654,121,2,6772.08
17309,8655,12,1,9596.51
17310,8655,144,4,11019.62
17311,8656,83,4,21901.29
17312,8656,140,4,8987.09
17313,8657,148,4,10266.15
17314,8657,14,3,10437.0
17315,8658,25,3,53524.51
17316,8658,122,3,6970.32
17317,8659,34,5,2255.17
17318,8659,148,3,10266.15
17319,8660,53,2,26871.05
17320,8660,20,3,81513.85
17321,8661,108,4,13549.63
17322,8661,138,2,13863.67
17323,8662,146,2,1905.39
17324,8662,124,2,796.22
17325,8663,14,4,10437.0
17326,8663,64,5,17689.49
17327,8664,62,4,6674.42
17328,8664,9,4,19098.4
17329,8665,54,3,30922.05
17330,8665,144,3,11019.62
17331,8666,108,4,13549.63
17332,8666,85,5,7335.47
17333,8667,79,5,33873.61
17334,8667,1,1,52539.0
17335,8668,123,3,612.96
17336,8668,57,4,21935.06
17337,8669,89,4,4655.22
17338,8669,145,2,11360.29
17339,8670,126,1,12459.53
17340,8670,130,3,5954.55
17341,8671,95,2,15378.47
17342,8671,20,4,81513.85
17343,8672,101,3,5781.84
17344,8672,15,3,69325.73
17345,8673,59,3,13085.83
17346,8673,70,5,3243.71
17347,8674,75,4,3049.5
17348,8674,112,1,17873.14
17349,8675,28,4,54101.33
17350,8675,119,1,19868.15
17351,8676,105,2,8125.8
17352,8676,61,1,44878.78
17353,8677,47,3,23383.27
17354,8677,131,2,3599.39
17355,8678,147,5,14301.36
17356,8678,24,2,43820.15
17357,8679,47,1,23383.27
17358,8679,33,4,21649.9
17359,8680,38,3,30726.82
17360,8680,123,3,612.96
17361,8681,43,2,14873.86
17362,8681,105,2,8125.8
17363,8682,81,3,37707.89
17364,8682,76,5,5024.14
17365,8683,58,1,27146.74
17366,8683,82,2,23327.1
17367,8684,36,5,29242.97
17368,8684,56,1,33257.92
17369,8685,29,1,8346.58
17370,8685,126,5,12459.53
17371,8686,99,5,16689.48
17372,8686,93,1,11413.05
17373,8687,77,3,23879.21
17374,8687,16,5,2931.99
17375,8688,92,3,2654.0
17376,8688,20,2,81513.85
17377,8689,75,5,3049.5
17378,8689,111,4,9188.58
17379,8690,144,1,11019.62
17380,8690,15,1,69325.73
17381,8691,87,4,45649.01
17382,8691,61,1,44878.78
17383,8692,69,2,52834.09
17384,8692,119,4,19868.15
17385,8693,5,1,84081.85
17386,8693,79,2,33873.61
17387,8694,132,5,3011.07
17388,8694,41,1,30082.04
17389,8695,78,3,26923.68
17390,8695,104,2,6130.95
17391,8696,82,5,23327.1
17392,8696,86,2,15173.3
17393,8697,24,1,43820.15
17394,8697,14,1,10437.0
17395,8698,127,5,1177.88
17396,8698,44,1,19789.04
17397,8699,118,4,9811.84
17398,8699,10,3,38310.2
17399,8700,126,4,12459.53
17400,8700,38,5,30726.82
17401,8701,121,3,6772.08
17402,8701,50,2,27118.65
17403,8702,56,3,33257.92
17404,8702,108,3,13549.63
17405,8703,116,2,6378.97
17406,8703,40,5,19403.2
17407,8704,79,4,33873.61
17408,8704,8,1,58505.04
17409,8705,39,5,33931.85
17410,8705,137,3,11390.83
17411,8706,88,2,48004.49
17412,8706,100,5,6854.81
17413,8707,60,2,33321.91
17414,8707,129,5,577.07
17415,8708,68,4,19598.26
17416,8708,47,4,23383.27
17417,8709,123,1,612.96
17418,8709,122,2,6970.32
17419,8710,118,5,9811.84
17420,8710,3,5,28995.64
17421,8711,125,2,8947.13
17422,8711,53,2,26871.05
17423,8712,137,1,11390.83
17424,8712,97,5,3939.13
17425,8713,123,3,612.96
17426,8713,16,4,2931.99
17427,8714,144,2,11019.62
17428,8714,132,5,3011.07
17429,8715,108,3,13549.63
17430,8715,90,5,2864.12
17431,8716,30,2,12993.37
17432,8716,84,3,5359.51
17433,8717,102,4,18592.29
17434,8717,89,2,4655.22
17435,8718,36,5,29242.97
17436,8718,146,4,1905.39
17437,8719,88,2,48004.49
17438,8719,64,5,17689.49
17439,8720,104,5,6130.95
17440,8720,143,4,13026.41
17441,8721,16,1,2931.99
17442,8721,13,2,54402.04
17443,8722,87,4,45649.01
17444,8722,135,2,11516.05
17445,8723,113,4,12566.23
17446,8723,147,5,14301.36
17447,8724,114,1,5726.03
17448,8724,73,4,37272.06
17449,8725,133,5,8127.63
17450,8725,137,5,11390.83
17451,8726,102,2,18592.29
17452,8726,34,4,2255.17
17453,8727,119,3,19868.15
17454,8727,70,1,3243.71
17455,8728,85,3,7335.47
17456,8728,92,1,2654.0
17457,8729,140,2,8987.09
17458,8729,68,5,19598.26
17459,8730,71,1,3528.52
17460,8730,54,4,30922.05
17461,8731,33,5,21649.9
17462,8731,84,3,5359.51
17463,8732,73,3,37272.06
17464,8732,67,4,22314.95
17465,8733,145,2,11360.29
17466,8733,137,5,11390.83
17467,8734,124,1,796.22
17468,8734,148,2,10266.15
17469,8735,104,5,6130.95
17470,8735,146,5,1905.39
17471,8736,32,2,18206.86
17472,8736,24,1,43820.15
17473,8737,139,3,4159.23
17474,8737,144,5,11019.62
17475,8738,86,2,15173.3
17476,8738,53,5,26871.05
17477,8739,42,5,21976.79
17478,8739,95,4,15378.47
17479,8740,139,4,4159.23
17480,8740,89,1,4655.22
17481,8741,89,2,4655.22
17482,8741,82,4,23327.1
17483,8742,55,1,18034.1
17484,8742,136,1,682.08
17485,8743,13,1,54402.04
17486,8743,10,2,38310.2
17487,8744,141,1,701.97
17488,8744,7,4,23330.83
17489,8745,70,1,3243.71
17490,8745,45,4,5214.29
17491,8746,13,1,54402.04
17492,8746,23,1,49555.53
17493,8747,58,1,27146.74
17494,8747,36,5,29242.97
17495,8748,12,4,9596.51
17496,8748,37,5,25059.66
17497,8749,78,3,26923.68
17498,8749,116,3,6378.97
17499,8750,98,2,12384.57
17500,8750,46,4,32887.05
17501,8751,100,3,6854.81
17502,8751,10,4,38310.2
17503,8752,99,2,16689.48
17504,8752,140,4,8987.09
17505,8753,58,1,27146.74
17506,8753,131,4,3599.39
17507,8754,59,3,13085.83
17508,8754,86,3,15173.3
17509,8755,81,3,37707.89
17510,8755,121,1,6772.08
17511,8756,107,1,21829.1
17512,8756,127,5,1177.88
17513,8757,14,3,10437.0
17514,8757,80,1,27401.27
17515,8758,114,1,5726.03
17516,8758,44,5,19789.04
17517,8759,134,5,4785.68
17518,8759,125,5,8947.13
17519,8760,3,1,28995.64
17520,8760,21,4,55484.17
17521,8761,110,2,12983.38
17522,8761,21,3,55484.17
17523,8762,129,5,577.07
17524,8762,121,2,6772.08
17525,8763,22,3,18186.29
17526,8763,83,1,21901.29
17527,8764,60,2,33321.91
17528,8764,28,3,54101.33
17529,8765,35,2,33010.69
17530,8765,94,2,1858.01
17531,8766,83,2,21901.29
17532,8766,47,2,23383.27
17533,8767,9,5,19098.4
17534,8767,24,2,43820.15
17535,8768,128,3,9263.29
17536,8768,62,5,6674.42
17537,8769,21,5,55484.17
17538,8769,14,1,10437.0
17539,8770,25,1,53524.51
17540,8770,34,5,2255.17
17541,8771,69,1,52834.09
17542,8771,26,4,72907.28
17543,8772,36,2,29242.97
17544,8772,67,3,22314.95
17545,8773,101,4,5781.84
17546,8773,125,5,8947.13
17547,8774,94,2,1858.01
17548,8774,102,5,18592.29
17549,8775,12,5,9596.51
17550,8775,41,4,30082.04
17551,8776,131,1,3599.39
17552,8776,82,3,23327.1
17553,8777,39,2,33931.85
17554,8777,139,2,4159.23
17555,8778,150,1,7113.49
17556,8778,107,5,21829.1
17557,8779,131,5,3599.39
17558,8779,11,3,69215.46
17559,8780,148,1,10266.15
17560,8780,141,1,701.97
17561,8781,124,1,796.22
17562,8781,5,1,84081.85
17563,8782,96,5,6710.71
17564,8782,30,5,12993.37
17565,8783,120,4,24465.41
17566,8783,3,4,28995.64
17567,8784,77,3,23879.21
17568,8784,58,3,27146.74
17569,8785,122,5,6970.32
17570,8785,37,1,25059.66
17571,8786,120,2,24465.41
17572,8786,143,5,13026.41
17573,8787,30,3,12993.37
17574,8787,93,3,11413.05
17575,8788,3,3,28995.64
17576,8788,106,3,19681.04
17577,8789,41,1,30082.04
17578,8789,35,3,33010.69
17579,8790,69,4,52834.09
17580,8790,78,2,26923.68
17581,8791,134,3,4785.68
17582,8791,149,3,14866.1
17583,8792,37,3,25059.66
17584,8792,43,5,14873.86
17585,8793,48,3,12824.52
17586,8793,35,1,33010.69
17587,8794,145,1,11360.29
17588,8794,75,2,3049.5
17589,8795,90,5,2864.12
17590,8795,75,2,3049.5
17591,8796,46,5,32887.05
17592,8796,147,1,14301.36
17593,8797,49,4,8217.13
17594,8797,143,1,13026.41
17595,8798,123,4,612.96
17596,8798,35,2,33010.69
17597,8799,71,3,3528.52
17598,8799,28,3,54101.33
17599,8800,103,2,22522.89
17600,8800,49,2,8217.13
17601,8801,119,5,19868.15
17602,8801,142,3,12489.82
17603,8802,83,5,21901.29
17604,8802,57,1,21935.06
17605,8803,84,1,5359.51
17606,8803,112,5,17873.14
17607,8804,142,4,12489.82
17608,8804,96,5,6710.71
17609,8805,81,2,37707.89
17610,8805,90,4,2864.12
17611,8806,43,3,14873.86
17612,8806,40,3,19403.2
17613,8807,145,5,11360.29
17614,8807,121,4,6772.08
17615,8808,68,1,19598.26
17616,8808,12,4,9596.51
17617,8809,147,4,14301.36
17618,8809,66,4,31441.05
17619,8810,7,1,23330.83
17620,8810,105,3,8125.8
17621,8811,71,2,3528.52
17622,8811,61,4,44878.78
17623,8812,3,1,28995.64
17624,8812,75,1,3049.5
17625,8813,87,3,45649.01
17626,8813,17,1,36162.26
17627,8814,90,1,2864.12
17628,8814,113,4,12566.23
17629,8815,85,4,7335.47
17630,8815,132,4,3011.07
17631,8816,22,2,18186.29
17632,8816,61,3,44878.78
17633,8817,129,4,577.07
17634,8817,97,4,3939.13
17635,8818,41,4,30082.04
17636,8818,13,5,54402.04
17637,8819,22,1,18186.29
17638,8819,111,2,9188.58
17639,8820,43,2,14873.86
17640,8820,100,2,6854.81
17641,8821,96,2,6710.71
17642,8821,113,5,12566.23
17643,8822,112,2,17873.14
17644,8822,10,4,38310.2
17645,8823,16,1,2931.99
17646,8823,54,1,30922.05
17647,8824,101,5,5781.84
17648,8824,142,5,12489.82
17649,8825,115,5,21162.49
17650,8825,13,2,54402.04
17651,8826,64,2,17689.49
17652,8826,60,1,33321.91
17653,8827,109,3,8516.39
17654,8827,147,3,14301.36
17655,8828,137,4,11390.83
17656,8828,66,5,31441.05
17657,8829,20,4,81513.85
17658,8829,10,3,38310.2
17659,8830,141,1,701.97
17660,8830,56,1,33257.92
17661,8831,124,1,796.22
17662,8831,75,4,3049.5
17663,8832,11,1,69215.46
17664,8832,10,5,38310.2
17665,8833,89,5,4655.22
17666,8833,122,2,6970.32
17667,8834,69,3,52834.09
17668,8834,17,1,36162.26
17669,8835,21,2,55484.17
17670,8835,147,4,14301.36
17671,8836,60,1,33321.91
17672,8836,55,1,18034.1
17673,8837,16,3,2931.99
17674,8837,25,5,53524.51
17675,8838,99,5,16689.48
17676,8838,22,3,18186.29
17677,8839,110,5,12983.38
17678,8839,30,1,12993.37
17679,8840,114,4,5726.03
17680,8840,68,2,19598.26
17681,8841,38,4,30726.82
17682,8841,53,1,26871.05
17683,8842,73,2,37272.06
17684,8842,67,2,22314.95
17685,8843,138,2,13863.67
17686,8843,39,3,33931.85
17687,8844,71,2,3528.52
17688,8844,147,3,14301.36
17689,8845,27,3,8040.26
17690,8845,62,5,6674.42
17691,8846,77,1,23879.21
17692,8846,11,2,69215.46
17693,8847,80,1,27401.27
17694,8847,124,3,796.22
17695,8848,48,4,12824.52
17696,8848,7,4,23330.83
17697,8849,106,3,19681.04
17698,8849,69,2,52834.09
17699,8850,32,1,18206.86
17700,8850,58,1,27146.74
17701,8851,105,2,8125.8
17702,8851,113,4,12566.23
17703,8852,76,1,5024.14
17704,8852,22,5,18186.29
17705,8853,68,2,19598.26
17706,8853,42,5,21976.79
17707,8854,92,2,2654.0
17708,8854,45,1,5214.29
17709,8855,80,2,27401.27
17710,8855,60,1,33321.91
17711,8856,2,4,4930.4
17712,8856,45,2,5214.29
17713,8857,16,3,2931.99
17714,8857,8,3,58505.04
17715,8858,113,5,12566.23
17716,8858,36,4,29242.97
17717,8859,126,2,12459.53
17718,8859,79,3,33873.61
17719,8860,119,2,19868.15
17720,8860,73,4,37272.06
17721,8861,81,2,37707.89
17722,8861,111,4,9188.58
17723,8862,80,5,27401.27
17724,8862,142,5,12489.82
17725,8863,63,3,29768.75
17726,8863,24,5,43820.15
17727,8864,32,4,18206.86
17728,8864,114,2,5726.03
17729,8865,120,4,24465.41
17730,8865,104,1,6130.95
17731,8866,110,2,12983.38
17732,8866,95,5,15378.47
17733,8867,53,4,26871.05
17734,8867,126,2,12459.53
17735,8868,74,3,41552.59
17736,8868,116,3,6378.97
17737,8869,68,1,19598.26
17738,8869,90,2,2864.12
17739,8870,97,4,3939.13
17740,8870,9,5,19098.4
17741,8871,105,1,8125.8
17742,8871,79,5,33873.61
17743,8872,148,3,10266.15
17744,8872,2,1,4930.4
17745,8873,144,3,11019.62
17746,8873,23,3,49555.53
17747,8874,149,4,14866.1
17748,8874,140,4,8987.09
17749,8875,50,4,27118.65
17750,8875,140,5,8987.09
17751,8876,76,3,5024.14
17752,8876,98,1,12384.57
17753,8877,133,5,8127.63
17754,8877,17,2,36162.26
17755,8878,74,5,41552.59
17756,8878,51,1,8341.82
17757,8879,98,4,12384.57
17758,8879,95,3,15378.47
17759,8880,8,2,58505.04
17760,8880,28,1,54101.33
17761,8881,52,5,26084.73
17762,8881,140,5,8987.09
17763,8882,47,5,23383.27
17764,8882,94,4,1858.01
17765,8883,50,4,27118.65
17766,8883,122,2,6970.32
17767,8884,103,4,22522.89
17768,8884,136,5,682.08
17769,8885,134,5,4785.68
17770,8885,6,1,48408.63
17771,8886,150,4,7113.49
17772,8886,42,2,21976.79
17773,8887,53,1,26871.05
17774,8887,68,2,19598.26
17775,8888,27,1,8040.26
17776,8888,46,3,32887.05
17777,8889,62,3,6674.42
17778,8889,3,3,28995.64
17779,8890,67,3,22314.95
17780,8890,76,1,5024.14
17781,8891,118,2,9811.84
17782,8891,23,1,49555.53
17783,8892,32,2,18206.86
17784,8892,82,5,23327.1
17785,8893,97,4,3939.13
17786,8893,116,5,6378.97
17787,8894,91,4,6848.12
17788,8894,26,1,72907.28
17789,8895,55,5,18034.1
17790,8895,49,3,8217.13
17791,8896,62,1,6674.42
17792,8896,19,5,17787.61
17793,8897,56,4,33257.92
17794,8897,56,2,33257.92
17795,8898,149,3,14866.1
17796,8898,125,3,8947.13
17797,8899,122,4,6970.32
17798,8899,129,5,577.07
17799,8900,124,4,796.22
17800,8900,99,1,16689.48
17801,8901,44,4,19789.04
17802,8901,108,3,13549.63
17803,8902,29,3,8346.58
17804,8902,41,3,30082.04
17805,8903,28,1,54101.33
17806,8903,16,5,2931.99
17807,8904,105,5,8125.8
17808,8904,10,1,38310.2
17809,8905,70,1,3243.71
17810,8905,132,1,3011.07
17811,8906,62,4,6674.42
17812,8906,105,2,8125.8
17813,8907,10,4,38310.2
17814,8907,99,4,16689.48
17815,8908,23,1,49555.53
17816,8908,44,1,19789.04
17817,8909,21,1,55484.17
17818,8909,116,3,6378.97
17819,8910,94,1,1858.01
17820,8910,130,5,5954.55
17821,8911,150,2,7113.49
17822,8911,68,4,19598.26
17823,8912,118,2,9811.84
17824,8912,19,1,17787.61
17825,8913,28,1,54101.33
17826,8913,8,4,58505.04
17827,8914,14,1,10437.0
17828,8914,60,1,33321.91
17829,8915,136,3,682.08
17830,8915,150,4,7113.49
17831,8916,58,4,27146.74
17832,8916,12,4,9596.51
17833,8917,30,2,12993.37
17834,8917,72,3,49059.06
17835,8918,95,3,15378.47
17836,8918,30,5,12993.37
17837,8919,94,1,1858.01
17838,8919,57,2,21935.06
17839,8920,42,2,21976.79
17840,8920,108,4,13549.63
17841,8921,86,1,15173.3
17842,8921,139,1,4159.23
17843,8922,32,4,18206.86
17844,8922,14,3,10437.0
17845,8923,107,5,21829.1
17846,8923,76,5,5024.14
17847,8924,10,3,38310.2
17848,8924,84,4,5359.51
17849,8925,140,5,8987.09
17850,8925,71,4,3528.52
17851,8926,31,3,11490.6
17852,8926,54,3,30922.05
17853,8927,19,2,17787.61
17854,8927,4,1,39584.54
17855,8928,72,3,49059.06
17856,8928,32,3,18206.86
17857,8929,131,2,3599.39
17858,8929,141,3,701.97
17859,8930,57,4,21935.06
17860,8930,85,4,7335.47
17861,8931,130,3,5954.55
17862,8931,141,4,701.97
17863,8932,124,3,796.22
17864,8932,68,2,19598.26
17865,8933,8,2,58505.04
17866,8933,116,5,6378.97
17867,8934,25,1,53524.51
17868,8934,118,3,9811.84
17869,8935,86,4,15173.3
17870,8935,28,5,54101.33
17871,8936,86,1,15173.3
17872,8936,43,1,14873.86
17873,8937,96,3,6710.71
17874,8937,10,3,38310.2
17875,8938,131,2,3599.39
17876,8938,80,3,27401.27
17877,8939,119,4,19868.15
17878,8939,138,2,13863.67
17879,8940,88,3,48004.49
17880,8940,18,2,73820.52
17881,8941,44,1,19789.04
17882,8941,73,4,37272.06
17883,8942,10,4,38310.2
17884,8942,122,5,6970.32
17885,8943,20,5,81513.85
17886,8943,73,2,37272.06
17887,8944,58,5,27146.74
17888,8944,95,4,15378.47
17889,8945,141,3,701.97
17890,8945,114,4,5726.03
17891,8946,90,1,2864.12
17892,8946,88,3,48004.49
17893,8947,128,4,9263.29
17894,8947,127,3,1177.88
17895,8948,69,3,52834.09
17896,8948,55,1,18034.1
17897,8949,63,5,29768.75
17898,8949,107,4,21829.1
17899,8950,134,2,4785.68
17900,8950,52,4,26084.73
17901,8951,46,4,32887.05
17902,8951,144,3,11019.62
17903,8952,38,2,30726.82
17904,8952,122,3,6970.32
17905,8953,11,3,69215.46
17906,8953,24,4,43820.15
17907,8954,19,4,17787.61
17908,8954,93,4,11413.05
17909,8955,60,2,33321.91
17910,8955,38,5,30726.82
17911,8956,50,4,27118.65
17912,8956,29,2,8346.58
17913,8957,134,1,4785.68
17914,8957,79,2,33873.61
17915,8958,5,1,84081.85
17916,8958,34,5,2255.17
17917,8959,124,2,796.22
17918,8959,73,1,37272.06
17919,8960,52,4,26084.73
17920,8960,47,4,23383.27
17921,8961,86,4,15173.3
17922,8961,40,5,19403.2
17923,8962,89,2,4655.22
17924,8962,33,3,21649.9
17925,8963,33,5,21649.9
17926,8963,57,2,21935.06
17927,8964,110,4,12983.38
17928,8964,67,3,22314.95
17929,8965,40,1,19403.2
17930,8965,133,2,8127.63
17931,8966,109,1,8516.39
17932,8966,124,3,796.22
17933,8967,132,1,3011.07
17934,8967,115,2,21162.49
17935,8968,20,1,81513.85
17936,8968,112,1,17873.14
17937,8969,21,2,55484.17
17938,8969,74,1,41552.59
17939,8970,49,4,8217.13
17940,8970,14,2,10437.0
17941,8971,108,1,13549.63
17942,8971,139,2,4159.23
17943,8972,121,5,6772.08
17944,8972,29,3,8346.58
17945,8973,114,3,5726.03
17946,8973,135,3,11516.05
17947,8974,150,5,7113.49
17948,8974,122,3,6970.32
17949,8975,91,2,6848.12
17950,8975,134,1,4785.68
17951,8976,12,5,9596.51
17952,8976,54,1,30922.05
17953,8977,58,5,27146.74
17954,8977,148,4,10266.15
17955,8978,58,3,27146.74
17956,8978,96,2,6710.71
17957,8979,60,1,33321.91
17958,8979,59,2,13085.83
17959,8980,85,5,7335.47
17960,8980,108,2,13549.63
17961,8981,103,5,22522.89
17962,8981,89,1,4655.22
17963,8982,60,5,33321.91
17964,8982,84,1,5359.51
17965,8983,72,3,49059.06
17966,8983,143,4,13026.41
17967,8984,13,1,54402.04
17968,8984,13,1,54402.04
17969,8985,104,2,6130.95
17970,8985,38,5,30726.82
17971,8986,15,1,69325.73
17972,8986,13,3,54402.04
17973,8987,43,1,14873.86
17974,8987,138,5,13863.67
17975,8988,56,5,33257.92
17976,8988,100,1,6854.81
17977,8989,126,2,12459.53
17978,8989,49,1,8217.13
17979,8990,47,3,23383.27
17980,8990,108,4,13549.63
17981,8991,19,3,17787.61
17982,8991,39,1,33931.85
17983,8992,99,2,16689.48
17984,8992,29,3,8346.58
17985,8993,10,2,38310.2
17986,8993,69,5,52834.09
17987,8994,133,5,8127.63
17988,8994,146,2,1905.39
17989,8995,75,2,3049.5
17990,8995,28,4,54101.33
17991,8996,30,1,12993.37
17992,8996,83,2,21901.29
17993,8997,39,2,33931.85
17994,8997,32,2,18206.86
17995,8998,138,3,13863.67
17996,8998,24,3,43820.15
17997,8999,47,4,23383.27
17998,8999,123,4,612.96
17999,9000,92,3,2654.0
18000,9000,146,2,1905.39
18001,9001,93,2,11413.05
18002,9001,40,3,19403.2
18003,9002,43,3,14873.86
18004,9002,69,4,52834.09
18005,9003,92,5,2654.0
18006,9003,83,4,21901.29
18007,9004,100,2,6854.81
18008,9004,77,5,23879.21
18009,9005,46,5,32887.05
18010,9005,140,5,8987.09
18011,9006,108,1,13549.63
18012,9006,134,4,4785.68
18013,9007,84,2,5359.51
18014,9007,133,5,8127.63
18015,9008,47,5,23383.27
18016,9008,32,4,18206.86
18017,9009,11,2,69215.46
18018,9009,110,2,12983.38
18019,9010,69,3,52834.09
18020,9010,140,3,8987.09
18021,9011,33,2,21649.9
18022,9011,76,2,5024.14
18023,9012,21,4,55484.17
18024,9012,115,2,21162.49
18025,9013,14,5,10437.0
18026,9013,59,5,13085.83
18027,9014,133,5,8127.63
18028,9014,77,4,23879.21
18029,9015,23,1,49555.53
18030,9015,134,4,4785.68
18031,9016,44,2,19789.04
18032,9016,105,3,8125.8
18033,9017,21,5,55484.17
18034,9017,73,1,37272.06
18035,9018,107,4,21829.1
18036,9018,66,2,31441.05
18037,9019,84,1,5359.51
18038,9019,95,3,15378.47
18039,9020,98,2,12384.57
18040,9020,149,4,14866.1
18041,9021,87,3,45649.01
18042,9021,59,2,13085.83
18043,9022,142,3,12489.82
18044,9022,30,5,12993.37
18045,9023,112,2,17873.14
18046,9023,30,5,12993.37
18047,9024,131,3,3599.39
18048,9024,31,3,11490.6
18049,9025,96,2,6710.71
18050,9025,143,5,13026.41
18051,9026,74,4,41552.59
18052,9026,147,4,14301.36
18053,9027,90,2,2864.12
18054,9027,134,3,4785.68
18055,9028,119,2,19868.15
18056,9028,99,3,16689.48
18057,9029,146,2,1905.39
18058,9029,127,4,1177.88
18059,9030,111,1,9188.58
18060,9030,32,2,18206.86
18061,9031,27,4,8040.26
18062,9031,99,1,16689.48
18063,9032,85,5,7335.47
18064,9032,107,3,21829.1
18065,9033,1,3,52539.0
18066,9033,130,4,5954.55
18067,9034,15,5,69325.73
18068,9034,115,2,21162.49
18069,9035,134,3,4785.68
18070,9035,11,1,69215.46
18071,9036,4,4,39584.54
18072,9036,120,4,24465.41
18073,9037,71,3,3528.52
18074,9037,71,1,3528.52
18075,9038,92,4,2654.0
18076,9038,12,2,9596.51
18077,9039,15,1,69325.73
18078,9039,135,4,11516.05
18079,9040,53,2,26871.05
18080,9040,138,3,13863.67
18081,9041,102,3,18592.29
18082,9041,143,1,13026.41
18083,9042,15,3,69325.73
18084,9042,61,5,44878.78
18085,9043,4,3,39584.54
18086,9043,57,3,21935.06
18087,9044,108,3,13549.63
18088,9044,8,2,58505.04
18089,9045,39,3,33931.85
18090,9045,7,2,23330.83
18091,9046,7,4,23330.83
18092,9046,3,2,28995.64
18093,9047,12,5,9596.51
18094,9047,129,3,577.07
18095,9048,71,2,3528.52
18096,9048,60,3,33321.91
18097,9049,133,5,8127.63
18098,9049,135,2,11516.05
18099,9050,121,4,6772.08
18100,9050,61,5,44878.78
18101,9051,85,4,7335.47
18102,9051,13,5,54402.04
18103,9052,126,2,12459.53
18104,9052,102,3,18592.29
18105,9053,75,4,3049.5
18106,9053,113,3,12566.23
18107,9054,106,1,19681.04
18108,9054,21,1,55484.17
18109,9055,9,5,19098.4
18110,9055,69,2,52834.09
18111,9056,150,1,7113.49
18112,9056,22,4,18186.29
18113,9057,64,3,17689.49
18114,9057,133,4,8127.63
18115,9058,91,1,6848.12
18116,9058,66,4,31441.05
18117,9059,6,1,48408.63
18118,9059,36,3,29242.97
18119,9060,52,1,26084.73
18120,9060,4,5,39584.54
18121,9061,93,5,11413.05
18122,9061,73,1,37272.06
18123,9062,62,3,6674.42
18124,9062,79,5,33873.61
18125,9063,148,1,10266.15
18126,9063,146,3,1905.39
18127,9064,66,1,31441.05
18128,9064,30,4,12993.37
18129,9065,119,3,19868.15
18130,9065,92,1,2654.0
18131,9066,50,3,27118.65
18132,9066,70,3,3243.71
18133,9067,33,3,21649.9
18134,9067,58,1,27146.74
18135,9068,82,5,23327.1
18136,9068,24,2,43820.15
18137,9069,84,3,5359.51
18138,9069,29,2,8346.58
18139,9070,107,3,21829.1
18140,9070,2,1,4930.4
18141,9071,144,5,11019.62
18142,9071,52,5,26084.73
18143,9072,115,3,21162.49
18144,9072,83,5,21901.29
18145,9073,141,4,701.97
18146,9073,139,1,4159.23
18147,9074,101,4,5781.84
18148,9074,109,3,8516.39
18149,9075,51,1,8341.82
18150,9075,109,4,8516.39
18151,9076,50,5,27118.65
18152,9076,125,3,8947.13
18153,9077,11,2,69215.46
18154,9077,123,5,612.96
18155,9078,113,2,12566.23
18156,9078,100,2,6854.81
18157,9079,25,5,53524.51
18158,9079,76,5,5024.14
18159,9080,19,4,17787.61
18160,9080,118,3,9811.84
18161,9081,86,3,15173.3
18162,9081,136,3,682.08
18163,9082,144,5,11019.62
18164,9082,31,1,11490.6
18165,9083,108,4,13549.63
18166,9083,27,4,8040.26
18167,9084,62,3,6674.42
18168,9084,127,3,1177.88
18169,9085,46,2,32887.05
18170,9085,19,5,17787.61
18171,9086,18,3,73820.52
18172,9086,51,1,8341.82
18173,9087,92,1,2654.0
18174,9087,147,4,14301.36
18175,9088,12,4,9596.51
18176,9088,28,1,54101.33
18177,9089,40,1,19403.2
18178,9089,40,2,19403.2
18179,9090,73,5,37272.06
18180,9090,46,3,32887.05
18181,9091,11,5,69215.46
18182,9091,104,1,6130.95
18183,9092,141,2,701.97
18184,9092,5,2,84081.85
18185,9093,131,4,3599.39
18186,9093,45,5,5214.29
18187,9094,149,5,14866.1
18188,9094,31,5,11490.6
18189,9095,60,2,33321.91
18190,9095,140,3,8987.09
18191,9096,11,1,69215.46
18192,9096,119,5,19868.15
18193,9097,36,4,29242.97
18194,9097,54,1,30922.05
18195,9098,56,2,33257.92
18196,9098,67,1,22314.95
18197,9099,25,1,53524.51
18198,9099,14,2,10437.0
18199,9100,33,3,21649.9
18200,9100,25,4,53524.51
18201,9101,58,2,27146.74
18202,9101,67,3,22314.95
18203,9102,55,3,18034.1
18204,9102,47,1,23383.27
18205,9103,5,3,84081.85
18206,9103,95,5,15378.47
18207,9104,28,1,54101.33
18208,9104,137,2,11390.83
18209,9105,32,1,18206.86
18210,9105,59,1,13085.83
18211,9106,92,2,2654.0
18212,9106,116,1,6378.97
18213,9107,52,3,26084.73
18214,9107,66,1,31441.05
18215,9108,137,3,11390.83
18216,9108,79,1,33873.61
18217,9109,77,2,23879.21
18218,9109,131,1,3599.39
18219,9110,128,3,9263.29
18220,9110,92,3,2654.0
18221,9111,10,3,38310.2
18222,9111,93,3,11413.05
18223,9112,143,4,13026.41
18224,9112,78,3,26923.68
18225,9113,81,2,37707.89
18226,9113,103,3,22522.89
18227,9114,101,3,5781.84
18228,9114,7,4,23330.83
18229,9115,43,2,14873.86
18230,9115,24,2,43820.15
18231,9116,70,1,3243.71
18232,9116,26,4,72907.28
18233,9117,39,5,33931.85
18234,9117,132,3,3011.07
18235,9118,71,5,3528.52
18236,9118,57,3,21935.06
18237,9119,126,3,12459.53
18238,9119,57,1,21935.06
18239,9120,77,5,23879.21
18240,9120,2,5,4930.4
18241,9121,26,1,72907.28
18242,9121,41,4,30082.04
18243,9122,34,2,2255.17
18244,9122,59,2,13085.83
18245,9123,37,5,25059.66
18246,9123,105,1,8125.8
18247,9124,63,1,29768.75
18248,9124,3,2,28995.64
18249,9125,11,4,69215.46
18250,9125,3,4,28995.64
18251,9126,76,4,5024.14
18252,9126,54,5,30922.05
18253,9127,82,5,23327.1
18254,9127,10,1,38310.2
18255,9128,140,1,8987.09
18256,9128,122,3,6970.32
18257,9129,79,1,33873.61
18258,9129,24,4,43820.15
18259,9130,11,4,69215.46
18260,9130,41,2,30082.04
18261,9131,7,5,23330.83
18262,9131,76,4,5024.14
18263,9132,104,4,6130.95
18264,9132,41,5,30082.04
18265,9133,132,1,3011.07
18266,9133,119,5,19868.15
18267,9134,133,2,8127.63
18268,9134,89,5,4655.22
18269,9135,71,2,3528.52
18270,9135,71,1,3528.52
18271,9136,121,4,6772.08
18272,9136,88,1,48004.49
18273,9137,63,4,29768.75
18274,9137,5,2,84081.85
18275,9138,21,5,55484.17
18276,9138,56,1,33257.92
18277,9139,90,1,2864.12
18278,9139,40,4,19403.2
18279,9140,17,5,36162.26
18280,9140,136,1,682.08
18281,9141,16,5,2931.99
18282,9141,132,3,3011.07
18283,9142,68,4,19598.26
18284,9142,82,2,23327.1
18285,9143,78,5,26923.68
18286,9143,144,2,11019.62
18287,9144,110,3,12983.38
18288,9144,35,2,33010.69
18289,9145,72,2,49059.06
18290,9145,15,3,69325.73
18291,9146,11,4,69215.46
18292,9146,57,2,21935.06
18293,9147,90,2,2864.12
18294,9147,145,3,11360.29
18295,9148,99,5,16689.48
18296,9148,22,1,18186.29
18297,9149,51,3,8341.82
18298,9149,41,3,30082.04
18299,9150,27,3,8040.26
18300,9150,73,3,37272.06
18301,9151,117,5,14181.77
18302,9151,148,3,10266.15
18303,9152,134,1,4785.68
18304,9152,139,3,4159.23
18305,9153,2,1,4930.4
18306,9153,42,1,21976.79
18307,9154,135,2,11516.05
18308,9154,132,5,3011.07
18309,9155,44,1,19789.04
18310,9155,18,4,73820.52
18311,9156,50,3,27118.65
18312,9156,127,1,1177.88
18313,9157,31,4,11490.6
18314,9157,94,3,1858.01
18315,9158,31,5,11490.6
18316,9158,62,5,6674.42
18317,9159,70,2,3243.71
18318,9159,55,4,18034.1
18319,9160,55,1,18034.1
18320,9160,122,4,6970.32
18321,9161,23,5,49555.53
18322,9161,122,2,6970.32
18323,9162,3,1,28995.64
18324,9162,79,1,33873.61
18325,9163,25,1,53524.51
18326,9163,12,5,9596.51
18327,9164,76,5,5024.14
18328,9164,129,5,577.07
18329,9165,2,3,4930.4
18330,9165,106,4,19681.04
18331,9166,141,3,701.97
18332,9166,130,4,5954.55
18333,9167,67,5,22314.95
18334,9167,16,4,2931.99
18335,9168,100,1,6854.81
18336,9168,138,3,13863.67
18337,9169,14,3,10437.0
18338,9169,48,1,12824.52
18339,9170,24,4,43820.15
18340,9170,54,2,30922.05
18341,9171,71,1,3528.52
18342,9171,32,4,18206.86
18343,9172,103,2,22522.89
18344,9172,56,1,33257.92
18345,9173,59,5,13085.83
18346,9173,54,2,30922.05
18347,9174,122,2,6970.32
18348,9174,103,1,22522.89
18349,9175,127,5,1177.88
18350,9175,140,3,8987.09
18351,9176,68,5,19598.26
18352,9176,149,5,14866.1
18353,9177,129,2,577.07
18354,9177,96,5,6710.71
18355,9178,126,3,12459.53
18356,9178,69,5,52834.09
18357,9179,88,2,48004.49
18358,9179,31,2,11490.6
18359,9180,69,1,52834.09
18360,9180,128,3,9263.29
18361,9181,28,4,54101.33
18362,9181,75,5,3049.5
18363,9182,119,1,19868.15
18364,9182,73,4,37272.06
18365,9183,78,1,26923.68
18366,9183,14,1,10437.0
18367,9184,71,5,3528.52
18368,9184,21,2,55484.17
18369,9185,64,4,17689.49
18370,9185,13,5,54402.04
18371,9186,69,4,52834.09
18372,9186,43,4,14873.86
18373,9187,36,1,29242.97
18374,9187,100,2,6854.81
18375,9188,18,3,73820.52
18376,9188,120,4,24465.41
18377,9189,108,1,13549.63
18378,9189,91,4,6848.12
18379,9190,74,2,41552.59
18380,9190,90,3,2864.12
18381,9191,28,2,54101.33
18382,9191,98,3,12384.57
18383,9192,62,1,6674.42
18384,9192,26,4,72907.28
18385,9193,73,3,37272.06
18386,9193,36,5,29242.97
18387,9194,111,4,9188.58
18388,9194,42,3,21976.79
18389,9195,61,3,44878.78
18390,9195,126,1,12459.53
18391,9196,21,3,55484.17
18392,9196,44,4,19789.04
18393,9197,147,1,14301.36
18394,9197,13,2,54402.04
18395,9198,97,5,3939.13
18396,9198,128,3,9263.29
18397,9199,38,5,30726.82
18398,9199,6,4,48408.63
18399,9200,102,5,18592.29
18400,9200,9,3,19098.4
18401,9201,106,2,19681.04
18402,9201,112,3,17873.14
18403,9202,54,1,30922.05
18404,9202,66,3,31441.05
18405,9203,120,5,24465.41
18406,9203,111,5,9188.58
18407,9204,128,4,9263.29
18408,9204,25,3,53524.51
18409,9205,113,4,12566.23
18410,9205,12,4,9596.51
18411,9206,125,1,8947.13
18412,9206,5,1,84081.85
18413,9207,45,5,5214.29
18414,9207,6,1,48408.63
18415,9208,37,3,25059.66
18416,9208,51,1,8341.82
18417,9209,143,1,13026.41
18418,9209,10,1,38310.2
18419,9210,130,2,5954.55
18420,9210,94,2,1858.01
18421,9211,55,3,18034.1
18422,9211,57,4,21935.06
18423,9212,87,5,45649.01
18424,9212,74,4,41552.59
18425,9213,4,2,39584.54
18426,9213,144,1,11019.62
18427,9214,105,2,8125.8
18428,9214,60,4,33321.91
18429,9215,85,5,7335.47
18430,9215,86,4,15173.3
18431,9216,119,5,19868.15
18432,9216,147,4,14301.36
18433,9217,17,3,36162.26
18434,9217,112,5,17873.14
18435,9218,96,4,6710.71
18436,9218,69,5,52834.09
18437,9219,77,3,23879.21
18438,9219,42,5,21976.79
18439,9220,140,2,8987.09
18440,9220,82,1,23327.1
18441,9221,140,2,8987.09
18442,9221,53,4,26871.05
18443,9222,120,5,24465.41
18444,9222,11,5,69215.46
18445,9223,40,2,19403.2
18446,9223,120,2,24465.41
18447,9224,93,3,11413.05
18448,9224,138,4,13863.67
18449,9225,149,4,14866.1
18450,9225,115,2,21162.49
18451,9226,132,5,3011.07
18452,9226,129,4,577.07
18453,9227,39,3,33931.85
18454,9227,106,5,19681.04
18455,9228,49,4,8217.13
18456,9228,78,4,26923.68
18457,9229,139,4,4159.23
18458,9229,63,5,29768.75
18459,9230,129,3,577.07
18460,9230,10,3,38310.2
18461,9231,81,2,37707.89
18462,9231,125,2,8947.13
18463,9232,129,3,577.07
18464,9232,135,2,11516.05
18465,9233,146,2,1905.39
18466,9233,19,2,17787.61
18467,9234,79,1,33873.61
18468,9234,63,4,29768.75
18469,9235,12,4,9596.51
18470,9235,52,4,26084.73
18471,9236,119,1,19868.15
18472,9236,88,1,48004.49
18473,9237,100,1,6854.81
18474,9237,63,5,29768.75
18475,9238,13,4,54402.04
18476,9238,70,5,3243.71
18477,9239,12,1,9596.51
18478,9239,47,5,23383.27
18479,9240,135,1,11516.05
18480,9240,127,2,1177.88
18481,9241,49,5,8217.13
18482,9241,59,1,13085.83
18483,9242,73,1,37272.06
18484,9242,75,4,3049.5
18485,9243,78,1,26923.68
18486,9243,109,1,8516.39
18487,9244,40,2,19403.2
18488,9244,105,3,8125.8
18489,9245,42,5,21976.79
18490,9245,51,5,8341.82
18491,9246,50,2,27118.65
18492,9246,84,4,5359.51
18493,9247,82,4,23327.1
18494,9247,66,3,31441.05
18495,9248,95,5,15378.47
18496,9248,42,3,21976.79
18497,9249,117,3,14181.77
18498,9249,44,2,19789.04
18499,9250,127,4,1177.88
18500,9250,47,1,23383.27
18501,9251,67,2,22314.95
18502,9251,146,2,1905.39
18503,9252,72,3,49059.06
18504,9252,54,1,30922.05
18505,9253,58,5,27146.74
18506,9253,95,1,15378.47
18507,9254,148,3,10266.15
18508,9254,100,5,6854.81
18509,9255,122,5,6970.32
18510,9255,119,1,19868.15
18511,9256,62,5,6674.42
18512,9256,90,1,2864.12
18513,9257,63,5,29768.75
18514,9257,94,3,1858.01
18515,9258,55,2,18034.1
18516,9258,109,4,8516.39
18517,9259,91,5,6848.12
18518,9259,19,5,17787.61
18519,9260,64,2,17689.49
18520,9260,1,5,52539.0
18521,9261,100,4,6854.81
18522,9261,117,2,14181.77
18523,9262,26,4,72907.28
18524,9262,44,3,19789.04
18525,9263,111,5,9188.58
18526,9263,88,4,48004.49
18527,9264,138,5,13863.67
18528,9264,66,2,31441.05
18529,9265,77,4,23879.21
18530,9265,85,5,7335.47
18531,9266,91,1,6848.12
18532,9266,141,1,701.97
18533,9267,131,4,3599.39
18534,9267,17,1,36162.26
18535,9268,81,4,37707.89
18536,9268,39,4,33931.85
18537,9269,84,2,5359.51
18538,9269,129,3,577.07
18539,9270,102,1,18592.29
18540,9270,84,5,5359.51
18541,9271,102,3,18592.29
18542,9271,77,2,23879.21
18543,9272,148,1,10266.15
18544,9272,6,3,48408.63
18545,9273,22,1,18186.29
18546,9273,110,3,12983.38
18547,9274,107,5,21829.1
18548,9274,139,4,4159.23
18549,9275,113,2,12566.23
18550,9275,134,2,4785.68
18551,9276,43,4,14873.86
18552,9276,86,3,15173.3
18553,9277,145,5,11360.29
18554,9277,54,2,30922.05
18555,9278,28,2,54101.33
18556,9278,64,1,17689.49
18557,9279,92,2,2654.0
18558,9279,63,1,29768.75
18559,9280,6,3,48408.63
18560,9280,22,4,18186.29
18561,9281,106,3,19681.04
18562,9281,37,2,25059.66
18563,9282,76,2,5024.14
18564,9282,18,5,73820.52
18565,9283,71,4,3528.52
18566,9283,87,4,45649.01
18567,9284,75,5,3049.5
18568,9284,133,1,8127.63
18569,9285,108,3,13549.63
18570,9285,131,3,3599.39
18571,9286,102,2,18592.29
18572,9286,69,2,52834.09
18573,9287,31,3,11490.6
18574,9287,52,3,26084.73
18575,9288,112,1,17873.14
18576,9288,62,3,6674.42
18577,9289,20,1,81513.85
18578,9289,71,4,3528.52
18579,9290,47,3,23383.27
18580,9290,147,3,14301.36
18581,9291,72,1,49059.06
18582,9291,39,5,33931.85
18583,9292,7,5,23330.83
18584,9292,71,5,3528.52
18585,9293,51,1,8341.82
18586,9293,87,3,45649.01
18587,9294,55,3,18034.1
18588,9294,16,1,2931.99
18589,9295,79,4,33873.61
18590,9295,117,3,14181.77
18591,9296,135,1,11516.05
18592,9296,71,1,3528.52
18593,9297,23,3,49555.53
18594,9297,82,4,23327.1
18595,9298,95,2,15378.47
18596,9298,57,5,21935.06
18597,9299,85,1,7335.47
18598,9299,92,4,2654.0
18599,9300,70,4,3243.71
18600,9300,5,4,84081.85
18601,9301,119,5,19868.15
18602,9301,7,5,23330.83
18603,9302,49,1,8217.13
18604,9302,48,3,12824.52
18605,9303,112,3,17873.14
18606,9303,51,1,8341.82
18607,9304,125,2,8947.13
18608,9304,45,5,5214.29
18609,9305,147,3,14301.36
18610,9305,86,2,15173.3
18611,9306,18,3,73820.52
18612,9306,115,2,21162.49
18613,9307,60,1,33321.91
18614,9307,67,5,22314.95
18615,9308,141,5,701.97
18616,9308,114,3,5726.03
18617,9309,94,3,1858.01
18618,9309,146,4,1905.39
18619,9310,130,3,5954.55
18620,9310,31,2,11490.6
18621,9311,142,5,12489.82
18622,9311,34,5,2255.17
18623,9312,141,5,701.97
18624,9312,120,3,24465.41
18625,9313,99,5,16689.48
18626,9313,4,5,39584.54
18627,9314,81,4,37707.89
18628,9314,33,1,21649.9
18629,9315,40,5,19403.2
18630,9315,50,3,27118.65
18631,9316,35,5,33010.69
18632,9316,116,4,6378.97
18633,9317,124,3,796.22
18634,9317,98,4,12384.57
18635,9318,121,2,6772.08
18636,9318,26,3,72907.28
18637,9319,140,3,8987.09
18638,9319,32,4,18206.86
18639,9320,26,3,72907.28
18640,9320,119,5,19868.15
18641,9321,98,5,12384.57
18642,9321,83,1,21901.29
18643,9322,2,4,4930.4
18644,9322,102,3,18592.29
18645,9323,31,3,11490.6
18646,9323,37,1,25059.66
18647,9324,55,3,18034.1
18648,9324,9,5,19098.4
18649,9325,57,4,21935.06
18650,9325,135,4,11516.05
18651,9326,8,4,58505.04
18652,9326,122,5,6970.32
18653,9327,70,3,3243.71
18654,9327,107,3,21829.1
18655,9328,22,1,18186.29
18656,9328,61,3,44878.78
18657,9329,136,5,682.08
18658,9329,43,4,14873.86
18659,9330,2,1,4930.4
18660,9330,98,5,12384.57
18661,9331,144,2,11019.62
18662,9331,23,5,49555.53
18663,9332,40,5,19403.2
18664,9332,15,2,69325.73
18665,9333,73,3,37272.06
18666,9333,8,4,58505.04
18667,9334,98,2,12384.57
18668,9334,75,5,3049.5
18669,9335,104,3,6130.95
18670,9335,68,5,19598.26
18671,9336,139,1,4159.23
18672,9336,89,5,4655.22
18673,9337,88,1,48004.49
18674,9337,118,4,9811.84
18675,9338,70,2,3243.71
18676,9338,74,1,41552.59
18677,9339,37,1,25059.66
18678,9339,127,1,1177.88
18679,9340,44,1,19789.04
18680,9340,107,2,21829.1
18681,9341,69,5,52834.09
18682,9341,53,2,26871.05
18683,9342,58,3,27146.74
18684,9342,132,4,3011.07
18685,9343,50,3,27118.65
18686,9343,23,3,49555.53
18687,9344,42,1,21976.79
18688,9344,54,5,30922.05
18689,9345,108,4,13549.63
18690,9345,80,1,27401.27
18691,9346,113,1,12566.23
18692,9346,65,3,8035.55
18693,9347,132,3,3011.07
18694,9347,3,4,28995.64
18695,9348,18,2,73820.52
18696,9348,144,3,11019.62
18697,9349,86,4,15173.3
18698,9349,134,3,4785.68
18699,9350,93,5,11413.05
18700,9350,97,1,3939.13
18701,9351,111,2,9188.58
18702,9351,72,5,49059.06
18703,9352,71,2,3528.52
18704,9352,142,5,12489.82
18705,9353,56,2,33257.92
18706,9353,11,3,69215.46
18707,9354,74,5,41552.59
18708,9354,140,1,8987.09
18709,9355,134,5,4785.68
18710,9355,82,5,23327.1
18711,9356,29,2,8346.58
18712,9356,55,5,18034.1
18713,9357,101,4,5781.84
18714,9357,57,5,21935.06
18715,9358,119,5,19868.15
18716,9358,99,1,16689.48
18717,9359,7,5,23330.83
18718,9359,107,1,21829.1
18719,9360,125,5,8947.13
18720,9360,9,3,19098.4
18721,9361,147,5,14301.36
18722,9361,10,2,38310.2
18723,9362,54,2,30922.05
18724,9362,98,2,12384.57
18725,9363,27,2,8040.26
18726,9363,86,1,15173.3
18727,9364,120,4,24465.41
18728,9364,109,5,8516.39
18729,9365,136,2,682.08
18730,9365,105,4,8125.8
18731,9366,31,2,11490.6
18732,9366,148,1,10266.15
18733,9367,142,5,12489.82
18734,9367,93,1,11413.05
18735,9368,134,3,4785.68
18736,9368,66,2,31441.05
18737,9369,71,1,3528.52
18738,9369,31,2,11490.6
18739,9370,130,2,5954.55
18740,9370,124,2,796.22
18741,9371,23,3,49555.53
18742,9371,75,2,3049.5
18743,9372,23,2,49555.53
18744,9372,92,5,2654.0
18745,9373,137,4,11390.83
18746,9373,14,4,10437.0
18747,9374,83,4,21901.29
18748,9374,14,2,10437.0
18749,9375,67,3,22314.95
18750,9375,94,2,1858.01
18751,9376,15,5,69325.73
18752,9376,136,1,682.08
18753,9377,76,5,5024.14
18754,9377,30,5,12993.37
18755,9378,96,3,6710.71
18756,9378,138,1,13863.67
18757,9379,94,1,1858.01
18758,9379,13,5,54402.04
18759,9380,133,3,8127.63
18760,9380,24,4,43820.15
18761,9381,129,3,577.07
18762,9381,4,3,39584.54
18763,9382,36,5,29242.97
18764,9382,63,3,29768.75
18765,9383,66,1,31441.05
18766,9383,6,4,48408.63
18767,9384,58,4,27146.74
18768,9384,39,1,33931.85
18769,9385,136,5,682.08
18770,9385,33,2,21649.9
18771,9386,92,4,2654.0
18772,9386,68,4,19598.26
18773,9387,81,3,37707.89
18774,9387,65,5,8035.55
18775,9388,11,4,69215.46
18776,9388,51,3,8341.82
18777,9389,76,4,5024.14
18778,9389,132,1,3011.07
18779,9390,42,2,21976.79
18780,9390,75,1,3049.5
18781,9391,126,1,12459.53
18782,9391,47,4,23383.27
18783,9392,113,2,12566.23
18784,9392,110,1,12983.38
18785,9393,28,5,54101.33
18786,9393,137,1,11390.83
18787,9394,61,5,44878.78
18788,9394,30,3,12993.37
18789,9395,81,5,37707.89
18790,9395,4,5,39584.54
18791,9396,127,1,1177.88
18792,9396,118,5,9811.84
18793,9397,37,3,25059.66
18794,9397,142,1,12489.82
18795,9398,76,5,5024.14
18796,9398,75,3,3049.5
18797,9399,25,1,53524.51
18798,9399,31,4,11490.6
18799,9400,68,5,19598.26
18800,9400,106,3,19681.04
18801,9401,72,5,49059.06
18802,9401,149,4,14866.1
18803,9402,11,5,69215.46
18804,9402,107,3,21829.1
18805,9403,148,4,10266.15
18806,9403,83,3,21901.29
18807,9404,96,5,6710.71
18808,9404,14,1,10437.0
18809,9405,6,5,48408.63
18810,9405,7,4,23330.83
18811,9406,63,3,29768.75
18812,9406,12,1,9596.51
18813,9407,85,2,7335.47
18814,9407,71,5,3528.52
18815,9408,73,2,37272.06
18816,9408,150,5,7113.49
18817,9409,17,3,36162.26
18818,9409,144,5,11019.62
18819,9410,128,5,9263.29
18820,9410,58,5,27146.74
18821,9411,7,5,23330.83
18822,9411,1,5,52539.0
18823,9412,8,4,58505.04
18824,9412,30,4,12993.37
18825,9413,9,2,19098.4
18826,9413,7,2,23330.83
18827,9414,132,1,3011.07
18828,9414,30,2,12993.37
18829,9415,63,2,29768.75
18830,9415,123,5,612.96
18831,9416,4,5,39584.54
18832,9416,30,1,12993.37
18833,9417,146,1,1905.39
18834,9417,77,5,23879.21
18835,9418,142,2,12489.82
18836,9418,119,4,19868.15
18837,9419,53,3,26871.05
18838,9419,109,4,8516.39
18839,9420,19,5,17787.61
18840,9420,76,5,5024.14
18841,9421,87,3,45649.01
18842,9421,105,5,8125.8
18843,9422,47,1,23383.27
18844,9422,1,4,52539.0
18845,9423,14,5,10437.0
18846,9423,139,3,4159.23
18847,9424,7,2,23330.83
18848,9424,140,4,8987.09
18849,9425,82,2,23327.1
18850,9425,93,5,11413.05
18851,9426,97,4,3939.13
18852,9426,40,2,19403.2
18853,9427,81,3,37707.89
18854,9427,100,4,6854.81
18855,9428,92,2,2654.0
18856,9428,139,2,4159.23
18857,9429,113,4,12566.23
18858,9429,34,5,2255.17
18859,9430,86,4,15173.3
18860,9430,74,1,41552.59
18861,9431,84,4,5359.51
18862,9431,150,2,7113.49
18863,9432,118,4,9811.84
18864,9432,2,2,4930.4
18865,9433,144,5,11019.62
18866,9433,96,3,6710.71
18867,9434,37,5,25059.66
18868,9434,131,1,3599.39
18869,9435,11,2,69215.46
18870,9435,66,4,31441.05
18871,9436,17,3,36162.26
18872,9436,20,2,81513.85
18873,9437,33,3,21649.9
18874,9437,144,1,11019.62
18875,9438,66,5,31441.05
18876,9438,68,5,19598.26
18877,9439,93,1,11413.05
18878,9439,30,1,12993.37
18879,9440,93,3,11413.05
18880,9440,150,4,7113.49
18881,9441,125,2,8947.13
18882,9441,133,4,8127.63
18883,9442,137,3,11390.83
18884,9442,20,5,81513.85
18885,9443,93,4,11413.05
18886,9443,119,5,19868.15
18887,9444,132,4,3011.07
18888,9444,56,2,33257.92
18889,9445,28,4,54101.33
18890,9445,43,2,14873.86
18891,9446,150,2,7113.49
18892,9446,108,3,13549.63
18893,9447,126,2,12459.53
18894,9447,65,3,8035.55
18895,9448,66,2,31441.05
18896,9448,131,1,3599.39
18897,9449,114,4,5726.03
18898,9449,73,3,37272.06
18899,9450,47,1,23383.27
18900,9450,76,5,5024.14
18901,9451,86,1,15173.3
18902,9451,79,4,33873.61
18903,9452,67,4,22314.95
18904,9452,105,3,8125.8
18905,9453,79,1,33873.61
18906,9453,89,1,4655.22
18907,9454,125,5,8947.13
18908,9454,85,5,7335.47
18909,9455,83,2,21901.29
18910,9455,37,4,25059.66
18911,9456,99,2,16689.48
18912,9456,90,2,2864.12
18913,9457,143,4,13026.41
18914,9457,24,4,43820.15
18915,9458,75,3,3049.5
18916,9458,66,2,31441.05
18917,9459,66,5,31441.05
18918,9459,143,4,13026.41
18919,9460,147,4,14301.36
18920,9460,61,3,44878.78
18921,9461,125,5,8947.13
18922,9461,74,4,41552.59
18923,9462,17,1,36162.26
18924,9462,51,5,8341.82
18925,9463,67,3,22314.95
18926,9463,23,2,49555.53
18927,9464,2,2,4930.4
18928,9464,148,1,10266.15
18929,9465,61,1,44878.78
18930,9465,53,4,26871.05
18931,9466,35,1,33010.69
18932,9466,94,4,1858.01
18933,9467,41,3,30082.04
18934,9467,8,3,58505.04
18935,9468,128,3,9263.29
18936,9468,37,1,25059.66
18937,9469,67,5,22314.95
18938,9469,123,3,612.96
18939,9470,35,1,33010.69
18940,9470,13,4,54402.04
18941,9471,110,3,12983.38
18942,9471,100,4,6854.81
18943,9472,110,2,12983.38
18944,9472,113,4,12566.23
18945,9473,9,4,19098.4
18946,9473,100,1,6854.81
18947,9474,111,5,9188.58
18948,9474,75,2,3049.5
18949,9475,16,2,2931.99
18950,9475,39,2,33931.85
18951,9476,89,5,4655.22
18952,9476,135,3,11516.05
18953,9477,33,2,21649.9
18954,9477,143,3,13026.41
18955,9478,32,4,18206.86
18956,9478,74,5,41552.59
18957,9479,115,5,21162.49
18958,9479,142,3,12489.82
18959,9480,123,3,612.96
18960,9480,8,1,58505.04
18961,9481,143,1,13026.41
18962,9481,124,4,796.22
18963,9482,134,1,4785.68
18964,9482,59,1,13085.83
18965,9483,18,1,73820.52
18966,9483,60,3,33321.91
18967,9484,100,1,6854.81
18968,9484,68,5,19598.26
18969,9485,65,5,8035.55
18970,9485,43,2,14873.86
18971,9486,103,1,22522.89
18972,9486,32,4,18206.86
18973,9487,118,4,9811.84
18974,9487,67,4,22314.95
18975,9488,120,2,24465.41
18976,9488,19,2,17787.61
18977,9489,55,3,18034.1
18978,9489,25,1,53524.51
18979,9490,124,1,796.22
18980,9490,38,4,30726.82
18981,9491,35,5,33010.69
18982,9491,64,3,17689.49
18983,9492,90,5,2864.12
18984,9492,122,2,6970.32
18985,9493,40,5,19403.2
18986,9493,102,5,18592.29
18987,9494,124,1,796.22
18988,9494,121,4,6772.08
18989,9495,81,1,37707.89
18990,9495,48,3,12824.52
18991,9496,130,2,5954.55
18992,9496,30,2,12993.37
18993,9497,10,4,38310.2
18994,9497,20,3,81513.85
18995,9498,87,5,45649.01
18996,9498,133,5,8127.63
18997,9499,48,5,12824.52
18998,9499,54,4,30922.05
18999,9500,120,3,24465.41
19000,9500,47,2,23383.27
19001,9501,50,3,27118.65
19002,9501,97,3,3939.13
19003,9502,89,1,4655.22
19004,9502,81,1,37707.89
19005,9503,145,2,11360.29
19006,9503,127,3,1177.88
19007,9504,72,1,49059.06
19008,9504,1,4,52539.0
19009,9505,125,3,8947.13
19010,9505,132,3,3011.07
19011,9506,133,5,8127.63
19012,9506,59,3,13085.83
19013,9507,98,2,12384.57
19014,9507,84,5,5359.51
19015,9508,14,3,10437.0
19016,9508,29,5,8346.58
19017,9509,19,1,17787.61
19018,9509,29,4,8346.58
19019,9510,130,5,5954.55
19020,9510,1,2,52539.0
19021,9511,129,1,577.07
19022,9511,46,3,32887.05
19023,9512,150,3,7113.49
19024,9512,69,2,52834.09
19025,9513,93,1,11413.05
19026,9513,70,2,3243.71
19027,9514,77,3,23879.21
19028,9514,35,4,33010.69
19029,9515,33,1,21649.9
19030,9515,70,4,3243.71
19031,9516,24,3,43820.15
19032,9516,138,5,13863.67
19033,9517,9,5,19098.4
19034,9517,12,3,9596.51
19035,9518,150,3,7113.49
19036,9518,117,5,14181.77
19037,9519,94,2,1858.01
19038,9519,77,2,23879.21
19039,9520,61,1,44878.78
19040,9520,97,4,3939.13
19041,9521,109,4,8516.39
19042,9521,11,3,69215.46
19043,9522,87,2,45649.01
19044,9522,60,4,33321.91
19045,9523,148,2,10266.15
19046,9523,56,5,33257.92
19047,9524,42,2,21976.79
19048,9524,10,3,38310.2
19049,9525,3,2,28995.64
19050,9525,91,5,6848.12
19051,9526,16,2,2931.99
19052,9526,143,5,13026.41
19053,9527,68,4,19598.26
19054,9527,141,2,701.97
19055,9528,8,3,58505.04
19056,9528,60,4,33321.91
19057,9529,137,5,11390.83
19058,9529,80,1,27401.27
19059,9530,135,4,11516.05
19060,9530,109,5,8516.39
19061,9531,30,5,12993.37
19062,9531,137,4,11390.83
19063,9532,71,5,3528.52
19064,9532,110,3,12983.38
19065,9533,111,4,9188.58
19066,9533,81,5,37707.89
19067,9534,52,3,26084.73
19068,9534,42,2,21976.79
19069,9535,134,3,4785.68
19070,9535,124,1,796.22
19071,9536,42,1,21976.79
19072,9536,40,2,19403.2
19073,9537,125,1,8947.13
19074,9537,31,1,11490.6
19075,9538,147,2,14301.36
19076,9538,58,3,27146.74
19077,9539,114,2,5726.03
19078,9539,125,2,8947.13
19079,9540,60,2,33321.91
19080,9540,95,1,15378.47
19081,9541,19,5,17787.61
19082,9541,45,2,5214.29
19083,9542,122,1,6970.32
19084,9542,148,4,10266.15
19085,9543,121,1,6772.08
19086,9543,58,1,27146.74
19087,9544,4,3,39584.54
19088,9544,52,4,26084.73
19089,9545,31,5,11490.6
19090,9545,9,5,19098.4
19091,9546,136,2,682.08
19092,9546,6,3,48408.63
19093,9547,64,2,17689.49
19094,9547,118,4,9811.84
19095,9548,86,2,15173.3
19096,9548,20,2,81513.85
19097,9549,136,3,682.08
19098,9549,115,5,21162.49
19099,9550,65,2,8035.55
19100,9550,57,1,21935.06
19101,9551,94,2,1858.01
19102,9551,21,4,55484.17
19103,9552,112,3,17873.14
19104,9552,65,3,8035.55
19105,9553,87,1,45649.01
19106,9553,120,3,24465.41
19107,9554,48,1,12824.52
19108,9554,123,5,612.96
19109,9555,128,5,9263.29
19110,9555,59,1,13085.83
19111,9556,13,3,54402.04
19112,9556,121,3,6772.08
19113,9557,44,3,19789.04
19114,9557,128,3,9263.29
19115,9558,132,2,3011.07
19116,9558,98,3,12384.57
19117,9559,35,5,33010.69
19118,9559,102,4,18592.29
19119,9560,143,1,13026.41
19120,9560,3,4,28995.64
19121,9561,59,1,13085.83
19122,9561,5,4,84081.85
19123,9562,43,1,14873.86
19124,9562,144,2,11019.62
19125,9563,102,3,18592.29
19126,9563,64,3,17689.49
19127,9564,59,5,13085.83
19128,9564,42,1,21976.79
19129,9565,133,1,8127.63
19130,9565,8,5,58505.04
19131,9566,144,4,11019.62
19132,9566,74,2,41552.59
19133,9567,70,2,3243.71
19134,9567,45,1,5214.29
19135,9568,68,4,19598.26
19136,9568,75,5,3049.5
19137,9569,59,3,13085.83
19138,9569,66,5,31441.05
19139,9570,79,1,33873.61
19140,9570,2,5,4930.4
19141,9571,127,3,1177.88
19142,9571,133,4,8127.63
19143,9572,125,4,8947.13
19144,9572,135,4,11516.05
19145,9573,147,4,14301.36
19146,9573,6,5,48408.63
19147,9574,115,1,21162.49
19148,9574,53,3,26871.05
19149,9575,69,2,52834.09
19150,9575,116,4,6378.97
19151,9576,33,5,21649.9
19152,9576,55,1,18034.1
19153,9577,119,4,19868.15
19154,9577,10,4,38310.2
19155,9578,115,2,21162.49
19156,9578,62,1,6674.42
19157,9579,110,4,12983.38
19158,9579,149,3,14866.1
19159,9580,28,4,54101.33
19160,9580,48,1,12824.52
19161,9581,64,1,17689.49
19162,9581,91,5,6848.12
19163,9582,32,3,18206.86
19164,9582,120,2,24465.41
19165,9583,27,3,8040.26
19166,9583,49,1,8217.13
19167,9584,92,5,2654.0
19168,9584,102,1,18592.29
19169,9585,99,1,16689.48
19170,9585,93,1,11413.05
19171,9586,93,1,11413.05
19172,9586,64,3,17689.49
19173,9587,24,5,43820.15
19174,9587,53,5,26871.05
19175,9588,103,1,22522.89
19176,9588,75,1,3049.5
19177,9589,5,5,84081.85
19178,9589,28,5,54101.33
19179,9590,143,2,13026.41
19180,9590,43,2,14873.86
19181,9591,140,2,8987.09
19182,9591,38,5,30726.82
19183,9592,4,1,39584.54
19184,9592,104,3,6130.95
19185,9593,90,4,2864.12
19186,9593,77,2,23879.21
19187,9594,71,3,3528.52
19188,9594,136,1,682.08
19189,9595,116,2,6378.97
19190,9595,61,5,44878.78
19191,9596,103,1,22522.89
19192,9596,38,3,30726.82
19193,9597,43,2,14873.86
19194,9597,45,4,5214.29
19195,9598,26,4,72907.28
19196,9598,113,2,12566.23
19197,9599,63,4,29768.75
19198,9599,106,1,19681.04
19199,9600,95,2,15378.47
19200,9600,134,5,4785.68
19201,9601,72,3,49059.06
19202,9601,82,2,23327.1
19203,9602,76,5,5024.14
19204,9602,5,3,84081.85
19205,9603,75,1,3049.5
19206,9603,57,2,21935.06
19207,9604,53,4,26871.05
19208,9604,24,3,43820.15
19209,9605,62,3,6674.42
19210,9605,119,5,19868.15
19211,9606,87,2,45649.01
19212,9606,77,3,23879.21
19213,9607,94,5,1858.01
19214,9607,33,5,21649.9
19215,9608,28,3,54101.33
19216,9608,27,3,8040.26
19217,9609,80,4,27401.27
19218,9609,62,4,6674.42
19219,9610,94,2,1858.01
19220,9610,23,5,49555.53
19221,9611,61,2,44878.78
19222,9611,103,4,22522.89
19223,9612,87,2,45649.01
19224,9612,1,2,52539.0
19225,9613,82,3,23327.1
19226,9613,104,1,6130.95
19227,9614,37,5,25059.66
19228,9614,3,3,28995.64
19229,9615,79,2,33873.61
19230,9615,148,1,10266.15
19231,9616,53,2,26871.05
19232,9616,41,3,30082.04
19233,9617,86,4,15173.3
19234,9617,8,1,58505.04
19235,9618,27,1,8040.26
19236,9618,29,3,8346.58
19237,9619,88,3,48004.49
19238,9619,124,5,796.22
19239,9620,61,4,44878.78
19240,9620,71,2,3528.52
19241,9621,119,3,19868.15
19242,9621,131,2,3599.39
19243,9622,104,2,6130.95
19244,9622,56,2,33257.92
19245,9623,146,5,1905.39
19246,9623,105,1,8125.8
19247,9624,143,5,13026.41
19248,9624,18,5,73820.52
19249,9625,101,2,5781.84
19250,9625,91,5,6848.12
19251,9626,19,2,17787.61
19252,9626,68,4,19598.26
19253,9627,2,3,4930.4
19254,9627,50,1,27118.65
19255,9628,38,3,30726.82
19256,9628,9,2,19098.4
19257,9629,19,3,17787.61
19258,9629,15,5,69325.73
19259,9630,150,1,7113.49
19260,9630,73,5,37272.06
19261,9631,40,1,19403.2
19262,9631,68,1,19598.26
19263,9632,113,1,12566.23
19264,9632,6,1,48408.63
19265,9633,24,3,43820.15
19266,9633,73,1,37272.06
19267,9634,43,2,14873.86
19268,9634,70,5,3243.71
19269,9635,16,4,2931.99
19270,9635,65,2,8035.55
19271,9636,3,3,28995.64
19272,9636,143,5,13026.41
19273,9637,110,2,12983.38
19274,9637,54,2,30922.05
19275,9638,6,1,48408.63
19276,9638,48,4,12824.52
19277,9639,132,2,3011.07
19278,9639,119,1,19868.15
19279,9640,8,4,58505.04
19280,9640,49,3,8217.13
19281,9641,145,3,11360.29
19282,9641,50,5,27118.65
19283,9642,30,1,12993.37
19284,9642,30,2,12993.37
19285,9643,109,1,8516.39
19286,9643,22,3,18186.29
19287,9644,11,4,69215.46
19288,9644,80,4,27401.27
19289,9645,91,4,6848.12
19290,9645,102,1,18592.29
19291,9646,50,5,27118.65
19292,9646,107,1,21829.1
19293,9647,21,1,55484.17
19294,9647,123,4,612.96
19295,9648,68,4,19598.26
19296,9648,58,3,27146.74
19297,9649,9,2,19098.4
19298,9649,110,1,12983.38
19299,9650,135,3,11516.05
19300,9650,10,4,38310.2
19301,9651,25,3,53524.51
19302,9651,137,3,11390.83
19303,9652,70,4,3243.71
19304,9652,9,1,19098.4
19305,9653,132,1,3011.07
19306,9653,18,5,73820.52
19307,9654,75,4,3049.5
19308,9654,82,1,23327.1
19309,9655,53,2,26871.05
19310,9655,7,4,23330.83
19311,9656,125,2,8947.13
19312,9656,104,1,6130.95
19313,9657,85,4,7335.47
19314,9657,140,3,8987.09
19315,9658,59,2,13085.83
19316,9658,29,3,8346.58
19317,9659,114,4,5726.03
19318,9659,135,3,11516.05
19319,9660,104,2,6130.95
19320,9660,140,5,8987.09
19321,9661,59,3,13085.83
19322,9661,140,4,8987.09
19323,9662,54,1,30922.05
19324,9662,19,5,17787.61
19325,9663,142,3,12489.82
19326,9663,80,3,27401.27
19327,9664,1,2,52539.0
19328,9664,94,2,1858.01
19329,9665,144,3,11019.62
19330,9665,57,1,21935.06
19331,9666,39,5,33931.85
19332,9666,96,3,6710.71
19333,9667,59,1,13085.83
19334,9667,59,1,13085.83
19335,9668,62,3,6674.42
19336,9668,46,5,32887.05
19337,9669,80,4,27401.27
19338,9669,45,2,5214.29
19339,9670,148,1,10266.15
19340,9670,3,4,28995.64
19341,9671,115,2,21162.49
19342,9671,132,2,3011.07
19343,9672,84,2,5359.51
19344,9672,74,3,41552.59
19345,9673,47,2,23383.27
19346,9673,62,1,6674.42
19347,9674,23,2,49555.53
19348,9674,48,4,12824.52
19349,9675,124,2,796.22
19350,9675,71,2,3528.52
19351,9676,31,4,11490.6
19352,9676,112,5,17873.14
19353,9677,117,5,14181.77
19354,9677,123,1,612.96
19355,9678,143,3,13026.41
19356,9678,94,2,1858.01
19357,9679,36,1,29242.97
19358,9679,85,5,7335.47
19359,9680,123,5,612.96
19360,9680,136,5,682.08
19361,9681,72,3,49059.06
19362,9681,81,3,37707.89
19363,9682,42,4,21976.79
19364,9682,57,1,21935.06
19365,9683,89,5,4655.22
19366,9683,29,4,8346.58
19367,9684,60,1,33321.91
19368,9684,130,1,5954.55
19369,9685,134,2,4785.68
19370,9685,46,5,32887.05
19371,9686,31,3,11490.6
19372,9686,147,3,14301.36
19373,9687,118,2,9811.84
19374,9687,111,4,9188.58
19375,9688,110,5,12983.38
19376,9688,123,5,612.96
19377,9689,141,4,701.97
19378,9689,104,1,6130.95
19379,9690,88,5,48004.49
19380,9690,24,2,43820.15
19381,9691,116,5,6378.97
19382,9691,127,2,1177.88
19383,9692,129,5,577.07
19384,9692,37,3,25059.66
19385,9693,110,2,12983.38
19386,9693,89,5,4655.22
19387,9694,89,5,4655.22
19388,9694,56,2,33257.92
19389,9695,19,1,17787.61
19390,9695,143,3,13026.41
19391,9696,90,4,2864.12
19392,9696,83,4,21901.29
19393,9697,100,5,6854.81
19394,9697,3,1,28995.64
19395,9698,128,5,9263.29
19396,9698,36,5,29242.97
19397,9699,44,4,19789.04
19398,9699,130,5,5954.55
19399,9700,134,3,4785.68
19400,9700,22,3,18186.29
19401,9701,89,1,4655.22
19402,9701,101,3,5781.84
19403,9702,113,5,12566.23
19404,9702,20,4,81513.85
19405,9703,29,4,8346.58
19406,9703,39,2,33931.85
19407,9704,30,3,12993.37
19408,9704,7,3,23330.83
19409,9705,32,3,18206.86
19410,9705,64,3,17689.49
19411,9706,78,5,26923.68
19412,9706,26,2,72907.28
19413,9707,121,1,6772.08
19414,9707,47,4,23383.27
19415,9708,132,5,3011.07
19416,9708,46,1,32887.05
19417,9709,5,3,84081.85
19418,9709,141,2,701.97
19419,9710,13,5,54402.04
19420,9710,62,3,6674.42
19421,9711,116,3,6378.97
19422,9711,73,1,37272.06
19423,9712,136,1,682.08
19424,9712,74,4,41552.59
19425,9713,88,1,48004.49
19426,9713,122,1,6970.32
19427,9714,77,1,23879.21
19428,9714,96,5,6710.71
19429,9715,14,3,10437.0
19430,9715,107,3,21829.1
19431,9716,117,2,14181.77
19432,9716,20,1,81513.85
19433,9717,142,4,12489.82
19434,9717,38,5,30726.82
19435,9718,137,3,11390.83
19436,9718,53,3,26871.05
19437,9719,120,5,24465.41
19438,9719,13,2,54402.04
19439,9720,96,4,6710.71
19440,9720,89,1,4655.22
19441,9721,18,4,73820.52
19442,9721,129,4,577.07
19443,9722,1,4,52539.0
19444,9722,127,5,1177.88
19445,9723,77,1,23879.21
19446,9723,59,1,13085.83
19447,9724,8,3,58505.04
19448,9724,86,2,15173.3
19449,9725,46,3,32887.05
19450,9725,4,5,39584.54
19451,9726,93,5,11413.05
19452,9726,7,3,23330.83
19453,9727,36,4,29242.97
19454,9727,116,2,6378.97
19455,9728,111,5,9188.58
19456,9728,107,4,21829.1
19457,9729,144,2,11019.62
19458,9729,77,5,23879.21
19459,9730,71,4,3528.52
19460,9730,69,4,52834.09
19461,9731,48,3,12824.52
19462,9731,113,4,12566.23
19463,9732,146,2,1905.39
19464,9732,65,4,8035.55
19465,9733,84,5,5359.51
19466,9733,71,1,3528.52
19467,9734,54,3,30922.05
19468,9734,37,4,25059.66
19469,9735,36,1,29242.97
19470,9735,44,1,19789.04
19471,9736,74,1,41552.59
19472,9736,122,5,6970.32
19473,9737,79,3,33873.61
19474,9737,62,4,6674.42
19475,9738,29,1,8346.58
19476,9738,8,2,58505.04
19477,9739,24,3,43820.15
19478,9739,59,5,13085.83
19479,9740,24,2,43820.15
19480,9740,15,3,69325.73
19481,9741,9,5,19098.4
19482,9741,12,4,9596.51
19483,9742,52,4,26084.73
19484,9742,101,2,5781.84
19485,9743,19,3,17787.61
19486,9743,130,4,5954.55
19487,9744,6,3,48408.63
19488,9744,93,1,11413.05
19489,9745,62,2,6674.42
19490,9745,55,1,18034.1
19491,9746,23,2,49555.53
19492,9746,117,1,14181.77
19493,9747,143,2,13026.41
19494,9747,73,5,37272.06
19495,9748,61,1,44878.78
19496,9748,131,4,3599.39
19497,9749,62,4,6674.42
19498,9749,16,1,2931.99
19499,9750,40,4,19403.2
19500,9750,128,4,9263.29
19501,9751,5,4,84081.85
19502,9751,69,1,52834.09
19503,9752,71,2,3528.52
19504,9752,134,2,4785.68
19505,9753,67,5,22314.95
19506,9753,137,2,11390.83
19507,9754,23,3,49555.53
19508,9754,71,4,3528.52
19509,9755,137,2,11390.83
19510,9755,16,3,2931.99
19511,9756,5,1,84081.85
19512,9756,140,1,8987.09
19513,9757,126,5,12459.53
19514,9757,72,5,49059.06
19515,9758,131,1,3599.39
19516,9758,4,4,39584.54
19517,9759,90,5,2864.12
19518,9759,96,2,6710.71
19519,9760,65,4,8035.55
19520,9760,146,3,1905.39
19521,9761,124,4,796.22
19522,9761,84,1,5359.51
19523,9762,56,5,33257.92
19524,9762,112,1,17873.14
19525,9763,25,2,53524.51
19526,9763,25,2,53524.51
19527,9764,33,1,21649.9
19528,9764,8,4,58505.04
19529,9765,4,2,39584.54
19530,9765,44,3,19789.04
19531,9766,118,2,9811.84
19532,9766,117,1,14181.77
19533,9767,38,2,30726.82
19534,9767,77,4,23879.21
19535,9768,59,5,13085.83
19536,9768,80,5,27401.27
19537,9769,68,1,19598.26
19538,9769,144,3,11019.62
19539,9770,145,5,11360.29
19540,9770,112,5,17873.14
19541,9771,58,3,27146.74
19542,9771,2,2,4930.4
19543,9772,137,3,11390.83
19544,9772,2,1,4930.4
19545,9773,67,4,22314.95
19546,9773,135,5,11516.05
19547,9774,117,4,14181.77
19548,9774,56,3,33257.92
19549,9775,53,4,26871.05
19550,9775,132,4,3011.07
19551,9776,98,4,12384.57
19552,9776,107,1,21829.1
19553,9777,114,1,5726.03
19554,9777,47,4,23383.27
19555,9778,120,3,24465.41
19556,9778,147,1,14301.36
19557,9779,23,1,49555.53
19558,9779,116,2,6378.97
19559,9780,66,5,31441.05
19560,9780,55,3,18034.1
19561,9781,28,4,54101.33
19562,9781,123,1,612.96
19563,9782,27,1,8040.26
19564,9782,61,4,44878.78
19565,9783,120,3,24465.41
19566,9783,108,3,13549.63
19567,9784,136,4,682.08
19568,9784,82,5,23327.1
19569,9785,71,4,3528.52
19570,9785,123,2,612.96
19571,9786,143,3,13026.41
19572,9786,48,2,12824.52
19573,9787,28,5,54101.33
19574,9787,116,4,6378.97
19575,9788,103,3,22522.89
19576,9788,93,5,11413.05
19577,9789,14,4,10437.0
19578,9789,23,5,49555.53
19579,9790,16,4,2931.99
19580,9790,72,3,49059.06
19581,9791,119,1,19868.15
19582,9791,11,2,69215.46
19583,9792,72,4,49059.06
19584,9792,40,5,19403.2
19585,9793,94,4,1858.01
19586,9793,98,5,12384.57
19587,9794,7,3,23330.83
19588,9794,19,1,17787.61
19589,9795,149,3,14866.1
19590,9795,117,2,14181.77
19591,9796,82,5,23327.1
19592,9796,75,5,3049.5
19593,9797,114,4,5726.03
19594,9797,99,1,16689.48
19595,9798,43,4,14873.86
19596,9798,132,3,3011.07
19597,9799,58,1,27146.74
19598,9799,73,1,37272.06
19599,9800,1,1,52539.0
19600,9800,47,2,23383.27
19601,9801,121,4,6772.08
19602,9801,123,2,612.96
19603,9802,112,1,17873.14
19604,9802,95,1,15378.47
19605,9803,114,1,5726.03
19606,9803,60,4,33321.91
19607,9804,73,3,37272.06
19608,9804,87,5,45649.01
19609,9805,46,2,32887.05
19610,9805,109,3,8516.39
19611,9806,145,5,11360.29
19612,9806,125,5,8947.13
19613,9807,139,3,4159.23
19614,9807,21,2,55484.17
19615,9808,77,4,23879.21
19616,9808,18,2,73820.52
19617,9809,88,3,48004.49
19618,9809,82,4,23327.1
19619,9810,48,2,12824.52
19620,9810,18,5,73820.52
19621,9811,59,1,13085.83
19622,9811,69,2,52834.09
19623,9812,96,4,6710.71
19624,9812,10,2,38310.2
19625,9813,93,1,11413.05
19626,9813,144,2,11019.62
19627,9814,121,2,6772.08
19628,9814,63,5,29768.75
19629,9815,27,5,8040.26
19630,9815,66,5,31441.05
19631,9816,107,1,21829.1
19632,9816,111,1,9188.58
19633,9817,85,1,7335.47
19634,9817,71,5,3528.52
19635,9818,93,3,11413.05
19636,9818,132,4,3011.07
19637,9819,80,2,27401.27
19638,9819,11,1,69215.46
19639,9820,42,1,21976.79
19640,9820,130,5,5954.55
19641,9821,28,3,54101.33
19642,9821,15,5,69325.73
19643,9822,107,3,21829.1
19644,9822,104,4,6130.95
19645,9823,71,2,3528.52
19646,9823,79,5,33873.61
19647,9824,73,1,37272.06
19648,9824,139,2,4159.23
19649,9825,122,3,6970.32
19650,9825,76,2,5024.14
19651,9826,11,4,69215.46
19652,9826,29,3,8346.58
19653,9827,22,4,18186.29
19654,9827,79,4,33873.61
19655,9828,28,3,54101.33
19656,9828,119,3,19868.15
19657,9829,103,3,22522.89
19658,9829,118,2,9811.84
19659,9830,56,4,33257.92
19660,9830,101,1,5781.84
19661,9831,20,4,81513.85
19662,9831,103,1,22522.89
19663,9832,70,4,3243.71
19664,9832,4,2,39584.54
19665,9833,115,5,21162.49
19666,9833,67,1,22314.95
19667,9834,66,5,31441.05
19668,9834,135,4,11516.05
19669,9835,19,1,17787.61
19670,9835,27,4,8040.26
19671,9836,44,3,19789.04
19672,9836,116,5,6378.97
19673,9837,32,3,18206.86
19674,9837,107,3,21829.1
19675,9838,62,3,6674.42
19676,9838,98,1,12384.57
19677,9839,45,3,5214.29
19678,9839,9,1,19098.4
19679,9840,24,2,43820.15
19680,9840,13,2,54402.04
19681,9841,149,5,14866.1
19682,9841,150,3,7113.49
19683,9842,92,3,2654.0
19684,9842,135,1,11516.05
19685,9843,118,2,9811.84
19686,9843,104,4,6130.95
19687,9844,59,1,13085.83
19688,9844,37,5,25059.66
19689,9845,53,3,26871.05
19690,9845,11,3,69215.46
19691,9846,117,2,14181.77
19692,9846,24,1,43820.15
19693,9847,121,3,6772.08
19694,9847,95,4,15378.47
19695,9848,16,2,2931.99
19696,9848,107,4,21829.1
19697,9849,18,3,73820.52
19698,9849,9,4,19098.4
19699,9850,39,1,33931.85
19700,9850,99,2,16689.48
19701,9851,17,4,36162.26
19702,9851,142,4,12489.82
19703,9852,65,5,8035.55
19704,9852,116,1,6378.97
19705,9853,65,2,8035.55
19706,9853,112,4,17873.14
19707,9854,10,1,38310.2
19708,9854,148,5,10266.15
19709,9855,100,4,6854.81
19710,9855,138,1,13863.67
19711,9856,6,1,48408.63
19712,9856,17,2,36162.26
19713,9857,52,1,26084.73
19714,9857,49,3,8217.13
19715,9858,4,2,39584.54
19716,9858,92,4,2654.0
19717,9859,87,1,45649.01
19718,9859,16,5,2931.99
19719,9860,21,5,55484.17
19720,9860,55,5,18034.1
19721,9861,14,1,10437.0
19722,9861,89,3,4655.22
19723,9862,6,3,48408.63
19724,9862,102,2,18592.29
19725,9863,105,5,8125.8
19726,9863,84,5,5359.51
19727,9864,96,1,6710.71
19728,9864,146,4,1905.39
19729,9865,84,2,5359.51
19730,9865,139,5,4159.23
19731,9866,90,3,2864.12
19732,9866,116,4,6378.97
19733,9867,3,5,28995.64
19734,9867,69,1,52834.09
19735,9868,87,5,45649.01
19736,9868,99,2,16689.48
19737,9869,27,5,8040.26
19738,9869,95,5,15378.47
19739,9870,13,2,54402.04
19740,9870,88,4,48004.49
19741,9871,150,1,7113.49
19742,9871,105,2,8125.8
19743,9872,41,3,30082.04
19744,9872,141,1,701.97
19745,9873,61,5,44878.78
19746,9873,35,5,33010.69
19747,9874,67,2,22314.95
19748,9874,133,4,8127.63
19749,9875,33,4,21649.9
19750,9875,107,3,21829.1
19751,9876,18,1,73820.52
19752,9876,77,1,23879.21
19753,9877,42,1,21976.79
19754,9877,5,4,84081.85
19755,9878,49,1,8217.13
19756,9878,7,4,23330.83
19757,9879,94,2,1858.01
19758,9879,97,4,3939.13
19759,9880,126,4,12459.53
19760,9880,118,4,9811.84
19761,9881,62,5,6674.42
19762,9881,30,4,12993.37
19763,9882,19,1,17787.61
19764,9882,75,2,3049.5
19765,9883,65,1,8035.55
19766,9883,9,4,19098.4
19767,9884,34,5,2255.17
19768,9884,103,3,22522.89
19769,9885,128,5,9263.29
19770,9885,46,2,32887.05
19771,9886,22,4,18186.29
19772,9886,99,1,16689.48
19773,9887,26,3,72907.28
19774,9887,113,5,12566.23
19775,9888,132,2,3011.07
19776,9888,79,3,33873.61
19777,9889,139,1,4159.23
19778,9889,84,4,5359.51
19779,9890,72,2,49059.06
19780,9890,103,3,22522.89
19781,9891,51,5,8341.82
19782,9891,110,5,12983.38
19783,9892,70,3,3243.71
19784,9892,28,3,54101.33
19785,9893,30,1,12993.37
19786,9893,98,1,12384.57
19787,9894,63,1,29768.75
19788,9894,75,5,3049.5
19789,9895,113,1,12566.23
19790,9895,147,3,14301.36
19791,9896,86,1,15173.3
19792,9896,68,4,19598.26
19793,9897,47,2,23383.27
19794,9897,5,1,84081.85
19795,9898,56,4,33257.92
19796,9898,30,5,12993.37
19797,9899,50,2,27118.65
19798,9899,120,4,24465.41
19799,9900,109,3,8516.39
19800,9900,35,4,33010.69
19801,9901,129,3,577.07
19802,9901,64,1,17689.49
19803,9902,114,3,5726.03
19804,9902,79,1,33873.61
19805,9903,25,3,53524.51
19806,9903,49,4,8217.13
19807,9904,109,3,8516.39
19808,9904,66,4,31441.05
19809,9905,146,1,1905.39
19810,9905,42,3,21976.79
19811,9906,110,4,12983.38
19812,9906,108,3,13549.63
19813,9907,91,1,6848.12
19814,9907,33,5,21649.9
19815,9908,145,4,11360.29
19816,9908,20,5,81513.85
19817,9909,147,2,14301.36
19818,9909,64,1,17689.49
19819,9910,67,4,22314.95
19820,9910,33,2,21649.9
19821,9911,86,2,15173.3
19822,9911,66,5,31441.05
19823,9912,136,1,682.08
19824,9912,123,1,612.96
19825,9913,104,2,6130.95
19826,9913,24,3,43820.15
19827,9914,37,5,25059.66
19828,9914,17,5,36162.26
19829,9915,86,1,15173.3
19830,9915,100,5,6854.81
19831,9916,99,2,16689.48
19832,9916,29,2,8346.58
19833,9917,78,2,26923.68
19834,9917,146,1,1905.39
19835,9918,134,1,4785.68
19836,9918,91,5,6848.12
19837,9919,120,2,24465.41
19838,9919,39,3,33931.85
19839,9920,144,2,11019.62
19840,9920,29,5,8346.58
19841,9921,22,3,18186.29
19842,9921,67,2,22314.95
19843,9922,147,4,14301.36
19844,9922,140,5,8987.09
19845,9923,73,3,37272.06
19846,9923,127,2,1177.88
19847,9924,132,4,3011.07
19848,9924,44,4,19789.04
19849,9925,5,4,84081.85
19850,9925,28,5,54101.33
19851,9926,127,1,1177.88
19852,9926,114,3,5726.03
19853,9927,35,5,33010.69
19854,9927,84,1,5359.51
19855,9928,51,2,8341.82
19856,9928,5,5,84081.85
19857,9929,119,1,19868.15
19858,9929,62,4,6674.42
19859,9930,55,5,18034.1
19860,9930,140,3,8987.09
19861,9931,82,5,23327.1
19862,9931,49,3,8217.13
19863,9932,62,3,6674.42
19864,9932,144,3,11019.62
19865,9933,127,2,1177.88
19866,9933,124,4,796.22
19867,9934,148,1,10266.15
19868,9934,55,3,18034.1
19869,9935,92,1,2654.0
19870,9935,148,3,10266.15
19871,9936,144,2,11019.62
19872,9936,37,4,25059.66
19873,9937,20,4,81513.85
19874,9937,123,4,612.96
19875,9938,68,3,19598.26
19876,9938,105,5,8125.8
19877,9939,123,5,612.96
19878,9939,79,4,33873.61
19879,9940,141,3,701.97
19880,9940,114,4,5726.03
19881,9941,120,5,24465.41
19882,9941,102,2,18592.29
19883,9942,69,1,52834.09
19884,9942,91,5,6848.12
19885,9943,37,5,25059.66
19886,9943,10,5,38310.2
19887,9944,120,1,24465.41
19888,9944,78,4,26923.68
19889,9945,134,2,4785.68
19890,9945,47,2,23383.27
19891,9946,119,2,19868.15
19892,9946,93,5,11413.05
19893,9947,73,4,37272.06
19894,9947,22,3,18186.29
19895,9948,92,3,2654.0
19896,9948,62,3,6674.42
19897,9949,9,1,19098.4
19898,9949,13,5,54402.04
19899,9950,148,5,10266.15
19900,9950,101,4,5781.84
19901,9951,67,4,22314.95
19902,9951,147,5,14301.36
19903,9952,4,4,39584.54
19904,9952,50,4,27118.65
19905,9953,5,4,84081.85
19906,9953,70,2,3243.71
19907,9954,70,5,3243.71
19908,9954,114,3,5726.03
19909,9955,11,1,69215.46
19910,9955,46,5,32887.05
19911,9956,132,1,3011.07
19912,9956,106,3,19681.04
19913,9957,87,5,45649.01
19914,9957,9,3,19098.4
19915,9958,46,1,32887.05
19916,9958,99,5,16689.48
19917,9959,84,1,5359.51
19918,9959,111,2,9188.58
19919,9960,90,4,2864.12
19920,9960,128,2,9263.29
19921,9961,2,5,4930.4
19922,9961,149,4,14866.1
19923,9962,27,5,8040.26
19924,9962,139,2,4159.23
19925,9963,105,1,8125.8
19926,9963,111,3,9188.58
19927,9964,96,4,6710.71
19928,9964,58,5,27146.74
19929,9965,140,2,8987.09
19930,9965,19,4,17787.61
19931,9966,22,1,18186.29
19932,9966,148,3,10266.15
19933,9967,134,5,4785.68
19934,9967,42,3,21976.79
19935,9968,35,4,33010.69
19936,9968,137,1,11390.83
19937,9969,9,5,19098.4
19938,9969,64,1,17689.49
19939,9970,15,1,69325.73
19940,9970,123,3,612.96
19941,9971,62,4,6674.42
19942,9971,23,3,49555.53
19943,9972,43,2,14873.86
19944,9972,121,4,6772.08
19945,9973,12,2,9596.51
19946,9973,112,2,17873.14
19947,9974,101,3,5781.84
19948,9974,71,2,3528.52
19949,9975,59,2,13085.83
19950,9975,117,5,14181.77
19951,9976,134,3,4785.68
19952,9976,92,4,2654.0
19953,9977,66,5,31441.05
19954,9977,33,4,21649.9
19955,9978,37,4,25059.66
19956,9978,118,4,9811.84
19957,9979,53,1,26871.05
19958,9979,35,2,33010.69
19959,9980,110,1,12983.38
19960,9980,62,1,6674.42
19961,9981,109,3,8516.39
19962,9981,10,5,38310.2
19963,9982,116,3,6378.97
19964,9982,89,1,4655.22
19965,9983,128,2,9263.29
19966,9983,148,5,10266.15
19967,9984,35,1,33010.69
19968,9984,81,1,37707.89
19969,9985,125,4,8947.13
19970,9985,22,5,18186.29
19971,9986,142,5,12489.82
19972,9986,117,3,14181.77
19973,9987,66,3,31441.05
19974,9987,46,2,32887.05
19975,9988,31,5,11490.6
19976,9988,32,1,18206.86
19977,9989,72,1,49059.06
19978,9989,124,2,796.22
19979,9990,25,5,53524.51
19980,9990,26,5,72907.28
19981,9991,114,3,5726.03
19982,9991,107,5,21829.1
19983,9992,57,2,21935.06
19984,9992,103,4,22522.89
19985,9993,5,3,84081.85
19986,9993,89,4,4655.22
19987,9994,144,4,11019.62
19988,9994,108,2,13549.63
19989,9995,76,5,5024.14
19990,9995,102,3,18592.29
19991,9996,65,4,8035.55
19992,9996,34,2,2255.17
19993,9997,54,1,30922.05
19994,9997,50,1,27118.65
19995,9998,134,3,4785.68
19996,9998,58,5,27146.74
19997,9999,142,4,12489.82
19998,9999,10,3,38310.2
19999,10000,110,4,12983.38
20000,10000,111,5,9188.58
20001,577,111,1,9188.58
20002,8118,80,5,27401.27
20003,2023,150,1,7113.49
20004,4436,127,4,1177.88
20005,6744,89,3,4655.22
20006,9738,78,1,26923.68
20007,8026,116,4,6378.97
20008,2436,113,3,12566.23
20009,886,138,2,13863.67
20010,1631,60,1,33321.91
20011,8821,110,3,12983.38
20012,573,137,4,11390.83
20013,8796,70,4,3243.71
20014,104,12,2,9596.51
20015,5621,110,1,12983.38
20016,9864,22,4,18186.29
20017,4611,141,1,701.97
20018,7082,65,4,8035.55
20019,2000,69,2,52834.09
20020,2758,106,5,19681.04
20021,5209,74,4,41552.59
20022,9322,144,1,11019.62
20023,8924,93,3,11413.05
20024,4643,103,2,22522.89
20025,4738,87,3,45649.01
20026,7604,22,3,18186.29
20027,9445,63,1,29768.75
20028,2263,81,2,37707.89
20029,2901,136,4,682.08
20030,1890,62,4,6674.42
20031,3246,119,2,19868.15
20032,2220,96,2,6710.71
20033,5919,42,5,21976.79
20034,5516,17,3,36162.26
20035,3173,112,5,17873.14
20036,3983,109,5,8516.39
20037,5016,89,1,4655.22
20038,1929,37,4,25059.66
20039,8383,125,2,8947.13
20040,146,5,5,84081.85
20041,439,111,5,9188.58
20042,1566,66,2,31441.05
20043,3985,136,2,682.08
20044,5088,125,3,8947.13
20045,4102,11,2,69215.46
20046,4869,94,3,1858.01
20047,3676,45,5,5214.29
20048,2694,70,1,3243.71
20049,3993,15,2,69325.73
20050,113,93,2,11413.05
20051,9526,37,3,25059.66
20052,5670,73,3,37272.06
20053,279,113,4,12566.23
20054,4679,129,5,577.07
20055,8827,64,2,17689.49
20056,7524,83,1,21901.29
20057,7367,101,4,5781.84
20058,295,10,4,38310.2
20059,7313,123,2,612.96
20060,8775,134,4,4785.68
20061,6415,101,4,5781.84
20062,2236,50,4,27118.65
20063,1385,132,5,3011.07
20064,5997,105,5,8125.8
20065,8944,99,4,16689.48
20066,5504,28,5,54101.33
20067,2671,117,1,14181.77
20068,2338,50,2,27118.65
20069,999,4,5,39584.54
20070,6433,38,2,30726.82
20071,5209,48,4,12824.52
20072,4737,126,4,12459.53
20073,8034,45,2,5214.29
20074,4676,123,4,612.96
20075,1669,128,2,9263.29
20076,9582,58,2,27146.74
20077,2678,55,2,18034.1
20078,7883,147,1,14301.36
20079,8245,119,3,19868.15
20080,871,111,5,9188.58
20081,6272,30,5,12993.37
20082,8787,144,1,11019.62
20083,4286,146,3,1905.39
20084,3985,83,4,21901.29
20085,3315,115,3,21162.49
20086,5172,68,4,19598.26
20087,2526,99,5,16689.48
20088,5877,106,1,19681.04
20089,1250,10,1,38310.2
20090,828,107,5,21829.1
20091,3292,45,1,5214.29
20092,2598,7,5,23330.83
20093,8022,138,2,13863.67
20094,8659,16,5,2931.99
20095,2354,37,3,25059.66
20096,5128,92,1,2654.0
20097,604,2,3,4930.4
20098,1643,103,5,22522.89
20099,3273,125,1,8947.13
20100,7634,134,5,4785.68
20101,8799,59,4,13085.83
20102,909,26,4,72907.28
20103,456,33,2,21649.9
20104,6420,43,4,14873.86
20105,5769,14,1,10437.0
20106,1510,46,4,32887.05
20107,6508,24,4,43820.15
20108,3787,112,5,17873.14
20109,3852,90,2,2864.12
20110,3503,77,2,23879.21
20111,1393,47,5,23383.27
20112,9911,87,1,45649.01
20113,1814,100,3,6854.81
20114,6585,101,1,5781.84
20115,4367,8,1,58505.04
20116,1749,95,3,15378.47
20117,6897,31,4,11490.6
20118,8959,112,1,17873.14
20119,705,122,2,6970.32
20120,5804,138,5,13863.67
20121,9092,138,4,13863.67
20122,4310,84,5,5359.51
20123,945,59,1,13085.83
20124,9628,132,2,3011.07
20125,9254,112,4,17873.14
20126,7433,78,1,26923.68
20127,9392,107,3,21829.1
20128,4152,5,4,84081.85
20129,2394,100,3,6854.81
20130,3137,101,4,5781.84
20131,3195,62,5,6674.42
20132,8621,90,4,2864.12
20133,4785,95,1,15378.47
20134,3312,115,1,21162.49
20135,7581,73,3,37272.06
20136,7486,44,2,19789.04
20137,7764,80,1,27401.27
20138,5038,69,5,52834.09
20139,4879,30,1,12993.37
20140,4075,147,1,14301.36
20141,2134,83,2,21901.29
20142,1808,147,1,14301.36
20143,8079,73,1,37272.06
20144,2026,15,3,69325.73
20145,2078,75,3,3049.5
20146,7399,27,5,8040.26
20147,6640,30,4,12993.37
20148,2396,109,5,8516.39
20149,4368,59,3,13085.83
20150,4869,15,5,69325.73
20151,7091,56,4,33257.92
20152,4695,9,1,19098.4
20153,872,101,3,5781.84
20154,828,132,4,3011.07
20155,5084,131,5,3599.39
20156,1534,47,2,23383.27
20157,8704,58,4,27146.74
20158,52,37,1,25059.66
20159,7451,104,2,6130.95
20160,28,138,1,13863.67
20161,3532,123,4,612.96
20162,8152,150,4,7113.49
20163,6040,128,2,9263.29
20164,7781,9,1,19098.4
20165,8450,97,3,3939.13
20166,1760,62,5,6674.42
20167,2048,80,2,27401.27
20168,7174,133,2,8127.63
20169,618,64,5,17689.49
20170,7725,110,2,12983.38
20171,2078,32,4,18206.86
20172,5438,61,5,44878.78
20173,1714,131,5,3599.39
20174,3684,132,4,3011.07
20175,3322,5,3,84081.85
20176,1360,34,4,2255.17
20177,9291,102,5,18592.29
20178,6439,51,4,8341.82
20179,4405,63,3,29768.75
20180,7701,68,5,19598.26
20181,1927,100,4,6854.81
20182,2776,147,1,14301.36
20183,7451,73,2,37272.06
20184,6419,81,3,37707.89
20185,9075,79,2,33873.61
20186,4772,84,3,5359.51
20187,3118,89,5,4655.22
20188,7186,150,2,7113.49
20189,2342,134,3,4785.68
20190,4763,61,2,44878.78
20191,6082,143,4,13026.41
20192,1956,103,3,22522.89
20193,8269,123,3,612.96
20194,7809,143,2,13026.41
20195,3485,66,1,31441.05
20196,7301,142,2,12489.82
20197,6261,68,1,19598.26
20198,4535,91,5,6848.12
20199,534,88,5,48004.49
20200,4029,54,5,30922.05
20201,290,49,4,8217.13
20202,4640,103,1,22522.89
20203,1505,85,3,7335.47
20204,2391,50,4,27118.65
20205,5275,132,2,3011.07
20206,2045,147,1,14301.36
20207,5823,84,5,5359.51
20208,4756,92,1,2654.0
20209,4181,120,1,24465.41
20210,6221,109,2,8516.39
20211,944,117,5,14181.77
20212,1106,96,3,6710.71
20213,8787,125,3,8947.13
20214,939,38,5,30726.82
20215,7691,11,3,69215.46
20216,2466,123,5,612.96
20217,3816,149,3,14866.1
20218,7116,133,3,8127.63
20219,6048,40,5,19403.2
20220,2771,85,2,7335.47
20221,7718,73,5,37272.06
20222,1540,106,4,19681.04
20223,4499,42,4,21976.79
20224,9509,150,4,7113.49
20225,5578,23,5,49555.53
20226,784,26,2,72907.28
20227,8623,50,5,27118.65
20228,3027,4,3,39584.54
20229,2270,12,5,9596.51
20230,3993,64,2,17689.49
20231,1095,81,1,37707.89
20232,1086,80,2,27401.27
20233,8538,90,5,2864.12
20234,548,92,2,2654.0
20235,9619,142,4,12489.82
20236,4895,130,2,5954.55
20237,9903,88,1,48004.49
20238,3611,18,5,73820.52
20239,5354,15,2,69325.73
20240,796,91,5,6848.12
20241,4125,51,4,8341.82
20242,4967,93,4,11413.05
20243,3053,61,5,44878.78
20244,1301,142,3,12489.82
20245,7240,100,5,6854.81
20246,3667,90,2,2864.12
20247,963,23,5,49555.53
20248,5857,61,3,44878.78
20249,8175,91,4,6848.12
20250,4517,78,2,26923.68
20251,4096,35,4,33010.69
20252,3346,117,5,14181.77
20253,7145,46,2,32887.05
20254,1463,103,5,22522.89
20255,4093,18,2,73820.52
20256,4422,21,3,55484.17
20257,1084,63,3,29768.75
20258,2683,34,1,2255.17
20259,2708,65,2,8035.55
20260,2344,80,5,27401.27
20261,5088,58,5,27146.74
20262,3227,117,4,14181.77
20263,2644,135,3,11516.05
20264,274,133,3,8127.63
20265,7712,7,1,23330.83
20266,5653,4,4,39584.54
20267,6290,11,2,69215.46
20268,4257,38,2,30726.82
20269,169,97,5,3939.13
20270,5717,144,5,11019.62
20271,5045,54,1,30922.05
20272,6987,79,3,33873.61
20273,5083,98,4,12384.57
20274,5248,40,3,19403.2
20275,1954,48,5,12824.52
20276,1849,45,3,5214.29
20277,3038,27,4,8040.26
20278,6602,78,4,26923.68
20279,7864,85,2,7335.47
20280,9741,1,1,52539.0
20281,871,49,5,8217.13
20282,6546,77,3,23879.21
20283,6276,7,3,23330.83
20284,1583,115,4,21162.49
20285,8950,92,1,2654.0
20286,2168,93,2,11413.05
20287,8203,81,4,37707.89
20288,9651,99,2,16689.48
20289,5064,141,5,701.97
20290,4534,81,2,37707.89
20291,4882,92,2,2654.0
20292,7296,12,2,9596.51
20293,8203,23,4,49555.53
20294,2020,124,2,796.22
20295,9713,137,1,11390.83
20296,3153,78,4,26923.68
20297,134,106,4,19681.04
20298,3477,122,5,6970.32
20299,4771,63,5,29768.75
20300,2476,15,1,69325.73
20301,9345,129,2,577.07
20302,6996,136,3,682.08
20303,8833,72,1,49059.06
20304,269,59,5,13085.83
20305,8210,15,1,69325.73
20306,9408,14,2,10437.0
20307,1901,76,5,5024.14
20308,5860,14,2,10437.0
20309,5292,46,3,32887.05
20310,5107,86,5,15173.3
20311,4056,15,4,69325.73
20312,20,18,5,73820.52
20313,2619,143,4,13026.41
20314,274,36,2,29242.97
20315,2904,55,3,18034.1
20316,5944,60,1,33321.91
20317,5007,58,2,27146.74
20318,5243,106,4,19681.04
20319,9473,149,5,14866.1
20320,4044,63,2,29768.75
20321,1010,131,5,3599.39
20322,7218,26,4,72907.28
20323,2042,107,1,21829.1
20324,4754,34,4,2255.17
20325,4102,134,1,4785.68
20326,2017,29,5,8346.58
20327,6709,47,3,23383.27
20328,6810,148,2,10266.15
20329,2465,39,5,33931.85
20330,8738,55,2,18034.1
20331,2709,85,3,7335.47
20332,4629,117,3,14181.77
20333,7995,76,3,5024.14
20334,9851,86,4,15173.3
20335,8013,149,2,14866.1
20336,9116,95,5,15378.47
20337,4884,58,3,27146.74
20338,5562,65,1,8035.55
20339,6394,16,2,2931.99
20340,4691,43,4,14873.86
20341,2631,119,5,19868.15
20342,482,141,4,701.97
20343,5351,109,4,8516.39
20344,2916,31,1,11490.6
20345,7164,61,1,44878.78
20346,7701,26,3,72907.28
20347,136,73,3,37272.06
20348,6191,75,1,3049.5
20349,9406,13,3,54402.04
20350,7833,144,4,11019.62
20351,3168,136,5,682.08
20352,9465,6,4,48408.63
20353,3780,57,4,21935.06
20354,7192,102,4,18592.29
20355,3861,18,3,73820.52
20356,9080,66,5,31441.05
20357,513,14,4,10437.0
20358,79,81,5,37707.89
20359,5634,59,4,13085.83
20360,1478,58,1,27146.74
20361,9425,17,2,36162.26
20362,5602,26,1,72907.28
20363,5249,86,4,15173.3
20364,2130,28,4,54101.33
20365,1441,146,5,1905.39
20366,2176,78,2,26923.68
20367,146,145,1,11360.29
20368,8489,135,3,11516.05
20369,7943,100,5,6854.81
20370,9870,112,4,17873.14
20371,5092,77,5,23879.21
20372,492,73,4,37272.06
20373,6827,85,5,7335.47
20374,1609,101,2,5781.84
20375,6414,24,5,43820.15
20376,6934,126,3,12459.53
20377,6354,73,1,37272.06
20378,1716,111,3,9188.58
20379,1488,125,1,8947.13
20380,1173,39,2,33931.85
20381,1048,76,3,5024.14
20382,1642,143,3,13026.41
20383,4017,40,4,19403.2
20384,4420,127,1,1177.88
20385,3739,61,1,44878.78
20386,2218,90,5,2864.12
20387,5414,121,4,6772.08
20388,4723,28,5,54101.33
20389,2077,10,1,38310.2
20390,8964,94,3,1858.01
20391,4767,32,2,18206.86
20392,7583,49,3,8217.13
20393,7064,26,2,72907.28
20394,5078,51,1,8341.82
20395,6721,92,1,2654.0
20396,9994,54,2,30922.05
20397,2369,122,4,6970.32
20398,8775,124,3,796.22
20399,3985,121,3,6772.08
20400,7086,112,4,17873.14
20401,8779,61,5,44878.78
20402,7831,107,1,21829.1
20403,9102,3,1,28995.64
20404,6144,50,2,27118.65
20405,5520,9,4,19098.4
20406,8479,102,2,18592.29
20407,8926,20,4,81513.85
20408,1379,120,1,24465.41
20409,9955,34,2,2255.17
20410,7760,142,1,12489.82
20411,2553,77,3,23879.21
20412,4550,33,3,21649.9
20413,7865,31,4,11490.6
20414,6067,108,1,13549.63
20415,1975,125,2,8947.13
20416,4201,132,5,3011.07
20417,2121,91,3,6848.12
20418,2060,50,3,27118.65
20419,6759,85,4,7335.47
20420,7709,89,4,4655.22
20421,8927,136,2,682.08
20422,8034,76,5,5024.14
20423,3690,47,2,23383.27
20424,8169,115,4,21162.49
20425,4548,135,5,11516.05
20426,1546,52,3,26084.73
20427,5746,135,3,11516.05
20428,3745,59,2,13085.83
20429,6652,56,2,33257.92
20430,2519,104,2,6130.95
20431,1383,69,5,52834.09
20432,1243,147,1,14301.36
20433,2705,2,1,4930.4
20434,3437,26,5,72907.28
20435,9811,8,5,58505.04
20436,3461,53,5,26871.05
20437,1201,122,4,6970.32
20438,4846,22,3,18186.29
20439,9097,119,2,19868.15
20440,266,54,2,30922.05
20441,9972,33,1,21649.9
20442,8813,103,2,22522.89
20443,8103,58,5,27146.74
20444,5588,96,2,6710.71
20445,987,72,1,49059.06
20446,5026,2,2,4930.4
20447,6412,67,3,22314.95
20448,8269,90,3,2864.12
20449,7602,15,1,69325.73
20450,1557,68,3,19598.26
20451,391,53,1,26871.05
20452,5260,125,2,8947.13
20453,8759,14,1,10437.0
20454,5330,45,2,5214.29
20455,8541,1,1,52539.0
20456,9829,113,4,12566.23
20457,358,63,4,29768.75
20458,6472,111,3,9188.58
20459,9644,96,3,6710.71
20460,5678,10,3,38310.2
20461,5531,79,4,33873.61
20462,5340,48,2,12824.52
20463,9419,4,2,39584.54
20464,662,103,5,22522.89
20465,647,86,4,15173.3
20466,361,89,2,4655.22
20467,8464,133,1,8127.63
20468,6714,46,5,32887.05
20469,8796,150,5,7113.49
20470,9078,27,2,8040.26
20471,6850,6,2,48408.63
20472,9955,134,1,4785.68
20473,4894,42,1,21976.79
20474,4955,59,2,13085.83
20475,2495,104,3,6130.95
20476,2014,2,1,4930.4
20477,7576,28,4,54101.33
20478,9103,107,2,21829.1
20479,8279,132,5,3011.07
20480,995,39,4,33931.85
20481,8663,147,2,14301.36
20482,5932,16,5,2931.99
20483,3947,24,3,43820.15
20484,5898,84,3,5359.51
20485,2872,9,4,19098.4
20486,7632,143,4,13026.41
20487,7806,25,2,53524.51
20488,1799,13,5,54402.04
20489,8570,84,5,5359.51
20490,1984,93,1,11413.05
20491,9083,14,1,10437.0
20492,9380,115,4,21162.49
20493,2830,148,2,10266.15
20494,5426,9,5,19098.4
20495,1210,12,4,9596.51
20496,4931,41,4,30082.04
20497,1658,140,1,8987.09
20498,4852,4,5,39584.54
20499,4722,93,2,11413.05
20500,7402,88,5,48004.49
20501,993,74,4,41552.59
20502,960,51,1,8341.82
20503,3168,136,5,682.08
20504,8378,110,3,12983.38
20505,8773,112,5,17873.14
20506,4074,97,2,3939.13
20507,3937,74,2,41552.59
20508,1043,71,1,3528.52
20509,6911,61,3,44878.78
20510,2365,145,5,11360.29
20511,4330,38,3,30726.82
20512,5989,92,3,2654.0
20513,810,91,5,6848.12
20514,2088,95,2,15378.47
20515,5576,144,5,11019.62
20516,9498,40,1,19403.2
20517,7082,111,4,9188.58
20518,7269,35,2,33010.69
20519,2258,63,3,29768.75
20520,709,8,2,58505.04
20521,7432,141,4,701.97
20522,4431,93,4,11413.05
20523,1108,49,4,8217.13
20524,1654,62,4,6674.42
20525,331,81,5,37707.89
20526,6839,146,3,1905.39
20527,9150,57,2,21935.06
20528,5987,70,4,3243.71
20529,2036,99,5,16689.48
20530,5056,103,4,22522.89
20531,5867,98,1,12384.57
20532,6857,56,4,33257.92
20533,2947,22,4,18186.29
20534,8400,59,4,13085.83
20535,4859,145,4,11360.29
20536,8690,87,3,45649.01
20537,9242,15,2,69325.73
20538,4813,83,4,21901.29
20539,2481,132,4,3011.07
20540,1705,77,2,23879.21
20541,9648,20,2,81513.85
20542,562,149,2,14866.1
20543,8241,5,3,84081.85
20544,5431,51,1,8341.82
20545,3047,21,2,55484.17
20546,5200,9,1,19098.4
20547,5583,38,1,30726.82
20548,5717,92,3,2654.0
20549,8781,12,1,9596.51
20550,5794,30,4,12993.37
20551,5474,147,2,14301.36
20552,6660,36,3,29242.97
20553,4934,110,4,12983.38
20554,2053,70,1,3243.71
20555,8001,135,4,11516.05
20556,6541,68,2,19598.26
20557,4214,71,5,3528.52
20558,8145,141,1,701.97
20559,1905,98,3,12384.57
20560,5604,12,4,9596.51
20561,1473,133,3,8127.63
20562,673,140,1,8987.09
20563,814,99,5,16689.48
20564,2171,144,3,11019.62
20565,762,61,3,44878.78
20566,27,93,5,11413.05
20567,1641,124,5,796.22
20568,7479,91,5,6848.12
20569,801,43,2,14873.86
20570,4136,39,3,33931.85
20571,4982,121,1,6772.08
20572,5577,24,3,43820.15
20573,2077,112,2,17873.14
20574,7922,115,4,21162.49
20575,2270,37,1,25059.66
20576,2757,140,1,8987.09
20577,6143,118,5,9811.84
20578,8200,77,5,23879.21
20579,6086,51,3,8341.82
20580,3840,95,2,15378.47
20581,8710,140,1,8987.09
20582,3843,4,4,39584.54
20583,6071,111,4,9188.58
20584,3205,23,2,49555.53
20585,512,142,1,12489.82
20586,2453,98,3,12384.57
20587,646,32,2,18206.86
20588,5261,48,1,12824.52
20589,183,146,4,1905.39
20590,6373,53,3,26871.05
20591,1885,140,4,8987.09
20592,6203,148,2,10266.15
20593,3409,19,2,17787.61
20594,6102,85,5,7335.47
20595,4926,23,4,49555.53
20596,6277,4,2,39584.54
20597,2646,146,5,1905.39
20598,6287,141,5,701.97
20599,9854,140,5,8987.09
20600,6449,7,3,23330.83
20601,6931,43,1,14873.86
20602,5645,87,2,45649.01
20603,958,96,4,6710.71
20604,4447,76,1,5024.14
20605,3212,47,2,23383.27
20606,6712,149,1,14866.1
20607,7977,81,2,37707.89
20608,568,69,4,52834.09
20609,9554,22,5,18186.29
20610,3066,23,5,49555.53
20611,2944,138,4,13863.67
20612,1289,135,4,11516.05
20613,2634,85,5,7335.47
20614,2123,34,4,2255.17
20615,6751,50,3,27118.65
20616,6065,106,2,19681.04
20617,8773,53,2,26871.05
20618,4182,100,1,6854.81
20619,4058,9,1,19098.4
20620,5675,47,4,23383.27
20621,2307,9,2,19098.4
20622,7140,32,3,18206.86
20623,7774,77,2,23879.21
20624,5960,89,1,4655.22
20625,7964,15,1,69325.73
20626,6876,23,1,49555.53
20627,3143,3,1,28995.64
20628,27,94,2,1858.01
20629,8930,113,1,12566.23
20630,7585,145,5,11360.29
20631,5551,98,1,12384.57
20632,9732,123,2,612.96
20633,1999,46,5,32887.05
20634,6623,133,2,8127.63
20635,680,36,2,29242.97
20636,2734,149,5,14866.1
20637,2217,64,4,17689.49
20638,6387,76,4,5024.14
20639,935,20,2,81513.85
20640,1528,44,1,19789.04
20641,6492,119,1,19868.15
20642,4303,116,2,6378.97
20643,4762,19,5,17787.61
20644,1467,126,1,12459.53
20645,3395,123,3,612.96
20646,4268,120,4,24465.41
20647,8565,47,5,23383.27
20648,8634,56,4,33257.92
20649,7538,97,4,3939.13
20650,283,93,4,11413.05
20651,8912,103,2,22522.89
20652,5408,117,4,14181.77
20653,1,61,4,44878.78
20654,4048,52,2,26084.73
20655,5899,86,3,15173.3
20656,1607,120,2,24465.41
20657,3562,72,1,49059.06
20658,4626,17,5,36162.26
20659,2455,18,3,73820.52
20660,677,26,1,72907.28
20661,1084,143,3,13026.41
20662,4506,107,5,21829.1
20663,7541,133,4,8127.63
20664,7692,29,3,8346.58
20665,8262,95,3,15378.47
20666,1508,50,3,27118.65
20667,9632,20,2,81513.85
20668,1865,83,5,21901.29
20669,637,42,1,21976.79
20670,383,118,4,9811.84
20671,6804,107,4,21829.1
20672,8137,134,5,4785.68
20673,2614,105,5,8125.8
20674,4885,66,2,31441.05
20675,842,127,3,1177.88
20676,9283,143,3,13026.41
20677,2092,100,4,6854.81
20678,2771,33,2,21649.9
20679,7998,78,3,26923.68
20680,4373,102,2,18592.29
20681,9598,35,4,33010.69
20682,6053,140,4,8987.09
20683,3068,100,1,6854.81
20684,5227,134,4,4785.68
20685,3260,2,3,4930.4
20686,4860,123,1,612.96
20687,8846,135,1,11516.05
20688,869,16,5,2931.99
20689,5585,20,2,81513.85
20690,5225,78,2,26923.68
20691,814,78,2,26923.68
20692,4839,150,4,7113.49
20693,9505,108,3,13549.63
20694,6047,55,1,18034.1
20695,3928,40,1,19403.2
20696,1864,129,5,577.07
20697,9424,83,1,21901.29
20698,1488,135,2,11516.05
20699,4452,23,4,49555.53
20700,1333,68,2,19598.26
20701,9636,13,1,54402.04
20702,3495,14,5,10437.0
20703,8792,1,5,52539.0
20704,7787,138,4,13863.67
20705,7383,138,4,13863.67
20706,7472,113,2,12566.23
20707,7186,138,1,13863.67
20708,7902,95,4,15378.47
20709,9167,136,1,682.08
20710,2949,6,1,48408.63
20711,2443,1,2,52539.0
20712,2872,95,2,15378.47
20713,5217,16,3,2931.99
20714,3985,135,3,11516.05
20715,1372,123,4,612.96
20716,2004,128,2,9263.29
20717,4345,124,1,796.22
20718,7511,104,3,6130.95
20719,9586,125,5,8947.13
20720,3828,3,5,28995.64
20721,5305,127,3,1177.88
20722,9961,37,2,25059.66
20723,9955,63,3,29768.75
20724,4736,10,2,38310.2
20725,20,146,1,1905.39
20726,8007,50,5,27118.65
20727,4088,58,1,27146.74
20728,6656,48,2,12824.52
20729,6493,149,2,14866.1
20730,9248,146,1,1905.39
20731,7300,77,5,23879.21
20732,676,110,4,12983.38
20733,7224,61,2,44878.78
20734,4219,23,1,49555.53
20735,5017,104,1,6130.95
20736,9453,4,5,39584.54
20737,452,102,2,18592.29
20738,8812,23,3,49555.53
20739,8151,150,3,7113.49
20740,782,139,1,4159.23
20741,7051,83,5,21901.29
20742,2711,112,5,17873.14
20743,6777,28,5,54101.33
20744,8019,83,4,21901.29
20745,2591,62,5,6674.42
20746,5302,52,5,26084.73
20747,9511,106,3,19681.04
20748,5946,28,4,54101.33
20749,5401,9,3,19098.4
20750,3813,137,4,11390.83
20751,7061,148,1,10266.15
20752,6919,42,5,21976.79
20753,2357,14,4,10437.0
20754,3052,85,5,7335.47
20755,8543,46,5,32887.05
20756,2929,47,1,23383.27
20757,9517,26,2,72907.28
20758,1820,91,5,6848.12
20759,3725,32,4,18206.86
20760,204,27,2,8040.26
20761,769,104,3,6130.95
20762,5605,126,1,12459.53
20763,3242,83,5,21901.29
20764,8157,75,5,3049.5
20765,3625,44,5,19789.04
20766,3482,43,5,14873.86
20767,4280,134,3,4785.68
20768,9446,117,5,14181.77
20769,5528,50,3,27118.65
20770,1626,3,1,28995.64
20771,8172,105,5,8125.8
20772,2354,58,5,27146.74
20773,4286,62,2,6674.42
20774,502,111,1,9188.58
20775,7,83,5,21901.29
20776,8762,12,4,9596.51
20777,3451,47,4,23383.27
20778,2511,109,4,8516.39
20779,9910,18,4,73820.52
20780,3848,35,3,33010.69
20781,7715,99,2,16689.48
20782,8178,97,4,3939.13
20783,3201,92,4,2654.0
20784,3259,137,1,11390.83
20785,1824,99,3,16689.48
20786,754,118,3,9811.84
20787,5773,96,5,6710.71
20788,7428,6,2,48408.63
20789,3810,129,2,577.07
20790,9224,71,1,3528.52
20791,6906,36,1,29242.97
20792,9338,9,1,19098.4
20793,6423,45,2,5214.29
20794,9070,120,1,24465.41
20795,1340,39,4,33931.85
20796,449,101,5,5781.84
20797,3761,27,5,8040.26
20798,412,30,3,12993.37
20799,6310,125,2,8947.13
20800,9103,100,3,6854.81
20801,1684,41,1,30082.04
20802,3168,54,4,30922.05
20803,8764,89,2,4655.22
20804,9056,68,2,19598.26
20805,2289,146,3,1905.39
20806,6443,53,3,26871.05
20807,4792,110,5,12983.38
20808,6638,65,1,8035.55
20809,1321,10,4,38310.2
20810,8083,89,5,4655.22
20811,1819,98,1,12384.57
20812,6076,87,5,45649.01
20813,9425,65,2,8035.55
20814,26,88,5,48004.49
20815,6914,31,3,11490.6
20816,4932,17,5,36162.26
20817,7513,136,2,682.08
20818,9625,76,2,5024.14
20819,6541,112,4,17873.14
20820,9554,91,5,6848.12
20821,6021,9,1,19098.4
20822,1568,100,4,6854.81
20823,4332,41,2,30082.04
20824,263,125,4,8947.13
20825,7553,22,2,18186.29
20826,4645,28,1,54101.33
20827,9155,43,1,14873.86
20828,2294,126,3,12459.53
20829,9347,63,2,29768.75
20830,5707,23,1,49555.53
20831,5734,88,4,48004.49
20832,3263,9,1,19098.4
20833,2156,114,1,5726.03
20834,2198,103,3,22522.89
20835,1895,95,3,15378.47
20836,1156,75,1,3049.5
20837,3357,25,2,53524.51
20838,6324,87,1,45649.01
20839,9198,115,2,21162.49
20840,855,133,3,8127.63
20841,1805,22,4,18186.29
20842,7078,96,1,6710.71
20843,3740,48,2,12824.52
20844,3226,124,5,796.22
20845,8465,58,1,27146.74
20846,6527,32,4,18206.86
20847,4972,148,3,10266.15
20848,4900,38,2,30726.82
20849,4295,94,5,1858.01
20850,4367,50,5,27118.65
20851,7238,44,2,19789.04
20852,7537,15,5,69325.73
20853,5003,15,2,69325.73
20854,7753,42,3,21976.79
20855,1631,16,1,2931.99
20856,8939,116,2,6378.97
20857,8396,28,2,54101.33
20858,7802,27,5,8040.26
20859,186,116,5,6378.97
20860,7669,83,3,21901.29
20861,9057,45,4,5214.29
20862,8617,1,2,52539.0
20863,1237,6,5,48408.63
20864,9013,77,3,23879.21
20865,1723,88,4,48004.49
20866,7750,65,4,8035.55
20867,5271,51,5,8341.82
20868,2041,146,1,1905.39
20869,2390,75,2,3049.5
20870,9353,58,1,27146.74
20871,4446,109,5,8516.39
20872,5738,38,1,30726.82
20873,865,118,4,9811.84
20874,2680,134,3,4785.68
20875,5208,43,4,14873.86
20876,8902,86,2,15173.3
20877,605,35,1,33010.69
20878,2793,101,1,5781.84
20879,7699,50,3,27118.65
20880,9523,31,5,11490.6
20881,4109,43,4,14873.86
20882,9595,28,2,54101.33
20883,8486,57,5,21935.06
20884,3670,117,3,14181.77
20885,576,87,1,45649.01
20886,9340,42,1,21976.79
20887,8856,75,3,3049.5
20888,1515,61,1,44878.78
20889,6946,24,3,43820.15
20890,4088,146,4,1905.39
20891,9658,77,5,23879.21
20892,8485,121,5,6772.08
20893,1194,112,4,17873.14
20894,3110,73,2,37272.06
20895,9565,27,2,8040.26
20896,6817,48,4,12824.52
20897,2574,19,3,17787.61
20898,3720,94,3,1858.01
20899,1023,15,5,69325.73
20900,4848,44,3,19789.04
20901,2076,71,1,3528.52
20902,9641,135,2,11516.05
20903,472,78,3,26923.68
20904,7713,20,2,81513.85
20905,3626,145,1,11360.29
20906,3828,83,5,21901.29
20907,1884,121,1,6772.08
20908,2172,88,2,48004.49
20909,7744,111,2,9188.58
20910,5301,97,2,3939.13
20911,8458,114,3,5726.03
20912,8773,46,2,32887.05
20913,4154,83,5,21901.29
20914,2131,81,2,37707.89
20915,1413,148,4,10266.15
20916,5211,62,3,6674.42
20917,1515,7,2,23330.83
20918,6851,149,5,14866.1
20919,3765,136,2,682.08
20920,573,87,3,45649.01
20921,1226,123,1,612.96
20922,3182,136,4,682.08
20923,4718,68,4,19598.26
20924,6582,106,3,19681.04
20925,3826,36,5,29242.97
20926,6006,103,5,22522.89
20927,7399,54,5,30922.05
20928,2969,67,2,22314.95
20929,3252,41,3,30082.04
20930,6048,123,4,612.96
20931,3577,24,1,43820.15
20932,8844,80,2,27401.27
20933,9062,68,2,19598.26
20934,1016,131,2,3599.39
20935,2292,61,3,44878.78
20936,2980,7,4,23330.83
20937,9237,135,5,11516.05
20938,5945,123,3,612.96
20939,2302,76,3,5024.14
20940,6117,109,5,8516.39
20941,9957,118,1,9811.84
20942,4598,115,3,21162.49
20943,5616,2,5,4930.4
20944,6427,84,3,5359.51
20945,4566,41,5,30082.04
20946,6657,140,1,8987.09
20947,1834,116,1,6378.97
20948,7075,126,5,12459.53
20949,1971,109,3,8516.39
20950,9845,53,2,26871.05
20951,6518,17,4,36162.26
20952,515,1,5,52539.0
20953,9085,30,1,12993.37
20954,1387,127,4,1177.88
20955,8336,140,4,8987.09
20956,9428,74,5,41552.59
20957,1426,101,3,5781.84
20958,6344,98,3,12384.57
20959,879,134,5,4785.68
20960,6306,78,5,26923.68
20961,3255,37,1,25059.66
20962,3999,80,4,27401.27
20963,7928,96,5,6710.71
20964,8313,83,4,21901.29
20965,4861,16,3,2931.99
20966,7295,8,5,58505.04
20967,1689,41,4,30082.04
20968,4853,71,2,3528.52
20969,4214,102,5,18592.29
20970,550,10,2,38310.2
20971,7418,96,5,6710.71
20972,8814,81,3,37707.89
20973,1189,47,3,23383.27
20974,2529,17,4,36162.26
20975,278,31,2,11490.6
20976,2570,149,3,14866.1
20977,9479,73,1,37272.06
20978,9697,23,4,49555.53
20979,64,95,3,15378.47
20980,5052,146,5,1905.39
20981,6708,144,2,11019.62
20982,4363,66,2,31441.05
20983,437,123,1,612.96
20984,1768,44,3,19789.04
20985,1084,18,1,73820.52
20986,9301,90,2,2864.12
20987,2211,130,2,5954.55
20988,5825,94,5,1858.01
20989,8758,106,2,19681.04
20990,4263,52,1,26084.73
20991,1583,13,2,54402.04
20992,5039,113,3,12566.23
20993,3438,31,4,11490.6
20994,2113,45,4,5214.29
20995,3831,20,3,81513.85
20996,8633,124,4,796.22
20997,3939,141,1,701.97
20998,8512,101,1,5781.84
20999,2303,48,1,12824.52
21000,8479,20,3,81513.85
21001,2010,144,1,11019.62
21002,3814,48,5,12824.52
21003,8651,121,1,6772.08
21004,7029,76,4,5024.14
21005,422,148,2,10266.15
21006,9745,33,1,21649.9
21007,6650,5,2,84081.85
21008,768,72,2,49059.06
21009,6989,110,2,12983.38
21010,4322,102,2,18592.29
21011,3155,47,4,23383.27
21012,1389,19,5,17787.61
21013,2189,72,4,49059.06
21014,2932,112,1,17873.14
21015,35,98,5,12384.57
21016,237,62,4,6674.42
21017,9696,27,2,8040.26
21018,4918,27,5,8040.26
21019,600,57,3,21935.06
21020,7472,53,5,26871.05
21021,9684,72,1,49059.06
21022,7482,45,4,5214.29
21023,9904,57,1,21935.06
21024,9093,7,4,23330.83
21025,6987,50,5,27118.65
21026,3320,25,3,53524.51
21027,8262,32,5,18206.86
21028,3176,2,3,4930.4
21029,3097,111,2,9188.58
21030,6679,122,4,6970.32
21031,6244,11,2,69215.46
21032,8477,128,1,9263.29
21033,2929,8,2,58505.04
21034,3838,31,1,11490.6
21035,6351,8,3,58505.04
21036,2189,141,1,701.97
21037,437,150,5,7113.49
21038,3594,136,2,682.08
21039,4350,100,2,6854.81
21040,1401,110,4,12983.38
21041,3330,81,4,37707.89
21042,9422,143,1,13026.41
21043,3932,73,2,37272.06
21044,3707,140,3,8987.09
21045,517,4,2,39584.54
21046,2008,137,5,11390.83
21047,2739,95,2,15378.47
21048,9995,112,4,17873.14
21049,4643,19,4,17787.61
21050,4453,100,3,6854.81
21051,8787,54,3,30922.05
21052,3894,122,2,6970.32
21053,2460,133,2,8127.63
21054,2252,94,2,1858.01
21055,8568,28,3,54101.33
21056,6517,18,5,73820.52
21057,1062,9,3,19098.4
21058,3183,119,1,19868.15
21059,4397,132,5,3011.07
21060,1936,59,1,13085.83
21061,7947,60,1,33321.91
21062,5507,9,1,19098.4
21063,1438,21,2,55484.17
21064,1431,119,3,19868.15
21065,4938,127,1,1177.88
21066,5996,81,3,37707.89
21067,622,15,5,69325.73
21068,5627,135,3,11516.05
21069,6749,101,4,5781.84
21070,9580,11,4,69215.46
21071,6158,48,1,12824.52
21072,7179,96,3,6710.71
21073,8957,65,4,8035.55
21074,3747,76,4,5024.14
21075,6643,120,4,24465.41
21076,5170,28,5,54101.33
21077,1568,82,4,23327.1
21078,7305,75,2,3049.5
21079,6959,130,4,5954.55
21080,1853,105,2,8125.8
21081,2696,92,1,2654.0
21082,8601,44,5,19789.04
21083,377,72,3,49059.06
21084,138,23,5,49555.53
21085,8660,22,5,18186.29
21086,959,88,2,48004.49
21087,1697,132,1,3011.07
21088,9177,46,3,32887.05
21089,8249,63,5,29768.75
21090,2089,52,1,26084.73
21091,8946,27,3,8040.26
21092,3084,28,1,54101.33
21093,3221,11,5,69215.46
21094,9918,89,4,4655.22
21095,9078,136,2,682.08
21096,6974,149,3,14866.1
21097,3589,23,5,49555.53
21098,6847,121,4,6772.08
21099,6248,82,2,23327.1
21100,5115,14,3,10437.0
21101,7939,135,2,11516.05
21102,8252,117,2,14181.77
21103,709,23,3,49555.53
21104,1257,90,1,2864.12
21105,2728,49,5,8217.13
21106,4854,111,5,9188.58
21107,9645,7,1,23330.83
21108,5854,18,4,73820.52
21109,5494,143,2,13026.41
21110,4809,20,5,81513.85
21111,6249,117,3,14181.77
21112,4702,10,4,38310.2
21113,2854,66,5,31441.05
21114,7609,40,2,19403.2
21115,9083,11,4,69215.46
21116,6299,64,3,17689.49
21117,3595,95,4,15378.47
21118,8916,33,1,21649.9
21119,964,34,2,2255.17
21120,6945,150,3,7113.49
21121,5520,148,3,10266.15
21122,3690,95,1,15378.47
21123,9133,50,1,27118.65
21124,4495,139,5,4159.23
21125,9339,71,5,3528.52
21126,8591,80,4,27401.27
21127,7633,11,4,69215.46
21128,3824,17,4,36162.26
21129,1809,62,1,6674.42
21130,3024,47,1,23383.27
21131,6476,92,4,2654.0
21132,8893,8,1,58505.04
21133,51,53,5,26871.05
21134,6301,66,4,31441.05
21135,549,104,3,6130.95
21136,7434,131,3,3599.39
21137,9951,90,4,2864.12
21138,6852,103,2,22522.89
21139,9621,18,1,73820.52
21140,5028,81,2,37707.89
21141,4899,8,4,58505.04
21142,2844,138,1,13863.67
21143,7876,4,4,39584.54
21144,6754,108,1,13549.63
21145,9143,50,5,27118.65
21146,7334,114,2,5726.03
21147,5453,74,2,41552.59
21148,3812,83,4,21901.29
21149,2460,20,1,81513.85
21150,183,6,2,48408.63
21151,5001,59,3,13085.83
21152,5239,113,4,12566.23
21153,3825,13,3,54402.04
21154,9511,121,2,6772.08
21155,5864,147,1,14301.36
21156,2301,42,2,21976.79
21157,6284,133,5,8127.63
21158,7658,25,2,53524.51
21159,3013,146,2,1905.39
21160,8075,115,2,21162.49
21161,3168,145,5,11360.29
21162,9679,140,1,8987.09
21163,10000,143,4,13026.41
21164,5954,101,2,5781.84
21165,2011,43,2,14873.86
21166,6968,26,1,72907.28
21167,2044,135,1,11516.05
21168,9244,72,3,49059.06
21169,818,12,5,9596.51
21170,3421,55,1,18034.1
21171,3661,106,5,19681.04
21172,1480,70,5,3243.71
21173,884,45,4,5214.29
21174,7295,34,1,2255.17
21175,4454,66,5,31441.05
21176,1688,74,4,41552.59
21177,3287,62,3,6674.42
21178,6284,102,2,18592.29
21179,3165,116,4,6378.97
21180,9285,24,3,43820.15
21181,254,41,3,30082.04
21182,5736,78,4,26923.68
21183,9225,63,2,29768.75
21184,8099,14,4,10437.0
21185,1422,33,4,21649.9
21186,4361,55,1,18034.1
21187,8808,35,3,33010.69
21188,3648,111,5,9188.58
21189,6411,100,4,6854.81
21190,1302,25,3,53524.51
21191,9403,101,5,5781.84
21192,6499,92,4,2654.0
21193,8979,29,3,8346.58
21194,9089,43,4,14873.86
21195,5035,107,1,21829.1
21196,8851,81,2,37707.89
21197,2684,49,5,8217.13
21198,9706,44,1,19789.04
21199,7683,54,2,30922.05
21200,1908,2,1,4930.4
21201,5529,137,5,11390.83
21202,7812,138,5,13863.67
21203,3393,53,5,26871.05
21204,6023,104,1,6130.95
21205,5161,85,4,7335.47
21206,566,80,3,27401.27
21207,1891,58,3,27146.74
21208,2048,33,5,21649.9
21209,7299,136,1,682.08
21210,7632,32,5,18206.86
21211,7597,79,4,33873.61
21212,6481,47,5,23383.27
21213,9658,130,2,5954.55
21214,8129,4,1,39584.54
21215,1528,13,4,54402.04
21216,7287,33,2,21649.9
21217,3655,138,4,13863.67
21218,6190,30,1,12993.37
21219,7901,106,3,19681.04
21220,6487,136,5,682.08
21221,2718,125,5,8947.13
21222,612,137,2,11390.83
21223,8320,58,4,27146.74
21224,4331,59,2,13085.83
21225,1134,8,2,58505.04
21226,2923,92,2,2654.0
21227,7949,85,2,7335.47
21228,7776,107,3,21829.1
21229,7556,73,1,37272.06
21230,8057,45,4,5214.29
21231,8376,137,4,11390.83
21232,9411,85,4,7335.47
21233,3806,11,4,69215.46
21234,5797,71,1,3528.52
21235,3432,108,5,13549.63
21236,642,134,1,4785.68
21237,2636,20,2,81513.85
21238,8966,74,4,41552.59
21239,2752,145,5,11360.29
21240,6656,71,1,3528.52
21241,1816,142,3,12489.82
21242,5920,95,2,15378.47
21243,2232,136,5,682.08
21244,5446,59,1,13085.83
21245,1286,126,3,12459.53
21246,6835,15,1,69325.73
21247,819,149,3,14866.1
21248,4331,105,1,8125.8
21249,6334,67,5,22314.95
21250,2428,137,1,11390.83
21251,6067,20,5,81513.85
21252,1224,55,5,18034.1
21253,8000,71,2,3528.52
21254,8073,75,5,3049.5
21255,6284,62,5,6674.42
21256,2115,123,1,612.96
21257,8955,60,3,33321.91
21258,4386,77,2,23879.21
21259,4802,145,1,11360.29
21260,116,88,5,48004.49
21261,6458,55,4,18034.1
21262,2925,128,3,9263.29
21263,5207,60,3,33321.91
21264,286,68,4,19598.26
21265,4962,79,3,33873.61
21266,5137,123,3,612.96
21267,7920,47,4,23383.27
21268,4560,41,1,30082.04
21269,9507,50,2,27118.65
21270,3400,142,4,12489.82
21271,795,104,1,6130.95
21272,6673,37,1,25059.66
21273,3995,79,1,33873.61
21274,309,83,3,21901.29
21275,9898,135,2,11516.05
21276,4845,14,1,10437.0
21277,8863,25,4,53524.51
21278,5790,76,4,5024.14
21279,5597,58,1,27146.74
21280,5079,48,1,12824.52
21281,3406,39,5,33931.85
21282,2198,64,2,17689.49
21283,5908,21,1,55484.17
21284,908,13,4,54402.04
21285,2004,38,5,30726.82
21286,7988,81,1,37707.89
21287,851,36,3,29242.97
21288,436,4,5,39584.54
21289,5496,46,1,32887.05
21290,1430,134,5,4785.68
21291,5123,11,1,69215.46
21292,4128,8,5,58505.04
21293,6048,18,2,73820.52
21294,7003,34,3,2255.17
21295,1118,49,1,8217.13
21296,1391,27,2,8040.26
21297,89,13,3,54402.04
21298,8431,119,2,19868.15
21299,4915,119,1,19868.15
21300,3616,4,2,39584.54
21301,4914,27,5,8040.26
21302,6231,92,1,2654.0
21303,1934,50,2,27118.65
21304,1048,94,1,1858.01
21305,1130,93,2,11413.05
21306,7830,8,2,58505.04
21307,6750,67,4,22314.95
21308,2953,87,5,45649.01
21309,7822,83,3,21901.29
21310,6040,93,1,11413.05
21311,6897,46,3,32887.05
21312,510,60,4,33321.91
21313,4938,9,3,19098.4
21314,2839,27,1,8040.26
21315,9563,9,2,19098.4
21316,2443,114,3,5726.03
21317,8654,11,5,69215.46
21318,9422,110,1,12983.38
21319,9824,13,3,54402.04
21320,7378,84,1,5359.51
21321,2464,36,4,29242.97
21322,1730,109,3,8516.39
21323,6548,123,5,612.96
21324,9239,70,3,3243.71
21325,3194,57,4,21935.06
21326,2170,99,1,16689.48
21327,333,10,5,38310.2
21328,8177,39,3,33931.85
21329,1292,146,3,1905.39
21330,8896,74,3,41552.59
21331,8141,41,5,30082.04
21332,5690,114,5,5726.03
21333,2096,28,3,54101.33
21334,3497,134,5,4785.68
21335,9003,19,2,17787.61
21336,7735,77,1,23879.21
21337,5262,96,4,6710.71
21338,1038,26,5,72907.28
21339,4328,36,5,29242.97
21340,3377,21,2,55484.17
21341,7265,109,5,8516.39
21342,6009,69,4,52834.09
21343,1849,29,4,8346.58
21344,4269,126,1,12459.53
21345,613,19,1,17787.61
21346,1742,11,4,69215.46
21347,4822,144,3,11019.62
21348,3615,20,5,81513.85
21349,2766,46,1,32887.05
21350,8095,138,1,13863.67
21351,946,69,2,52834.09
21352,9934,149,5,14866.1
21353,8288,112,5,17873.14
21354,4332,41,4,30082.04
21355,9550,31,4,11490.6
21356,4396,112,5,17873.14
21357,9178,51,3,8341.82
21358,7367,56,1,33257.92
21359,7844,123,3,612.96
21360,252,37,2,25059.66
21361,1943,9,2,19098.4
21362,1294,95,2,15378.47
21363,707,107,1,21829.1
21364,9458,48,3,12824.52
21365,7828,129,4,577.07
21366,6754,98,4,12384.57
21367,9408,62,3,6674.42
21368,2060,128,2,9263.29
21369,5195,80,4,27401.27
21370,5825,37,2,25059.66
21371,563,48,1,12824.52
21372,3890,102,5,18592.29
21373,6318,44,3,19789.04
21374,5868,26,5,72907.28
21375,5734,113,3,12566.23
21376,6440,64,2,17689.49
21377,3908,36,5,29242.97
21378,3899,72,1,49059.06
21379,5677,150,2,7113.49
21380,8722,66,2,31441.05
21381,80,63,3,29768.75
21382,5588,8,2,58505.04
21383,8905,59,2,13085.83
21384,9274,109,3,8516.39
21385,4432,105,3,8125.8
21386,8791,23,5,49555.53
21387,9178,32,4,18206.86
21388,8538,40,2,19403.2
21389,3928,2,5,4930.4
21390,828,43,4,14873.86
21391,6437,11,4,69215.46
21392,4525,131,4,3599.39
21393,7561,137,5,11390.83
21394,508,21,1,55484.17
21395,4789,3,5,28995.64
21396,2598,119,2,19868.15
21397,5870,47,3,23383.27
21398,725,35,5,33010.69
21399,8522,148,5,10266.15
21400,8493,13,4,54402.04
21401,8303,52,5,26084.73
21402,1981,108,4,13549.63
21403,289,116,2,6378.97
21404,1244,46,2,32887.05
21405,5771,47,3,23383.27
21406,8602,31,1,11490.6
21407,4394,43,4,14873.86
21408,4000,130,2,5954.55
21409,2906,62,1,6674.42
21410,2281,114,3,5726.03
21411,3267,59,1,13085.83
21412,9520,23,4,49555.53
21413,6463,19,5,17787.61
21414,468,18,1,73820.52
21415,1136,105,3,8125.8
21416,8086,17,4,36162.26
21417,1581,78,3,26923.68
21418,9346,142,1,12489.82
21419,3746,121,3,6772.08
21420,6399,22,4,18186.29
21421,8522,73,5,37272.06
21422,8158,45,4,5214.29
21423,4213,59,1,13085.83
21424,7898,88,3,48004.49
21425,788,150,2,7113.49
21426,8891,30,5,12993.37
21427,1069,74,2,41552.59
21428,6897,106,1,19681.04
21429,3613,38,1,30726.82
21430,2842,142,1,12489.82
21431,6380,46,5,32887.05
21432,6206,94,4,1858.01
21433,5735,132,3,3011.07
21434,7001,141,5,701.97
21435,516,2,1,4930.4
21436,3474,20,4,81513.85
21437,3024,116,5,6378.97
21438,3075,5,4,84081.85
21439,873,53,5,26871.05
21440,5243,87,4,45649.01
21441,9790,38,2,30726.82
21442,9586,139,1,4159.23
21443,546,43,4,14873.86
21444,9643,127,5,1177.88
21445,3867,69,1,52834.09
21446,1459,29,4,8346.58
21447,9865,144,5,11019.62
21448,7516,124,2,796.22
21449,2197,115,3,21162.49
21450,3767,138,3,13863.67
21451,4236,98,1,12384.57
21452,2432,57,4,21935.06
21453,5665,99,2,16689.48
21454,6432,106,2,19681.04
21455,29,144,4,11019.62
21456,4472,49,3,8217.13
21457,9589,73,5,37272.06
21458,1445,120,4,24465.41
21459,3219,34,1,2255.17
21460,1659,145,5,11360.29
21461,2975,34,1,2255.17
21462,6941,22,2,18186.29
21463,8604,26,4,72907.28
21464,7097,130,3,5954.55
21465,1328,3,1,28995.64
21466,8506,35,4,33010.69
21467,822,3,2,28995.64
21468,6747,82,2,23327.1
21469,5039,41,3,30082.04
21470,9955,142,3,12489.82
21471,401,5,3,84081.85
21472,8659,150,5,7113.49
21473,7194,31,3,11490.6
21474,1437,128,1,9263.29
21475,3336,39,4,33931.85
21476,75,96,1,6710.71
21477,4880,97,3,3939.13
21478,5453,139,2,4159.23
21479,6173,52,4,26084.73
21480,3236,97,1,3939.13
21481,6470,57,3,21935.06
21482,1183,126,5,12459.53
21483,5477,47,4,23383.27
21484,59,22,5,18186.29
21485,6713,50,2,27118.65
21486,3320,148,3,10266.15
21487,9945,21,1,55484.17
21488,7587,24,4,43820.15
21489,3705,136,4,682.08
21490,6954,99,5,16689.48
21491,7203,135,5,11516.05
21492,5709,7,5,23330.83
21493,8135,80,5,27401.27
21494,2039,90,1,2864.12
21495,7518,111,5,9188.58
21496,2844,14,3,10437.0
21497,148,6,3,48408.63
21498,1129,11,5,69215.46
21499,6293,43,2,14873.86
21500,5050,126,4,12459.53
21501,1276,44,5,19789.04
21502,5271,101,4,5781.84
21503,3132,64,3,17689.49
21504,3586,91,2,6848.12
21505,7068,9,1,19098.4
21506,8437,71,4,3528.52
21507,1678,12,2,9596.51
21508,5571,32,5,18206.86
21509,391,73,1,37272.06
21510,4513,98,3,12384.57
21511,8260,70,3,3243.71
21512,6091,50,2,27118.65
21513,6401,84,5,5359.51
21514,4210,77,2,23879.21
21515,3438,78,4,26923.68
21516,9910,113,1,12566.23
21517,5101,141,3,701.97
21518,3609,81,1,37707.89
21519,6443,71,2,3528.52
21520,8288,125,2,8947.13
21521,9592,124,1,796.22
21522,1472,33,3,21649.9
21523,3259,102,5,18592.29
21524,5180,140,1,8987.09
21525,6979,26,1,72907.28
21526,9453,65,4,8035.55
21527,7464,75,5,3049.5
21528,9269,87,2,45649.01
21529,4086,28,5,54101.33
21530,843,33,3,21649.9
21531,5330,107,4,21829.1
21532,5549,16,1,2931.99
21533,517,118,5,9811.84
21534,6551,144,1,11019.62
21535,6872,60,3,33321.91
21536,1553,68,2,19598.26
21537,9205,35,1,33010.69
21538,8566,137,1,11390.83
21539,8377,34,4,2255.17
21540,3726,75,1,3049.5
21541,3249,89,1,4655.22
21542,943,117,5,14181.77
21543,1376,85,4,7335.47
21544,8605,126,3,12459.53
21545,1046,119,4,19868.15
21546,3289,146,1,1905.39
21547,4053,46,1,32887.05
21548,1919,27,2,8040.26
21549,6715,85,5,7335.47
21550,6592,56,3,33257.92
21551,6657,42,2,21976.79
21552,2684,147,5,14301.36
21553,6821,37,4,25059.66
21554,5024,105,1,8125.8
21555,8897,83,2,21901.29
21556,9085,86,3,15173.3
21557,4851,96,5,6710.71
21558,8906,113,2,12566.23
21559,3253,130,1,5954.55
21560,4371,50,4,27118.65
21561,3808,33,2,21649.9
21562,1172,113,4,12566.23
21563,1749,120,5,24465.41
21564,1620,44,4,19789.04
21565,9839,148,1,10266.15
21566,1454,87,3,45649.01
21567,1061,19,2,17787.61
21568,3847,49,1,8217.13
21569,5932,113,5,12566.23
21570,4821,73,4,37272.06
21571,8027,40,2,19403.2
21572,3164,136,2,682.08
21573,8192,105,2,8125.8
21574,6272,105,5,8125.8
21575,2478,1,3,52539.0
21576,964,1,4,52539.0
21577,563,57,1,21935.06
21578,8336,80,3,27401.27
21579,1659,25,2,53524.51
21580,2680,7,3,23330.83
21581,5366,113,3,12566.23
21582,2477,104,2,6130.95
21583,1861,85,2,7335.47
21584,3898,66,4,31441.05
21585,6381,99,2,16689.48
21586,912,37,1,25059.66
21587,9488,100,1,6854.81
21588,5454,54,5,30922.05
21589,4324,1,5,52539.0
21590,6127,1,4,52539.0
21591,6344,56,4,33257.92
21592,4670,83,1,21901.29
21593,8960,22,2,18186.29
21594,4310,51,2,8341.82
21595,50,118,3,9811.84
21596,7276,68,5,19598.26
21597,476,121,3,6772.08
21598,6013,11,1,69215.46
21599,8355,79,5,33873.61
21600,4039,48,1,12824.52
21601,9907,129,5,577.07
21602,7122,11,5,69215.46
21603,2258,113,5,12566.23
21604,2015,9,1,19098.4
21605,7282,70,2,3243.71
21606,8122,127,2,1177.88
21607,3830,93,4,11413.05
21608,9764,69,1,52834.09
21609,1767,3,1,28995.64
21610,1897,35,2,33010.69
21611,3393,110,2,12983.38
21612,9628,60,1,33321.91
21613,2635,7,1,23330.83
21614,9487,43,5,14873.86
21615,6741,144,5,11019.62
21616,6596,11,5,69215.46
21617,9392,37,5,25059.66
21618,3741,132,2,3011.07
21619,4690,10,1,38310.2
21620,121,92,3,2654.0
21621,691,7,5,23330.83
21622,6357,91,4,6848.12
21623,1603,24,5,43820.15
21624,9563,113,3,12566.23
21625,909,68,4,19598.26
21626,6885,48,4,12824.52
21627,502,19,2,17787.61
21628,3390,43,2,14873.86
21629,6644,27,4,8040.26
21630,9774,136,2,682.08
21631,8075,137,1,11390.83
21632,3603,144,1,11019.62
21633,5999,98,2,12384.57
21634,3615,25,4,53524.51
21635,2224,62,1,6674.42
21636,4793,1,2,52539.0
21637,1405,117,1,14181.77
21638,810,61,3,44878.78
21639,8359,112,2,17873.14
21640,5339,86,2,15173.3
21641,9763,138,3,13863.67
21642,2141,74,2,41552.59
21643,6114,111,4,9188.58
21644,3482,85,2,7335.47
21645,4343,15,3,69325.73
21646,1530,28,1,54101.33
21647,1922,46,4,32887.05
21648,3391,133,1,8127.63
21649,1977,58,2,27146.74
21650,1292,9,4,19098.4
21651,4476,98,5,12384.57
21652,2231,91,1,6848.12
21653,2717,5,5,84081.85
21654,8967,120,2,24465.41
21655,3137,62,2,6674.42
21656,2494,145,3,11360.29
21657,7999,27,4,8040.26
21658,9131,138,5,13863.67
21659,83,5,1,84081.85
21660,6625,67,2,22314.95
21661,4210,20,2,81513.85
21662,6067,39,2,33931.85
21663,4349,138,5,13863.67
21664,4019,29,5,8346.58
21665,215,142,2,12489.82
21666,5661,102,3,18592.29
21667,2360,33,3,21649.9
21668,4829,135,2,11516.05
21669,9520,110,2,12983.38
21670,448,72,3,49059.06
21671,990,135,4,11516.05
21672,1965,49,5,8217.13
21673,5440,131,4,3599.39
21674,705,121,1,6772.08
21675,4890,81,4,37707.89
21676,6715,85,1,7335.47
21677,1522,16,1,2931.99
21678,8068,31,5,11490.6
21679,874,1,2,52539.0
21680,6300,81,4,37707.89
21681,9242,121,2,6772.08
21682,1886,23,3,49555.53
21683,9950,47,3,23383.27
21684,5156,6,5,48408.63
21685,2203,58,5,27146.74
21686,825,61,3,44878.78
21687,9507,35,4,33010.69
21688,8721,82,4,23327.1
21689,6112,21,4,55484.17
21690,4621,21,2,55484.17
21691,4746,147,4,14301.36
21692,9637,97,4,3939.13
21693,8025,34,4,2255.17
21694,7959,115,1,21162.49
21695,5979,69,1,52834.09
21696,3724,47,3,23383.27
21697,7013,103,2,22522.89
21698,2888,68,5,19598.26
21699,4235,116,5,6378.97
21700,5739,19,5,17787.61
21701,6356,52,3,26084.73
21702,4895,122,2,6970.32
21703,8904,91,4,6848.12
21704,2468,63,4,29768.75
21705,429,3,1,28995.64
21706,4564,130,2,5954.55
21707,7819,82,1,23327.1
21708,9177,41,2,30082.04
21709,4210,137,1,11390.83
21710,68,101,2,5781.84
21711,5047,109,2,8516.39
21712,2417,59,4,13085.83
21713,5724,90,2,2864.12
21714,6387,134,3,4785.68
21715,7931,125,4,8947.13
21716,6258,115,2,21162.49
21717,6564,62,4,6674.42
21718,3883,42,2,21976.79
21719,2767,73,2,37272.06
21720,6993,90,2,2864.12
21721,2136,138,5,13863.67
21722,1862,110,4,12983.38
21723,315,1,4,52539.0
21724,5081,67,4,22314.95
21725,1731,87,2,45649.01
21726,3192,40,3,19403.2
21727,5074,92,4,2654.0
21728,4741,53,5,26871.05
21729,8507,34,3,2255.17
21730,6439,6,4,48408.63
21731,8969,50,4,27118.65
21732,6738,86,2,15173.3
21733,7968,130,5,5954.55
21734,3435,149,5,14866.1
21735,4890,139,3,4159.23
21736,8880,84,1,5359.51
21737,8260,93,5,11413.05
21738,6386,42,1,21976.79
21739,1398,102,2,18592.29
21740,3906,64,4,17689.49
21741,361,16,4,2931.99
21742,4187,117,5,14181.77
21743,951,30,1,12993.37
21744,7322,71,2,3528.52
21745,2504,144,3,11019.62
21746,5505,81,4,37707.89
21747,2724,143,4,13026.41
21748,2964,52,2,26084.73
21749,7435,31,4,11490.6
21750,5114,39,5,33931.85
21751,2265,46,2,32887.05
21752,2005,8,5,58505.04
21753,6966,137,1,11390.83
21754,7821,60,3,33321.91
21755,1650,95,5,15378.47
21756,9420,142,5,12489.82
21757,8272,115,1,21162.49
21758,1987,68,2,19598.26
21759,2005,32,5,18206.86
21760,4405,44,2,19789.04
21761,9553,110,3,12983.38
21762,4664,100,4,6854.81
21763,3693,103,1,22522.89
21764,3100,73,3,37272.06
21765,2715,142,5,12489.82
21766,2777,65,3,8035.55
21767,3794,64,2,17689.49
21768,116,140,3,8987.09
21769,1931,58,3,27146.74
21770,150,115,5,21162.49
21771,8260,136,3,682.08
21772,3548,117,1,14181.77
21773,3073,96,3,6710.71
21774,810,29,3,8346.58
21775,1145,128,1,9263.29
21776,3086,91,3,6848.12
21777,1453,22,2,18186.29
21778,9007,79,3,33873.61
21779,3332,59,1,13085.83
21780,6385,77,3,23879.21
21781,6284,59,2,13085.83
21782,3937,81,4,37707.89
21783,674,108,3,13549.63
21784,6583,117,2,14181.77
21785,129,110,2,12983.38
21786,8006,91,4,6848.12
21787,6254,44,4,19789.04
21788,8942,92,5,2654.0
21789,496,86,5,15173.3
21790,2313,100,2,6854.81
21791,4958,85,4,7335.47
21792,5924,12,5,9596.51
21793,1119,24,1,43820.15
21794,2220,144,3,11019.62
21795,6758,114,5,5726.03
21796,4473,129,1,577.07
21797,1053,3,3,28995.64
21798,287,91,5,6848.12
21799,6353,129,5,577.07
21800,1962,150,2,7113.49
21801,3975,71,1,3528.52
21802,4527,102,1,18592.29
21803,7756,115,4,21162.49
21804,8955,74,3,41552.59
21805,7605,61,2,44878.78
21806,6099,2,4,4930.4
21807,3950,105,3,8125.8
21808,339,144,2,11019.62
21809,9745,65,3,8035.55
21810,80,137,5,11390.83
21811,5711,131,4,3599.39
21812,7358,120,3,24465.41
21813,3903,146,5,1905.39
21814,8034,88,3,48004.49
21815,5750,138,3,13863.67
21816,859,15,4,69325.73
21817,2015,119,5,19868.15
21818,9651,18,3,73820.52
21819,4024,76,4,5024.14
21820,9482,69,5,52834.09
21821,9855,76,3,5024.14
21822,6980,39,3,33931.85
21823,3613,141,3,701.97
21824,7366,32,1,18206.86
21825,7635,112,1,17873.14
21826,8851,89,2,4655.22
21827,8140,72,2,49059.06
21828,8219,60,4,33321.91
21829,4430,99,4,16689.48
21830,3047,27,2,8040.26
21831,7949,142,5,12489.82
21832,9407,21,1,55484.17
21833,1218,113,5,12566.23
21834,6319,19,1,17787.61
21835,3768,134,3,4785.68
21836,422,131,2,3599.39
21837,4378,78,1,26923.68
21838,9751,128,5,9263.29
21839,1654,73,4,37272.06
21840,799,96,2,6710.71
21841,4080,47,3,23383.27
21842,1934,99,4,16689.48
21843,9329,43,5,14873.86
21844,1792,94,2,1858.01
21845,5949,54,1,30922.05
21846,3609,94,2,1858.01
21847,6560,2,3,4930.4
21848,9936,22,2,18186.29
21849,583,46,4,32887.05
21850,539,3,5,28995.64
21851,4292,126,2,12459.53
21852,8098,84,3,5359.51
21853,5593,103,4,22522.89
21854,7886,40,2,19403.2
21855,767,60,1,33321.91
21856,1430,139,5,4159.23
21857,7401,100,1,6854.81
21858,2691,86,5,15173.3
21859,2071,146,2,1905.39
21860,7482,85,1,7335.47
21861,3821,122,1,6970.32
21862,8044,49,2,8217.13
21863,9073,52,5,26084.73
21864,1019,87,5,45649.01
21865,4713,119,3,19868.15
21866,6511,33,2,21649.9
21867,2902,93,4,11413.05
21868,2805,149,4,14866.1
21869,1227,95,5,15378.47
21870,2404,54,1,30922.05
21871,851,79,5,33873.61
21872,8391,23,4,49555.53
21873,4605,14,4,10437.0
21874,5639,122,3,6970.32
21875,1170,120,3,24465.41
21876,7981,10,5,38310.2
21877,285,57,4,21935.06
21878,567,1,2,52539.0
21879,7046,78,2,26923.68
21880,657,9,1,19098.4
21881,1441,23,5,49555.53
21882,9057,113,1,12566.23
21883,8578,35,3,33010.69
21884,9557,100,2,6854.81
21885,2145,56,4,33257.92
21886,4398,79,1,33873.61
21887,1502,105,2,8125.8
21888,7274,132,4,3011.07
21889,9527,53,4,26871.05
21890,321,3,3,28995.64
21891,9228,124,3,796.22
21892,5360,122,1,6970.32
21893,2318,113,4,12566.23
21894,3639,122,1,6970.32
21895,1287,64,1,17689.49
21896,6335,11,1,69215.46
21897,2983,85,1,7335.47
21898,7098,29,1,8346.58
21899,5820,44,4,19789.04
21900,3463,117,4,14181.77
21901,569,28,2,54101.33
21902,2749,131,4,3599.39
21903,2188,117,2,14181.77
21904,679,150,2,7113.49
21905,3176,143,2,13026.41
21906,9618,92,5,2654.0
21907,4641,111,3,9188.58
21908,1188,93,5,11413.05
21909,467,17,2,36162.26
21910,536,130,3,5954.55
21911,1303,138,3,13863.67
21912,6631,86,1,15173.3
21913,8797,84,4,5359.51
21914,4830,64,3,17689.49
21915,7282,58,1,27146.74
21916,1516,106,4,19681.04
21917,5993,134,4,4785.68
21918,7639,57,5,21935.06
21919,3096,76,1,5024.14
21920,3838,20,1,81513.85
21921,6877,113,2,12566.23
21922,8875,79,2,33873.61
21923,1389,71,4,3528.52
21924,4009,74,1,41552.59
21925,2428,24,4,43820.15
21926,8501,30,2,12993.37
21927,9296,146,2,1905.39
21928,3940,140,4,8987.09
21929,9303,56,1,33257.92
21930,1011,129,3,577.07
21931,7171,129,2,577.07
21932,4712,90,5,2864.12
21933,708,37,5,25059.66
21934,4155,134,2,4785.68
21935,4178,134,1,4785.68
21936,8976,42,2,21976.79
21937,1303,134,1,4785.68
21938,9832,110,1,12983.38
21939,8192,137,2,11390.83
21940,2711,55,2,18034.1
21941,6500,43,5,14873.86
21942,4666,66,1,31441.05
21943,2813,148,3,10266.15
21944,4514,99,1,16689.48
21945,3281,2,4,4930.4
21946,1688,142,3,12489.82
21947,4057,28,5,54101.33
21948,9455,28,3,54101.33
21949,3583,117,4,14181.77
21950,4172,93,1,11413.05
21951,5527,70,1,3243.71
21952,3775,28,5,54101.33
21953,7372,4,3,39584.54
21954,2385,2,4,4930.4
21955,8767,134,2,4785.68
21956,685,30,2,12993.37
21957,4018,102,5,18592.29
21958,933,44,2,19789.04
21959,1949,51,5,8341.82
21960,4527,109,4,8516.39
21961,5754,140,4,8987.09
21962,8277,34,5,2255.17
21963,7809,54,4,30922.05
21964,4142,64,1,17689.49
21965,7941,123,5,612.96
21966,8335,112,5,17873.14
21967,8865,15,5,69325.73
21968,9804,130,5,5954.55
21969,5851,144,2,11019.62
21970,3572,55,5,18034.1
21971,5994,15,1,69325.73
21972,2177,91,2,6848.12
21973,5558,41,2,30082.04
21974,6593,132,5,3011.07
21975,4055,41,3,30082.04
21976,6905,19,2,17787.61
21977,1208,96,4,6710.71
21978,1227,50,4,27118.65
21979,6045,65,4,8035.55
21980,3903,104,2,6130.95
21981,5682,111,4,9188.58
21982,691,18,5,73820.52
21983,5971,77,1,23879.21
21984,6420,128,1,9263.29
21985,2181,138,4,13863.67
21986,5409,50,4,27118.65
21987,5085,18,1,73820.52
21988,2741,98,1,12384.57
21989,6705,126,3,12459.53
21990,6600,31,2,11490.6
21991,3722,94,2,1858.01
21992,3861,115,1,21162.49
21993,4089,5,5,84081.85
21994,5314,122,5,6970.32
21995,5162,3,2,28995.64
21996,3804,47,3,23383.27
21997,1643,2,5,4930.4
21998,2371,124,1,796.22
21999,1278,108,2,13549.63
22000,144,136,2,682.08
22001,7527,71,4,3528.52
22002,4561,87,3,45649.01
22003,4745,137,1,11390.83
22004,7873,2,2,4930.4
22005,1731,24,3,43820.15
22006,6421,111,4,9188.58
22007,3095,43,4,14873.86
22008,2447,4,5,39584.54
22009,3187,143,4,13026.41
22010,8948,15,1,69325.73
22011,9899,100,1,6854.81
22012,5157,123,2,612.96
22013,4816,47,2,23383.27
22014,5715,132,5,3011.07
22015,568,115,1,21162.49
22016,1323,140,5,8987.09
22017,5744,87,2,45649.01
22018,450,11,5,69215.46
22019,3361,132,1,3011.07
22020,5969,30,3,12993.37
22021,7557,13,1,54402.04
22022,3899,24,5,43820.15
22023,2325,115,1,21162.49
22024,5516,16,5,2931.99
22025,7658,30,2,12993.37
22026,2078,108,4,13549.63
22027,7099,102,1,18592.29
22028,1609,140,1,8987.09
22029,2849,143,2,13026.41
22030,4022,135,2,11516.05
22031,2713,23,1,49555.53
22032,5370,53,1,26871.05
22033,7686,147,2,14301.36
22034,1642,143,1,13026.41
22035,8279,4,2,39584.54
22036,999,83,4,21901.29
22037,7304,80,1,27401.27
22038,6281,47,2,23383.27
22039,8947,17,3,36162.26
22040,8513,128,4,9263.29
22041,9091,1,4,52539.0
22042,19,58,2,27146.74
22043,6384,1,1,52539.0
22044,9477,47,5,23383.27
22045,1629,126,2,12459.53
22046,6146,19,2,17787.61
22047,9580,29,1,8346.58
22048,4156,57,1,21935.06
22049,6154,99,2,16689.48
22050,3292,7,5,23330.83
22051,202,140,3,8987.09
22052,6077,14,5,10437.0
22053,1961,109,2,8516.39
22054,6490,11,5,69215.46
22055,498,63,4,29768.75
22056,7561,73,3,37272.06
22057,1594,144,5,11019.62
22058,375,88,4,48004.49
22059,6732,50,3,27118.65
22060,1686,67,1,22314.95
22061,1999,113,5,12566.23
22062,9919,138,3,13863.67
22063,9968,138,4,13863.67
22064,9879,28,5,54101.33
22065,766,64,1,17689.49
22066,3811,145,2,11360.29
22067,1402,150,2,7113.49
22068,2220,21,5,55484.17
22069,5415,131,2,3599.39
22070,7677,110,2,12983.38
22071,5026,11,2,69215.46
22072,9193,87,5,45649.01
22073,6921,146,3,1905.39
22074,2946,2,1,4930.4
22075,828,40,2,19403.2
22076,602,112,1,17873.14
22077,5625,109,4,8516.39
22078,3504,10,2,38310.2
22079,9425,57,2,21935.06
22080,2244,145,4,11360.29
22081,8727,149,1,14866.1
22082,4133,81,5,37707.89
22083,8167,129,4,577.07
22084,5090,24,3,43820.15
22085,7093,108,3,13549.63
22086,924,52,1,26084.73
22087,5484,36,2,29242.97
22088,426,76,1,5024.14
22089,9529,85,4,7335.47
22090,319,123,3,612.96
22091,9624,2,1,4930.4
22092,8538,66,3,31441.05
22093,978,32,4,18206.86
22094,6004,145,5,11360.29
22095,4883,57,1,21935.06
22096,3356,116,4,6378.97
22097,5952,21,2,55484.17
22098,1175,51,2,8341.82
22099,7861,31,2,11490.6
22100,376,113,3,12566.23
22101,1011,10,5,38310.2
22102,4936,36,3,29242.97
22103,829,76,5,5024.14
22104,819,128,2,9263.29
22105,7440,124,2,796.22
22106,6552,38,4,30726.82
22107,5357,122,1,6970.32
22108,4883,24,3,43820.15
22109,5607,94,5,1858.01
22110,1414,10,1,38310.2
22111,8491,83,2,21901.29
22112,5138,126,4,12459.53
22113,3337,26,2,72907.28
22114,8359,9,5,19098.4
22115,4956,27,4,8040.26
22116,6561,113,4,12566.23
22117,2606,33,1,21649.9
22118,9789,129,1,577.07
22119,4809,100,3,6854.81
22120,8661,148,2,10266.15
22121,329,124,1,796.22
22122,6368,98,4,12384.57
22123,3883,40,5,19403.2
22124,1987,108,5,13549.63
22125,2528,31,2,11490.6
22126,82,99,1,16689.48
22127,2719,145,3,11360.29
22128,2878,54,5,30922.05
22129,1785,54,3,30922.05
22130,2625,48,2,12824.52
22131,4786,2,4,4930.4
22132,4217,121,5,6772.08
22133,2977,75,4,3049.5
22134,1172,116,2,6378.97
22135,8998,52,1,26084.73
22136,1218,100,4,6854.81
22137,1661,20,5,81513.85
22138,9900,138,5,13863.67
22139,7817,79,4,33873.61
22140,9960,107,1,21829.1
22141,7513,60,2,33321.91
22142,7046,148,2,10266.15
22143,1418,108,2,13549.63
22144,364,134,5,4785.68
22145,7112,32,5,18206.86
22146,7330,51,4,8341.82
22147,4939,139,5,4159.23
22148,9821,87,2,45649.01
22149,4515,98,3,12384.57
22150,6808,35,3,33010.69
22151,7294,65,3,8035.55
22152,1373,47,3,23383.27
22153,7299,35,3,33010.69
22154,5089,19,4,17787.61
22155,8673,20,4,81513.85
22156,7631,100,2,6854.81
22157,1425,129,4,577.07
22158,2427,48,2,12824.52
22159,1086,146,3,1905.39
22160,5035,22,4,18186.29
22161,2993,69,3,52834.09
22162,3649,18,5,73820.52
22163,7270,69,5,52834.09
22164,968,20,2,81513.85
22165,9139,38,4,30726.82
22166,7367,119,2,19868.15
22167,7412,54,3,30922.05
22168,9006,74,1,41552.59
22169,9449,108,5,13549.63
22170,7683,54,4,30922.05
22171,2346,144,5,11019.62
22172,418,38,4,30726.82
22173,6194,93,3,11413.05
22174,1810,94,2,1858.01
22175,8894,126,5,12459.53
22176,4962,125,1,8947.13
22177,6780,52,2,26084.73
22178,1056,8,2,58505.04
22179,4526,18,2,73820.52
22180,8193,60,1,33321.91
22181,3466,1,2,52539.0
22182,3069,54,4,30922.05
22183,4949,64,2,17689.49
22184,9751,99,1,16689.48
22185,2643,20,2,81513.85
22186,2389,80,2,27401.27
22187,7454,31,4,11490.6
22188,4457,30,4,12993.37
22189,3640,56,2,33257.92
22190,1358,150,5,7113.49
22191,5807,137,2,11390.83
22192,9152,43,3,14873.86
22193,5133,83,1,21901.29
22194,9645,26,1,72907.28
22195,7154,142,3,12489.82
22196,7531,40,5,19403.2
22197,4941,117,4,14181.77
22198,8196,100,2,6854.81
22199,7360,129,2,577.07
22200,5116,85,2,7335.47
22201,3538,9,4,19098.4
22202,6593,120,4,24465.41
22203,1167,1,1,52539.0
22204,7670,59,2,13085.83
22205,4543,107,5,21829.1
22206,4554,70,2,3243.71
22207,789,28,1,54101.33
22208,9858,71,5,3528.52
22209,2624,4,4,39584.54
22210,7012,12,3,9596.51
22211,6944,98,4,12384.57
22212,7840,63,2,29768.75
22213,9941,50,4,27118.65
22214,6027,121,1,6772.08
22215,8339,95,2,15378.47
22216,5808,107,1,21829.1
22217,8532,5,3,84081.85
22218,747,30,3,12993.37
22219,65,24,2,43820.15
22220,9690,67,5,22314.95
22221,3945,16,4,2931.99
22222,3032,38,5,30726.82
22223,6300,44,3,19789.04
22224,995,86,1,15173.3
22225,9260,80,4,27401.27
22226,5895,146,1,1905.39
22227,9982,105,1,8125.8
22228,3286,86,2,15173.3
22229,8545,50,5,27118.65
22230,5377,101,1,5781.84
22231,5232,50,2,27118.65
22232,2806,26,4,72907.28
22233,3772,47,3,23383.27
22234,5670,52,2,26084.73
22235,9874,128,1,9263.29
22236,6445,145,1,11360.29
22237,2118,39,2,33931.85
22238,7314,56,2,33257.92
22239,956,49,3,8217.13
22240,3177,140,3,8987.09
22241,5880,112,1,17873.14
22242,7308,16,4,2931.99
22243,7955,11,2,69215.46
22244,2298,1,1,52539.0
22245,1904,137,4,11390.83
22246,2080,58,5,27146.74
22247,2725,107,3,21829.1
22248,1242,149,2,14866.1
22249,6265,128,5,9263.29
22250,1780,37,3,25059.66
22251,6370,34,5,2255.17
22252,8999,141,1,701.97
22253,8300,129,3,577.07
22254,1026,100,1,6854.81
22255,9879,27,5,8040.26
22256,2798,69,3,52834.09
22257,5338,46,1,32887.05
22258,7385,102,5,18592.29
22259,2504,36,3,29242.97
22260,7926,99,3,16689.48
22261,1671,33,5,21649.9
22262,5861,27,5,8040.26
22263,6436,52,1,26084.73
22264,2393,96,4,6710.71
22265,6919,124,3,796.22
22266,1500,28,3,54101.33
22267,6434,118,2,9811.84
22268,88,109,4,8516.39
22269,3026,140,5,8987.09
22270,4379,15,3,69325.73
22271,5262,66,2,31441.05
22272,3082,39,1,33931.85
22273,2248,113,4,12566.23
22274,6157,144,5,11019.62
22275,2822,65,5,8035.55
22276,6899,25,5,53524.51
22277,5579,6,2,48408.63
22278,3902,55,1,18034.1
22279,9381,119,1,19868.15
22280,1179,133,1,8127.63
22281,6301,49,3,8217.13
22282,9106,28,4,54101.33
22283,6401,67,3,22314.95
22284,798,66,4,31441.05
22285,7184,84,2,5359.51
22286,8552,58,5,27146.74
22287,7250,19,4,17787.61
22288,1171,7,2,23330.83
22289,4451,119,2,19868.15
22290,5619,28,1,54101.33
22291,5641,46,3,32887.05
22292,5350,32,1,18206.86
22293,8347,115,2,21162.49
22294,5768,82,2,23327.1
22295,3522,121,4,6772.08
22296,3013,123,1,612.96
22297,9784,48,3,12824.52
22298,7763,34,1,2255.17
22299,1778,132,3,3011.07
22300,1939,82,3,23327.1
22301,6469,79,3,33873.61
22302,3335,93,1,11413.05
22303,8938,76,1,5024.14
22304,1976,144,1,11019.62
22305,7975,12,4,9596.51
22306,4367,96,3,6710.71
22307,4391,64,5,17689.49
22308,6428,120,1,24465.41
22309,4182,149,5,14866.1
22310,648,51,4,8341.82
22311,2042,141,2,701.97
22312,9338,40,1,19403.2
22313,6231,148,5,10266.15
22314,2582,5,1,84081.85
22315,1688,58,4,27146.74
22316,1517,58,5,27146.74
22317,319,15,2,69325.73
22318,6303,63,5,29768.75
22319,4229,60,4,33321.91
22320,8099,32,2,18206.86
22321,5707,47,4,23383.27
22322,8703,145,1,11360.29
22323,8091,54,2,30922.05
22324,2199,43,2,14873.86
22325,5185,87,2,45649.01
22326,3746,12,3,9596.51
22327,272,18,1,73820.52
22328,3567,6,5,48408.63
22329,7596,29,3,8346.58
22330,4555,94,5,1858.01
22331,6924,41,2,30082.04
22332,8319,7,5,23330.83
22333,5398,99,1,16689.48
22334,2872,99,3,16689.48
22335,7458,39,4,33931.85
22336,6862,123,2,612.96
22337,1292,96,5,6710.71
22338,7140,72,4,49059.06
22339,4880,47,1,23383.27
22340,5554,75,1,3049.5
22341,2890,47,4,23383.27
22342,541,7,2,23330.83
22343,9990,37,5,25059.66
22344,7939,89,4,4655.22
22345,6653,35,5,33010.69
22346,3371,97,3,3939.13
22347,163,86,5,15173.3
22348,6399,7,2,23330.83
22349,1921,116,4,6378.97
22350,1922,116,1,6378.97
22351,1912,105,5,8125.8
22352,2559,84,5,5359.51
22353,9680,16,5,2931.99
22354,6118,74,5,41552.59
22355,5836,29,4,8346.58
22356,7342,37,5,25059.66
22357,3401,102,3,18592.29
22358,4695,95,3,15378.47
22359,8019,21,5,55484.17
22360,4596,133,1,8127.63
22361,3858,73,2,37272.06
22362,9868,17,2,36162.26
22363,1138,62,2,6674.42
22364,5587,141,2,701.97
22365,4056,23,1,49555.53
22366,556,121,1,6772.08
22367,2549,16,4,2931.99
22368,7423,50,1,27118.65
22369,8603,81,3,37707.89
22370,1669,96,3,6710.71
22371,3860,28,2,54101.33
22372,8244,150,5,7113.49
22373,9288,22,4,18186.29
22374,4021,26,3,72907.28
22375,7255,109,3,8516.39
22376,4741,43,1,14873.86
22377,781,50,5,27118.65
22378,3931,117,3,14181.77
22379,8513,36,3,29242.97
22380,4077,90,5,2864.12
22381,18,138,5,13863.67
22382,9577,37,2,25059.66
22383,4956,113,1,12566.23
22384,1497,127,2,1177.88
22385,8169,67,2,22314.95
22386,4255,58,2,27146.74
22387,6877,126,2,12459.53
22388,7328,34,2,2255.17
22389,8955,9,2,19098.4
22390,2788,14,5,10437.0
22391,668,119,4,19868.15
22392,7356,115,2,21162.49
22393,5725,84,3,5359.51
22394,671,80,5,27401.27
22395,8787,27,4,8040.26
22396,4335,43,2,14873.86
22397,26,137,1,11390.83
22398,9122,55,3,18034.1
22399,6295,28,3,54101.33
22400,570,92,5,2654.0
22401,5335,102,2,18592.29
22402,7945,73,4,37272.06
22403,7707,84,4,5359.51
22404,8922,67,1,22314.95
22405,1916,112,1,17873.14
22406,6784,107,5,21829.1
22407,6795,98,2,12384.57
22408,3855,113,4,12566.23
22409,7630,96,4,6710.71
22410,3917,73,2,37272.06
22411,315,72,4,49059.06
22412,9218,144,2,11019.62
22413,9654,8,4,58505.04
22414,6936,41,3,30082.04
22415,5494,23,1,49555.53
22416,5058,68,2,19598.26
22417,7026,65,4,8035.55
22418,6275,137,3,11390.83
22419,4731,92,4,2654.0
22420,1186,143,4,13026.41
22421,459,6,1,48408.63
22422,3305,77,2,23879.21
22423,3287,116,3,6378.97
22424,2719,145,5,11360.29
22425,2084,105,1,8125.8
22426,4997,62,2,6674.42
22427,6296,119,1,19868.15
22428,4803,132,5,3011.07
22429,2360,8,3,58505.04
22430,1187,9,3,19098.4
22431,3096,94,1,1858.01
22432,2524,104,4,6130.95
22433,834,59,4,13085.83
22434,3508,51,2,8341.82
22435,5948,79,2,33873.61
22436,5689,4,2,39584.54
22437,1396,112,4,17873.14
22438,1203,115,1,21162.49
22439,8304,68,5,19598.26
22440,7030,38,1,30726.82
22441,8042,18,4,73820.52
22442,5035,85,4,7335.47
22443,9899,109,2,8516.39
22444,9698,129,3,577.07
22445,274,126,4,12459.53
22446,2531,115,2,21162.49
22447,1417,143,1,13026.41
22448,8601,57,3,21935.06
22449,8949,31,4,11490.6
22450,187,74,2,41552.59
22451,2654,127,1,1177.88
22452,8174,105,3,8125.8
22453,8731,123,1,612.96
22454,5175,50,2,27118.65
22455,7230,137,3,11390.83
22456,6158,76,2,5024.14
22457,517,140,2,8987.09
22458,5796,116,5,6378.97
22459,8870,94,5,1858.01
22460,8803,97,5,3939.13
22461,9525,60,1,33321.91
22462,8262,121,3,6772.08
22463,3257,140,2,8987.09
22464,4790,127,4,1177.88
22465,7965,142,1,12489.82
22466,1962,15,1,69325.73
22467,2714,76,5,5024.14
22468,6500,140,2,8987.09
22469,3710,2,2,4930.4
22470,5012,47,3,23383.27
22471,2510,1,4,52539.0
22472,7453,136,5,682.08
22473,4826,85,4,7335.47
22474,7753,92,1,2654.0
22475,4628,137,3,11390.83
22476,7011,20,4,81513.85
22477,2956,98,2,12384.57
22478,7207,65,2,8035.55
22479,4266,93,3,11413.05
22480,2333,67,2,22314.95
22481,5519,150,3,7113.49
22482,3298,19,4,17787.61
22483,1510,2,3,4930.4
22484,80,47,5,23383.27
22485,8212,127,2,1177.88
22486,3233,5,1,84081.85
22487,5907,70,4,3243.71
22488,3981,142,2,12489.82
22489,9549,18,2,73820.52
22490,1569,73,2,37272.06
22491,6509,39,1,33931.85
22492,1603,64,1,17689.49
22493,7882,120,2,24465.41
22494,3388,139,5,4159.23
22495,4348,7,2,23330.83
22496,1879,33,2,21649.9
22497,4589,128,5,9263.29
22498,745,103,5,22522.89
22499,3143,33,2,21649.9
22500,68,42,2,21976.79
22501,1078,10,1,38310.2
22502,1872,64,1,17689.49
22503,7793,21,1,55484.17
22504,26,41,4,30082.04
22505,2907,94,3,1858.01
22506,3037,33,1,21649.9
22507,5346,78,4,26923.68
22508,1734,127,4,1177.88
22509,3581,27,4,8040.26
22510,8599,66,4,31441.05
22511,5186,38,5,30726.82
22512,4038,87,2,45649.01
22513,8296,61,5,44878.78
22514,8639,66,2,31441.05
22515,1581,97,3,3939.13
22516,2018,15,1,69325.73
22517,5748,129,5,577.07
22518,3960,123,5,612.96
22519,3158,21,4,55484.17
22520,8662,77,2,23879.21
22521,6328,1,4,52539.0
22522,1658,94,2,1858.01
22523,941,84,4,5359.51
22524,8036,64,4,17689.49
22525,1741,51,5,8341.82
22526,8957,3,2,28995.64
22527,3140,18,1,73820.52
22528,1254,108,2,13549.63
22529,2197,24,2,43820.15
22530,4753,15,5,69325.73
22531,175,107,4,21829.1
22532,4403,42,2,21976.79
22533,8078,2,4,4930.4
22534,344,60,3,33321.91
22535,611,124,1,796.22
22536,1795,31,2,11490.6
22537,6311,103,2,22522.89
22538,8785,90,2,2864.12
22539,4620,127,4,1177.88
22540,7079,106,3,19681.04
22541,968,48,4,12824.52
22542,3943,71,5,3528.52
22543,7261,51,5,8341.82
22544,7908,15,4,69325.73
22545,8819,17,2,36162.26
22546,851,34,5,2255.17
22547,5024,124,3,796.22
22548,9436,62,2,6674.42
22549,888,87,4,45649.01
22550,7680,54,4,30922.05
22551,2750,31,1,11490.6
22552,4829,96,1,6710.71
22553,8487,138,3,13863.67
22554,7471,67,1,22314.95
22555,8482,98,5,12384.57
22556,7258,79,3,33873.61
22557,9055,54,3,30922.05
22558,9467,23,1,49555.53
22559,640,143,4,13026.41
22560,3563,142,2,12489.82
22561,2348,138,3,13863.67
22562,5068,141,3,701.97
22563,1546,26,2,72907.28
22564,5015,6,4,48408.63
22565,7156,91,1,6848.12
22566,8339,12,1,9596.51
22567,8042,86,5,15173.3
22568,1980,86,5,15173.3
22569,1298,43,5,14873.86
22570,2578,135,4,11516.05
22571,9002,112,1,17873.14
22572,5293,88,4,48004.49
22573,7869,45,3,5214.29
22574,797,146,5,1905.39
22575,3970,55,3,18034.1
22576,2056,147,5,14301.36
22577,2852,94,4,1858.01
22578,1492,108,4,13549.63
22579,5364,56,4,33257.92
22580,6091,45,3,5214.29
22581,7206,60,5,33321.91
22582,811,13,3,54402.04
22583,1467,129,1,577.07
22584,1901,50,4,27118.65
22585,4829,106,4,19681.04
22586,7738,95,1,15378.47
22587,5824,124,5,796.22
22588,3005,60,3,33321.91
22589,6781,63,3,29768.75
22590,2292,143,2,13026.41
22591,3462,134,2,4785.68
22592,7062,72,5,49059.06
22593,6510,56,1,33257.92
22594,4299,58,4,27146.74
22595,7521,28,2,54101.33
22596,5914,86,5,15173.3
22597,1328,74,3,41552.59
22598,7409,76,2,5024.14
22599,2676,19,2,17787.61
22600,8004,125,3,8947.13
22601,4121,48,1,12824.52
22602,2339,33,5,21649.9
22603,8129,34,5,2255.17
22604,893,21,1,55484.17
22605,741,132,5,3011.07
22606,9619,79,2,33873.61
22607,3169,138,2,13863.67
22608,9359,45,1,5214.29
22609,2649,49,2,8217.13
22610,7054,21,2,55484.17
22611,6394,24,5,43820.15
22612,5779,18,1,73820.52
22613,2784,120,3,24465.41
22614,4649,48,4,12824.52
22615,4948,144,5,11019.62
22616,5623,102,2,18592.29
22617,4437,136,5,682.08
22618,298,73,4,37272.06
22619,1275,130,1,5954.55
22620,7611,87,5,45649.01
22621,5713,103,5,22522.89
22622,5339,90,5,2864.12
22623,4120,65,2,8035.55
22624,3294,24,4,43820.15
22625,1210,41,4,30082.04
22626,4855,10,5,38310.2
22627,5507,41,1,30082.04
22628,3675,54,3,30922.05
22629,189,22,2,18186.29
22630,8096,145,2,11360.29
22631,1153,59,1,13085.83
22632,2,3,4,28995.64
22633,8045,130,3,5954.55
22634,8774,105,4,8125.8
22635,483,88,4,48004.49
22636,2188,27,4,8040.26
22637,798,23,5,49555.53
22638,9424,42,2,21976.79
22639,6671,44,4,19789.04
22640,8957,54,5,30922.05
22641,7761,143,2,13026.41
22642,9413,121,5,6772.08
22643,347,121,3,6772.08
22644,4254,22,2,18186.29
22645,7431,145,4,11360.29
22646,4496,59,1,13085.83
22647,9412,128,4,9263.29
22648,4740,2,4,4930.4
22649,730,114,3,5726.03
22650,4815,110,1,12983.38
22651,6960,79,5,33873.61
22652,1518,10,3,38310.2
22653,1859,131,3,3599.39
22654,1930,140,3,8987.09
22655,9342,94,2,1858.01
22656,9687,30,1,12993.37
22657,1660,41,5,30082.04
22658,6944,80,3,27401.27
22659,354,53,3,26871.05
22660,9382,69,1,52834.09
22661,4607,16,4,2931.99
22662,6326,41,1,30082.04
22663,6997,128,3,9263.29
22664,7081,137,5,11390.83
22665,3862,24,5,43820.15
22666,7521,6,5,48408.63
22667,1341,99,1,16689.48
22668,1016,126,4,12459.53
22669,2008,15,3,69325.73
22670,1282,91,4,6848.12
22671,1933,92,1,2654.0
22672,2526,29,4,8346.58
22673,7073,63,5,29768.75
22674,7765,89,4,4655.22
22675,4153,64,1,17689.49
22676,8190,106,5,19681.04
22677,8267,76,4,5024.14
22678,1359,5,5,84081.85
22679,9046,27,3,8040.26
22680,5253,92,1,2654.0
22681,1867,130,2,5954.55
22682,562,56,4,33257.92
22683,3859,139,2,4159.23
22684,1436,129,3,577.07
22685,2757,43,4,14873.86
22686,7749,53,3,26871.05
22687,4820,51,2,8341.82
22688,1686,89,4,4655.22
22689,2655,88,5,48004.49
22690,1829,145,5,11360.29
22691,5711,55,1,18034.1
22692,9079,113,2,12566.23
22693,7287,9,5,19098.4
22694,1574,2,1,4930.4
22695,6228,19,2,17787.61
22696,4747,78,4,26923.68
22697,8011,139,1,4159.23
22698,1532,14,2,10437.0
22699,4404,106,5,19681.04
22700,3423,24,3,43820.15
22701,5293,88,3,48004.49
22702,8558,38,4,30726.82
22703,4514,15,2,69325.73
22704,2830,112,4,17873.14
22705,6878,102,1,18592.29
22706,3371,87,1,45649.01
22707,6747,144,1,11019.62
22708,1984,150,2,7113.49
22709,4631,64,1,17689.49
22710,4696,13,3,54402.04
22711,2009,60,3,33321.91
22712,5217,118,3,9811.84
22713,2947,100,3,6854.81
22714,488,23,2,49555.53
22715,7633,24,4,43820.15
22716,4297,50,5,27118.65
22717,3599,24,2,43820.15
22718,3414,141,5,701.97
22719,6997,105,1,8125.8
22720,5412,72,5,49059.06
22721,2418,138,1,13863.67
22722,8723,150,2,7113.49
22723,7424,78,5,26923.68
22724,4787,133,3,8127.63
22725,1311,67,3,22314.95
22726,8683,127,3,1177.88
22727,5446,147,5,14301.36
22728,7228,143,5,13026.41
22729,9844,69,4,52834.09
22730,4028,62,5,6674.42
22731,6904,129,1,577.07
22732,7069,47,3,23383.27
22733,9070,78,3,26923.68
22734,4745,70,1,3243.71
22735,3344,139,4,4159.23
22736,8077,24,5,43820.15
22737,641,124,4,796.22
22738,5561,90,3,2864.12
22739,1549,82,4,23327.1
22740,4259,124,4,796.22
22741,1206,65,2,8035.55
22742,622,8,3,58505.04
22743,6369,146,1,1905.39
22744,7808,150,1,7113.49
22745,2347,95,5,15378.47
22746,3475,75,3,3049.5
22747,301,65,3,8035.55
22748,9456,16,3,2931.99
22749,6429,111,3,9188.58
22750,4320,94,3,1858.01
22751,6865,18,5,73820.52
22752,1582,127,1,1177.88
22753,7732,126,1,12459.53
22754,4454,138,2,13863.67
22755,1723,59,1,13085.83
22756,227,50,1,27118.65
22757,9555,11,4,69215.46
22758,2310,137,1,11390.83
22759,8394,94,2,1858.01
22760,7760,125,4,8947.13
22761,9858,140,4,8987.09
22762,5992,13,2,54402.04
22763,5102,33,4,21649.9
22764,9839,136,3,682.08
22765,738,72,1,49059.06
22766,7768,34,4,2255.17
22767,6439,121,2,6772.08
22768,3805,59,3,13085.83
22769,8448,131,5,3599.39
22770,633,16,2,2931.99
22771,2287,98,2,12384.57
22772,3547,28,5,54101.33
22773,9718,19,5,17787.61
22774,4335,143,5,13026.41
22775,7883,41,3,30082.04
22776,5133,8,4,58505.04
22777,5781,127,5,1177.88
22778,2298,109,3,8516.39
22779,1219,55,5,18034.1
22780,2978,100,2,6854.81
22781,8201,108,3,13549.63
22782,4813,81,5,37707.89
22783,8266,81,3,37707.89
22784,5623,110,4,12983.38
22785,1018,29,4,8346.58
22786,4944,5,5,84081.85
22787,3161,6,4,48408.63
22788,6893,71,4,3528.52
22789,2914,39,3,33931.85
22790,2201,37,2,25059.66
22791,2837,21,2,55484.17
22792,4749,32,3,18206.86
22793,7802,86,1,15173.3
22794,9947,145,1,11360.29
22795,6560,42,2,21976.79
22796,5785,1,4,52539.0
22797,7469,91,1,6848.12
22798,7501,67,5,22314.95
22799,8598,29,4,8346.58
22800,3628,141,3,701.97
22801,2236,38,4,30726.82
22802,5838,14,3,10437.0
22803,1434,1,5,52539.0
22804,4748,119,3,19868.15
22805,1022,61,2,44878.78
22806,2406,106,3,19681.04
22807,21,146,5,1905.39
22808,620,104,3,6130.95
22809,3734,63,2,29768.75
22810,2380,43,3,14873.86
22811,4526,145,1,11360.29
22812,9737,18,4,73820.52
22813,7881,149,2,14866.1
22814,2374,97,2,3939.13
22815,8647,87,3,45649.01
22816,1534,120,1,24465.41
22817,7256,76,1,5024.14
22818,1376,134,1,4785.68
22819,5691,105,2,8125.8
22820,4723,36,5,29242.97
22821,3660,43,2,14873.86
22822,3517,137,2,11390.83
22823,3467,104,4,6130.95
22824,180,72,4,49059.06
22825,3100,41,1,30082.04
22826,8379,48,5,12824.52
22827,1091,150,5,7113.49
22828,3148,79,3,33873.61
22829,7617,84,1,5359.51
22830,6458,122,5,6970.32
22831,7894,68,5,19598.26
22832,284,1,2,52539.0
22833,2799,104,3,6130.95
22834,8052,21,4,55484.17
22835,9005,108,1,13549.63
22836,397,33,1,21649.9
22837,4001,77,2,23879.21
22838,8162,16,1,2931.99
22839,9490,41,5,30082.04
22840,9906,55,1,18034.1
22841,1792,99,4,16689.48
22842,2801,133,4,8127.63
22843,2611,43,2,14873.86
22844,9702,130,1,5954.55
22845,2267,34,4,2255.17
22846,6096,119,3,19868.15
22847,1932,138,3,13863.67
22848,5551,56,1,33257.92
22849,73,134,5,4785.68
22850,8818,45,3,5214.29
22851,6011,29,3,8346.58
22852,2998,27,2,8040.26
22853,3984,110,5,12983.38
22854,8795,147,5,14301.36
22855,2963,116,5,6378.97
22856,445,8,3,58505.04
22857,9480,93,3,11413.05
22858,9656,110,3,12983.38
22859,9195,49,4,8217.13
22860,2941,63,5,29768.75
22861,21,23,4,49555.53
22862,2580,126,3,12459.53
22863,9113,127,3,1177.88
22864,9981,42,4,21976.79
22865,2648,98,5,12384.57
22866,8129,95,3,15378.47
22867,9047,22,3,18186.29
22868,8585,98,1,12384.57
22869,4886,40,3,19403.2
22870,7700,76,4,5024.14
22871,4851,91,5,6848.12
22872,4845,2,5,4930.4
22873,1506,111,5,9188.58
22874,5102,40,1,19403.2
22875,4250,101,1,5781.84
22876,2958,49,3,8217.13
22877,9203,41,4,30082.04
22878,5191,79,2,33873.61
22879,723,91,5,6848.12
22880,2962,27,3,8040.26
22881,5776,75,2,3049.5
22882,6856,51,5,8341.82
22883,4422,122,3,6970.32
22884,2700,138,1,13863.67
22885,1749,138,4,13863.67
22886,345,113,1,12566.23
22887,2360,10,4,38310.2
22888,9009,19,5,17787.61
22889,1981,70,2,3243.71
22890,3599,76,3,5024.14
22891,9483,23,4,49555.53
22892,5893,147,2,14301.36
22893,5563,146,4,1905.39
22894,9548,137,4,11390.83
22895,3208,114,2,5726.03
22896,2296,145,1,11360.29
22897,1404,141,5,701.97
22898,6216,76,3,5024.14
22899,4899,50,4,27118.65
22900,3244,99,4,16689.48
22901,4366,39,4,33931.85
22902,7333,120,2,24465.41
22903,8951,131,4,3599.39
22904,6554,75,1,3049.5
22905,6111,149,2,14866.1
22906,7523,38,2,30726.82
22907,1740,61,3,44878.78
22908,9213,37,4,25059.66
22909,3432,130,1,5954.55
22910,2632,56,2,33257.92
22911,9485,41,3,30082.04
22912,2568,23,1,49555.53
22913,1096,144,5,11019.62
22914,8017,57,2,21935.06
22915,5446,75,3,3049.5
22916,3600,37,4,25059.66
22917,7470,87,4,45649.01
22918,7253,42,5,21976.79
22919,1600,79,1,33873.61
22920,5672,136,5,682.08
22921,1968,117,4,14181.77
22922,3889,73,4,37272.06
22923,4431,77,5,23879.21
22924,2428,76,4,5024.14
22925,6735,88,5,48004.49
22926,6256,91,5,6848.12
22927,8194,54,1,30922.05
22928,6499,13,4,54402.04
22929,3764,135,3,11516.05
22930,4408,144,5,11019.62
22931,4979,113,1,12566.23
22932,104,55,5,18034.1
22933,9281,30,1,12993.37
22934,2984,26,5,72907.28
22935,1697,75,3,3049.5
22936,8701,44,2,19789.04
22937,4828,59,4,13085.83
22938,3493,84,3,5359.51
22939,6323,10,5,38310.2
22940,9817,29,3,8346.58
22941,6038,64,3,17689.49
22942,150,31,2,11490.6
22943,2249,9,1,19098.4
22944,2930,101,4,5781.84
22945,7475,44,3,19789.04
22946,7249,12,4,9596.51
22947,5866,58,5,27146.74
22948,8877,51,1,8341.82
22949,2889,134,2,4785.68
22950,5682,112,3,17873.14
22951,2572,25,3,53524.51
22952,517,109,2,8516.39
22953,3012,54,5,30922.05
22954,1079,128,1,9263.29
22955,4521,124,1,796.22
22956,6920,55,2,18034.1
22957,4152,112,5,17873.14
22958,4588,41,2,30082.04
22959,3739,69,5,52834.09
22960,8809,80,4,27401.27
22961,54,39,5,33931.85
22962,3074,98,3,12384.57
22963,6027,1,1,52539.0
22964,2648,133,5,8127.63
22965,6854,88,1,48004.49
22966,658,95,2,15378.47
22967,1115,95,3,15378.47
22968,1278,94,2,1858.01
22969,5721,93,3,11413.05
22970,4029,53,4,26871.05
22971,3067,46,2,32887.05
22972,5569,144,1,11019.62
22973,2505,55,4,18034.1
22974,182,94,1,1858.01
22975,7195,67,1,22314.95
22976,3751,3,3,28995.64
22977,4726,136,4,682.08
22978,2869,42,3,21976.79
22979,6677,69,2,52834.09
22980,177,150,1,7113.49
22981,6912,120,3,24465.41
22982,6501,61,2,44878.78
22983,4274,133,5,8127.63
22984,8806,33,4,21649.9
22985,6627,82,4,23327.1
22986,8789,45,2,5214.29
22987,4416,31,5,11490.6
22988,2947,52,5,26084.73
22989,8182,40,1,19403.2
22990,8428,18,3,73820.52
22991,4318,14,3,10437.0
22992,3126,22,2,18186.29
22993,856,24,3,43820.15
22994,2412,6,4,48408.63
22995,7220,140,3,8987.09
22996,5933,148,5,10266.15
22997,8697,41,1,30082.04
22998,4355,80,5,27401.27
22999,1864,96,1,6710.71
23000,2187,48,5,12824.52
23001,780,68,2,19598.26
23002,1116,40,4,19403.2
23003,1568,107,5,21829.1
23004,5584,29,5,8346.58
23005,6429,129,4,577.07
23006,7574,44,4,19789.04
23007,5195,66,1,31441.05
23008,5092,85,5,7335.47
23009,7651,35,5,33010.69
23010,2750,44,4,19789.04
23011,4068,85,3,7335.47
23012,6246,12,5,9596.51
23013,4571,61,3,44878.78
23014,4141,133,5,8127.63
23015,6147,37,4,25059.66
23016,46,30,5,12993.37
23017,4316,80,4,27401.27
23018,1642,127,1,1177.88
23019,3561,127,2,1177.88
23020,7403,115,2,21162.49
23021,3297,125,3,8947.13
23022,2659,75,1,3049.5
23023,2189,20,2,81513.85
23024,8254,18,4,73820.52
23025,4920,17,1,36162.26
23026,2826,102,1,18592.29
23027,3836,111,3,9188.58
23028,4982,88,5,48004.49
23029,8769,135,5,11516.05
23030,9785,72,1,49059.06
23031,8390,99,5,16689.48
23032,9146,71,2,3528.52
23033,8038,44,1,19789.04
23034,6296,137,1,11390.83
23035,6264,58,3,27146.74
23036,1739,17,1,36162.26
23037,9077,83,5,21901.29
23038,9899,126,1,12459.53
23039,2421,136,5,682.08
23040,3015,20,2,81513.85
23041,9975,56,4,33257.92
23042,8611,48,3,12824.52
23043,7717,93,2,11413.05
23044,1447,116,4,6378.97
23045,5238,18,1,73820.52
23046,3350,102,3,18592.29
23047,4841,8,5,58505.04
23048,5547,127,2,1177.88
23049,2480,134,1,4785.68
23050,6341,1,5,52539.0
23051,1064,135,2,11516.05
23052,7911,50,3,27118.65
23053,5820,76,4,5024.14
23054,6943,48,5,12824.52
23055,1759,148,5,10266.15
23056,6258,39,2,33931.85
23057,9919,52,3,26084.73
23058,95,51,4,8341.82
23059,7477,68,2,19598.26
23060,1579,134,4,4785.68
23061,3797,23,1,49555.53
23062,7086,62,2,6674.42
23063,7837,47,3,23383.27
23064,9644,105,3,8125.8
23065,4509,133,2,8127.63
23066,6116,103,5,22522.89
23067,2763,71,2,3528.52
23068,6576,123,1,612.96
23069,9556,110,3,12983.38
23070,6043,10,4,38310.2
23071,5322,19,2,17787.61
23072,1261,148,3,10266.15
23073,5323,90,1,2864.12
23074,1322,1,3,52539.0
23075,6728,87,1,45649.01
23076,1838,120,4,24465.41
23077,8330,85,4,7335.47
23078,8295,86,2,15173.3
23079,2264,91,1,6848.12
23080,1623,85,4,7335.47
23081,8608,96,4,6710.71
23082,7621,17,5,36162.26
23083,9042,39,2,33931.85
23084,776,43,5,14873.86
23085,8991,26,1,72907.28
23086,2076,125,2,8947.13
23087,7265,49,4,8217.13
23088,7265,128,2,9263.29
23089,5189,59,2,13085.83
23090,2848,20,2,81513.85
23091,8846,46,2,32887.05
23092,1133,78,4,26923.68
23093,5484,41,4,30082.04
23094,1798,31,5,11490.6
23095,371,31,1,11490.6
23096,6957,1,1,52539.0
23097,2815,121,1,6772.08
23098,125,127,5,1177.88
23099,5152,23,4,49555.53
23100,4951,7,4,23330.83
23101,6158,96,2,6710.71
23102,667,110,5,12983.38
23103,135,114,1,5726.03
23104,9478,34,5,2255.17
23105,7330,137,5,11390.83
23106,6874,125,4,8947.13
23107,6940,124,5,796.22
23108,578,124,4,796.22
23109,4042,121,3,6772.08
23110,2389,13,3,54402.04
23111,162,110,4,12983.38
23112,310,83,2,21901.29
23113,3054,95,2,15378.47
23114,3652,126,3,12459.53
23115,8307,87,1,45649.01
23116,9187,50,4,27118.65
23117,4095,55,3,18034.1
23118,2783,51,2,8341.82
23119,9341,76,2,5024.14
23120,4034,144,3,11019.62
23121,6043,82,4,23327.1
23122,4083,30,1,12993.37
23123,5476,99,2,16689.48
23124,8976,121,1,6772.08
23125,2490,63,5,29768.75
23126,7027,90,3,2864.12
23127,5265,129,2,577.07
23128,92,46,3,32887.05
23129,4330,147,2,14301.36
23130,6166,53,4,26871.05
23131,2403,115,5,21162.49
23132,5743,3,5,28995.64
23133,7493,42,1,21976.79
23134,8438,19,2,17787.61
23135,3619,113,2,12566.23
23136,518,53,5,26871.05
23137,2012,65,1,8035.55
23138,9751,77,4,23879.21
23139,7953,38,4,30726.82
23140,6598,105,1,8125.8
23141,9048,43,5,14873.86
23142,3029,1,3,52539.0
23143,9619,51,1,8341.82
23144,5137,101,4,5781.84
23145,9426,61,5,44878.78
23146,2281,17,4,36162.26
23147,2327,117,5,14181.77
23148,147,17,4,36162.26
23149,4791,6,2,48408.63
23150,4355,24,3,43820.15
23151,9839,93,1,11413.05
23152,4024,129,5,577.07
23153,1052,23,4,49555.53
23154,552,139,4,4159.23
23155,3313,123,5,612.96
23156,44,98,4,12384.57
23157,9312,23,2,49555.53
23158,7334,33,3,21649.9
23159,2147,103,2,22522.89
23160,3660,38,5,30726.82
23161,6910,35,2,33010.69
23162,4946,125,1,8947.13
23163,3958,11,4,69215.46
23164,8883,1,2,52539.0
23165,8860,75,5,3049.5
23166,739,42,3,21976.79
23167,6088,142,2,12489.82
23168,6878,148,1,10266.15
23169,8877,134,1,4785.68
23170,6469,125,2,8947.13
23171,3725,35,1,33010.69
23172,9725,144,1,11019.62
23173,4893,119,1,19868.15
23174,4421,65,5,8035.55
23175,336,137,3,11390.83
23176,2547,106,4,19681.04
23177,3201,6,4,48408.63
23178,101,23,2,49555.53
23179,894,70,1,3243.71
23180,1769,87,4,45649.01
23181,7735,129,4,577.07
23182,6533,97,1,3939.13
23183,3350,66,4,31441.05
23184,9966,79,2,33873.61
23185,4041,53,1,26871.05
23186,617,98,3,12384.57
23187,4489,66,4,31441.05
23188,6001,57,5,21935.06
23189,2708,97,1,3939.13
23190,7065,122,5,6970.32
23191,9584,88,2,48004.49
23192,9433,93,3,11413.05
23193,640,47,1,23383.27
23194,8233,80,2,27401.27
23195,2932,117,5,14181.77
23196,9099,94,1,1858.01
23197,5410,40,3,19403.2
23198,875,1,1,52539.0
23199,3395,123,1,612.96
23200,4885,12,5,9596.51
23201,5692,128,2,9263.29
23202,3251,131,3,3599.39
23203,454,21,4,55484.17
23204,4207,59,4,13085.83
23205,327,38,5,30726.82
23206,2417,14,3,10437.0
23207,4394,55,2,18034.1
23208,9529,78,2,26923.68
23209,838,131,1,3599.39
23210,1198,14,3,10437.0
23211,5394,104,1,6130.95
23212,1805,123,3,612.96
23213,2521,128,1,9263.29
23214,1624,101,5,5781.84
23215,281,107,1,21829.1
23216,3184,115,4,21162.49
23217,8791,115,1,21162.49
23218,1803,72,2,49059.06
23219,7077,26,2,72907.28
23220,1624,35,3,33010.69
23221,88,110,4,12983.38
23222,6392,104,3,6130.95
23223,9048,130,1,5954.55
23224,2523,120,5,24465.41
23225,7379,147,3,14301.36
23226,4470,129,5,577.07
23227,8693,82,3,23327.1
23228,4761,89,3,4655.22
23229,7173,134,4,4785.68
23230,9078,39,3,33931.85
23231,2865,58,1,27146.74
23232,2558,80,1,27401.27
23233,1850,17,2,36162.26
23234,1137,72,4,49059.06
23235,8334,144,5,11019.62
23236,1565,115,3,21162.49
23237,5943,148,3,10266.15
23238,641,135,4,11516.05
23239,586,113,2,12566.23
23240,1296,53,4,26871.05
23241,9882,136,1,682.08
23242,5014,25,3,53524.51
23243,7144,17,1,36162.26
23244,9671,24,3,43820.15
23245,4207,31,5,11490.6
23246,6874,71,1,3528.52
23247,6847,98,2,12384.57
23248,3724,84,1,5359.51
23249,8933,130,4,5954.55
23250,8280,143,4,13026.41
23251,9854,144,4,11019.62
23252,9306,133,4,8127.63
23253,4930,131,5,3599.39
23254,3143,90,2,2864.12
23255,1884,90,3,2864.12
23256,6269,87,4,45649.01
23257,8680,6,3,48408.63
23258,1795,60,2,33321.91
23259,5962,51,1,8341.82
23260,3187,49,4,8217.13
23261,2892,117,4,14181.77
23262,7151,7,4,23330.83
23263,1655,139,2,4159.23
23264,9267,111,5,9188.58
23265,3233,46,5,32887.05
23266,1756,79,1,33873.61
23267,7451,50,4,27118.65
23268,9535,142,2,12489.82
23269,1192,77,4,23879.21
23270,7404,27,4,8040.26
23271,9384,36,4,29242.97
23272,9412,58,1,27146.74
23273,5829,142,2,12489.82
23274,4401,23,2,49555.53
23275,9666,5,5,84081.85
23276,8601,104,4,6130.95
23277,3956,17,3,36162.26
23278,3704,91,2,6848.12
23279,36,114,2,5726.03
23280,7469,34,4,2255.17
23281,6418,27,5,8040.26
23282,5252,71,1,3528.52
23283,429,21,2,55484.17
23284,9081,63,4,29768.75
23285,1972,52,3,26084.73
23286,3947,132,2,3011.07
23287,3304,74,3,41552.59
23288,4075,39,4,33931.85
23289,5226,14,4,10437.0
23290,849,40,3,19403.2
23291,7451,63,2,29768.75
23292,4298,103,3,22522.89
23293,7221,61,2,44878.78
23294,275,63,5,29768.75
23295,2014,4,2,39584.54
23296,399,103,3,22522.89
23297,8667,24,3,43820.15
23298,6227,111,2,9188.58
23299,9396,31,2,11490.6
23300,9832,59,4,13085.83
23301,5624,42,1,21976.79
23302,2769,107,5,21829.1
23303,5244,90,5,2864.12
23304,925,95,3,15378.47
23305,4122,102,2,18592.29
23306,7534,146,1,1905.39
23307,5924,57,2,21935.06
23308,3456,74,5,41552.59
23309,7684,40,4,19403.2
23310,9021,66,3,31441.05
23311,3435,46,3,32887.05
23312,4097,4,1,39584.54
23313,3957,87,4,45649.01
23314,1983,55,3,18034.1
23315,6905,126,2,12459.53
23316,5528,123,5,612.96
23317,1639,84,2,5359.51
23318,3319,119,1,19868.15
23319,2147,119,5,19868.15
23320,2079,87,1,45649.01
23321,8604,83,2,21901.29
23322,4487,120,1,24465.41
23323,6101,147,5,14301.36
23324,4619,44,2,19789.04
23325,9935,136,1,682.08
23326,7394,117,4,14181.77
23327,7115,50,3,27118.65
23328,7641,143,3,13026.41
23329,7275,107,4,21829.1
23330,2624,123,3,612.96
23331,3959,120,4,24465.41
23332,6985,10,1,38310.2
23333,3949,133,5,8127.63
23334,9133,105,4,8125.8
23335,7134,143,2,13026.41
23336,9831,105,3,8125.8
23337,315,19,3,17787.61
23338,5468,1,3,52539.0
23339,9473,131,5,3599.39
23340,7596,64,3,17689.49
23341,532,16,5,2931.99
23342,6696,57,5,21935.06
23343,7483,120,1,24465.41
23344,3477,28,3,54101.33
23345,4328,115,4,21162.49
23346,4007,106,4,19681.04
23347,1783,133,3,8127.63
23348,2935,88,3,48004.49
23349,5363,45,4,5214.29
23350,6361,120,2,24465.41
23351,4797,48,1,12824.52
23352,9384,66,3,31441.05
23353,55,80,2,27401.27
23354,1849,139,4,4159.23
23355,7600,79,4,33873.61
23356,8272,87,1,45649.01
23357,6169,100,2,6854.81
23358,7903,91,3,6848.12
23359,3635,119,1,19868.15
23360,8708,38,5,30726.82
23361,3881,54,2,30922.05
23362,3977,138,5,13863.67
23363,4754,145,5,11360.29
23364,3428,140,1,8987.09
23365,3584,80,5,27401.27
23366,6961,89,2,4655.22
23367,7671,37,3,25059.66
23368,4097,124,1,796.22
23369,5728,102,1,18592.29
23370,6484,74,1,41552.59
23371,8976,116,4,6378.97
23372,7769,134,3,4785.68
23373,4828,28,3,54101.33
23374,3477,17,4,36162.26
23375,8518,11,1,69215.46
23376,5258,5,4,84081.85
23377,6575,100,2,6854.81
23378,7051,110,5,12983.38
23379,1131,88,3,48004.49
23380,8482,6,5,48408.63
23381,1686,79,3,33873.61
23382,8893,17,1,36162.26
23383,6405,29,4,8346.58
23384,827,127,2,1177.88
23385,2185,41,2,30082.04
23386,6188,24,4,43820.15
23387,5865,111,3,9188.58
23388,4765,75,5,3049.5
23389,7535,120,5,24465.41
23390,9946,104,3,6130.95
23391,504,104,3,6130.95
23392,5739,139,1,4159.23
23393,8971,91,5,6848.12
23394,2655,99,4,16689.48
23395,3800,144,3,11019.62
23396,9744,41,4,30082.04
23397,5545,6,3,48408.63
23398,620,99,2,16689.48
23399,3980,41,3,30082.04
23400,706,77,4,23879.21
23401,3644,10,4,38310.2
23402,6826,94,5,1858.01
23403,8183,129,2,577.07
23404,2378,83,2,21901.29
23405,4130,82,4,23327.1
23406,8134,137,5,11390.83
23407,6028,3,4,28995.64
23408,6805,108,2,13549.63
23409,4310,86,5,15173.3
23410,9795,85,5,7335.47
23411,5408,38,1,30726.82
23412,7770,66,2,31441.05
23413,139,12,5,9596.51
23414,3941,112,4,17873.14
23415,3177,146,2,1905.39
23416,1088,78,1,26923.68
23417,5044,125,3,8947.13
23418,108,37,4,25059.66
23419,7213,147,4,14301.36
23420,946,149,2,14866.1
23421,9480,91,1,6848.12
23422,9797,142,4,12489.82
23423,9014,47,4,23383.27
23424,2360,143,4,13026.41
23425,8686,46,5,32887.05
23426,3679,24,3,43820.15
23427,6426,139,1,4159.23
23428,1473,75,4,3049.5
23429,1229,78,3,26923.68
23430,6437,118,2,9811.84
23431,1553,124,3,796.22
23432,2629,73,2,37272.06
23433,601,116,3,6378.97
23434,414,19,2,17787.61
23435,5824,28,1,54101.33
23436,1678,25,1,53524.51
23437,8357,29,1,8346.58
23438,250,4,4,39584.54
23439,4245,30,4,12993.37
23440,9604,57,1,21935.06
23441,953,59,1,13085.83
23442,6641,30,2,12993.37
23443,4107,90,4,2864.12
23444,8588,118,4,9811.84
23445,6110,121,1,6772.08
23446,4179,19,2,17787.61
23447,8936,58,2,27146.74
23448,117,15,3,69325.73
23449,4479,39,5,33931.85
23450,1748,114,1,5726.03
23451,988,59,5,13085.83
23452,1962,99,4,16689.48
23453,8188,64,2,17689.49
23454,8533,39,4,33931.85
23455,4614,106,2,19681.04
23456,1186,5,3,84081.85
23457,1599,38,3,30726.82
23458,7955,98,2,12384.57
23459,4505,33,5,21649.9
23460,5223,102,3,18592.29
23461,5822,21,3,55484.17
23462,9557,61,5,44878.78
23463,1108,125,2,8947.13
23464,6373,132,1,3011.07
23465,8574,108,1,13549.63
23466,7648,91,5,6848.12
23467,9865,28,4,54101.33
23468,3010,144,4,11019.62
23469,9933,107,1,21829.1
23470,4517,33,5,21649.9
23471,9426,90,3,2864.12
23472,3082,15,2,69325.73
23473,8267,145,3,11360.29
23474,359,10,4,38310.2
23475,5328,39,5,33931.85
23476,1947,135,2,11516.05
23477,4670,68,1,19598.26
23478,3553,69,2,52834.09
23479,4566,96,1,6710.71
23480,858,79,5,33873.61
23481,7175,125,3,8947.13
23482,6250,105,2,8125.8
23483,3741,69,5,52834.09
23484,1416,117,3,14181.77
23485,7520,59,3,13085.83
23486,8915,63,4,29768.75
23487,3721,73,5,37272.06
23488,4977,85,2,7335.47
23489,9346,96,2,6710.71
23490,8393,88,4,48004.49
23491,3263,4,5,39584.54
23492,8827,132,3,3011.07
23493,410,126,1,12459.53
23494,7380,125,1,8947.13
23495,2779,29,4,8346.58
23496,6091,101,2,5781.84
23497,2854,53,4,26871.05
23498,8724,97,1,3939.13
23499,2273,142,1,12489.82
23500,2795,95,1,15378.47
23501,9397,87,5,45649.01
23502,8769,76,4,5024.14
23503,5825,38,5,30726.82
23504,6975,68,1,19598.26
23505,556,47,5,23383.27
23506,4623,82,5,23327.1
23507,2532,93,3,11413.05
23508,7752,54,1,30922.05
23509,6198,6,1,48408.63
23510,2079,146,5,1905.39
23511,1775,54,4,30922.05
23512,850,49,4,8217.13
23513,3462,101,1,5781.84
23514,8673,9,3,19098.4
23515,418,132,5,3011.07
23516,5555,77,3,23879.21
23517,2585,90,1,2864.12
23518,1127,105,1,8125.8
23519,1385,147,1,14301.36
23520,1144,22,4,18186.29
23521,6092,72,5,49059.06
23522,5968,54,5,30922.05
23523,9115,45,2,5214.29
23524,3370,41,5,30082.04
23525,9622,116,1,6378.97
23526,5737,90,5,2864.12
23527,8922,89,3,4655.22
23528,7349,66,4,31441.05
23529,2868,29,4,8346.58
23530,5158,88,5,48004.49
23531,761,78,4,26923.68
23532,113,13,1,54402.04
23533,4119,149,4,14866.1
23534,3402,135,5,11516.05
23535,8302,27,1,8040.26
23536,1863,9,5,19098.4
23537,8385,7,5,23330.83
23538,9025,4,3,39584.54
23539,767,52,2,26084.73
23540,3949,128,1,9263.29
23541,7641,98,1,12384.57
23542,5837,115,5,21162.49
23543,1854,115,2,21162.49
23544,3935,143,2,13026.41
23545,8027,25,4,53524.51
23546,7930,74,4,41552.59
23547,2378,124,5,796.22
23548,4380,61,2,44878.78
23549,4656,101,4,5781.84
23550,1222,111,1,9188.58
23551,866,29,4,8346.58
23552,283,108,1,13549.63
23553,3760,105,4,8125.8
23554,1604,111,4,9188.58
23555,1766,122,1,6970.32
23556,5058,92,4,2654.0
23557,8810,28,5,54101.33
23558,1606,118,1,9811.84
23559,6969,144,2,11019.62
23560,7698,12,1,9596.51
23561,8891,114,5,5726.03
23562,7630,132,2,3011.07
23563,4257,125,3,8947.13
23564,6794,141,4,701.97
23565,463,84,3,5359.51
23566,9194,81,5,37707.89
23567,5097,97,1,3939.13
23568,7533,145,1,11360.29
23569,3012,41,2,30082.04
23570,7371,127,5,1177.88
23571,6290,63,3,29768.75
23572,6473,109,4,8516.39
23573,8650,78,5,26923.68
23574,9098,136,3,682.08
23575,982,30,5,12993.37
23576,287,131,3,3599.39
23577,1546,23,2,49555.53
23578,9014,99,2,16689.48
23579,5857,108,2,13549.63
23580,2065,20,2,81513.85
23581,3938,126,5,12459.53
23582,8982,101,5,5781.84
23583,60,52,1,26084.73
23584,8280,25,4,53524.51
23585,3101,123,2,612.96
23586,6173,81,3,37707.89
23587,7404,89,4,4655.22
23588,7410,60,4,33321.91
23589,2392,146,2,1905.39
23590,9101,66,4,31441.05
23591,4407,147,3,14301.36
23592,4519,65,1,8035.55
23593,7808,50,2,27118.65
23594,1233,63,4,29768.75
23595,5309,117,1,14181.77
23596,5629,44,4,19789.04
23597,4389,27,2,8040.26
23598,8363,128,4,9263.29
23599,753,18,1,73820.52
23600,8320,58,3,27146.74
23601,1853,47,2,23383.27
23602,4387,55,1,18034.1
23603,5528,3,4,28995.64
23604,9055,45,5,5214.29
23605,3525,120,1,24465.41
23606,5514,30,1,12993.37
23607,1857,64,2,17689.49
23608,327,132,5,3011.07
23609,4240,78,5,26923.68
23610,4077,6,2,48408.63
23611,8055,122,2,6970.32
23612,1281,103,1,22522.89
23613,1473,2,1,4930.4
23614,203,140,1,8987.09
23615,6713,30,5,12993.37
23616,8381,109,2,8516.39
23617,6814,40,4,19403.2
23618,9917,4,5,39584.54
23619,294,22,5,18186.29
23620,8258,87,5,45649.01
23621,8307,142,3,12489.82
23622,4024,28,5,54101.33
23623,7478,112,4,17873.14
23624,2944,100,4,6854.81
23625,6153,125,3,8947.13
23626,8988,147,3,14301.36
23627,5442,29,2,8346.58
23628,7855,70,5,3243.71
23629,9359,144,3,11019.62
23630,8201,137,2,11390.83
23631,1403,118,2,9811.84
23632,5891,35,2,33010.69
23633,8237,118,4,9811.84
23634,556,108,5,13549.63
23635,6080,57,2,21935.06
23636,3614,104,5,6130.95
23637,112,142,4,12489.82
23638,475,45,1,5214.29
23639,2160,148,3,10266.15
23640,649,99,1,16689.48
23641,3383,17,1,36162.26
23642,1178,100,3,6854.81
23643,5664,3,5,28995.64
23644,2009,46,3,32887.05
23645,3549,118,2,9811.84
23646,8622,102,5,18592.29
23647,4591,109,4,8516.39
23648,4944,121,3,6772.08
23649,106,85,4,7335.47
23650,3219,83,5,21901.29
23651,8485,145,4,11360.29
23652,9172,1,2,52539.0
23653,7610,53,3,26871.05
23654,8804,112,2,17873.14
23655,4964,65,5,8035.55
23656,1128,56,4,33257.92
23657,2617,96,2,6710.71
23658,9514,60,2,33321.91
23659,8472,109,5,8516.39
23660,2541,116,1,6378.97
23661,7720,115,3,21162.49
23662,6374,95,1,15378.47
23663,4917,59,2,13085.83
23664,607,87,4,45649.01
23665,6624,22,4,18186.29
23666,9747,118,2,9811.84
23667,8937,106,4,19681.04
23668,4738,25,4,53524.51
23669,9150,73,4,37272.06
23670,7825,47,2,23383.27
23671,2396,16,3,2931.99
23672,59,108,1,13549.63
23673,4028,91,5,6848.12
23674,9910,129,1,577.07
23675,4205,57,4,21935.06
23676,8302,94,2,1858.01
23677,927,57,1,21935.06
23678,3805,60,5,33321.91
23679,1883,54,1,30922.05
23680,836,25,1,53524.51
23681,3025,38,4,30726.82
23682,2474,65,2,8035.55
23683,8861,28,4,54101.33
23684,7851,95,5,15378.47
23685,5624,37,3,25059.66
23686,6255,37,2,25059.66
23687,6905,42,5,21976.79
23688,3470,145,1,11360.29
23689,256,30,5,12993.37
23690,8074,69,1,52834.09
23691,367,2,2,4930.4
23692,4647,93,2,11413.05
23693,942,9,4,19098.4
23694,8640,69,2,52834.09
23695,7371,74,4,41552.59
23696,8633,70,5,3243.71
23697,4514,32,5,18206.86
23698,9226,104,5,6130.95
23699,1001,66,2,31441.05
23700,4388,92,4,2654.0
23701,5096,56,4,33257.92
23702,7762,149,5,14866.1
23703,916,119,2,19868.15
23704,6422,138,5,13863.67
23705,7871,6,3,48408.63
23706,5519,44,5,19789.04
23707,7310,88,1,48004.49
23708,937,105,3,8125.8
23709,6584,102,5,18592.29
23710,8254,98,3,12384.57
23711,4266,30,5,12993.37
23712,56,5,2,84081.85
23713,496,75,4,3049.5
23714,4442,44,2,19789.04
23715,4874,43,2,14873.86
23716,3647,133,5,8127.63
23717,750,116,4,6378.97
23718,3125,109,5,8516.39
23719,2361,60,5,33321.91
23720,109,133,1,8127.63
23721,8197,101,5,5781.84
23722,8623,35,1,33010.69
23723,4697,55,2,18034.1
23724,639,94,3,1858.01
23725,400,20,4,81513.85
23726,3324,2,5,4930.4
23727,1879,32,3,18206.86
23728,3508,148,2,10266.15
23729,1392,17,4,36162.26
23730,9632,75,5,3049.5
23731,6675,50,4,27118.65
23732,5462,139,1,4159.23
23733,9212,136,3,682.08
23734,5676,7,4,23330.83
23735,7883,14,1,10437.0
23736,3402,136,5,682.08
23737,6254,66,1,31441.05
23738,3674,84,4,5359.51
23739,3319,48,2,12824.52
23740,7282,25,5,53524.51
23741,7257,108,5,13549.63
23742,1639,50,5,27118.65
23743,2665,26,1,72907.28
23744,6087,44,1,19789.04
23745,9353,7,2,23330.83
23746,6882,89,1,4655.22
23747,4907,134,3,4785.68
23748,7244,133,2,8127.63
23749,7004,59,4,13085.83
23750,2137,26,5,72907.28
23751,4042,94,5,1858.01
23752,4527,67,4,22314.95
23753,6400,118,5,9811.84
23754,2694,70,2,3243.71
23755,5070,124,2,796.22
23756,6970,21,4,55484.17
23757,4358,130,2,5954.55
23758,68,88,1,48004.49
23759,1987,119,3,19868.15
23760,7805,57,2,21935.06
23761,6649,3,5,28995.64
23762,3868,21,3,55484.17
23763,4021,57,4,21935.06
23764,621,54,3,30922.05
23765,4504,13,1,54402.04
23766,6919,51,2,8341.82
23767,8154,92,4,2654.0
23768,1670,73,4,37272.06
23769,5462,85,2,7335.47
23770,8979,108,3,13549.63
23771,7615,41,1,30082.04
23772,7242,88,2,48004.49
23773,1871,147,1,14301.36
23774,4623,96,1,6710.71
23775,5103,69,3,52834.09
23776,3802,130,1,5954.55
23777,1983,73,4,37272.06
23778,1028,8,5,58505.04
23779,5023,41,5,30082.04
23780,6404,139,5,4159.23
23781,1043,54,1,30922.05
23782,8617,82,5,23327.1
23783,5960,114,3,5726.03
23784,5640,81,5,37707.89
23785,8000,92,1,2654.0
23786,6858,34,1,2255.17
23787,5115,44,5,19789.04
23788,3248,103,5,22522.89
23789,3836,140,2,8987.09
23790,4556,11,2,69215.46
23791,366,93,3,11413.05
23792,4505,42,1,21976.79
23793,872,5,2,84081.85
23794,8276,22,3,18186.29
23795,7855,6,4,48408.63
23796,7567,129,1,577.07
23797,5035,23,3,49555.53
23798,701,102,1,18592.29
23799,2462,104,3,6130.95
23800,1745,31,2,11490.6
23801,1140,21,5,55484.17
23802,1513,71,5,3528.52
23803,2852,10,2,38310.2
23804,4250,34,5,2255.17
23805,9698,38,1,30726.82
23806,7236,73,2,37272.06
23807,2401,125,4,8947.13
23808,3082,140,1,8987.09
23809,7556,9,5,19098.4
23810,7718,73,4,37272.06
23811,1898,139,3,4159.23
23812,5252,38,3,30726.82
23813,5670,28,4,54101.33
23814,8104,139,2,4159.23
23815,5834,26,1,72907.28
23816,4906,141,3,701.97
23817,4577,102,3,18592.29
23818,4266,98,3,12384.57
23819,2883,47,2,23383.27
23820,4131,46,3,32887.05
23821,830,95,3,15378.47
23822,5672,83,3,21901.29
23823,7024,23,5,49555.53
23824,7601,21,2,55484.17
23825,4968,87,3,45649.01
23826,911,95,3,15378.47
23827,3662,48,2,12824.52
23828,8049,114,2,5726.03
23829,6933,103,1,22522.89
23830,2432,141,2,701.97
23831,4723,37,5,25059.66
23832,7997,79,5,33873.61
23833,6038,145,2,11360.29
23834,820,91,5,6848.12
23835,4075,150,5,7113.49
23836,3157,96,1,6710.71
23837,7950,16,1,2931.99
23838,4759,117,4,14181.77
23839,9014,17,1,36162.26
23840,2836,72,4,49059.06
23841,8853,115,2,21162.49
23842,5583,102,3,18592.29
23843,9987,121,5,6772.08
23844,3953,49,4,8217.13
23845,3857,46,1,32887.05
23846,2055,142,4,12489.82
23847,1841,125,2,8947.13
23848,7838,90,5,2864.12
23849,5030,93,1,11413.05
23850,8919,130,3,5954.55
23851,5750,58,4,27146.74
23852,4137,74,4,41552.59
23853,4449,98,5,12384.57
23854,3677,104,1,6130.95
23855,8204,30,4,12993.37
23856,4968,79,1,33873.61
23857,9157,145,4,11360.29
23858,5389,97,4,3939.13
23859,3586,47,2,23383.27
23860,2543,64,3,17689.49
23861,4646,107,2,21829.1
23862,1106,147,4,14301.36
23863,5734,29,3,8346.58
23864,5875,31,3,11490.6
23865,795,50,1,27118.65
23866,6067,20,4,81513.85
23867,1004,115,5,21162.49
23868,1586,141,4,701.97
23869,3641,1,1,52539.0
23870,1535,54,5,30922.05
23871,6015,21,4,55484.17
23872,2364,32,4,18206.86
23873,6742,139,4,4159.23
23874,2252,27,1,8040.26
23875,7953,107,3,21829.1
23876,8489,92,3,2654.0
23877,9238,70,1,3243.71
23878,3116,110,5,12983.38
23879,642,48,2,12824.52
23880,9937,134,1,4785.68
23881,2882,35,5,33010.69
23882,3893,14,3,10437.0
23883,4474,36,1,29242.97
23884,8959,73,1,37272.06
23885,7666,135,1,11516.05
23886,4155,26,4,72907.28
23887,1435,80,5,27401.27
23888,62,54,5,30922.05
23889,8828,56,4,33257.92
23890,4293,23,2,49555.53
23891,9897,133,1,8127.63
23892,744,57,2,21935.06
23893,3211,118,3,9811.84
23894,6828,134,1,4785.68
23895,3976,127,2,1177.88
23896,143,1,3,52539.0
23897,9894,107,2,21829.1
23898,9953,123,3,612.96
23899,4421,118,3,9811.84
23900,3646,50,3,27118.65
23901,3397,52,3,26084.73
23902,3449,128,4,9263.29
23903,4372,2,3,4930.4
23904,3435,67,1,22314.95
23905,4627,23,3,49555.53
23906,2175,6,2,48408.63
23907,6392,94,2,1858.01
23908,9563,65,2,8035.55
23909,3058,50,5,27118.65
23910,2424,72,1,49059.06
23911,6129,150,3,7113.49
23912,5641,149,3,14866.1
23913,4806,106,2,19681.04
23914,4221,126,5,12459.53
23915,807,15,4,69325.73
23916,2995,73,3,37272.06
23917,8918,18,3,73820.52
23918,4375,144,4,11019.62
23919,1997,85,4,7335.47
23920,1065,60,1,33321.91
23921,6416,119,5,19868.15
23922,7807,145,5,11360.29
23923,7649,93,1,11413.05
23924,1580,76,4,5024.14
23925,6973,109,2,8516.39
23926,1708,26,2,72907.28
23927,8673,46,5,32887.05
23928,5508,100,4,6854.81
23929,7901,88,1,48004.49
23930,5346,111,1,9188.58
23931,5947,106,4,19681.04
23932,9538,15,1,69325.73
23933,6739,50,1,27118.65
23934,8934,100,2,6854.81
23935,8771,101,1,5781.84
23936,4601,49,1,8217.13
23937,8454,71,5,3528.52
23938,8631,33,1,21649.9
23939,753,3,2,28995.64
23940,1220,57,4,21935.06
23941,4491,136,5,682.08
23942,4824,24,5,43820.15
23943,9487,147,2,14301.36
23944,1486,121,4,6772.08
23945,7753,91,4,6848.12
23946,3602,4,4,39584.54
23947,2200,2,2,4930.4
23948,1988,38,1,30726.82
23949,4589,146,5,1905.39
23950,5902,23,3,49555.53
23951,2223,41,1,30082.04
23952,794,85,5,7335.47
23953,6173,88,4,48004.49
23954,2846,68,4,19598.26
23955,2231,10,5,38310.2
23956,622,37,2,25059.66
23957,7696,136,3,682.08
23958,7189,91,2,6848.12
23959,8045,47,5,23383.27
23960,9736,42,2,21976.79
23961,4630,129,4,577.07
23962,3137,66,3,31441.05
23963,6580,29,3,8346.58
23964,6618,26,5,72907.28
23965,2470,52,5,26084.73
23966,5013,68,4,19598.26
23967,9399,111,5,9188.58
23968,3127,86,1,15173.3
23969,5142,130,3,5954.55
23970,5291,28,5,54101.33
23971,8031,79,2,33873.61
23972,2509,99,1,16689.48
23973,4624,98,3,12384.57
23974,6376,49,5,8217.13
23975,5085,9,5,19098.4
23976,4136,50,2,27118.65
23977,4216,113,3,12566.23
23978,9579,54,3,30922.05
23979,4614,7,5,23330.83
23980,2542,53,3,26871.05
23981,1885,6,1,48408.63
23982,3211,59,1,13085.83
23983,5666,139,2,4159.23
23984,7282,3,1,28995.64
23985,2752,75,1,3049.5
23986,1408,139,5,4159.23
23987,743,88,4,48004.49
23988,2923,35,3,33010.69
23989,8717,135,5,11516.05
23990,5331,65,3,8035.55
23991,650,77,3,23879.21
23992,1792,84,2,5359.51
23993,8109,24,5,43820.15
23994,3621,12,3,9596.51
23995,589,90,5,2864.12
23996,1895,138,1,13863.67
23997,5800,129,5,577.07
23998,4904,92,2,2654.0
23999,4786,80,3,27401.27
24000,1103,75,5,3049.5
24001,4066,96,5,6710.71
24002,9440,7,1,23330.83
24003,2136,119,2,19868.15
24004,4086,122,3,6970.32
24005,2950,147,3,14301.36
24006,3371,146,1,1905.39
24007,6002,105,5,8125.8
24008,7257,112,1,17873.14
24009,4665,130,3,5954.55
24010,4841,26,1,72907.28
24011,5045,27,3,8040.26
24012,6986,72,1,49059.06
24013,827,122,3,6970.32
24014,7326,8,3,58505.04
24015,9475,45,2,5214.29
24016,1337,92,4,2654.0
24017,560,34,3,2255.17
24018,4264,20,2,81513.85
24019,7146,5,1,84081.85
24020,2119,5,2,84081.85
24021,4022,120,3,24465.41
24022,288,46,5,32887.05
24023,9019,75,3,3049.5
24024,369,86,5,15173.3
24025,9127,38,4,30726.82
24026,3407,83,2,21901.29
24027,9349,38,4,30726.82
24028,9105,41,2,30082.04
24029,7271,118,1,9811.84
24030,9276,47,4,23383.27
24031,2649,82,1,23327.1
24032,1407,150,5,7113.49
24033,2320,61,4,44878.78
24034,2465,92,5,2654.0
24035,9899,74,1,41552.59
24036,7254,109,2,8516.39
24037,5801,82,5,23327.1
24038,5608,106,4,19681.04
24039,7542,150,3,7113.49
24040,7910,104,1,6130.95
24041,2465,89,1,4655.22
24042,9246,12,5,9596.51
24043,8160,4,1,39584.54
24044,5479,10,2,38310.2
24045,9603,36,5,29242.97
24046,860,66,5,31441.05
24047,5989,113,5,12566.23
24048,4768,62,1,6674.42
24049,9434,124,3,796.22
24050,5475,138,2,13863.67
24051,1497,123,4,612.96
24052,233,99,5,16689.48
24053,9057,30,1,12993.37
24054,3113,62,2,6674.42
24055,6563,72,4,49059.06
24056,6072,24,4,43820.15
24057,1999,57,3,21935.06
24058,6879,103,3,22522.89
24059,9594,138,4,13863.67
24060,969,9,5,19098.4
24061,9593,142,2,12489.82
24062,1360,38,2,30726.82
24063,289,86,1,15173.3
24064,1895,105,4,8125.8
24065,5338,13,5,54402.04
24066,588,42,3,21976.79
24067,6609,113,4,12566.23
24068,876,59,3,13085.83
24069,8647,128,3,9263.29
24070,1869,136,5,682.08
24071,5257,24,4,43820.15
24072,3766,32,5,18206.86
24073,8461,127,2,1177.88
24074,4692,51,4,8341.82
24075,4823,21,5,55484.17
24076,1345,57,2,21935.06
24077,7626,81,2,37707.89
24078,9808,135,1,11516.05
24079,7927,146,5,1905.39
24080,6313,121,4,6772.08
24081,2813,32,4,18206.86
24082,8591,67,5,22314.95
24083,8402,115,1,21162.49
24084,2656,99,3,16689.48
24085,9181,45,4,5214.29
24086,9866,112,1,17873.14
24087,2526,40,3,19403.2
24088,8904,44,2,19789.04
24089,9831,3,2,28995.64
24090,5009,36,1,29242.97
24091,3830,15,1,69325.73
24092,832,97,1,3939.13
24093,7174,80,5,27401.27
24094,5293,22,1,18186.29
24095,9988,121,4,6772.08
24096,7536,145,3,11360.29
24097,6669,81,2,37707.89
24098,6109,127,4,1177.88
24099,2276,52,1,26084.73
24100,2311,108,3,13549.63
24101,1218,11,1,69215.46
24102,8054,78,1,26923.68
24103,8206,28,1,54101.33
24104,2462,112,3,17873.14
24105,4422,90,5,2864.12
24106,5508,25,4,53524.51
24107,993,116,5,6378.97
24108,2576,34,2,2255.17
24109,3473,70,1,3243.71
24110,3996,71,1,3528.52
24111,6141,109,1,8516.39
24112,8312,40,2,19403.2
24113,8609,22,3,18186.29
24114,564,39,3,33931.85
24115,7923,23,2,49555.53
24116,2078,6,2,48408.63
24117,1171,133,5,8127.63
24118,4222,123,4,612.96
24119,114,58,1,27146.74
24120,518,42,4,21976.79
24121,7940,90,1,2864.12
24122,8202,15,4,69325.73
24123,8931,85,3,7335.47
24124,3859,11,4,69215.46
24125,5140,59,1,13085.83
24126,656,33,2,21649.9
24127,5640,84,3,5359.51
24128,9594,86,1,15173.3
24129,3642,32,5,18206.86
24130,799,119,2,19868.15
24131,6,107,2,21829.1
24132,999,26,4,72907.28
24133,2743,45,4,5214.29
24134,5981,36,1,29242.97
24135,8971,100,3,6854.81
24136,8599,90,1,2864.12
24137,1879,76,5,5024.14
24138,5825,127,2,1177.88
24139,5031,130,4,5954.55
24140,4733,50,4,27118.65
24141,278,37,1,25059.66
24142,8295,41,4,30082.04
24143,2592,25,2,53524.51
24144,555,143,4,13026.41
24145,4376,122,2,6970.32
24146,4455,83,2,21901.29
24147,7171,140,2,8987.09
24148,575,29,5,8346.58
24149,2965,114,1,5726.03
24150,1450,74,3,41552.59
24151,3523,15,2,69325.73
24152,1553,128,3,9263.29
24153,7357,14,2,10437.0
24154,6184,65,4,8035.55
24155,5828,97,2,3939.13
24156,9111,50,3,27118.65
24157,3233,117,3,14181.77
24158,7343,77,5,23879.21
24159,2911,54,2,30922.05
24160,7039,57,1,21935.06
24161,547,112,5,17873.14
24162,7732,105,3,8125.8
24163,3053,7,2,23330.83
24164,539,144,2,11019.62
24165,8134,5,3,84081.85
24166,1725,40,4,19403.2
24167,209,15,1,69325.73
24168,1135,12,5,9596.51
24169,2608,102,4,18592.29
24170,8750,104,3,6130.95
24171,849,61,4,44878.78
24172,2800,71,5,3528.52
24173,9842,136,2,682.08
24174,4018,81,5,37707.89
24175,8982,89,1,4655.22
24176,1869,146,1,1905.39
24177,1994,20,1,81513.85
24178,3686,104,5,6130.95
24179,9913,147,1,14301.36
24180,270,30,1,12993.37
24181,9506,85,5,7335.47
24182,6942,64,1,17689.49
24183,8616,121,5,6772.08
24184,8710,60,1,33321.91
24185,5635,28,4,54101.33
24186,7730,45,5,5214.29
24187,8188,131,5,3599.39
24188,9105,84,4,5359.51
24189,3005,123,3,612.96
24190,5122,78,5,26923.68
24191,4914,55,1,18034.1
24192,3230,119,3,19868.15
24193,7999,92,5,2654.0
24194,1656,80,5,27401.27
24195,9371,88,5,48004.49
24196,2893,48,2,12824.52
24197,8280,31,2,11490.6
24198,1132,142,4,12489.82
24199,4158,5,3,84081.85
24200,2411,47,3,23383.27
24201,7860,32,3,18206.86
24202,2822,138,4,13863.67
24203,7652,10,5,38310.2
24204,9276,114,5,5726.03
24205,1482,114,2,5726.03
24206,2139,40,2,19403.2
24207,923,84,5,5359.51
24208,2912,146,1,1905.39
24209,5100,75,1,3049.5
24210,8458,42,4,21976.79
24211,7077,89,1,4655.22
24212,9452,20,5,81513.85
24213,2428,36,1,29242.97
24214,926,80,3,27401.27
24215,5518,56,1,33257.92
24216,5928,88,4,48004.49
24217,1615,8,2,58505.04
24218,45,60,5,33321.91
24219,3233,5,1,84081.85
24220,2503,69,4,52834.09
24221,8220,66,3,31441.05
24222,300,111,4,9188.58
24223,7367,142,5,12489.82
24224,128,127,3,1177.88
24225,3312,75,4,3049.5
24226,6894,77,1,23879.21
24227,7985,56,1,33257.92
24228,9716,63,4,29768.75
24229,6930,45,4,5214.29
24230,2138,106,4,19681.04
24231,9552,56,5,33257.92
24232,6737,116,3,6378.97
24233,499,150,5,7113.49
24234,3984,79,2,33873.61
24235,9897,47,1,23383.27
24236,8660,107,5,21829.1
24237,8280,148,3,10266.15
24238,6982,116,5,6378.97
24239,4978,11,5,69215.46
24240,2483,75,1,3049.5
24241,951,81,5,37707.89
24242,2003,124,4,796.22
24243,5403,54,4,30922.05
24244,5981,80,3,27401.27
24245,9528,30,2,12993.37
24246,9629,9,2,19098.4
24247,6904,23,1,49555.53
24248,7709,150,1,7113.49
24249,8819,72,5,49059.06
24250,4717,19,4,17787.61
24251,1641,139,4,4159.23
24252,9350,83,4,21901.29
24253,3804,68,5,19598.26
24254,830,43,2,14873.86
24255,6905,34,1,2255.17
24256,9027,2,5,4930.4
24257,2896,68,3,19598.26
24258,2531,25,4,53524.51
24259,6993,144,4,11019.62
24260,4516,70,3,3243.71
24261,3052,119,3,19868.15
24262,594,98,4,12384.57
24263,2625,122,2,6970.32
24264,6607,146,1,1905.39
24265,2005,83,3,21901.29
24266,9482,72,5,49059.06
24267,8363,123,2,612.96
24268,7320,136,5,682.08
24269,837,46,3,32887.05
24270,7248,110,4,12983.38
24271,100,58,4,27146.74
24272,5997,91,4,6848.12
24273,5201,117,5,14181.77
24274,3038,144,3,11019.62
24275,5618,127,3,1177.88
24276,3544,7,5,23330.83
24277,6215,133,2,8127.63
24278,2433,69,4,52834.09
24279,2168,48,1,12824.52
24280,5598,112,3,17873.14
24281,3155,121,1,6772.08
24282,9268,14,5,10437.0
24283,801,54,1,30922.05
24284,4669,17,5,36162.26
24285,5977,59,2,13085.83
24286,3047,122,2,6970.32
24287,4117,48,2,12824.52
24288,3268,18,4,73820.52
24289,1370,86,3,15173.3
24290,1494,29,2,8346.58
24291,9465,73,5,37272.06
24292,1949,44,4,19789.04
24293,5998,103,4,22522.89
24294,5308,112,5,17873.14
24295,9746,150,3,7113.49
24296,3428,24,4,43820.15
24297,446,3,4,28995.64
24298,8642,14,5,10437.0
24299,7315,110,2,12983.38
24300,9616,116,4,6378.97
24301,4279,72,1,49059.06
24302,3648,126,5,12459.53
24303,5399,35,5,33010.69
24304,8450,62,4,6674.42
24305,1700,103,4,22522.89
24306,4026,17,2,36162.26
24307,8639,80,1,27401.27
24308,1028,95,1,15378.47
24309,6587,37,4,25059.66
24310,1545,72,1,49059.06
24311,1478,139,4,4159.23
24312,2178,48,2,12824.52
24313,7528,137,5,11390.83
24314,6305,98,5,12384.57
24315,5779,110,5,12983.38
24316,6402,105,1,8125.8
24317,5068,89,5,4655.22
24318,4324,44,1,19789.04
24319,6772,106,3,19681.04
24320,6293,44,2,19789.04
24321,6703,41,1,30082.04
24322,851,143,1,13026.41
24323,1878,142,1,12489.82
24324,8165,30,4,12993.37
24325,7261,109,5,8516.39
24326,571,8,5,58505.04
24327,8267,112,3,17873.14
24328,4827,134,4,4785.68
24329,392,3,2,28995.64
24330,7675,56,2,33257.92
24331,1479,39,2,33931.85
24332,3800,78,5,26923.68
24333,5601,116,2,6378.97
24334,9371,116,5,6378.97
24335,9753,4,5,39584.54
24336,2823,64,3,17689.49
24337,5029,125,1,8947.13
24338,5193,136,1,682.08
24339,1158,73,2,37272.06
24340,9726,139,4,4159.23
24341,6061,12,2,9596.51
24342,8299,9,2,19098.4
24343,7193,67,5,22314.95
24344,5788,64,3,17689.49
24345,5837,47,2,23383.27
24346,1551,55,1,18034.1
24347,1728,83,4,21901.29
24348,9723,129,2,577.07
24349,1648,32,1,18206.86
24350,3073,15,2,69325.73
24351,2761,53,1,26871.05
24352,4613,10,2,38310.2
24353,7636,140,1,8987.09
24354,2614,129,4,577.07
24355,4656,18,5,73820.52
24356,2355,51,4,8341.82
24357,9452,73,5,37272.06
24358,977,32,2,18206.86
24359,599,50,4,27118.65
24360,6251,78,1,26923.68
24361,9635,34,2,2255.17
24362,4849,16,5,2931.99
24363,2226,41,3,30082.04
24364,3067,125,5,8947.13
24365,9078,23,1,49555.53
24366,5536,13,2,54402.04
24367,3107,108,2,13549.63
24368,1831,61,1,44878.78
24369,2431,33,4,21649.9
24370,6831,127,3,1177.88
24371,3154,61,4,44878.78
24372,1440,36,3,29242.97
24373,9594,136,4,682.08
24374,9880,129,3,577.07
24375,4009,131,3,3599.39
24376,50,102,1,18592.29
24377,4884,41,5,30082.04
24378,9757,114,3,5726.03
24379,5517,150,5,7113.49
24380,5398,23,4,49555.53
24381,8856,101,1,5781.84
24382,5795,112,4,17873.14
24383,7531,49,3,8217.13
24384,383,91,3,6848.12
24385,2729,45,1,5214.29
24386,90,26,1,72907.28
24387,9750,122,2,6970.32
24388,1952,140,5,8987.09
24389,1144,33,1,21649.9
24390,4762,72,4,49059.06
24391,4626,32,1,18206.86
24392,697,150,1,7113.49
24393,8209,148,5,10266.15
24394,6853,52,5,26084.73
24395,6153,30,2,12993.37
24396,2768,76,2,5024.14
24397,137,59,1,13085.83
24398,4036,84,2,5359.51
24399,7457,10,4,38310.2
24400,1436,26,1,72907.28
24401,1052,136,3,682.08
24402,8854,52,2,26084.73
24403,7739,63,1,29768.75
24404,4459,41,1,30082.04
24405,1181,21,3,55484.17
24406,1124,136,4,682.08
24407,1516,59,3,13085.83
24408,9871,75,3,3049.5
24409,3550,99,2,16689.48
24410,2950,96,5,6710.71
24411,4045,116,3,6378.97
24412,5415,5,1,84081.85
24413,8593,81,1,37707.89
24414,869,126,1,12459.53
24415,8458,76,2,5024.14
24416,9929,92,4,2654.0
24417,4254,39,5,33931.85
24418,4526,42,3,21976.79
24419,626,18,3,73820.52
24420,8309,71,1,3528.52
24421,6680,144,2,11019.62
24422,8621,88,4,48004.49
24423,2349,56,1,33257.92
24424,9177,31,3,11490.6
24425,7680,90,1,2864.12
24426,5137,104,3,6130.95
24427,2734,138,4,13863.67
24428,1799,107,4,21829.1
24429,8628,69,4,52834.09
24430,6487,131,3,3599.39
24431,8279,117,5,14181.77
24432,4473,13,4,54402.04
24433,363,34,3,2255.17
24434,3795,19,3,17787.61
24435,2414,93,5,11413.05
24436,8860,56,1,33257.92
24437,2199,20,5,81513.85
24438,3928,73,5,37272.06
24439,9077,132,2,3011.07
24440,1021,66,2,31441.05
24441,9141,17,1,36162.26
24442,6647,6,4,48408.63
24443,4717,9,2,19098.4
24444,4485,139,5,4159.23
24445,689,61,4,44878.78
24446,5279,32,5,18206.86
24447,2878,82,4,23327.1
24448,3998,51,2,8341.82
24449,1035,97,3,3939.13
24450,1331,84,3,5359.51
24451,4980,81,1,37707.89
24452,9845,145,2,11360.29
24453,2445,75,2,3049.5
24454,7171,26,3,72907.28
24455,5413,138,1,13863.67
24456,5415,141,4,701.97
24457,3621,67,3,22314.95
24458,4032,23,4,49555.53
24459,3342,48,3,12824.52
24460,3097,17,1,36162.26
24461,4494,68,1,19598.26
24462,988,41,2,30082.04
24463,4981,120,4,24465.41
24464,1698,80,1,27401.27
24465,933,78,3,26923.68
24466,2720,1,2,52539.0
24467,1572,43,1,14873.86
24468,1822,27,1,8040.26
24469,4398,131,1,3599.39
24470,5021,31,1,11490.6
24471,1728,150,2,7113.49
24472,9346,30,3,12993.37
24473,8230,39,1,33931.85
24474,333,1,1,52539.0
24475,8662,30,5,12993.37
24476,1468,111,3,9188.58
24477,372,109,5,8516.39
24478,193,83,3,21901.29
24479,2001,98,5,12384.57
24480,7935,51,3,8341.82
24481,58,71,4,3528.52
24482,6944,132,5,3011.07
24483,9718,121,1,6772.08
24484,7967,47,4,23383.27
24485,2823,113,4,12566.23
24486,6162,120,2,24465.41
24487,3787,123,1,612.96
24488,420,9,4,19098.4
24489,226,116,5,6378.97
24490,6855,129,3,577.07
24491,7946,51,4,8341.82
24492,3291,106,5,19681.04
24493,5886,49,4,8217.13
24494,2977,20,4,81513.85
24495,804,135,5,11516.05
24496,869,80,4,27401.27
24497,385,40,2,19403.2
24498,8357,12,4,9596.51
24499,8040,105,5,8125.8
24500,1223,53,4,26871.05
24501,3217,119,3,19868.15
24502,5532,82,3,23327.1
24503,1104,38,1,30726.82
24504,1180,148,4,10266.15
24505,2410,46,2,32887.05
24506,9931,107,3,21829.1
24507,8313,129,4,577.07
24508,5188,139,3,4159.23
24509,472,103,4,22522.89
24510,1625,137,4,11390.83
24511,1609,27,2,8040.26
24512,4404,67,1,22314.95
24513,7757,139,2,4159.23
24514,4790,38,3,30726.82
24515,4097,25,1,53524.51
24516,2661,148,1,10266.15
24517,9050,36,1,29242.97
24518,6228,20,2,81513.85
24519,6305,112,1,17873.14
24520,925,15,3,69325.73
24521,60,116,5,6378.97
24522,5868,133,2,8127.63
24523,6454,143,3,13026.41
24524,8518,10,2,38310.2
24525,2270,113,3,12566.23
24526,4498,2,5,4930.4
24527,7836,77,1,23879.21
24528,1123,139,4,4159.23
24529,8336,40,1,19403.2
24530,2189,80,4,27401.27
24531,2821,100,3,6854.81
24532,68,147,1,14301.36
24533,713,143,5,13026.41
24534,5806,142,2,12489.82
24535,5931,90,1,2864.12
24536,1217,111,4,9188.58
24537,3973,12,5,9596.51
24538,2568,110,3,12983.38
24539,4791,104,4,6130.95
24540,290,139,2,4159.23
24541,3193,103,5,22522.89
24542,400,16,2,2931.99
24543,9497,127,5,1177.88
24544,7580,72,1,49059.06
24545,6547,114,3,5726.03
24546,2192,85,3,7335.47
24547,3632,55,5,18034.1
24548,1814,53,3,26871.05
24549,4196,94,5,1858.01
24550,874,148,1,10266.15
24551,1113,73,2,37272.06
24552,2082,56,4,33257.92
24553,1350,71,1,3528.52
24554,6800,95,4,15378.47
24555,4844,39,5,33931.85
24556,3041,28,2,54101.33
24557,7610,37,4,25059.66
24558,5986,68,4,19598.26
24559,4383,134,4,4785.68
24560,5541,79,5,33873.61
24561,1876,113,4,12566.23
24562,8949,49,2,8217.13
24563,1298,67,2,22314.95
24564,7557,71,4,3528.52
24565,1035,78,5,26923.68
24566,481,62,5,6674.42
24567,2056,144,2,11019.62
24568,8373,119,5,19868.15
24569,5335,110,2,12983.38
24570,9125,18,1,73820.52
24571,9195,29,2,8346.58
24572,1809,58,3,27146.74
24573,5722,55,3,18034.1
24574,3630,79,2,33873.61
24575,9239,66,5,31441.05
24576,6879,90,3,2864.12
24577,2029,39,4,33931.85
24578,5824,78,4,26923.68
24579,1519,68,4,19598.26
24580,2127,140,2,8987.09
24581,712,58,5,27146.74
24582,1832,128,1,9263.29
24583,6576,51,1,8341.82
24584,8996,17,4,36162.26
24585,8859,25,2,53524.51
24586,5912,87,5,45649.01
24587,1829,142,1,12489.82
24588,4830,111,4,9188.58
24589,9800,89,5,4655.22
24590,9826,139,1,4159.23
24591,5841,130,3,5954.55
24592,7501,117,1,14181.77
24593,5462,126,1,12459.53
24594,2844,13,5,54402.04
24595,7495,95,3,15378.47
24596,6365,92,3,2654.0
24597,6464,16,4,2931.99
24598,2547,70,2,3243.71
24599,4376,75,5,3049.5
24600,7556,109,4,8516.39
24601,8753,18,5,73820.52
24602,7440,52,5,26084.73
24603,9456,102,2,18592.29
24604,8253,65,1,8035.55
24605,7730,103,2,22522.89
24606,3973,115,4,21162.49
24607,7711,48,2,12824.52
24608,9667,100,4,6854.81
24609,915,149,5,14866.1
24610,6142,19,1,17787.61
24611,3058,102,4,18592.29
24612,2631,23,5,49555.53
24613,8160,147,5,14301.36
24614,7720,61,1,44878.78
24615,4945,24,4,43820.15
24616,8925,71,1,3528.52
24617,151,7,3,23330.83
24618,5351,51,2,8341.82
24619,16,147,2,14301.36
24620,6860,105,1,8125.8
24621,1436,130,4,5954.55
24622,7680,46,2,32887.05
24623,7222,107,4,21829.1
24624,1078,139,5,4159.23
24625,1472,123,1,612.96
24626,1530,145,1,11360.29
24627,7648,32,1,18206.86
24628,5578,142,1,12489.82
24629,3147,100,2,6854.81
24630,7950,110,1,12983.38
24631,8138,6,3,48408.63
24632,6449,45,3,5214.29
24633,8739,147,2,14301.36
24634,9696,143,2,13026.41
24635,6782,93,1,11413.05
24636,3695,1,2,52539.0
24637,2435,129,2,577.07
24638,3020,24,3,43820.15
24639,7801,136,4,682.08
24640,1840,44,3,19789.04
24641,7038,27,1,8040.26
24642,4232,31,2,11490.6
24643,7042,43,1,14873.86
24644,264,91,3,6848.12
24645,602,122,2,6970.32
24646,5845,34,4,2255.17
24647,5811,12,4,9596.51
24648,7916,14,4,10437.0
24649,9805,25,3,53524.51
24650,9714,85,5,7335.47
24651,8771,35,2,33010.69
24652,296,54,2,30922.05
24653,3952,121,1,6772.08
24654,6338,54,5,30922.05
24655,6630,7,5,23330.83
24656,1535,94,1,1858.01
24657,4598,139,1,4159.23
24658,205,125,1,8947.13
24659,8704,3,1,28995.64
24660,4811,91,5,6848.12
24661,1732,85,3,7335.47
24662,5771,26,5,72907.28
24663,9212,141,3,701.97
24664,4076,145,4,11360.29
24665,9014,15,2,69325.73
24666,2799,120,2,24465.41
24667,1805,32,3,18206.86
24668,9231,3,5,28995.64
24669,8606,36,5,29242.97
24670,2837,92,5,2654.0
24671,3571,73,4,37272.06
24672,6032,4,4,39584.54
24673,6503,73,1,37272.06
24674,4120,150,2,7113.49
24675,4934,57,4,21935.06
24676,8804,86,3,15173.3
24677,3826,42,1,21976.79
24678,7219,93,3,11413.05
24679,5398,15,2,69325.73
24680,3973,113,4,12566.23
24681,8590,29,2,8346.58
24682,2031,100,5,6854.81
24683,9902,123,1,612.96
24684,5957,147,5,14301.36
24685,6846,70,5,3243.71
24686,2014,82,1,23327.1
24687,7948,55,3,18034.1
24688,1747,24,2,43820.15
24689,9162,9,4,19098.4
24690,9567,56,2,33257.92
24691,3801,104,5,6130.95
24692,283,129,2,577.07
24693,6085,51,5,8341.82
24694,7211,98,2,12384.57
24695,4862,3,3,28995.64
24696,2435,68,4,19598.26
24697,9633,17,3,36162.26
24698,8605,96,4,6710.71
24699,5525,56,4,33257.92
24700,1630,15,2,69325.73
24701,8593,118,4,9811.84
24702,6605,11,2,69215.46
24703,8904,84,2,5359.51
24704,3178,129,1,577.07
24705,3505,90,2,2864.12
24706,490,137,5,11390.83
24707,4989,118,4,9811.84
24708,6501,27,5,8040.26
24709,1671,71,4,3528.52
24710,8436,75,4,3049.5
24711,7183,21,2,55484.17
24712,5273,113,3,12566.23
24713,389,2,3,4930.4
24714,6559,8,2,58505.04
24715,1137,108,1,13549.63
24716,3078,49,4,8217.13
24717,7367,30,2,12993.37
24718,3190,49,1,8217.13
24719,2825,20,4,81513.85
24720,6007,109,3,8516.39
24721,5306,9,1,19098.4
24722,8655,46,5,32887.05
24723,5936,13,4,54402.04
24724,6897,117,2,14181.77
24725,3414,24,2,43820.15
24726,1678,22,2,18186.29
24727,1612,33,4,21649.9
24728,3036,112,3,17873.14
24729,9808,39,3,33931.85
24730,6652,21,2,55484.17
24731,765,80,2,27401.27
24732,2930,110,4,12983.38
24733,1512,63,5,29768.75
24734,2776,6,3,48408.63
24735,9970,29,2,8346.58
24736,3342,31,2,11490.6
24737,4169,35,3,33010.69
24738,2766,102,1,18592.29
24739,7250,121,3,6772.08
24740,4757,104,5,6130.95
24741,4585,110,4,12983.38
24742,488,24,4,43820.15
24743,5550,4,2,39584.54
24744,217,85,4,7335.47
24745,3736,150,4,7113.49
24746,9618,104,1,6130.95
24747,5155,87,3,45649.01
24748,2605,102,2,18592.29
24749,5359,43,5,14873.86
24750,3590,137,3,11390.83
24751,1530,32,3,18206.86
24752,3357,25,2,53524.51
24753,2133,40,4,19403.2
24754,3254,94,4,1858.01
24755,5909,96,4,6710.71
24756,5207,26,1,72907.28
24757,6736,91,5,6848.12
24758,1439,118,5,9811.84
24759,8660,13,1,54402.04
24760,5507,53,2,26871.05
24761,5937,90,1,2864.12
24762,2104,103,4,22522.89
24763,3904,129,4,577.07
24764,3973,71,2,3528.52
24765,4148,50,3,27118.65
24766,307,19,2,17787.61
24767,8570,93,4,11413.05
24768,4684,114,5,5726.03
24769,3107,122,4,6970.32
24770,7255,19,3,17787.61
24771,9577,33,4,21649.9
24772,6154,125,2,8947.13
24773,5451,13,4,54402.04
24774,3534,17,3,36162.26
24775,9183,122,3,6970.32
24776,5865,33,4,21649.9
24777,3596,100,5,6854.81
24778,4717,51,3,8341.82
24779,7325,77,3,23879.21
24780,4055,52,4,26084.73
24781,8746,22,1,18186.29
24782,9902,81,1,37707.89
24783,9977,50,5,27118.65
24784,3235,22,1,18186.29
24785,9498,27,3,8040.26
24786,1848,89,1,4655.22
24787,7633,99,2,16689.48
24788,8800,80,1,27401.27
24789,7977,86,3,15173.3
24790,8464,85,1,7335.47
24791,9891,33,2,21649.9
24792,6064,74,2,41552.59
24793,9704,47,5,23383.27
24794,54,108,3,13549.63
24795,1557,42,5,21976.79
24796,3756,43,1,14873.86
24797,3999,108,3,13549.63
24798,7781,18,4,73820.52
24799,4896,6,3,48408.63
24800,4044,2,4,4930.4
24801,2782,67,1,22314.95
24802,5240,93,1,11413.05
24803,3276,119,2,19868.15
24804,8539,58,5,27146.74
24805,385,87,3,45649.01
24806,2010,43,5,14873.86
24807,2026,114,3,5726.03
24808,2132,129,2,577.07
24809,3760,146,2,1905.39
24810,6475,5,3,84081.85
24811,5049,39,1,33931.85
24812,1869,128,1,9263.29
24813,4084,4,2,39584.54
24814,5341,32,3,18206.86
24815,9275,40,1,19403.2
24816,8176,9,4,19098.4
24817,129,89,2,4655.22
24818,6327,9,2,19098.4
24819,5012,20,3,81513.85
24820,3554,85,5,7335.47
24821,8552,104,1,6130.95
24822,1666,62,5,6674.42
24823,6000,73,3,37272.06
24824,9874,90,4,2864.12
24825,529,10,3,38310.2
24826,4853,81,5,37707.89
24827,4162,63,3,29768.75
24828,9196,20,4,81513.85
24829,1392,119,3,19868.15
24830,5337,5,1,84081.85
24831,6407,74,3,41552.59
24832,7487,105,1,8125.8
24833,4998,98,4,12384.57
24834,3723,72,5,49059.06
24835,4317,118,2,9811.84
24836,2984,69,2,52834.09
24837,5167,35,3,33010.69
24838,353,47,2,23383.27
24839,9087,139,5,4159.23
24840,8403,43,3,14873.86
24841,5266,4,1,39584.54
24842,5670,3,1,28995.64
24843,3324,78,4,26923.68
24844,8453,55,4,18034.1
24845,1925,120,1,24465.41
24846,5683,70,3,3243.71
24847,876,127,5,1177.88
24848,2357,149,4,14866.1
24849,827,59,2,13085.83
24850,8498,13,4,54402.04
24851,5338,118,4,9811.84
24852,4929,25,3,53524.51
24853,382,6,3,48408.63
24854,200,20,4,81513.85
24855,4896,35,4,33010.69
24856,1886,33,2,21649.9
24857,8840,42,3,21976.79
24858,8299,84,2,5359.51
24859,7849,132,2,3011.07
24860,6353,17,3,36162.26
24861,9318,3,1,28995.64
24862,3422,121,4,6772.08
24863,5465,99,2,16689.48
24864,9969,26,2,72907.28
24865,5794,7,3,23330.83
24866,8993,47,4,23383.27
24867,6790,43,5,14873.86
24868,2597,90,4,2864.12
24869,4629,61,4,44878.78
24870,3364,82,4,23327.1
24871,5059,132,3,3011.07
24872,5816,105,5,8125.8
24873,7755,104,2,6130.95
24874,1094,92,1,2654.0
24875,5930,48,1,12824.52
24876,1341,134,1,4785.68
24877,5098,38,3,30726.82
24878,1425,1,3,52539.0
24879,5456,20,4,81513.85
24880,9015,41,3,30082.04
24881,3339,62,2,6674.42
24882,8532,119,1,19868.15
24883,9467,95,5,15378.47
24884,1750,51,2,8341.82
24885,4801,141,1,701.97
24886,2754,147,1,14301.36
24887,6896,70,4,3243.71
24888,8121,106,1,19681.04
24889,516,40,5,19403.2
24890,7037,121,5,6772.08
24891,320,6,2,48408.63
24892,4486,59,1,13085.83
24893,7769,67,5,22314.95
24894,2368,95,1,15378.47
24895,8144,119,4,19868.15
24896,442,92,4,2654.0
24897,6185,96,4,6710.71
24898,7892,8,2,58505.04
24899,3856,62,1,6674.42
24900,5559,102,2,18592.29
24901,7243,139,2,4159.23
24902,9374,48,5,12824.52
24903,9686,137,2,11390.83
24904,4583,28,2,54101.33
24905,980,63,3,29768.75
24906,1464,142,3,12489.82
24907,4572,35,1,33010.69
24908,5733,139,1,4159.23
24909,9151,18,5,73820.52
24910,364,119,5,19868.15
24911,6375,122,3,6970.32
24912,4668,6,4,48408.63
24913,9743,82,5,23327.1
24914,234,5,5,84081.85
24915,6420,95,5,15378.47
24916,8009,124,2,796.22
24917,4765,94,5,1858.01
24918,1343,134,2,4785.68
24919,4230,72,3,49059.06
24920,4264,28,4,54101.33
24921,4721,123,2,612.96
24922,8498,129,1,577.07
24923,371,59,5,13085.83
24924,1722,69,1,52834.09
24925,5229,86,2,15173.3
24926,4609,91,4,6848.12
24927,8898,47,2,23383.27
24928,1609,83,4,21901.29
24929,7354,74,2,41552.59
24930,6663,52,4,26084.73
24931,3993,114,3,5726.03
24932,9662,130,1,5954.55
24933,3075,91,3,6848.12
24934,7148,44,1,19789.04
24935,388,66,1,31441.05
24936,7928,149,4,14866.1
24937,6485,149,4,14866.1
24938,5860,82,4,23327.1
24939,1639,108,1,13549.63
24940,7659,29,1,8346.58
24941,8448,3,5,28995.64
24942,525,94,2,1858.01
24943,2305,140,1,8987.09
24944,6247,147,3,14301.36
24945,8466,99,3,16689.48
24946,3623,79,1,33873.61
24947,5466,37,1,25059.66
24948,1985,98,1,12384.57
24949,3091,71,2,3528.52
24950,2789,121,1,6772.08
24951,4506,148,1,10266.15
24952,8105,47,3,23383.27
24953,1184,99,5,16689.48
24954,3153,95,2,15378.47
24955,1085,81,5,37707.89
24956,5899,110,2,12983.38
24957,8667,21,4,55484.17
24958,9957,106,1,19681.04
24959,6069,102,4,18592.29
24960,8290,80,1,27401.27
24961,9999,68,5,19598.26
24962,7880,60,1,33321.91
24963,3832,86,4,15173.3
24964,975,130,1,5954.55
24965,1519,92,2,2654.0
24966,1548,107,1,21829.1
24967,5189,102,3,18592.29
24968,8808,65,5,8035.55
24969,9220,9,1,19098.4
24970,7062,58,5,27146.74
24971,4442,29,1,8346.58
24972,929,116,5,6378.97
24973,4817,74,3,41552.59
24974,921,97,4,3939.13
24975,9447,94,5,1858.01
24976,214,112,1,17873.14
24977,6051,78,4,26923.68
24978,9973,120,5,24465.41
24979,2980,23,3,49555.53
24980,4955,111,5,9188.58
24981,1107,1,2,52539.0
24982,2475,64,2,17689.49
24983,969,3,3,28995.64
24984,2289,43,1,14873.86
24985,5735,124,5,796.22
24986,4917,94,5,1858.01
24987,1546,54,2,30922.05
24988,7585,36,1,29242.97
24989,9368,120,4,24465.41
24990,2881,116,3,6378.97
24991,6031,132,2,3011.07
24992,1926,19,2,17787.61
24993,7967,96,4,6710.71
24994,3884,9,2,19098.4
24995,8919,99,3,16689.48
24996,9290,144,1,11019.62
24997,7220,27,4,8040.26
24998,781,80,5,27401.27
24999,5422,105,2,8125.8
25000,6385,133,4,8127.63
