order_id,customer_id,employee_id,order_date,order_status
1,1473,146,2025-11-28,Completed
2,781,120,2024-05-02,Cancelled
3,575,175,2024-07-15,Returned
4,1580,139,2024-08-28,Completed
5,80,158,2024-07-15,Completed
6,514,168,2026-05-30,Completed
7,1165,170,2024-10-19,Processing
8,909,119,2023-02-05,Completed
9,76,92,2025-09-10,Processing
10,447,105,2023-04-30,Cancelled
11,567,157,2026-02-03,Returned
12,903,47,2024-06-12,Completed
13,1014,33,2024-04-10,Completed
14,1785,159,2023-04-12,Completed
15,79,48,2025-11-03,Completed
16,86,142,2024-04-11,Returned
17,531,66,2023-02-03,Completed
18,92,154,2024-04-25,Completed
19,1039,114,2023-08-20,Completed
20,418,84,2026-03-14,Processing
21,1395,107,2023-05-27,Completed
22,580,37,2023-02-20,Completed
23,738,86,2025-04-15,Completed
24,1931,76,2026-06-27,Completed
25,92,75,2023-11-04,Completed
26,1248,55,2024-10-03,Completed
27,1520,131,2026-04-05,Cancelled
28,776,150,2023-03-08,Completed
29,781,196,2023-06-10,Returned
30,460,145,2025-10-28,Completed
31,1504,108,2026-01-08,Processing
32,1081,14,2026-05-28,Completed
33,1066,113,2024-10-11,Completed
34,1179,76,2024-05-14,Completed
35,1573,93,2024-04-17,Completed
36,1992,30,2024-05-08,Completed
37,1803,105,2025-01-11,Completed
38,1036,20,2025-01-11,Completed
39,472,115,2025-05-07,Completed
40,1694,33,2026-01-06,Processing
41,835,173,2026-04-12,Completed
42,1630,74,2024-11-30,Completed
43,837,108,2025-10-31,Completed
44,1296,198,2024-02-10,Processing
45,32,43,2023-09-05,Completed
46,1136,183,2025-08-20,Completed
47,70,111,2023-02-19,Returned
48,272,132,2025-12-20,Cancelled
49,726,33,2025-04-03,Completed
50,601,31,2024-11-20,Completed
51,1263,28,2023-04-03,Completed
52,727,115,2025-04-17,Completed
53,1710,112,2024-08-15,Completed
54,1503,47,2026-04-22,Completed
55,1835,2,2026-04-30,Completed
56,1330,117,2025-02-15,Completed
57,1042,185,2026-04-19,Cancelled
58,199,60,2024-08-31,Completed
59,1156,133,2025-12-11,Completed
60,1901,110,2024-08-07,Completed
61,1551,46,2023-10-21,Processing
62,1505,188,2024-03-07,Completed
63,1178,158,2024-10-05,Completed
64,340,31,2024-08-12,Completed
65,459,44,2024-08-13,Returned
66,1544,28,2024-04-19,Completed
67,424,142,2025-11-07,Completed
68,1849,11,2026-01-10,Processing
69,14,126,2023-02-22,Completed
70,1929,147,2025-05-23,Completed
71,1702,117,2024-08-27,Completed
72,1883,31,2025-06-29,Completed
73,178,36,2024-07-24,Returned
74,1646,21,2024-03-31,Completed
75,1039,86,2024-07-19,Completed
76,1051,173,2023-06-01,Processing
77,79,111,2023-07-25,Completed
78,1724,143,2023-03-14,Completed
79,504,36,2026-04-15,Processing
80,451,173,2024-02-05,Completed
81,993,48,2025-10-14,Completed
82,1301,23,2025-11-23,Completed
83,138,126,2026-02-16,Completed
84,365,10,2025-05-06,Completed
85,1293,150,2024-04-25,Completed
86,1087,169,2024-01-04,Processing
87,1793,75,2025-09-20,Processing
88,804,154,2025-01-01,Completed
89,198,57,2023-08-19,Completed
90,916,84,2024-05-21,Completed
91,952,82,2023-08-21,Completed
92,1444,33,2025-09-17,Completed
93,1408,61,2023-03-01,Completed
94,441,105,2023-05-05,Processing
95,536,173,2024-10-12,Completed
96,906,109,2025-03-27,Cancelled
97,550,125,2024-03-24,Completed
98,94,79,2025-07-05,Completed
99,1794,43,2026-01-02,Processing
100,226,158,2026-06-04,Completed
101,1106,6,2023-02-13,Completed
102,1444,86,2024-12-23,Completed
103,101,133,2024-03-07,Completed
104,322,138,2025-03-21,Completed
105,331,96,2024-11-09,Completed
106,1502,64,2023-01-28,Processing
107,1547,135,2023-07-29,Completed
108,994,11,2023-11-18,Completed
109,472,162,2024-05-21,Completed
110,254,97,2025-03-31,Processing
111,1796,70,2023-06-23,Completed
112,1479,181,2025-04-30,Completed
113,1701,139,2026-05-23,Completed
114,1205,101,2024-02-02,Processing
115,1608,83,2025-05-20,Completed
116,619,71,2025-07-28,Completed
117,1986,168,2026-03-26,Completed
118,880,24,2024-03-31,Completed
119,990,73,2025-12-28,Completed
120,36,128,2025-03-17,Processing
121,1464,28,2025-07-15,Completed
122,51,102,2024-04-20,Completed
123,1154,28,2024-09-28,Completed
124,1291,22,2023-07-15,Completed
125,1772,126,2026-04-30,Completed
126,826,158,2025-08-27,Completed
127,1161,195,2024-04-21,Processing
128,517,106,2024-09-29,Processing
129,75,83,2026-03-03,Completed
130,12,69,2024-03-04,Processing
131,1118,128,2024-10-03,Completed
132,945,182,2025-09-16,Completed
133,1515,188,2023-06-16,Completed
134,159,97,2023-09-18,Completed
135,1533,32,2023-12-07,Completed
136,1991,30,2023-03-21,Completed
137,1283,135,2025-09-24,Completed
138,1121,108,2025-03-28,Completed
139,892,76,2024-07-09,Completed
140,1822,96,2026-02-28,Completed
141,595,134,2024-02-23,Returned
142,761,133,2026-05-23,Completed
143,432,85,2023-10-05,Completed
144,1699,122,2023-01-21,Completed
145,308,121,2023-05-18,Completed
146,385,52,2023-07-12,Completed
147,194,16,2025-08-17,Completed
148,718,163,2026-02-19,Completed
149,29,50,2024-07-16,Processing
150,1778,110,2026-04-11,Completed
151,1571,104,2024-06-05,Completed
152,1351,52,2023-06-08,Completed
153,1497,56,2024-07-27,Completed
154,210,33,2025-12-05,Completed
155,785,85,2026-03-24,Completed
156,1980,189,2026-06-15,Completed
157,6,60,2024-03-19,Cancelled
158,1260,38,2023-10-21,Completed
159,1,83,2023-06-09,Completed
160,1654,113,2025-05-21,Completed
161,1025,195,2023-08-29,Completed
162,773,199,2025-02-28,Completed
163,1718,134,2024-10-11,Completed
164,1240,55,2023-12-07,Processing
165,1457,37,2025-06-14,Completed
166,1424,65,2023-09-04,Processing
167,1336,90,2023-12-31,Processing
168,1752,120,2024-12-09,Completed
169,1147,49,2025-02-22,Completed
170,1532,3,2024-02-06,Completed
171,400,2,2026-04-15,Completed
172,1866,95,2024-06-03,Cancelled
173,1243,70,2023-03-10,Completed
174,981,102,2023-03-31,Completed
175,118,147,2023-03-04,Returned
176,1295,117,2025-10-01,Completed
177,1792,166,2026-01-22,Completed
178,60,157,2023-11-10,Processing
179,270,22,2025-05-09,Completed
180,1306,182,2023-05-08,Completed
181,1115,72,2024-02-02,Completed
182,35,86,2024-10-10,Cancelled
183,1202,185,2025-01-20,Completed
184,1361,104,2025-05-02,Completed
185,1690,195,2025-10-24,Completed
186,172,45,2025-06-27,Completed
187,407,177,2025-11-01,Completed
188,1530,1,2024-09-29,Completed
189,242,88,2025-08-12,Processing
190,177,145,2025-08-06,Completed
191,186,47,2023-06-26,Completed
192,1284,6,2023-12-13,Completed
193,768,118,2023-06-16,Completed
194,1395,165,2024-01-27,Completed
195,777,181,2024-08-10,Completed
196,1158,81,2025-04-27,Processing
197,559,52,2023-12-29,Completed
198,901,68,2023-07-09,Completed
199,745,90,2025-12-07,Processing
200,1408,44,2023-03-17,Completed
201,1102,146,2024-03-07,Completed
202,1661,175,2024-08-14,Completed
203,1984,129,2026-02-03,Completed
204,1584,54,2024-06-12,Completed
205,65,30,2025-11-24,Completed
206,974,36,2025-08-14,Completed
207,1155,97,2026-04-20,Completed
208,215,162,2025-01-04,Completed
209,974,86,2024-11-20,Cancelled
210,384,92,2024-09-19,Completed
211,382,193,2023-02-14,Processing
212,935,152,2026-03-25,Completed
213,970,63,2024-06-01,Completed
214,989,174,2025-04-01,Completed
215,1903,60,2025-11-04,Completed
216,1586,69,2026-03-28,Completed
217,336,132,2023-12-07,Processing
218,1977,179,2025-12-09,Returned
219,1164,193,2023-10-13,Completed
220,1615,14,2023-07-05,Processing
221,290,89,2025-07-28,Completed
222,2,169,2023-10-30,Processing
223,618,79,2023-06-14,Completed
224,417,112,2023-07-04,Completed
225,1138,199,2025-02-05,Completed
226,706,26,2025-08-22,Completed
227,1432,55,2025-08-25,Processing
228,1447,63,2023-07-16,Completed
229,1563,35,2025-03-29,Processing
230,1679,173,2025-05-19,Completed
231,147,89,2025-09-27,Completed
232,1814,156,2023-12-31,Completed
233,697,129,2023-01-04,Completed
234,816,20,2024-04-16,Completed
235,91,55,2024-09-10,Completed
236,787,168,2024-01-04,Completed
237,638,100,2025-09-11,Completed
238,1956,108,2024-01-03,Completed
239,1060,28,2025-08-10,Completed
240,1501,26,2025-04-08,Completed
241,264,148,2025-11-04,Completed
242,24,125,2025-04-02,Processing
243,621,109,2024-06-13,Completed
244,1653,116,2025-10-25,Processing
245,1459,86,2025-12-31,Completed
246,367,109,2025-12-24,Processing
247,164,39,2023-01-15,Cancelled
248,1450,152,2024-06-12,Completed
249,1259,187,2025-07-20,Completed
250,577,11,2023-09-06,Completed
251,103,154,2025-01-26,Completed
252,1383,76,2023-02-18,Completed
253,601,92,2025-05-04,Completed
254,610,163,2023-03-14,Completed
255,1499,10,2025-12-24,Completed
256,173,137,2023-07-13,Completed
257,1297,127,2025-06-01,Completed
258,939,177,2026-06-18,Cancelled
259,1851,188,2025-12-08,Completed
260,157,84,2025-02-02,Completed
261,1483,164,2023-07-27,Completed
262,1486,21,2024-11-22,Completed
263,866,103,2023-02-15,Returned
264,527,185,2023-06-12,Returned
265,1626,50,2026-03-15,Returned
266,1261,132,2026-01-09,Completed
267,101,96,2026-03-20,Completed
268,1916,112,2024-07-16,Completed
269,1376,12,2026-05-23,Cancelled
270,1389,73,2024-07-12,Completed
271,39,107,2023-09-23,Completed
272,1227,163,2024-10-13,Completed
273,38,182,2024-10-26,Completed
274,590,187,2026-06-01,Completed
275,1301,153,2024-11-04,Completed
276,1905,143,2023-01-26,Completed
277,710,114,2023-11-07,Processing
278,1022,54,2025-12-26,Completed
279,524,104,2023-03-08,Returned
280,1294,125,2026-02-23,Completed
281,1532,136,2025-01-26,Completed
282,646,116,2025-08-15,Completed
283,1198,43,2024-12-21,Completed
284,1567,6,2024-08-04,Completed
285,481,97,2026-01-05,Completed
286,1944,32,2023-07-18,Completed
287,227,147,2024-08-15,Processing
288,1571,200,2025-04-01,Completed
289,1539,56,2025-05-06,Completed
290,1578,93,2023-08-05,Processing
291,651,129,2026-01-01,Completed
292,1760,104,2025-10-10,Completed
293,1894,116,2023-11-18,Completed
294,7,137,2024-11-15,Completed
295,1400,26,2025-02-24,Completed
296,1996,108,2025-04-20,Completed
297,1268,58,2023-10-11,Completed
298,165,154,2026-03-14,Cancelled
299,666,157,2024-05-26,Completed
300,967,176,2023-07-06,Completed
301,1232,168,2025-03-08,Completed
302,396,42,2025-07-26,Completed
303,491,45,2025-08-25,Completed
304,601,17,2023-03-05,Completed
305,941,63,2026-05-20,Returned
306,1632,46,2025-08-02,Completed
307,1646,155,2024-11-09,Completed
308,1479,18,2023-01-15,Completed
309,833,134,2025-08-20,Completed
310,855,67,2026-01-05,Completed
311,1244,166,2025-12-29,Completed
312,1696,186,2023-05-03,Processing
313,1697,186,2023-03-23,Completed
314,1900,131,2025-06-20,Processing
315,213,38,2024-06-21,Processing
316,229,185,2023-12-13,Completed
317,696,37,2024-05-12,Completed
318,199,85,2023-06-01,Processing
319,1007,193,2024-05-16,Completed
320,1412,114,2024-11-08,Completed
321,1164,71,2026-05-02,Processing
322,304,134,2024-08-13,Completed
323,760,145,2025-01-12,Completed
324,1467,41,2026-03-08,Completed
325,1461,113,2024-08-26,Completed
326,1424,33,2023-10-28,Completed
327,787,66,2024-04-11,Processing
328,1195,78,2023-10-31,Completed
329,746,185,2025-11-07,Completed
330,1267,44,2024-12-05,Completed
331,1747,129,2024-10-05,Completed
332,1773,125,2023-12-13,Completed
333,992,98,2023-01-30,Completed
334,634,53,2024-04-04,Completed
335,1594,187,2023-09-02,Completed
336,1022,118,2026-03-12,Cancelled
337,1721,192,2025-12-09,Completed
338,745,171,2023-03-09,Completed
339,1950,85,2025-11-05,Completed
340,1970,137,2026-01-06,Returned
341,115,115,2026-03-06,Completed
342,525,190,2024-01-10,Processing
343,468,177,2025-07-23,Completed
344,1248,69,2026-02-04,Completed
345,390,188,2023-05-11,Completed
346,125,54,2024-04-11,Completed
347,1191,123,2025-08-08,Completed
348,1601,14,2024-10-15,Completed
349,980,30,2025-06-24,Completed
350,205,139,2026-04-22,Completed
351,615,146,2023-01-20,Completed
352,1854,29,2025-06-25,Completed
353,1651,163,2026-06-12,Returned
354,516,194,2025-04-13,Completed
355,1293,46,2024-11-04,Completed
356,582,166,2024-09-05,Processing
357,510,88,2024-07-17,Completed
358,1282,113,2023-08-17,Completed
359,654,131,2025-08-21,Completed
360,135,195,2025-06-03,Completed
361,1766,114,2024-12-02,Completed
362,1685,47,2024-02-01,Processing
363,437,79,2025-10-24,Completed
364,1087,121,2023-07-30,Cancelled
365,431,147,2023-11-13,Completed
366,1570,102,2023-12-18,Completed
367,322,84,2025-11-23,Completed
368,1616,107,2024-07-05,Cancelled
369,967,78,2025-01-29,Completed
370,1489,91,2024-10-07,Completed
371,1154,101,2025-05-04,Processing
372,828,15,2025-04-17,Completed
373,287,117,2024-07-15,Processing
374,415,54,2024-06-08,Processing
375,49,83,2025-05-25,Completed
376,1147,190,2024-02-13,Completed
377,902,71,2023-08-07,Completed
378,667,186,2025-09-09,Completed
379,1989,12,2025-03-09,Completed
380,1243,151,2025-02-07,Completed
381,1310,88,2024-07-19,Completed
382,1892,73,2023-08-16,Completed
383,1536,19,2024-10-26,Processing
384,1790,39,2026-04-22,Completed
385,1151,23,2025-06-16,Completed
386,1120,196,2024-06-17,Completed
387,597,177,2023-02-14,Processing
388,140,180,2024-10-04,Cancelled
389,914,192,2024-03-15,Completed
390,467,118,2025-01-11,Completed
391,1990,181,2024-06-14,Completed
392,1911,6,2023-10-15,Completed
393,876,102,2025-09-23,Processing
394,124,132,2025-02-03,Completed
395,66,130,2024-10-31,Completed
396,1178,86,2023-05-18,Completed
397,1996,143,2023-08-19,Completed
398,1052,23,2026-03-21,Completed
399,391,193,2023-05-30,Processing
400,954,116,2023-11-08,Completed
401,373,166,2026-03-24,Completed
402,1600,178,2025-06-04,Completed
403,602,2,2025-03-09,Completed
404,661,110,2023-11-05,Processing
405,1197,173,2024-10-30,Completed
406,1363,52,2026-03-22,Processing
407,1465,148,2023-11-09,Processing
408,423,79,2024-01-07,Completed
409,1233,11,2023-09-18,Completed
410,142,84,2024-10-07,Completed
411,414,78,2023-12-01,Returned
412,478,56,2024-12-28,Completed
413,1841,113,2023-09-10,Completed
414,1777,191,2024-03-03,Completed
415,899,103,2024-02-11,Processing
416,1209,32,2023-07-10,Completed
417,1185,186,2025-11-23,Completed
418,430,31,2025-09-28,Completed
419,649,107,2024-01-27,Returned
420,1638,130,2025-01-06,Completed
421,230,117,2023-02-03,Completed
422,861,103,2023-07-24,Completed
423,635,17,2025-06-08,Completed
424,1437,22,2025-03-09,Completed
425,1975,71,2024-10-24,Completed
426,510,46,2026-03-02,Completed
427,319,36,2025-08-20,Completed
428,1644,54,2024-08-23,Completed
429,1687,41,2025-05-08,Completed
430,1063,39,2024-01-07,Processing
431,225,42,2023-03-03,Completed
432,827,161,2025-02-03,Completed
433,59,7,2024-11-10,Processing
434,71,189,2023-10-23,Completed
435,773,196,2026-05-10,Completed
436,206,4,2024-12-15,Completed
437,136,29,2025-09-01,Returned
438,1754,138,2025-06-20,Processing
439,1658,164,2023-01-02,Completed
440,1843,66,2023-09-20,Completed
441,749,158,2023-07-17,Completed
442,1703,147,2024-02-06,Completed
443,266,37,2024-04-06,Completed
444,1469,104,2024-08-01,Completed
445,464,65,2024-01-14,Completed
446,1995,119,2026-04-24,Completed
447,1810,69,2023-09-27,Completed
448,1355,38,2026-04-01,Completed
449,1638,99,2023-04-09,Returned
450,30,37,2023-03-11,Completed
451,661,3,2026-03-17,Completed
452,705,49,2026-03-28,Completed
453,440,117,2026-06-26,Completed
454,242,191,2024-07-26,Processing
455,1893,87,2024-11-21,Completed
456,1653,125,2026-01-29,Completed
457,1369,88,2025-11-29,Completed
458,749,110,2023-02-22,Completed
459,466,118,2023-08-16,Completed
460,606,33,2024-12-12,Completed
461,1134,22,2025-10-30,Completed
462,1928,131,2024-02-04,Processing
463,455,199,2023-02-04,Completed
464,725,135,2026-05-15,Completed
465,1087,135,2023-04-07,Completed
466,472,178,2025-12-23,Completed
467,206,175,2023-12-06,Completed
468,1267,58,2023-11-08,Cancelled
469,1249,109,2024-02-19,Completed
470,1985,103,2024-08-30,Cancelled
471,1991,108,2025-09-02,Completed
472,1478,77,2023-01-01,Completed
473,1139,172,2024-09-30,Cancelled
474,1256,153,2023-05-17,Processing
475,288,37,2025-09-11,Processing
476,1653,63,2025-03-12,Completed
477,801,152,2024-02-01,Processing
478,145,58,2024-07-19,Processing
479,253,186,2026-04-14,Completed
480,292,173,2024-07-18,Completed
481,241,134,2024-09-29,Completed
482,1288,154,2025-08-22,Completed
483,612,32,2026-01-13,Completed
484,145,194,2024-11-30,Cancelled
485,84,98,2024-06-07,Completed
486,873,150,2023-12-11,Processing
487,461,134,2023-07-31,Returned
488,1236,154,2025-01-12,Processing
489,1362,127,2025-06-04,Completed
490,216,198,2024-07-27,Cancelled
491,1312,131,2024-11-04,Completed
492,515,92,2023-06-20,Completed
493,1651,125,2024-05-12,Completed
494,1211,112,2024-06-28,Returned
495,1693,182,2025-09-26,Completed
496,1159,97,2026-05-27,Processing
497,1368,98,2023-03-28,Completed
498,1717,165,2023-07-21,Completed
499,1980,196,2024-05-03,Completed
500,1453,155,2025-05-13,Completed
501,82,89,2025-06-20,Completed
502,1071,10,2025-03-27,Completed
503,885,172,2023-02-22,Completed
504,50,162,2024-11-04,Completed
505,845,8,2025-07-24,Completed
506,1399,89,2024-12-22,Completed
507,1606,13,2024-10-26,Completed
508,1301,68,2023-11-25,Completed
509,1769,141,2024-10-21,Processing
510,1600,45,2025-10-20,Completed
511,1263,138,2024-04-11,Processing
512,208,185,2023-07-05,Completed
513,1274,128,2024-01-17,Completed
514,1754,182,2025-09-21,Completed
515,897,93,2023-11-23,Completed
516,229,49,2026-04-06,Cancelled
517,1435,165,2026-02-21,Processing
518,1103,46,2025-03-26,Completed
519,407,24,2023-07-05,Cancelled
520,1359,104,2024-06-23,Completed
521,1092,91,2025-03-23,Cancelled
522,213,189,2024-08-24,Completed
523,169,83,2024-04-05,Processing
524,504,141,2023-11-14,Completed
525,460,178,2024-03-24,Processing
526,902,166,2024-03-18,Completed
527,500,6,2026-06-07,Processing
528,849,143,2026-02-02,Completed
529,382,133,2026-04-04,Completed
530,1820,100,2024-06-19,Processing
531,540,111,2025-01-28,Cancelled
532,1919,61,2024-10-17,Completed
533,1963,178,2023-10-03,Processing
534,1439,64,2026-01-07,Completed
535,1879,130,2025-09-01,Completed
536,1654,155,2024-04-11,Completed
537,1321,142,2024-04-03,Completed
538,1714,14,2025-07-31,Completed
539,1211,112,2023-05-13,Completed
540,919,144,2023-04-28,Completed
541,1447,38,2023-05-11,Completed
542,1473,71,2026-03-12,Cancelled
543,1491,8,2026-05-09,Completed
544,1566,35,2025-03-22,Completed
545,635,138,2024-09-15,Completed
546,1636,131,2025-04-13,Processing
547,1396,151,2024-10-06,Returned
548,109,183,2025-01-03,Completed
549,146,158,2023-05-11,Completed
550,331,188,2024-02-03,Returned
551,1585,195,2024-01-03,Completed
552,1903,127,2023-09-02,Completed
553,1938,104,2026-03-21,Processing
554,781,179,2025-08-29,Processing
555,375,25,2024-09-29,Completed
556,882,65,2025-10-20,Completed
557,823,52,2024-04-09,Returned
558,1297,21,2024-11-26,Processing
559,1073,66,2023-02-11,Completed
560,1141,16,2025-02-03,Completed
561,1974,136,2023-01-26,Completed
562,628,8,2026-03-09,Completed
563,143,45,2024-01-22,Completed
564,373,138,2024-03-23,Completed
565,1400,40,2026-05-13,Completed
566,1826,113,2023-12-30,Completed
567,1678,114,2023-03-04,Completed
568,1101,31,2024-09-30,Completed
569,1399,47,2026-04-23,Completed
570,205,128,2024-01-31,Completed
571,1256,87,2025-07-20,Completed
572,797,115,2023-08-27,Completed
573,505,94,2023-10-17,Returned
574,1006,49,2025-04-07,Completed
575,1878,123,2026-04-25,Processing
576,187,170,2024-10-18,Completed
577,1439,137,2025-12-04,Processing
578,1318,52,2024-08-01,Completed
579,1564,51,2024-08-22,Completed
580,892,97,2023-06-18,Completed
581,214,83,2026-02-23,Completed
582,627,128,2024-08-11,Completed
583,86,49,2023-07-02,Processing
584,1532,147,2026-01-16,Completed
585,1514,13,2025-12-30,Completed
586,621,99,2024-01-21,Returned
587,108,176,2025-06-07,Completed
588,366,131,2025-01-29,Cancelled
589,203,118,2024-01-16,Completed
590,150,183,2024-02-21,Completed
591,1312,157,2023-02-01,Cancelled
592,422,177,2023-08-27,Completed
593,493,169,2024-11-08,Returned
594,1693,59,2025-01-31,Completed
595,291,154,2024-05-19,Completed
596,1807,109,2026-03-14,Completed
597,1926,168,2024-07-12,Completed
598,852,106,2025-02-11,Processing
599,389,200,2025-09-26,Completed
600,1284,178,2025-03-20,Completed
601,920,33,2024-04-01,Completed
602,237,41,2025-09-27,Completed
603,671,43,2024-06-09,Completed
604,587,73,2026-03-13,Completed
605,245,102,2024-02-18,Completed
606,1020,52,2023-09-18,Returned
607,961,123,2023-08-12,Completed
608,1707,100,2024-01-13,Processing
609,1652,18,2024-05-10,Completed
610,898,190,2023-10-20,Completed
611,85,170,2025-10-28,Processing
612,1485,82,2023-03-31,Completed
613,313,88,2024-05-28,Completed
614,411,165,2023-04-26,Completed
615,1940,75,2025-11-01,Completed
616,1285,50,2024-11-18,Completed
617,52,113,2023-05-23,Completed
618,590,143,2023-11-26,Completed
619,651,15,2023-08-17,Completed
620,1095,5,2026-06-20,Completed
621,659,95,2023-03-20,Cancelled
622,1402,60,2023-01-13,Completed
623,120,100,2026-03-07,Processing
624,1561,161,2023-03-14,Completed
625,41,167,2025-09-02,Completed
626,579,176,2026-06-15,Completed
627,1533,61,2025-10-01,Completed
628,1304,117,2025-09-08,Completed
629,1802,93,2024-04-03,Completed
630,1498,45,2025-03-06,Processing
631,754,190,2023-02-12,Processing
632,295,11,2025-07-30,Completed
633,1109,59,2025-04-03,Processing
634,723,54,2025-04-11,Processing
635,944,188,2025-07-15,Returned
636,950,94,2024-11-22,Completed
637,273,186,2025-12-21,Completed
638,1460,49,2026-03-10,Cancelled
639,1494,169,2026-06-21,Cancelled
640,1123,196,2025-04-16,Completed
641,438,101,2023-10-17,Completed
642,1336,116,2024-09-07,Completed
643,409,56,2024-11-22,Processing
644,1351,99,2025-11-25,Completed
645,908,7,2024-02-27,Completed
646,353,70,2026-02-27,Completed
647,1178,51,2023-11-05,Completed
648,504,190,2023-09-25,Completed
649,1911,196,2026-06-08,Completed
650,1794,10,2023-07-18,Completed
651,18,14,2024-11-09,Completed
652,1847,92,2024-02-20,Returned
653,630,17,2025-01-13,Cancelled
654,1195,115,2025-08-30,Completed
655,594,78,2023-07-27,Completed
656,1804,39,2023-12-01,Completed
657,1865,159,2025-04-19,Completed
658,1288,121,2024-07-29,Returned
659,1360,38,2025-06-30,Processing
660,278,98,2025-08-26,Completed
661,1572,6,2026-04-15,Cancelled
662,1198,147,2024-01-08,Processing
663,1988,126,2026-03-06,Processing
664,175,95,2023-05-22,Completed
665,615,174,2025-03-17,Completed
666,1915,172,2024-02-08,Completed
667,1457,22,2024-12-27,Returned
668,1014,5,2026-06-27,Completed
669,347,94,2024-06-01,Completed
670,1066,7,2025-09-29,Cancelled
671,107,167,2024-05-04,Completed
672,887,87,2023-03-24,Completed
673,1556,169,2025-07-27,Completed
674,65,34,2023-01-22,Completed
675,780,52,2025-08-20,Completed
676,1424,173,2024-07-07,Completed
677,1645,132,2025-05-19,Completed
678,272,89,2024-06-19,Completed
679,577,69,2023-06-20,Cancelled
680,174,171,2024-10-14,Processing
681,48,33,2023-08-08,Completed
682,765,17,2023-11-12,Processing
683,1596,23,2023-06-04,Completed
684,1509,88,2026-06-18,Completed
685,1283,118,2024-11-08,Completed
686,116,181,2023-10-12,Cancelled
687,1898,21,2024-01-16,Completed
688,188,1,2025-06-05,Completed
689,1469,21,2025-03-03,Completed
690,395,122,2024-02-09,Completed
691,382,121,2024-08-12,Processing
692,126,114,2024-01-14,Completed
693,361,51,2024-06-23,Processing
694,1179,49,2023-09-11,Completed
695,1738,83,2024-04-11,Completed
696,1713,152,2024-08-30,Completed
697,1312,74,2024-03-22,Completed
698,707,189,2024-05-08,Completed
699,1824,175,2024-05-30,Processing
700,133,16,2023-05-09,Completed
701,1502,16,2026-06-23,Completed
702,1566,184,2025-07-02,Returned
703,1382,23,2024-10-14,Processing
704,1873,93,2026-05-25,Completed
705,1490,82,2025-07-12,Completed
706,984,95,2025-10-20,Processing
707,642,140,2024-01-25,Completed
708,88,177,2024-12-23,Completed
709,946,84,2025-04-05,Processing
710,952,116,2023-11-09,Completed
711,790,108,2023-02-20,Processing
712,782,162,2023-11-02,Completed
713,890,170,2023-12-20,Completed
714,377,56,2023-07-14,Completed
715,307,70,2024-11-21,Completed
716,804,41,2024-09-13,Completed
717,390,125,2026-05-27,Completed
718,1941,41,2025-09-25,Completed
719,218,18,2024-10-24,Completed
720,290,61,2025-11-28,Processing
721,853,126,2023-01-27,Completed
722,694,162,2024-09-28,Completed
723,250,154,2023-09-23,Completed
724,1485,96,2023-09-20,Completed
725,970,17,2023-02-06,Completed
726,505,54,2024-10-30,Cancelled
727,1849,81,2025-09-02,Completed
728,1183,85,2024-02-03,Returned
729,1601,162,2026-03-18,Completed
730,1249,61,2024-05-25,Completed
731,1824,5,2024-10-03,Processing
732,787,193,2023-10-31,Completed
733,1084,126,2025-08-05,Cancelled
734,1940,187,2024-06-28,Completed
735,1593,50,2024-07-19,Completed
736,1593,16,2025-08-28,Completed
737,7,84,2024-12-30,Completed
738,300,70,2024-10-17,Returned
739,1239,138,2024-02-14,Completed
740,1892,153,2026-05-24,Completed
741,125,189,2024-02-04,Processing
742,579,64,2025-02-09,Completed
743,1747,3,2024-09-02,Completed
744,607,7,2023-03-01,Completed
745,864,21,2025-01-24,Processing
746,303,115,2025-02-21,Completed
747,910,195,2024-10-05,Cancelled
748,934,71,2024-02-10,Completed
749,334,151,2023-09-21,Returned
750,254,14,2024-10-30,Completed
751,291,81,2025-02-07,Completed
752,890,166,2024-10-25,Completed
753,1256,195,2023-03-12,Completed
754,1159,194,2026-03-10,Processing
755,115,186,2023-09-28,Completed
756,140,36,2023-11-07,Completed
757,1926,183,2024-04-26,Processing
758,1992,92,2024-11-23,Completed
759,1538,18,2025-10-05,Completed
760,1075,107,2025-03-21,Completed
761,184,54,2025-07-07,Completed
762,1867,67,2024-04-10,Completed
763,1400,143,2023-02-19,Completed
764,1429,58,2025-09-07,Completed
765,1554,60,2023-11-09,Completed
766,662,100,2025-03-21,Completed
767,594,127,2023-02-18,Completed
768,83,52,2026-04-22,Completed
769,1194,126,2023-01-15,Completed
770,1192,95,2025-11-08,Completed
771,312,138,2023-01-16,Completed
772,577,69,2026-02-13,Completed
773,328,52,2026-05-29,Completed
774,670,67,2025-03-15,Completed
775,925,8,2025-07-01,Returned
776,1376,132,2025-04-10,Completed
777,86,100,2023-08-07,Completed
778,1168,189,2024-09-03,Processing
779,1675,78,2025-01-09,Completed
780,1283,59,2026-03-06,Completed
781,49,80,2023-01-26,Processing
782,1763,86,2024-02-27,Cancelled
783,796,185,2024-11-01,Returned
784,1233,193,2023-12-05,Completed
785,1223,74,2024-05-23,Completed
786,1812,1,2023-03-05,Completed
787,23,71,2023-01-01,Completed
788,1493,146,2023-11-23,Completed
789,441,166,2024-01-26,Completed
790,764,20,2024-07-27,Completed
791,610,198,2023-03-13,Completed
792,539,117,2024-02-24,Cancelled
793,1525,175,2023-03-04,Completed
794,231,23,2024-04-25,Processing
795,1188,178,2026-02-15,Completed
796,1440,145,2025-09-09,Completed
797,314,56,2023-05-14,Completed
798,62,10,2025-10-15,Processing
799,845,45,2023-01-28,Processing
800,1345,17,2024-07-29,Completed
801,416,69,2023-02-19,Returned
802,386,61,2025-07-06,Returned
803,91,145,2025-06-10,Returned
804,1001,60,2023-04-07,Completed
805,1225,95,2025-07-23,Completed
806,765,169,2025-01-30,Completed
807,657,189,2024-12-11,Completed
808,823,96,2025-08-15,Processing
809,303,173,2025-10-09,Completed
810,1969,111,2023-06-27,Completed
811,282,86,2025-01-04,Completed
812,1544,139,2023-12-03,Completed
813,1881,161,2023-10-25,Completed
814,1296,191,2023-11-23,Completed
815,1672,53,2025-03-22,Processing
816,1804,29,2025-10-23,Completed
817,213,148,2023-01-09,Cancelled
818,1362,43,2024-04-09,Completed
819,667,188,2025-02-03,Cancelled
820,1072,169,2025-03-15,Completed
821,1536,105,2023-08-06,Completed
822,930,40,2024-01-21,Processing
823,1986,130,2023-08-09,Completed
824,148,178,2024-09-19,Processing
825,621,54,2026-01-14,Completed
826,1669,49,2023-02-18,Completed
827,248,54,2024-01-16,Completed
828,927,31,2025-05-14,Completed
829,22,179,2026-05-08,Completed
830,768,54,2024-09-14,Completed
831,1884,123,2026-06-13,Completed
832,1007,9,2025-10-20,Completed
833,524,180,2025-08-27,Processing
834,1577,26,2025-05-15,Completed
835,719,176,2025-10-01,Completed
836,1972,125,2023-06-27,Completed
837,189,22,2024-05-17,Cancelled
838,932,98,2024-11-21,Completed
839,962,9,2024-10-23,Completed
840,1442,116,2024-03-19,Completed
841,22,176,2023-09-20,Processing
842,1600,8,2025-11-02,Completed
843,372,119,2024-07-16,Completed
844,1895,138,2023-04-10,Completed
845,1430,133,2025-10-02,Cancelled
846,601,42,2023-03-23,Completed
847,874,29,2023-11-14,Completed
848,996,64,2023-01-12,Processing
849,1653,168,2023-12-28,Completed
850,375,58,2024-11-27,Processing
851,469,183,2025-06-29,Completed
852,286,34,2026-05-24,Completed
853,1017,94,2025-05-30,Completed
854,1839,178,2025-01-24,Completed
855,858,122,2023-03-10,Completed
856,1438,109,2023-05-18,Completed
857,1798,171,2025-01-02,Completed
858,1883,63,2023-10-09,Completed
859,177,147,2024-01-18,Completed
860,1119,96,2026-02-15,Completed
861,1989,169,2024-01-15,Completed
862,1147,11,2024-04-20,Completed
863,273,192,2025-03-11,Completed
864,1045,4,2023-08-19,Completed
865,1200,136,2023-01-19,Processing
866,281,82,2024-05-14,Processing
867,387,170,2025-08-30,Completed
868,203,45,2025-03-05,Completed
869,1109,19,2023-10-27,Processing
870,298,195,2023-05-20,Completed
871,149,145,2023-12-04,Completed
872,847,161,2025-01-10,Processing
873,833,16,2025-06-03,Processing
874,1599,102,2023-02-26,Completed
875,1907,96,2025-03-11,Completed
876,1776,58,2023-09-18,Completed
877,1619,131,2025-04-12,Processing
878,1302,41,2024-05-09,Completed
879,1019,198,2023-06-03,Completed
880,855,17,2026-02-24,Completed
881,1592,38,2023-03-23,Completed
882,576,119,2024-11-30,Processing
883,1240,84,2024-09-23,Completed
884,791,194,2026-04-22,Cancelled
885,1240,154,2026-03-21,Completed
886,187,178,2025-09-29,Completed
887,1263,162,2023-05-09,Completed
888,1914,70,2024-08-14,Completed
889,642,83,2024-05-05,Completed
890,1992,79,2024-01-28,Completed
891,843,72,2024-06-24,Completed
892,1350,49,2026-06-09,Processing
893,1410,76,2024-01-25,Completed
894,1133,83,2024-02-23,Completed
895,356,31,2024-08-19,Completed
896,1225,163,2024-11-21,Processing
897,1659,128,2025-02-06,Completed
898,1469,70,2026-03-09,Completed
899,300,66,2026-05-26,Completed
900,1980,97,2026-02-01,Completed
901,387,66,2025-10-10,Cancelled
902,1128,150,2024-07-21,Completed
903,408,69,2023-04-15,Completed
904,1003,153,2023-08-10,Completed
905,642,31,2023-10-14,Completed
906,1557,14,2023-03-26,Completed
907,1124,138,2024-07-03,Processing
908,1896,191,2025-05-16,Completed
909,1353,146,2023-05-03,Completed
910,1279,185,2024-07-21,Completed
911,473,57,2026-06-20,Completed
912,547,142,2024-12-25,Completed
913,1134,150,2024-10-10,Completed
914,1980,99,2024-02-21,Completed
915,1955,42,2023-07-06,Completed
916,1995,70,2025-09-22,Completed
917,1732,105,2024-03-28,Completed
918,340,45,2024-03-27,Completed
919,490,172,2024-09-23,Completed
920,1229,99,2025-07-02,Completed
921,1736,21,2025-04-16,Completed
922,1514,99,2026-06-13,Completed
923,1567,70,2024-02-25,Completed
924,1793,135,2024-12-02,Completed
925,1040,158,2025-03-05,Completed
926,764,37,2023-06-08,Processing
927,1400,97,2023-12-11,Completed
928,644,91,2025-04-09,Completed
929,596,60,2025-02-16,Processing
930,1968,7,2026-02-27,Completed
931,133,116,2023-02-14,Completed
932,737,98,2023-02-11,Completed
933,913,109,2023-07-03,Completed
934,469,69,2025-01-20,Completed
935,346,57,2026-04-14,Completed
936,1088,51,2023-03-16,Completed
937,1558,59,2023-07-04,Completed
938,1425,142,2023-04-13,Completed
939,1909,66,2025-07-16,Completed
940,1759,112,2024-07-24,Completed
941,639,43,2025-12-02,Completed
942,189,159,2023-04-17,Completed
943,1607,190,2023-12-27,Completed
944,1930,109,2023-12-10,Completed
945,1969,51,2026-05-19,Completed
946,208,69,2024-01-02,Completed
947,948,142,2025-01-25,Completed
948,1910,48,2024-05-18,Completed
949,352,197,2024-07-11,Processing
950,1026,130,2023-04-27,Completed
951,100,121,2023-11-16,Completed
952,1248,95,2026-03-21,Completed
953,932,45,2023-08-14,Completed
954,1242,194,2023-03-28,Returned
955,279,1,2024-08-11,Completed
956,1004,174,2025-03-19,Completed
957,828,135,2025-08-13,Cancelled
958,725,156,2026-03-28,Processing
959,1073,105,2023-12-08,Processing
960,259,10,2024-02-28,Completed
961,753,77,2023-08-25,Cancelled
962,784,97,2024-09-05,Completed
963,998,51,2023-02-02,Completed
964,1308,193,2023-10-29,Processing
965,1619,195,2023-10-14,Processing
966,812,63,2023-10-19,Cancelled
967,1851,113,2024-06-01,Completed
968,1460,120,2025-01-30,Completed
969,852,14,2024-05-17,Processing
970,1890,26,2024-08-28,Completed
971,953,99,2025-06-06,Completed
972,727,132,2026-02-03,Completed
973,1779,123,2023-05-19,Completed
974,636,130,2023-12-06,Returned
975,299,191,2026-02-24,Completed
976,1044,56,2025-12-03,Completed
977,827,86,2026-06-09,Completed
978,669,73,2025-01-23,Processing
979,1200,32,2025-06-16,Completed
980,1053,10,2026-01-27,Completed
981,1983,40,2025-02-12,Completed
982,901,188,2024-07-01,Completed
983,1874,51,2023-07-10,Completed
984,808,57,2023-03-27,Completed
985,1953,35,2024-02-03,Completed
986,856,39,2025-05-24,Completed
987,1877,54,2023-01-02,Completed
988,77,68,2025-09-15,Completed
989,1875,43,2025-10-07,Completed
990,942,88,2026-06-17,Processing
991,1958,67,2026-03-27,Completed
992,1846,190,2024-11-08,Completed
993,1079,40,2026-04-22,Completed
994,1652,153,2024-05-17,Processing
995,889,124,2024-07-11,Cancelled
996,616,128,2025-04-08,Returned
997,616,66,2023-08-07,Completed
998,1730,57,2024-05-24,Cancelled
999,1897,26,2026-01-15,Completed
1000,1521,103,2025-05-08,Completed
1001,167,63,2023-11-29,Completed
1002,1902,170,2023-05-16,Cancelled
1003,117,112,2025-04-11,Completed
1004,970,8,2024-11-14,Completed
1005,483,125,2025-10-04,Completed
1006,831,111,2024-04-26,Completed
1007,1648,43,2024-11-19,Completed
1008,1216,97,2023-06-19,Completed
1009,1631,189,2023-01-18,Completed
1010,1009,24,2023-11-08,Completed
1011,364,9,2023-10-01,Returned
1012,752,174,2025-01-01,Completed
1013,339,80,2024-11-07,Completed
1014,1194,22,2023-03-22,Completed
1015,1890,50,2023-12-15,Processing
1016,1005,28,2024-07-01,Completed
1017,1714,135,2023-05-27,Completed
1018,134,119,2026-05-26,Completed
1019,1590,180,2025-11-20,Completed
1020,459,177,2024-08-04,Completed
1021,694,171,2023-11-30,Processing
1022,735,131,2024-09-19,Completed
1023,1669,103,2025-05-06,Processing
1024,1735,80,2024-10-30,Completed
1025,305,181,2023-11-14,Completed
1026,1204,31,2023-10-30,Returned
1027,259,39,2023-05-31,Processing
1028,1409,82,2026-04-01,Completed
1029,892,105,2023-09-09,Completed
1030,1376,142,2026-04-18,Cancelled
1031,430,122,2023-03-11,Completed
1032,393,89,2023-05-16,Completed
1033,1748,65,2025-03-08,Processing
1034,950,169,2025-03-25,Completed
1035,1671,84,2025-05-14,Completed
1036,1875,193,2026-03-06,Completed
1037,1605,43,2024-05-28,Completed
1038,1794,86,2023-10-31,Processing
1039,492,132,2026-05-21,Returned
1040,1859,52,2024-01-05,Completed
1041,19,162,2025-01-08,Processing
1042,764,87,2023-01-06,Completed
1043,1689,129,2024-02-18,Completed
1044,1394,169,2025-10-31,Completed
1045,1822,136,2026-04-24,Cancelled
1046,403,112,2023-03-22,Returned
1047,1211,141,2024-08-17,Returned
1048,935,12,2024-08-05,Completed
1049,1207,161,2023-05-09,Processing
1050,855,119,2026-05-31,Completed
1051,646,152,2024-04-01,Completed
1052,1826,167,2023-03-21,Completed
1053,1187,66,2025-03-19,Completed
1054,470,11,2024-03-30,Completed
1055,5,111,2023-04-08,Processing
1056,561,138,2026-01-24,Completed
1057,1779,188,2024-09-19,Completed
1058,1018,149,2024-03-13,Completed
1059,589,200,2023-08-26,Cancelled
1060,797,144,2024-11-03,Completed
1061,411,4,2025-05-29,Completed
1062,503,123,2023-02-12,Completed
1063,1535,188,2024-06-12,Completed
1064,1376,66,2025-05-01,Cancelled
1065,418,187,2023-12-02,Completed
1066,1909,74,2024-09-25,Completed
1067,1309,18,2023-06-06,Processing
1068,1748,1,2024-05-05,Processing
1069,1627,195,2024-07-07,Completed
1070,925,87,2023-09-06,Processing
1071,1597,137,2025-08-10,Completed
1072,1369,158,2024-07-23,Completed
1073,189,91,2023-12-28,Processing
1074,1117,65,2023-02-07,Processing
1075,1625,197,2023-06-26,Completed
1076,701,42,2025-12-05,Completed
1077,1894,194,2024-12-20,Completed
1078,798,194,2025-06-04,Processing
1079,1589,104,2024-03-10,Completed
1080,1306,124,2026-04-15,Returned
1081,1526,59,2025-10-09,Processing
1082,794,83,2025-01-25,Processing
1083,75,116,2024-01-21,Completed
1084,36,171,2025-02-01,Completed
1085,1536,2,2024-10-07,Completed
1086,1727,25,2026-05-02,Completed
1087,239,152,2023-10-06,Completed
1088,1130,186,2024-11-28,Completed
1089,67,164,2024-10-11,Completed
1090,1684,109,2024-08-23,Processing
1091,113,77,2023-10-08,Processing
1092,314,72,2024-11-27,Returned
1093,1998,136,2025-01-15,Completed
1094,1513,77,2025-04-13,Completed
1095,584,84,2024-01-14,Processing
1096,1908,135,2026-05-19,Processing
1097,743,30,2023-07-14,Processing
1098,652,32,2024-01-10,Completed
1099,1640,21,2024-04-19,Completed
1100,1724,195,2026-01-31,Cancelled
1101,164,183,2026-01-29,Processing
1102,1119,77,2026-02-05,Completed
1103,1834,104,2023-03-25,Cancelled
1104,861,24,2024-11-13,Completed
1105,281,18,2023-07-13,Completed
1106,1826,123,2023-03-29,Processing
1107,832,139,2023-08-07,Completed
1108,1925,144,2024-05-22,Completed
1109,380,167,2026-03-11,Completed
1110,35,121,2024-03-23,Completed
1111,1961,175,2025-11-09,Returned
1112,11,175,2025-12-07,Completed
1113,1495,199,2024-01-20,Completed
1114,122,111,2024-03-08,Completed
1115,395,136,2024-08-22,Completed
1116,1995,152,2025-04-22,Completed
1117,511,158,2023-09-13,Completed
1118,1240,128,2023-01-03,Completed
1119,392,192,2024-06-02,Completed
1120,1668,165,2026-04-03,Returned
1121,510,34,2023-03-24,Returned
1122,1526,12,2023-05-28,Completed
1123,447,71,2023-08-19,Completed
1124,431,184,2023-08-15,Completed
1125,700,53,2025-07-04,Completed
1126,1328,32,2025-01-25,Returned
1127,776,169,2025-11-28,Completed
1128,413,163,2023-10-26,Completed
1129,386,171,2024-05-12,Completed
1130,561,112,2023-04-11,Completed
1131,950,41,2023-05-06,Completed
1132,1074,75,2024-02-22,Completed
1133,589,37,2024-08-03,Completed
1134,1576,4,2025-08-27,Completed
1135,931,90,2024-09-12,Completed
1136,412,177,2024-07-18,Returned
1137,553,42,2025-09-10,Completed
1138,274,5,2024-04-25,Completed
1139,449,142,2025-11-09,Cancelled
1140,225,69,2025-01-29,Completed
1141,203,70,2025-11-23,Completed
1142,42,17,2026-03-07,Completed
1143,580,65,2024-05-15,Processing
1144,1177,136,2024-01-10,Completed
1145,1083,1,2023-11-02,Completed
1146,1413,198,2026-02-08,Completed
1147,3,124,2024-02-01,Completed
1148,628,185,2025-05-20,Completed
1149,557,151,2024-02-13,Completed
1150,1725,155,2026-03-03,Completed
1151,779,121,2024-02-06,Completed
1152,1757,87,2024-12-31,Processing
1153,1091,86,2025-10-06,Completed
1154,1152,5,2023-06-06,Completed
1155,281,60,2025-04-21,Completed
1156,845,137,2023-05-29,Completed
1157,1999,141,2025-06-22,Completed
1158,440,56,2025-01-29,Completed
1159,24,151,2025-04-17,Returned
1160,1317,151,2025-07-10,Completed
1161,1892,61,2026-06-06,Completed
1162,513,154,2026-01-04,Cancelled
1163,494,12,2025-09-01,Completed
1164,1347,194,2023-01-14,Processing
1165,444,106,2024-11-08,Completed
1166,1194,59,2026-03-24,Completed
1167,1427,90,2024-12-31,Completed
1168,337,7,2023-07-19,Completed
1169,1367,71,2024-01-30,Processing
1170,480,189,2023-04-03,Completed
1171,429,51,2023-09-29,Completed
1172,1356,116,2024-04-07,Completed
1173,242,186,2024-02-23,Completed
1174,1803,195,2024-09-05,Completed
1175,130,41,2025-08-28,Completed
1176,768,9,2025-12-27,Completed
1177,1829,108,2023-08-11,Processing
1178,434,19,2023-11-11,Completed
1179,470,180,2023-12-07,Completed
1180,1462,143,2025-12-23,Processing
1181,1879,150,2024-11-06,Completed
1182,1218,137,2026-03-07,Returned
1183,871,45,2026-06-05,Completed
1184,533,156,2024-03-14,Completed
1185,606,97,2026-01-01,Cancelled
1186,1792,149,2023-08-25,Cancelled
1187,471,189,2025-12-28,Completed
1188,809,167,2026-04-04,Completed
1189,369,138,2024-04-19,Completed
1190,104,131,2026-05-27,Processing
1191,495,138,2026-02-05,Completed
1192,1101,24,2024-06-15,Completed
1193,279,46,2023-04-01,Completed
1194,1717,53,2023-10-14,Completed
1195,184,133,2023-10-30,Completed
1196,865,185,2026-01-24,Completed
1197,660,118,2023-12-04,Returned
1198,692,8,2023-03-09,Processing
1199,1588,171,2023-02-19,Completed
1200,338,194,2026-04-14,Completed
1201,390,124,2023-07-21,Processing
1202,1104,166,2025-01-30,Processing
1203,1533,155,2023-02-22,Returned
1204,641,98,2023-08-24,Completed
1205,1542,75,2024-06-18,Completed
1206,1665,38,2026-05-14,Completed
1207,589,126,2025-12-05,Completed
1208,1689,196,2024-08-14,Completed
1209,87,81,2025-02-16,Completed
1210,891,120,2023-02-23,Completed
1211,6,170,2024-06-19,Completed
1212,1304,88,2023-07-01,Completed
1213,564,136,2023-11-04,Completed
1214,252,61,2025-04-25,Processing
1215,1048,59,2024-10-20,Completed
1216,750,80,2023-12-15,Completed
1217,86,142,2023-03-22,Completed
1218,833,54,2024-05-07,Completed
1219,1258,143,2025-07-31,Completed
1220,35,198,2025-12-12,Completed
1221,125,69,2023-04-07,Processing
1222,518,136,2023-09-12,Cancelled
1223,1513,2,2024-06-19,Completed
1224,1971,165,2023-12-30,Cancelled
1225,1021,64,2025-11-22,Completed
1226,1565,49,2025-12-18,Completed
1227,549,63,2023-11-14,Completed
1228,820,159,2024-08-27,Completed
1229,1322,172,2024-09-21,Completed
1230,43,63,2025-05-09,Completed
1231,1486,136,2025-06-01,Completed
1232,1968,200,2024-05-30,Completed
1233,84,100,2024-08-20,Completed
1234,727,193,2025-02-04,Processing
1235,87,48,2025-04-05,Completed
1236,756,88,2026-01-18,Completed
1237,1965,187,2023-02-17,Completed
1238,631,106,2024-07-27,Completed
1239,1967,136,2025-10-31,Processing
1240,1497,28,2025-01-24,Completed
1241,1026,133,2024-01-01,Completed
1242,1992,35,2025-08-11,Processing
1243,127,173,2024-11-27,Completed
1244,1309,15,2024-08-19,Completed
1245,443,54,2024-12-28,Processing
1246,528,151,2024-10-07,Completed
1247,455,37,2023-07-29,Completed
1248,1229,117,2025-12-13,Completed
1249,1613,32,2026-01-19,Completed
1250,407,62,2026-04-30,Completed
1251,406,127,2024-03-19,Completed
1252,662,58,2023-03-22,Processing
1253,1482,20,2023-06-21,Processing
1254,1018,195,2024-11-01,Completed
1255,1968,129,2025-04-13,Completed
1256,1075,3,2023-01-22,Completed
1257,55,8,2026-04-15,Completed
1258,850,29,2026-01-30,Processing
1259,1073,4,2024-05-15,Completed
1260,1305,180,2025-10-15,Completed
1261,1686,153,2023-09-03,Cancelled
1262,1807,159,2024-03-13,Completed
1263,1623,89,2023-10-02,Completed
1264,1237,19,2023-09-10,Completed
1265,1178,74,2023-08-11,Completed
1266,474,102,2025-12-21,Completed
1267,55,151,2023-10-13,Completed
1268,1670,186,2023-11-19,Completed
1269,1036,38,2023-05-31,Completed
1270,687,87,2025-05-06,Completed
1271,1913,10,2024-08-25,Completed
1272,835,192,2023-03-29,Completed
1273,1594,87,2024-05-01,Cancelled
1274,878,112,2023-04-05,Completed
1275,239,192,2023-09-21,Processing
1276,37,11,2024-01-31,Completed
1277,417,93,2025-03-10,Processing
1278,182,196,2023-02-25,Completed
1279,934,19,2024-10-18,Completed
1280,360,197,2024-03-23,Processing
1281,729,14,2025-05-30,Completed
1282,894,147,2023-08-11,Completed
1283,994,109,2026-02-23,Cancelled
1284,1273,54,2025-12-10,Completed
1285,1973,11,2023-08-26,Completed
1286,1136,2,2025-12-16,Processing
1287,702,77,2024-05-01,Processing
1288,1870,141,2025-12-18,Completed
1289,435,60,2025-02-05,Completed
1290,110,27,2025-01-28,Completed
1291,37,156,2023-04-08,Completed
1292,1157,149,2023-05-13,Completed
1293,373,5,2025-07-16,Completed
1294,340,104,2026-05-09,Completed
1295,1282,108,2026-03-18,Processing
1296,1346,76,2026-02-05,Completed
1297,1230,191,2025-07-23,Processing
1298,606,38,2026-01-01,Completed
1299,1305,146,2024-05-23,Completed
1300,211,76,2023-02-13,Processing
1301,1167,159,2024-02-03,Processing
1302,222,48,2024-04-01,Processing
1303,1590,111,2025-04-07,Completed
1304,1921,15,2025-04-15,Completed
1305,1143,122,2023-11-14,Completed
1306,937,196,2025-05-05,Completed
1307,357,192,2024-03-18,Completed
1308,1484,59,2025-11-30,Completed
1309,1373,170,2026-05-18,Completed
1310,1841,134,2023-10-11,Processing
1311,1551,5,2024-08-06,Processing
1312,1967,105,2023-08-30,Cancelled
1313,1160,157,2025-06-08,Completed
1314,1648,38,2025-04-11,Processing
1315,1116,174,2023-10-28,Completed
1316,192,141,2025-02-22,Completed
1317,834,162,2023-05-30,Completed
1318,987,110,2023-07-21,Processing
1319,1654,136,2024-10-04,Completed
1320,1892,193,2023-09-04,Processing
1321,1592,69,2025-03-27,Completed
1322,1204,198,2024-09-28,Completed
1323,1842,11,2023-03-02,Completed
1324,459,1,2023-01-14,Completed
1325,801,100,2023-05-09,Completed
1326,1564,100,2025-10-28,Completed
1327,1369,50,2026-06-07,Processing
1328,1687,7,2023-04-09,Completed
1329,115,157,2024-07-25,Completed
1330,1243,19,2024-10-20,Completed
1331,1585,46,2025-12-04,Processing
1332,1945,114,2025-04-22,Completed
1333,1495,95,2024-03-27,Completed
1334,35,127,2025-06-21,Completed
1335,801,42,2023-04-30,Processing
1336,1487,104,2025-04-23,Completed
1337,706,5,2026-02-11,Completed
1338,1008,186,2025-08-29,Cancelled
1339,330,145,2026-05-17,Processing
1340,540,6,2025-03-24,Completed
1341,539,18,2024-02-04,Completed
1342,476,23,2023-09-29,Completed
1343,1906,44,2024-02-19,Cancelled
1344,822,28,2025-08-14,Cancelled
1345,951,3,2024-02-24,Completed
1346,161,155,2023-12-01,Completed
1347,449,193,2025-05-14,Processing
1348,1372,82,2023-09-29,Completed
1349,1175,89,2025-02-09,Completed
1350,917,20,2026-01-21,Completed
1351,1214,13,2023-12-12,Completed
1352,289,102,2024-08-25,Completed
1353,1675,25,2025-06-02,Completed
1354,109,61,2025-07-14,Completed
1355,1704,27,2025-03-26,Completed
1356,1900,37,2025-08-06,Completed
1357,349,48,2023-06-03,Processing
1358,1309,24,2025-10-03,Completed
1359,374,27,2024-02-01,Completed
1360,1995,108,2023-12-18,Completed
1361,1505,126,2026-05-27,Completed
1362,873,60,2026-01-09,Processing
1363,1737,132,2023-12-29,Completed
1364,653,105,2023-03-01,Completed
1365,1537,116,2023-02-16,Processing
1366,1206,140,2025-05-27,Completed
1367,244,117,2025-09-06,Completed
1368,1922,128,2024-04-28,Completed
1369,1654,38,2023-02-01,Processing
1370,771,139,2023-10-22,Completed
1371,351,47,2024-04-03,Completed
1372,1381,41,2023-06-26,Completed
1373,1351,94,2023-01-31,Completed
1374,917,27,2024-06-26,Completed
1375,1501,19,2025-12-06,Processing
1376,357,19,2026-03-14,Completed
1377,815,117,2026-05-01,Completed
1378,1095,198,2024-07-03,Completed
1379,1248,139,2024-08-14,Processing
1380,1952,41,2023-09-17,Processing
1381,1636,9,2026-05-24,Completed
1382,1111,111,2026-05-10,Completed
1383,598,166,2023-09-24,Processing
1384,692,189,2026-06-02,Completed
1385,136,166,2023-06-22,Completed
1386,1283,140,2025-11-05,Returned
1387,1539,10,2025-06-22,Completed
1388,367,61,2026-01-19,Completed
1389,979,51,2026-01-09,Completed
1390,1913,158,2025-07-14,Completed
1391,160,158,2023-05-11,Completed
1392,945,127,2026-06-04,Completed
1393,1110,39,2026-03-22,Completed
1394,1472,40,2023-09-23,Completed
1395,402,127,2023-03-20,Completed
1396,1396,135,2023-01-02,Completed
1397,1398,161,2024-05-01,Completed
1398,552,8,2025-01-08,Completed
1399,1269,85,2025-07-24,Completed
1400,1379,32,2023-12-10,Processing
1401,361,200,2024-12-02,Completed
1402,374,135,2025-03-16,Completed
1403,402,36,2024-12-23,Completed
1404,1308,64,2023-09-30,Completed
1405,1735,69,2025-03-12,Processing
1406,399,140,2026-03-18,Completed
1407,337,67,2023-06-13,Completed
1408,1560,87,2025-09-16,Cancelled
1409,704,100,2023-12-10,Completed
1410,1938,151,2024-03-29,Completed
1411,1246,176,2025-01-27,Completed
1412,1925,130,2023-08-06,Completed
1413,757,94,2023-02-22,Completed
1414,539,99,2026-02-18,Completed
1415,657,194,2025-09-25,Processing
1416,460,2,2024-02-02,Completed
1417,246,173,2025-11-15,Completed
1418,1705,29,2025-09-12,Completed
1419,97,51,2025-12-04,Completed
1420,552,10,2023-06-26,Completed
1421,630,23,2024-10-28,Completed
1422,670,84,2024-02-19,Completed
1423,356,94,2026-06-22,Processing
1424,975,187,2025-12-10,Completed
1425,873,115,2024-10-11,Completed
1426,1272,69,2023-11-03,Processing
1427,581,198,2023-06-28,Processing
1428,364,117,2025-02-23,Completed
1429,250,179,2026-04-26,Completed
1430,124,155,2023-09-27,Completed
1431,740,34,2024-04-26,Completed
1432,1755,197,2024-12-14,Completed
1433,281,85,2026-02-15,Completed
1434,1957,84,2026-04-10,Completed
1435,1545,116,2026-01-08,Completed
1436,1767,43,2023-10-11,Completed
1437,1045,87,2024-07-26,Completed
1438,1501,151,2025-05-14,Processing
1439,650,183,2026-06-10,Completed
1440,264,78,2026-06-12,Returned
1441,1664,178,2025-05-26,Completed
1442,1910,2,2023-03-22,Completed
1443,629,96,2024-04-15,Completed
1444,476,19,2024-04-29,Completed
1445,1692,30,2024-10-29,Completed
1446,12,83,2024-11-27,Completed
1447,418,163,2025-05-21,Completed
1448,1397,26,2024-08-04,Completed
1449,1065,135,2026-06-17,Completed
1450,1270,184,2025-10-01,Completed
1451,1742,177,2024-03-30,Completed
1452,1306,113,2024-08-22,Completed
1453,1530,2,2023-09-23,Processing
1454,1513,181,2023-12-10,Completed
1455,1945,18,2025-12-12,Processing
1456,355,182,2026-01-17,Completed
1457,390,17,2023-09-16,Completed
1458,1800,166,2023-01-15,Completed
1459,190,16,2025-02-11,Processing
1460,1065,63,2025-04-30,Completed
1461,418,184,2026-02-06,Completed
1462,1091,43,2025-08-23,Completed
1463,179,171,2025-07-22,Processing
1464,1843,90,2025-09-10,Completed
1465,1530,93,2026-02-25,Completed
1466,278,98,2023-11-13,Cancelled
1467,667,37,2026-06-20,Completed
1468,1589,172,2025-07-17,Processing
1469,1135,62,2023-07-29,Completed
1470,1780,47,2025-06-19,Completed
1471,360,17,2025-07-25,Completed
1472,1613,184,2024-03-20,Completed
1473,1980,48,2023-03-01,Completed
1474,318,148,2026-03-06,Completed
1475,844,44,2023-07-26,Processing
1476,1347,150,2023-06-04,Completed
1477,1133,141,2023-10-22,Processing
1478,666,168,2025-01-14,Processing
1479,1753,139,2024-02-21,Completed
1480,631,69,2025-05-05,Completed
1481,1321,119,2025-10-06,Completed
1482,806,75,2024-05-21,Completed
1483,535,65,2026-03-28,Completed
1484,1485,30,2024-01-05,Completed
1485,1737,150,2025-06-17,Completed
1486,358,113,2023-05-24,Completed
1487,505,171,2026-05-05,Processing
1488,1866,128,2023-08-19,Completed
1489,1834,84,2023-10-11,Returned
1490,1938,133,2024-05-12,Completed
1491,1664,173,2023-07-21,Processing
1492,814,187,2023-04-22,Completed
1493,78,12,2024-06-27,Completed
1494,1661,176,2025-08-11,Completed
1495,1769,146,2025-06-16,Completed
1496,1420,190,2025-02-01,Completed
1497,485,164,2025-12-31,Cancelled
1498,1636,193,2023-03-24,Completed
1499,619,61,2025-03-05,Completed
1500,1173,147,2024-10-18,Completed
1501,711,42,2024-03-06,Processing
1502,1777,24,2023-02-16,Completed
1503,343,200,2026-04-16,Completed
1504,190,78,2024-02-12,Completed
1505,1778,189,2025-11-13,Completed
1506,1687,51,2023-01-11,Completed
1507,963,22,2024-03-06,Completed
1508,1247,30,2023-10-25,Completed
1509,310,188,2023-11-07,Completed
1510,242,176,2025-07-31,Completed
1511,1353,36,2023-04-20,Completed
1512,1528,173,2023-07-02,Completed
1513,825,27,2023-09-23,Completed
1514,1265,185,2023-03-07,Completed
1515,703,170,2025-12-19,Cancelled
1516,406,160,2024-03-14,Completed
1517,395,111,2025-02-17,Completed
1518,28,170,2024-01-02,Completed
1519,1363,78,2025-12-02,Completed
1520,1608,73,2023-12-27,Completed
1521,47,143,2025-03-19,Completed
1522,1889,87,2023-01-18,Completed
1523,276,39,2026-05-06,Completed
1524,36,152,2024-02-01,Returned
1525,717,185,2025-02-18,Processing
1526,1508,168,2023-01-03,Completed
1527,1166,153,2024-12-08,Processing
1528,1195,128,2023-02-04,Completed
1529,930,31,2023-10-18,Completed
1530,1916,92,2026-01-30,Completed
1531,794,79,2023-09-24,Processing
1532,532,20,2023-11-16,Completed
1533,987,14,2025-05-15,Completed
1534,332,123,2024-04-17,Completed
1535,124,43,2026-05-11,Completed
1536,1473,185,2023-06-24,Completed
1537,1210,6,2025-04-24,Completed
1538,1762,73,2025-12-23,Cancelled
1539,220,88,2024-10-16,Returned
1540,325,176,2023-01-16,Completed
1541,1775,74,2023-03-08,Completed
1542,35,158,2025-01-13,Returned
1543,1156,197,2025-07-13,Completed
1544,1612,79,2026-06-29,Completed
1545,1209,174,2024-12-13,Completed
1546,1728,45,2024-05-19,Completed
1547,218,36,2024-05-29,Completed
1548,227,12,2026-02-10,Processing
1549,1633,132,2023-09-09,Completed
1550,1651,189,2025-04-24,Completed
1551,921,103,2024-07-19,Completed
1552,868,133,2023-03-29,Completed
1553,200,187,2025-01-20,Completed
1554,1214,8,2023-08-10,Completed
1555,950,22,2024-02-05,Completed
1556,928,27,2024-05-19,Completed
1557,470,86,2023-06-13,Processing
1558,590,93,2025-12-22,Completed
1559,409,103,2023-12-25,Completed
1560,51,5,2026-03-03,Completed
1561,1089,136,2024-12-28,Completed
1562,880,153,2024-06-03,Completed
1563,247,144,2023-01-12,Completed
1564,1375,199,2024-02-15,Completed
1565,1685,113,2024-06-04,Processing
1566,895,39,2023-06-11,Completed
1567,1075,62,2023-10-11,Completed
1568,118,69,2025-04-05,Completed
1569,637,85,2026-04-21,Processing
1570,1629,30,2023-04-14,Completed
1571,1366,120,2023-09-12,Completed
1572,1534,168,2024-06-21,Completed
1573,1574,142,2023-05-20,Processing
1574,1758,182,2024-07-06,Completed
1575,511,171,2023-05-15,Processing
1576,87,66,2026-06-04,Completed
1577,1655,151,2024-09-01,Processing
1578,1683,128,2025-03-19,Completed
1579,1010,164,2024-04-03,Completed
1580,949,152,2025-06-18,Processing
1581,783,155,2026-02-13,Completed
1582,1860,98,2023-07-23,Completed
1583,588,13,2025-09-20,Completed
1584,509,60,2023-12-23,Completed
1585,432,189,2025-11-21,Completed
1586,1194,146,2023-08-22,Completed
1587,31,18,2024-06-24,Processing
1588,1737,170,2023-10-13,Completed
1589,105,132,2025-08-01,Processing
1590,217,23,2025-04-21,Processing
1591,1354,171,2023-02-26,Processing
1592,1286,67,2023-07-14,Cancelled
1593,1637,22,2024-04-26,Completed
1594,1538,158,2026-03-16,Completed
1595,1813,200,2026-04-12,Cancelled
1596,1838,29,2023-06-21,Returned
1597,1497,138,2025-10-28,Completed
1598,594,170,2025-11-06,Processing
1599,1744,19,2026-01-24,Processing
1600,623,137,2023-10-11,Processing
1601,925,92,2025-12-04,Completed
1602,478,147,2025-06-20,Completed
1603,1910,3,2026-01-09,Completed
1604,53,67,2026-01-11,Completed
1605,656,122,2023-07-11,Processing
1606,779,145,2023-06-24,Completed
1607,188,196,2023-06-22,Completed
1608,1024,173,2026-04-24,Processing
1609,1229,172,2025-05-17,Cancelled
1610,309,119,2025-03-14,Cancelled
1611,1373,123,2023-04-13,Completed
1612,727,59,2023-08-30,Cancelled
1613,182,149,2025-05-17,Completed
1614,91,127,2026-02-04,Completed
1615,999,73,2026-02-06,Completed
1616,1481,97,2024-12-26,Processing
1617,943,149,2025-03-26,Completed
1618,93,155,2025-05-13,Completed
1619,1249,97,2025-02-24,Completed
1620,543,157,2025-05-29,Completed
1621,1048,80,2023-11-07,Completed
1622,314,144,2024-11-23,Completed
1623,328,92,2026-04-02,Processing
1624,833,71,2026-01-16,Completed
1625,1030,147,2024-03-30,Completed
1626,1091,179,2025-10-24,Completed
1627,1803,112,2023-10-09,Completed
1628,310,193,2025-12-15,Completed
1629,140,109,2023-02-15,Processing
1630,183,77,2023-06-01,Returned
1631,232,151,2024-05-23,Completed
1632,1229,164,2023-12-01,Completed
1633,222,60,2024-03-12,Completed
1634,1832,1,2024-11-30,Returned
1635,90,66,2024-10-19,Completed
1636,821,86,2023-02-14,Completed
1637,1959,72,2024-09-10,Completed
1638,256,158,2023-07-19,Completed
1639,65,50,2024-08-15,Completed
1640,1162,107,2025-04-03,Completed
1641,1517,124,2023-05-14,Completed
1642,530,153,2026-01-07,Processing
1643,1292,11,2026-01-24,Returned
1644,1494,1,2025-03-31,Processing
1645,298,25,2024-07-10,Completed
1646,848,133,2023-08-03,Processing
1647,1275,48,2025-03-18,Completed
1648,543,140,2025-05-14,Completed
1649,1265,64,2026-04-06,Completed
1650,1126,113,2024-09-30,Completed
1651,640,177,2023-07-04,Completed
1652,535,81,2023-04-11,Completed
1653,277,185,2026-05-11,Completed
1654,1408,200,2025-09-05,Completed
1655,1903,98,2023-04-02,Completed
1656,972,21,2025-05-15,Completed
1657,1221,138,2026-02-11,Completed
1658,644,64,2025-04-21,Completed
1659,1055,149,2024-06-16,Completed
1660,115,98,2025-09-21,Completed
1661,1217,168,2026-03-18,Processing
1662,612,136,2026-04-03,Completed
1663,601,97,2025-02-07,Processing
1664,1517,143,2026-06-10,Completed
1665,841,13,2024-10-31,Completed
1666,30,80,2024-10-06,Processing
1667,1004,194,2025-06-26,Completed
1668,60,147,2025-07-11,Processing
1669,1976,57,2024-01-29,Processing
1670,60,109,2023-09-25,Processing
1671,757,67,2025-04-08,Processing
1672,1750,163,2024-01-13,Completed
1673,593,14,2023-08-11,Completed
1674,1237,156,2024-12-11,Cancelled
1675,19,178,2025-05-21,Processing
1676,243,45,2023-11-08,Completed
1677,1561,116,2025-05-26,Completed
1678,971,80,2025-04-01,Processing
1679,1256,18,2025-03-10,Completed
1680,363,72,2023-07-24,Completed
1681,1992,129,2024-05-29,Processing
1682,1310,100,2023-05-03,Processing
1683,1100,4,2023-08-10,Completed
1684,812,124,2025-10-09,Completed
1685,1792,21,2023-12-21,Completed
1686,1929,92,2025-06-28,Cancelled
1687,560,115,2023-10-04,Processing
1688,1747,43,2025-05-20,Completed
1689,228,43,2023-04-20,Completed
1690,469,189,2025-09-07,Completed
1691,709,179,2026-04-20,Processing
1692,1091,13,2025-08-02,Completed
1693,1678,163,2023-12-12,Returned
1694,1942,132,2023-12-25,Completed
1695,1376,143,2024-04-21,Completed
1696,519,93,2024-07-03,Completed
1697,1935,110,2024-06-05,Completed
1698,585,167,2025-08-14,Completed
1699,1782,51,2023-06-07,Completed
1700,397,40,2025-07-05,Processing
1701,1260,196,2025-10-03,Completed
1702,174,116,2025-06-16,Processing
1703,498,171,2024-08-24,Completed
1704,1521,43,2025-09-29,Completed
1705,1777,143,2026-01-08,Completed
1706,1679,19,2025-08-30,Completed
1707,1342,139,2023-05-05,Completed
1708,793,64,2023-03-27,Completed
1709,1302,50,2023-03-09,Completed
1710,1624,59,2024-10-27,Completed
1711,297,69,2024-04-14,Processing
1712,1805,79,2023-01-25,Processing
1713,1768,180,2023-08-01,Completed
1714,1788,102,2025-06-21,Completed
1715,1054,18,2025-05-20,Returned
1716,572,66,2024-06-04,Completed
1717,876,14,2025-12-24,Processing
1718,1801,93,2023-05-16,Completed
1719,446,116,2026-02-05,Completed
1720,1406,167,2024-10-18,Completed
1721,253,38,2026-01-04,Returned
1722,1050,170,2024-06-07,Completed
1723,1647,160,2026-03-09,Completed
1724,1201,136,2025-11-19,Processing
1725,1566,177,2026-05-11,Completed
1726,645,124,2026-03-31,Processing
1727,215,71,2025-07-09,Completed
1728,477,10,2023-07-03,Completed
1729,1974,98,2024-06-01,Completed
1730,1853,53,2026-02-14,Completed
1731,921,42,2025-12-03,Completed
1732,1623,27,2023-11-06,Returned
1733,1351,141,2025-10-20,Completed
1734,1674,41,2026-03-06,Returned
1735,1059,132,2023-04-12,Completed
1736,435,43,2023-10-26,Completed
1737,240,4,2024-01-15,Completed
1738,5,5,2023-05-10,Completed
1739,889,98,2023-08-23,Cancelled
1740,1041,162,2026-05-07,Cancelled
1741,1386,124,2025-03-02,Completed
1742,172,76,2024-01-23,Completed
1743,191,74,2023-05-07,Processing
1744,593,82,2024-05-14,Cancelled
1745,1208,131,2023-04-08,Completed
1746,1604,193,2026-02-01,Completed
1747,645,80,2025-04-16,Completed
1748,1386,26,2023-03-13,Completed
1749,1584,5,2025-07-25,Cancelled
1750,8,95,2024-07-25,Returned
1751,1205,98,2025-06-15,Completed
1752,1850,177,2023-04-05,Completed
1753,1837,172,2025-03-09,Completed
1754,152,4,2025-03-15,Completed
1755,178,182,2023-07-04,Returned
1756,4,115,2026-01-14,Completed
1757,1258,152,2024-07-04,Completed
1758,1071,158,2023-01-31,Processing
1759,1557,50,2025-05-30,Completed
1760,603,142,2023-10-16,Completed
1761,1163,145,2026-06-27,Completed
1762,1243,118,2023-02-01,Completed
1763,888,143,2026-02-11,Processing
1764,1159,31,2025-08-25,Returned
1765,1353,165,2025-09-20,Completed
1766,63,95,2026-04-26,Completed
1767,929,20,2026-03-12,Processing
1768,48,178,2026-05-02,Completed
1769,1932,23,2023-09-29,Processing
1770,1565,92,2025-07-19,Completed
1771,1145,48,2025-02-17,Completed
1772,162,142,2023-01-12,Completed
1773,286,19,2025-08-02,Completed
1774,644,31,2025-08-01,Completed
1775,1447,24,2023-10-10,Completed
1776,1234,48,2023-06-02,Completed
1777,1633,166,2026-02-03,Completed
1778,1247,183,2026-04-27,Cancelled
1779,893,69,2023-12-29,Completed
1780,1932,123,2024-11-15,Completed
1781,921,14,2024-06-25,Completed
1782,271,27,2026-02-07,Completed
1783,764,125,2023-04-03,Completed
1784,1036,33,2023-01-06,Completed
1785,1730,94,2025-10-14,Completed
1786,37,188,2023-04-12,Completed
1787,450,181,2024-12-01,Completed
1788,109,118,2023-12-18,Processing
1789,571,121,2023-12-30,Completed
1790,1147,157,2024-11-02,Completed
1791,183,125,2025-12-01,Cancelled
1792,1673,133,2024-01-10,Completed
1793,1469,116,2024-05-07,Completed
1794,860,19,2025-03-08,Cancelled
1795,1628,198,2025-02-03,Completed
1796,121,90,2026-02-25,Completed
1797,1944,16,2023-07-07,Completed
1798,1997,1,2026-06-04,Processing
1799,1815,28,2023-06-26,Completed
1800,166,192,2023-03-31,Completed
1801,1674,113,2023-04-20,Completed
1802,90,9,2025-08-04,Processing
1803,1216,81,2023-01-31,Returned
1804,526,180,2023-06-27,Completed
1805,640,144,2024-11-01,Completed
1806,1323,37,2026-03-08,Completed
1807,1215,143,2026-03-19,Processing
1808,845,89,2023-09-27,Completed
1809,1960,121,2023-08-25,Processing
1810,181,160,2025-11-20,Returned
1811,415,80,2026-01-07,Completed
1812,1579,186,2023-05-25,Completed
1813,93,40,2024-12-21,Completed
1814,826,57,2024-01-11,Completed
1815,608,55,2025-01-07,Completed
1816,1565,62,2024-11-21,Completed
1817,124,104,2024-07-13,Completed
1818,1527,110,2025-07-06,Completed
1819,449,184,2024-05-29,Cancelled
1820,1031,50,2026-01-25,Returned
1821,652,59,2025-02-22,Returned
1822,611,104,2023-10-10,Completed
1823,685,14,2025-07-01,Cancelled
1824,1444,13,2025-03-16,Completed
1825,688,91,2023-06-13,Returned
1826,327,53,2026-03-02,Completed
1827,20,153,2023-03-11,Cancelled
1828,1848,197,2024-10-26,Completed
1829,1289,180,2024-09-25,Completed
1830,1229,27,2024-04-23,Returned
1831,206,119,2025-11-05,Completed
1832,1407,5,2023-10-19,Processing
1833,1443,114,2025-03-07,Completed
1834,363,44,2023-02-18,Completed
1835,760,60,2024-10-07,Completed
1836,171,175,2023-12-29,Processing
1837,1366,35,2024-01-09,Cancelled
1838,1608,145,2025-01-01,Completed
1839,1762,107,2023-04-14,Completed
1840,691,55,2024-01-10,Returned
1841,1341,176,2026-04-19,Completed
1842,1824,159,2024-11-26,Completed
1843,90,127,2023-07-24,Completed
1844,1730,34,2025-08-07,Completed
1845,1907,91,2026-04-23,Completed
1846,1871,60,2023-05-15,Completed
1847,805,74,2026-06-27,Returned
1848,1583,185,2023-01-25,Completed
1849,1186,31,2023-01-07,Completed
1850,1921,9,2024-03-15,Completed
1851,1253,179,2024-08-05,Completed
1852,615,161,2026-06-10,Returned
1853,1340,87,2026-06-14,Processing
1854,1966,140,2025-01-05,Processing
1855,499,96,2026-03-07,Completed
1856,741,100,2023-05-25,Completed
1857,1974,125,2026-03-12,Completed
1858,40,102,2026-03-15,Cancelled
1859,1862,141,2023-05-01,Completed
1860,1469,113,2025-09-04,Completed
1861,1425,62,2025-09-07,Completed
1862,1394,33,2024-03-22,Completed
1863,592,79,2026-04-04,Processing
1864,43,1,2025-03-15,Completed
1865,1554,41,2024-11-15,Completed
1866,330,163,2024-12-13,Completed
1867,436,98,2024-10-03,Completed
1868,802,48,2024-08-08,Completed
1869,522,48,2026-04-07,Completed
1870,1355,147,2023-11-03,Processing
1871,631,85,2023-07-15,Completed
1872,1613,9,2026-03-16,Completed
1873,1828,108,2023-04-06,Completed
1874,1305,196,2026-01-12,Cancelled
1875,1046,65,2024-05-12,Completed
1876,1850,30,2023-07-01,Completed
1877,451,35,2026-06-16,Completed
1878,1390,86,2025-07-23,Processing
1879,1153,143,2026-01-17,Completed
1880,1159,48,2023-06-29,Completed
1881,1216,198,2025-05-17,Completed
1882,96,60,2024-05-07,Completed
1883,1807,46,2023-01-18,Completed
1884,725,134,2024-01-18,Completed
1885,949,7,2026-05-05,Completed
1886,912,30,2023-07-06,Processing
1887,463,183,2026-02-01,Completed
1888,884,180,2023-12-11,Completed
1889,1246,186,2023-12-17,Completed
1890,1865,135,2023-09-12,Completed
1891,1002,186,2023-01-09,Completed
1892,889,28,2023-08-18,Completed
1893,1097,96,2024-11-11,Completed
1894,1496,151,2024-10-02,Completed
1895,1414,121,2023-12-09,Completed
1896,1059,12,2023-04-14,Cancelled
1897,981,137,2026-05-21,Completed
1898,769,156,2023-11-13,Cancelled
1899,983,45,2025-11-08,Completed
1900,1807,80,2023-04-20,Completed
1901,1053,36,2023-12-11,Completed
1902,111,46,2026-02-02,Completed
1903,1100,33,2024-04-13,Completed
1904,319,16,2024-05-31,Completed
1905,998,72,2024-03-08,Cancelled
1906,1762,135,2023-08-13,Completed
1907,1953,93,2026-03-28,Completed
1908,1436,3,2023-09-17,Completed
1909,262,10,2024-03-01,Completed
1910,1464,179,2023-11-02,Processing
1911,268,184,2025-06-17,Completed
1912,1906,33,2023-07-31,Completed
1913,398,11,2023-09-25,Completed
1914,688,13,2025-04-13,Completed
1915,6,175,2023-04-28,Completed
1916,1219,60,2025-06-20,Completed
1917,815,150,2023-07-16,Completed
1918,271,197,2023-05-26,Completed
1919,1226,23,2025-05-01,Completed
1920,775,156,2023-03-25,Completed
1921,1958,136,2024-03-22,Cancelled
1922,60,68,2024-05-22,Processing
1923,137,159,2025-03-03,Completed
1924,1163,21,2024-02-20,Completed
1925,29,129,2023-04-25,Completed
1926,1813,95,2025-05-05,Completed
1927,1543,11,2025-02-23,Completed
1928,1905,40,2023-06-22,Completed
1929,807,93,2025-01-10,Completed
1930,588,200,2024-06-05,Completed
1931,904,111,2025-03-12,Completed
1932,1239,198,2024-01-22,Completed
1933,705,3,2024-09-11,Completed
1934,343,117,2024-01-24,Processing
1935,790,35,2025-06-07,Completed
1936,1984,38,2024-06-07,Processing
1937,1363,36,2024-12-04,Completed
1938,657,69,2023-11-06,Completed
1939,1742,132,2023-03-22,Completed
1940,1944,153,2026-06-19,Completed
1941,1906,105,2023-10-30,Completed
1942,638,183,2023-06-23,Completed
1943,1399,98,2024-06-23,Completed
1944,694,62,2023-10-02,Cancelled
1945,1995,48,2025-01-18,Completed
1946,484,58,2024-05-17,Cancelled
1947,1945,9,2024-05-08,Completed
1948,1709,94,2025-12-19,Completed
1949,766,185,2024-06-30,Processing
1950,1595,187,2025-03-10,Completed
1951,1023,85,2025-07-17,Completed
1952,1833,185,2024-07-03,Completed
1953,409,93,2024-05-06,Completed
1954,968,70,2025-03-15,Cancelled
1955,1218,199,2025-10-26,Returned
1956,131,111,2024-03-03,Completed
1957,363,88,2024-08-07,Completed
1958,1429,3,2026-03-18,Cancelled
1959,1919,159,2024-09-19,Completed
1960,700,48,2025-03-28,Completed
1961,1611,96,2026-03-25,Completed
1962,1730,115,2024-01-08,Processing
1963,491,4,2025-07-17,Completed
1964,754,199,2026-04-20,Completed
1965,789,32,2024-08-08,Returned
1966,1954,68,2026-01-20,Completed
1967,1624,41,2025-04-30,Completed
1968,649,80,2024-03-13,Completed
1969,846,57,2025-07-26,Completed
1970,1859,175,2023-02-07,Completed
1971,1406,188,2023-09-07,Cancelled
1972,1684,92,2023-12-09,Cancelled
1973,163,95,2026-01-29,Completed
1974,1910,143,2024-07-29,Completed
1975,743,169,2024-07-26,Completed
1976,1856,130,2025-08-01,Completed
1977,1394,167,2025-10-17,Completed
1978,398,165,2023-12-02,Cancelled
1979,1386,7,2025-12-19,Processing
1980,1793,190,2023-10-30,Cancelled
1981,948,116,2023-09-28,Completed
1982,1397,83,2025-04-12,Completed
1983,7,29,2024-07-24,Completed
1984,96,196,2025-01-01,Processing
1985,1910,138,2023-05-09,Cancelled
1986,753,84,2025-11-29,Returned
1987,75,7,2023-11-08,Processing
1988,365,187,2023-09-20,Completed
1989,655,119,2024-02-04,Completed
1990,1238,78,2024-04-09,Completed
1991,253,197,2024-03-21,Completed
1992,1286,178,2023-06-27,Returned
1993,1861,9,2024-02-11,Completed
1994,1275,89,2024-12-19,Completed
1995,801,46,2023-02-24,Completed
1996,1179,186,2025-09-19,Completed
1997,1473,96,2026-06-14,Processing
1998,1761,169,2024-03-12,Completed
1999,309,164,2025-06-25,Completed
2000,390,134,2026-05-20,Completed
2001,589,94,2025-08-28,Processing
2002,462,34,2024-04-09,Completed
2003,1039,90,2023-03-13,Completed
2004,1859,13,2026-02-02,Completed
2005,384,100,2026-05-28,Processing
2006,248,196,2025-11-01,Processing
2007,410,98,2023-03-21,Completed
2008,256,40,2025-03-22,Completed
2009,1732,142,2024-03-31,Completed
2010,1295,47,2023-07-03,Completed
2011,1725,162,2025-06-09,Completed
2012,529,200,2025-04-04,Completed
2013,907,193,2024-06-21,Completed
2014,1987,56,2023-11-09,Returned
2015,1884,183,2025-11-07,Completed
2016,1545,156,2024-08-21,Returned
2017,709,144,2026-03-05,Completed
2018,1362,176,2024-01-13,Completed
2019,725,104,2023-04-28,Completed
2020,1820,159,2024-11-22,Completed
2021,101,100,2024-05-11,Processing
2022,981,63,2023-05-17,Completed
2023,114,70,2025-03-23,Completed
2024,1696,61,2023-01-13,Completed
2025,470,144,2024-09-16,Completed
2026,664,39,2023-01-28,Completed
2027,790,45,2025-04-01,Completed
2028,588,170,2025-03-28,Completed
2029,1475,122,2025-01-18,Completed
2030,1497,71,2025-09-02,Completed
2031,515,146,2023-05-29,Cancelled
2032,1352,18,2025-01-24,Completed
2033,1476,69,2023-05-28,Completed
2034,1881,173,2024-12-01,Completed
2035,35,146,2023-07-07,Completed
2036,1214,55,2026-04-25,Completed
2037,1018,92,2024-01-14,Completed
2038,2,36,2023-02-07,Completed
2039,2000,41,2023-01-31,Completed
2040,1336,128,2023-07-16,Completed
2041,184,39,2024-09-21,Cancelled
2042,1171,63,2025-05-30,Completed
2043,1090,146,2025-07-18,Completed
2044,1956,134,2025-08-29,Completed
2045,874,126,2025-09-17,Completed
2046,1233,198,2024-01-15,Completed
2047,798,173,2023-02-27,Returned
2048,1425,148,2025-12-22,Completed
2049,1329,140,2025-05-10,Completed
2050,1306,54,2026-03-16,Completed
2051,1235,24,2025-02-21,Completed
2052,64,132,2026-03-30,Completed
2053,478,32,2023-10-24,Completed
2054,1201,18,2024-12-21,Processing
2055,996,97,2024-07-11,Completed
2056,935,73,2025-09-09,Completed
2057,3,36,2025-05-11,Completed
2058,628,80,2026-01-20,Completed
2059,610,147,2025-07-06,Completed
2060,634,23,2025-05-09,Completed
2061,712,110,2023-03-11,Processing
2062,68,6,2025-04-12,Completed
2063,1432,57,2025-08-21,Completed
2064,1514,99,2024-07-11,Completed
2065,382,119,2025-06-22,Completed
2066,1301,145,2025-01-03,Completed
2067,779,58,2024-10-19,Completed
2068,760,152,2025-08-12,Completed
2069,717,29,2023-11-27,Completed
2070,847,173,2024-02-27,Completed
2071,161,81,2026-06-11,Cancelled
2072,1272,144,2026-03-13,Completed
2073,715,73,2025-04-27,Completed
2074,612,85,2024-06-20,Completed
2075,630,182,2024-06-11,Processing
2076,626,157,2023-09-06,Completed
2077,1236,151,2024-05-15,Completed
2078,1446,67,2024-07-18,Completed
2079,464,148,2024-07-06,Completed
2080,1077,195,2026-02-23,Completed
2081,98,152,2024-11-03,Completed
2082,1240,186,2025-09-03,Returned
2083,1371,137,2025-12-05,Processing
2084,553,26,2024-05-25,Completed
2085,17,195,2026-03-15,Completed
2086,1416,45,2023-08-24,Processing
2087,981,84,2024-09-09,Completed
2088,588,162,2025-04-25,Completed
2089,1640,150,2023-09-28,Completed
2090,21,11,2024-09-10,Completed
2091,1738,78,2025-02-20,Completed
2092,1252,58,2026-03-06,Processing
2093,290,189,2024-12-29,Completed
2094,236,53,2025-08-03,Processing
2095,1771,92,2025-12-18,Completed
2096,678,150,2024-11-21,Completed
2097,966,1,2026-02-11,Returned
2098,162,147,2026-06-02,Cancelled
2099,535,181,2025-01-08,Completed
2100,532,179,2024-11-01,Completed
2101,174,19,2024-04-01,Completed
2102,99,53,2024-08-30,Completed
2103,835,41,2023-10-05,Processing
2104,400,80,2025-07-25,Completed
2105,833,54,2023-08-09,Completed
2106,1359,116,2026-04-01,Completed
2107,1420,173,2025-03-22,Processing
2108,67,142,2024-10-04,Completed
2109,575,98,2026-04-08,Completed
2110,1649,168,2023-07-03,Completed
2111,998,113,2024-08-08,Completed
2112,386,10,2024-09-10,Processing
2113,120,40,2024-04-12,Processing
2114,1710,94,2023-04-07,Completed
2115,1146,157,2024-07-28,Completed
2116,372,115,2024-11-20,Completed
2117,274,134,2023-11-10,Processing
2118,20,35,2023-02-03,Completed
2119,1175,28,2024-03-17,Processing
2120,471,6,2024-03-25,Completed
2121,960,113,2023-05-19,Completed
2122,877,117,2025-01-17,Completed
2123,875,37,2025-09-06,Completed
2124,1538,81,2024-05-25,Completed
2125,1315,95,2024-03-07,Completed
2126,1851,45,2024-04-17,Completed
2127,530,125,2023-12-16,Completed
2128,555,184,2023-09-27,Completed
2129,607,118,2023-05-20,Processing
2130,1633,198,2023-02-03,Completed
2131,334,42,2023-09-29,Completed
2132,765,15,2025-06-18,Cancelled
2133,531,170,2026-01-24,Completed
2134,1963,27,2025-09-02,Completed
2135,1015,83,2024-06-17,Completed
2136,1612,154,2024-01-10,Completed
2137,737,164,2026-01-14,Completed
2138,1886,113,2023-11-12,Completed
2139,696,130,2023-05-12,Completed
2140,1227,11,2026-04-12,Completed
2141,1553,137,2024-07-31,Cancelled
2142,1485,190,2023-10-29,Completed
2143,1285,49,2025-07-13,Processing
2144,157,48,2023-07-24,Completed
2145,97,31,2025-12-23,Returned
2146,86,61,2024-12-10,Completed
2147,1881,191,2026-06-11,Completed
2148,1825,19,2025-07-19,Processing
2149,993,75,2023-03-15,Cancelled
2150,1226,39,2024-12-22,Completed
2151,1269,159,2024-05-30,Completed
2152,652,189,2023-08-13,Completed
2153,360,37,2025-10-05,Completed
2154,512,57,2026-02-15,Completed
2155,44,93,2024-08-15,Completed
2156,770,46,2025-02-10,Completed
2157,534,152,2025-02-22,Cancelled
2158,1516,189,2023-01-04,Processing
2159,415,75,2024-08-25,Completed
2160,1854,5,2024-09-16,Processing
2161,1023,131,2026-05-12,Cancelled
2162,25,70,2025-08-09,Processing
2163,22,96,2026-06-11,Processing
2164,1402,90,2023-05-27,Processing
2165,642,49,2025-07-06,Completed
2166,1438,47,2025-03-24,Completed
2167,429,41,2026-05-09,Completed
2168,549,48,2025-07-15,Completed
2169,1628,44,2023-11-24,Completed
2170,36,108,2023-06-14,Completed
2171,172,37,2026-05-23,Completed
2172,756,147,2023-11-19,Completed
2173,240,19,2024-10-22,Completed
2174,311,152,2024-10-12,Processing
2175,1436,149,2025-04-03,Completed
2176,949,172,2023-11-12,Completed
2177,1694,160,2024-08-30,Completed
2178,773,20,2024-11-17,Completed
2179,56,166,2026-02-02,Completed
2180,420,186,2023-08-08,Completed
2181,1558,11,2023-03-31,Completed
2182,1745,58,2023-11-18,Processing
2183,172,46,2023-11-07,Cancelled
2184,355,20,2025-02-01,Completed
2185,1868,29,2025-02-01,Completed
2186,892,140,2025-05-04,Completed
2187,823,77,2023-01-18,Processing
2188,225,136,2024-10-31,Completed
2189,120,100,2024-09-25,Processing
2190,1715,173,2023-01-02,Processing
2191,364,146,2025-10-26,Completed
2192,1075,123,2024-05-15,Completed
2193,1590,189,2025-03-05,Completed
2194,1937,103,2024-09-28,Completed
2195,1484,34,2024-03-21,Completed
2196,229,157,2023-10-16,Processing
2197,367,20,2024-01-31,Completed
2198,1414,17,2023-04-04,Completed
2199,519,137,2024-03-20,Completed
2200,995,131,2026-03-09,Completed
2201,1767,158,2025-07-03,Processing
2202,833,151,2026-06-02,Returned
2203,569,148,2025-12-14,Completed
2204,1053,179,2024-02-12,Completed
2205,41,15,2024-03-25,Completed
2206,43,189,2023-12-11,Completed
2207,713,51,2023-11-27,Completed
2208,1115,102,2024-01-22,Completed
2209,1294,12,2024-10-30,Completed
2210,1816,136,2024-04-26,Completed
2211,1916,91,2026-02-06,Cancelled
2212,1726,158,2023-12-17,Processing
2213,128,16,2025-07-12,Completed
2214,886,42,2025-07-25,Cancelled
2215,1757,59,2023-12-30,Returned
2216,424,129,2026-06-02,Completed
2217,1808,53,2024-03-15,Completed
2218,1530,22,2025-11-01,Completed
2219,1809,162,2026-01-15,Completed
2220,932,27,2024-05-22,Completed
2221,1977,199,2023-08-11,Returned
2222,389,40,2025-11-01,Completed
2223,463,184,2026-05-31,Completed
2224,1108,131,2024-04-03,Processing
2225,945,189,2026-05-13,Completed
2226,667,182,2023-02-10,Returned
2227,988,127,2025-02-28,Completed
2228,866,194,2025-01-28,Completed
2229,1301,138,2025-12-06,Processing
2230,1666,69,2024-05-21,Completed
2231,957,156,2025-06-29,Completed
2232,1881,129,2023-08-15,Returned
2233,859,149,2025-12-28,Completed
2234,1419,77,2024-12-17,Completed
2235,1384,5,2023-11-05,Completed
2236,1426,103,2025-12-29,Processing
2237,1253,91,2026-03-23,Completed
2238,918,53,2024-09-22,Completed
2239,1159,42,2024-12-04,Completed
2240,559,172,2025-06-10,Completed
2241,1565,114,2024-09-02,Completed
2242,1245,6,2025-06-30,Completed
2243,293,196,2026-06-18,Completed
2244,624,17,2025-06-15,Completed
2245,993,6,2026-02-25,Completed
2246,1220,118,2024-09-20,Completed
2247,721,176,2026-06-19,Completed
2248,565,20,2025-11-08,Processing
2249,1643,130,2024-09-11,Completed
2250,497,74,2025-07-27,Cancelled
2251,704,53,2025-03-27,Completed
2252,1093,28,2025-02-18,Processing
2253,1094,8,2024-06-27,Completed
2254,1623,155,2023-12-08,Completed
2255,808,3,2024-10-31,Completed
2256,1818,9,2023-12-02,Completed
2257,940,11,2025-03-23,Completed
2258,1233,16,2023-02-07,Completed
2259,1095,65,2025-01-04,Completed
2260,454,1,2026-02-13,Completed
2261,390,171,2023-03-26,Completed
2262,1366,139,2026-02-02,Completed
2263,1510,122,2024-06-20,Completed
2264,852,61,2023-01-30,Cancelled
2265,916,95,2023-01-27,Completed
2266,95,174,2024-12-07,Processing
2267,826,27,2026-04-27,Completed
2268,417,5,2025-01-02,Completed
2269,1143,67,2026-03-03,Processing
2270,1109,171,2024-08-25,Completed
2271,107,129,2025-09-09,Completed
2272,1088,121,2023-11-28,Processing
2273,1646,9,2023-03-05,Completed
2274,418,110,2025-02-01,Completed
2275,556,76,2024-09-12,Completed
2276,1220,12,2025-03-16,Completed
2277,703,109,2026-02-18,Processing
2278,767,43,2024-09-08,Completed
2279,1613,200,2023-09-16,Completed
2280,705,157,2026-05-08,Processing
2281,281,81,2025-05-21,Completed
2282,1752,47,2023-09-13,Completed
2283,484,56,2024-08-26,Processing
2284,530,128,2024-09-21,Cancelled
2285,622,139,2024-08-13,Completed
2286,457,154,2025-06-14,Completed
2287,1737,60,2025-12-30,Completed
2288,1002,21,2023-10-08,Completed
2289,713,56,2023-07-28,Completed
2290,1766,153,2023-04-26,Completed
2291,808,33,2024-01-14,Cancelled
2292,140,184,2025-08-25,Cancelled
2293,1311,37,2025-08-06,Completed
2294,1582,70,2026-01-02,Completed
2295,505,159,2024-12-10,Completed
2296,1383,83,2026-02-08,Completed
2297,1197,172,2024-09-17,Completed
2298,710,36,2024-10-02,Completed
2299,1029,84,2025-09-28,Completed
2300,919,18,2023-04-23,Cancelled
2301,1084,164,2023-04-07,Completed
2302,190,67,2025-07-06,Completed
2303,966,59,2025-01-19,Completed
2304,1582,37,2024-09-01,Processing
2305,1499,191,2024-08-28,Processing
2306,1729,119,2023-09-01,Completed
2307,1439,147,2025-07-29,Completed
2308,1736,155,2024-02-21,Completed
2309,1001,131,2025-12-30,Completed
2310,256,136,2024-03-21,Completed
2311,1613,18,2024-02-16,Processing
2312,1068,154,2024-01-09,Cancelled
2313,1051,122,2025-11-02,Processing
2314,1664,143,2023-05-20,Processing
2315,983,140,2025-08-31,Completed
2316,1695,143,2025-06-09,Completed
2317,129,81,2024-01-07,Completed
2318,627,105,2024-10-31,Cancelled
2319,1493,58,2025-09-15,Completed
2320,1049,145,2023-08-08,Completed
2321,980,49,2024-08-22,Processing
2322,1017,23,2025-09-08,Completed
2323,1912,42,2026-04-28,Completed
2324,134,80,2024-04-04,Processing
2325,280,151,2026-05-23,Completed
2326,771,162,2025-05-30,Returned
2327,700,14,2026-06-02,Completed
2328,1619,8,2023-03-17,Completed
2329,1220,142,2024-11-27,Completed
2330,35,137,2024-04-24,Completed
2331,1443,22,2026-01-11,Completed
2332,1070,75,2024-08-11,Completed
2333,799,71,2025-11-19,Completed
2334,1539,172,2026-06-13,Completed
2335,898,44,2026-02-23,Processing
2336,1823,126,2024-11-03,Completed
2337,714,194,2025-11-30,Cancelled
2338,1520,29,2026-04-28,Completed
2339,147,113,2026-04-10,Completed
2340,1248,170,2023-06-01,Completed
2341,1107,49,2026-05-31,Processing
2342,947,4,2024-11-03,Completed
2343,1876,68,2024-11-04,Processing
2344,1628,53,2025-05-21,Processing
2345,328,134,2025-03-12,Completed
2346,374,186,2024-03-21,Completed
2347,1082,129,2024-11-30,Processing
2348,234,199,2023-06-17,Completed
2349,1007,138,2023-06-13,Cancelled
2350,690,148,2023-01-24,Completed
2351,1265,169,2026-03-19,Processing
2352,1707,27,2025-06-30,Completed
2353,759,81,2023-10-30,Processing
2354,1894,109,2026-04-13,Completed
2355,1617,96,2023-07-03,Processing
2356,642,191,2025-10-30,Processing
2357,1546,185,2025-08-09,Processing
2358,1370,82,2024-02-04,Completed
2359,41,192,2023-09-06,Completed
2360,1613,150,2023-06-13,Completed
2361,1757,137,2023-09-15,Returned
2362,630,35,2024-10-07,Completed
2363,1482,110,2023-03-28,Completed
2364,1088,84,2025-12-31,Processing
2365,1469,32,2023-03-29,Completed
2366,1801,35,2024-09-05,Completed
2367,424,103,2023-05-23,Cancelled
2368,1629,136,2025-10-13,Completed
2369,824,36,2025-06-19,Completed
2370,715,131,2026-05-12,Completed
2371,429,91,2024-05-10,Completed
2372,15,161,2024-11-14,Completed
2373,1790,193,2025-05-31,Completed
2374,1958,75,2025-07-11,Completed
2375,685,99,2025-02-08,Completed
2376,1164,48,2025-01-01,Processing
2377,237,26,2025-02-16,Completed
2378,1959,174,2026-06-10,Completed
2379,1717,131,2024-05-06,Completed
2380,936,8,2023-11-21,Completed
2381,1569,167,2025-02-13,Completed
2382,1873,64,2024-08-27,Completed
2383,774,66,2024-06-09,Processing
2384,1399,106,2023-06-06,Processing
2385,1277,179,2025-08-03,Completed
2386,420,86,2026-01-01,Cancelled
2387,839,68,2023-03-29,Returned
2388,77,49,2026-02-21,Completed
2389,1005,55,2023-01-17,Completed
2390,860,54,2025-05-14,Cancelled
2391,1043,27,2024-06-23,Completed
2392,555,117,2023-08-26,Processing
2393,471,152,2024-10-11,Cancelled
2394,1179,106,2026-03-23,Completed
2395,824,67,2026-05-27,Returned
2396,1884,1,2026-03-12,Completed
2397,1099,196,2024-07-23,Completed
2398,1568,70,2024-10-17,Completed
2399,1448,61,2024-11-04,Completed
2400,930,35,2025-10-02,Completed
2401,1820,51,2023-02-13,Returned
2402,1651,142,2026-02-20,Processing
2403,1552,99,2024-07-08,Completed
2404,1940,54,2026-04-24,Processing
2405,1846,17,2025-11-04,Completed
2406,963,114,2025-01-05,Completed
2407,480,55,2025-04-08,Processing
2408,921,4,2024-05-29,Completed
2409,18,155,2023-01-26,Cancelled
2410,1930,90,2024-01-31,Processing
2411,1789,108,2023-02-17,Completed
2412,811,35,2024-12-15,Processing
2413,1987,11,2024-06-20,Completed
2414,349,60,2023-06-24,Completed
2415,1337,92,2025-07-11,Completed
2416,550,195,2024-07-26,Completed
2417,1449,177,2025-10-10,Processing
2418,558,26,2026-03-03,Completed
2419,761,200,2024-05-06,Completed
2420,122,160,2025-09-15,Completed
2421,1956,163,2023-10-23,Processing
2422,1115,120,2023-02-27,Completed
2423,1143,122,2023-11-06,Returned
2424,1773,148,2025-04-13,Completed
2425,765,21,2025-10-12,Processing
2426,380,75,2023-01-29,Processing
2427,1422,166,2024-03-14,Completed
2428,221,137,2026-06-27,Completed
2429,626,98,2025-12-12,Completed
2430,782,56,2023-04-13,Completed
2431,1119,103,2025-07-07,Completed
2432,1914,39,2023-03-13,Completed
2433,1597,61,2025-03-11,Completed
2434,144,147,2025-01-08,Completed
2435,1114,150,2023-03-05,Completed
2436,975,155,2024-10-03,Completed
2437,1014,63,2023-10-07,Returned
2438,1154,4,2023-02-23,Completed
2439,946,23,2024-01-24,Completed
2440,352,42,2023-07-11,Completed
2441,1666,98,2026-03-05,Completed
2442,968,20,2025-03-09,Completed
2443,246,7,2024-06-03,Processing
2444,1454,199,2024-07-26,Processing
2445,1016,29,2026-03-12,Completed
2446,1976,18,2025-08-28,Completed
2447,628,63,2025-04-13,Returned
2448,297,58,2024-09-09,Processing
2449,1907,34,2024-01-12,Completed
2450,1327,102,2023-02-01,Completed
2451,440,151,2024-07-06,Completed
2452,1501,171,2023-02-04,Completed
2453,1520,115,2025-08-29,Completed
2454,47,54,2024-01-10,Completed
2455,724,81,2023-07-13,Cancelled
2456,964,105,2023-06-11,Completed
2457,1676,77,2026-02-15,Returned
2458,1387,35,2024-07-07,Processing
2459,736,150,2026-01-11,Completed
2460,76,34,2023-08-05,Completed
2461,227,82,2026-01-04,Cancelled
2462,187,44,2025-05-30,Processing
2463,1552,180,2024-08-07,Processing
2464,1813,106,2024-06-06,Completed
2465,1621,132,2025-05-12,Completed
2466,777,16,2023-01-20,Completed
2467,639,117,2024-06-14,Completed
2468,473,113,2026-02-15,Returned
2469,225,147,2023-03-08,Completed
2470,1734,146,2023-09-25,Completed
2471,90,13,2025-04-06,Completed
2472,1565,136,2024-02-17,Completed
2473,1496,161,2023-09-19,Processing
2474,472,72,2026-01-11,Completed
2475,554,115,2023-03-22,Completed
2476,459,147,2025-12-16,Completed
2477,885,48,2023-10-31,Completed
2478,341,52,2025-10-03,Processing
2479,736,85,2023-01-04,Processing
2480,5,16,2023-02-12,Completed
2481,772,64,2024-08-20,Completed
2482,1216,29,2026-06-07,Completed
2483,1068,147,2026-03-09,Completed
2484,244,104,2023-01-06,Completed
2485,1753,24,2025-02-26,Processing
2486,1286,39,2024-04-26,Completed
2487,413,117,2026-04-06,Cancelled
2488,1183,187,2025-07-30,Completed
2489,19,139,2024-11-20,Completed
2490,1726,22,2026-01-26,Completed
2491,529,100,2024-05-16,Completed
2492,1887,153,2026-04-22,Completed
2493,449,64,2025-06-08,Processing
2494,1481,63,2025-07-01,Cancelled
2495,1072,22,2024-10-13,Completed
2496,1138,166,2025-01-26,Completed
2497,290,195,2026-03-20,Completed
2498,38,49,2024-06-16,Completed
2499,417,83,2024-05-04,Completed
2500,62,115,2024-10-20,Cancelled
2501,1244,153,2024-05-27,Completed
2502,1442,70,2025-04-08,Completed
2503,1467,14,2023-07-15,Completed
2504,547,165,2023-02-02,Completed
2505,1105,24,2025-11-04,Cancelled
2506,1337,57,2025-11-17,Completed
2507,1571,74,2023-01-03,Returned
2508,801,37,2023-03-10,Completed
2509,1818,18,2025-10-14,Completed
2510,1854,35,2025-08-15,Processing
2511,735,164,2024-01-30,Completed
2512,1948,57,2024-12-06,Completed
2513,604,23,2023-11-23,Completed
2514,1581,144,2023-10-13,Completed
2515,220,141,2023-08-26,Cancelled
2516,1287,46,2024-11-01,Completed
2517,588,171,2025-03-25,Processing
2518,125,119,2026-05-17,Completed
2519,542,110,2025-04-16,Completed
2520,262,144,2024-05-11,Completed
2521,178,8,2023-07-03,Completed
2522,1852,33,2026-03-08,Completed
2523,719,23,2023-09-14,Completed
2524,542,137,2025-02-05,Completed
2525,880,112,2024-10-27,Returned
2526,1581,188,2024-06-13,Completed
2527,95,79,2023-12-30,Returned
2528,859,57,2024-09-06,Processing
2529,52,28,2026-06-27,Completed
2530,15,94,2025-10-19,Returned
2531,1975,188,2024-09-25,Processing
2532,532,61,2024-12-17,Returned
2533,171,126,2025-04-19,Completed
2534,1926,82,2023-07-27,Processing
2535,1369,47,2025-03-18,Returned
2536,1044,101,2025-05-06,Cancelled
2537,1909,179,2025-03-30,Processing
2538,566,20,2026-06-26,Processing
2539,838,140,2025-06-24,Processing
2540,553,160,2024-08-23,Completed
2541,165,170,2023-11-23,Completed
2542,426,93,2023-01-31,Completed
2543,1911,28,2025-11-11,Completed
2544,990,78,2023-10-26,Completed
2545,1770,70,2024-03-05,Completed
2546,1487,108,2025-02-13,Completed
2547,227,39,2023-06-27,Processing
2548,887,65,2026-05-23,Completed
2549,526,148,2023-12-19,Returned
2550,1352,177,2024-07-20,Completed
2551,181,197,2023-09-11,Completed
2552,1255,127,2024-02-05,Completed
2553,1088,38,2025-08-07,Completed
2554,1370,110,2024-04-23,Completed
2555,1387,151,2024-08-11,Processing
2556,1030,46,2023-05-13,Completed
2557,1202,108,2026-01-04,Returned
2558,830,67,2023-02-07,Processing
2559,1673,26,2023-03-31,Completed
2560,1670,95,2024-09-28,Completed
2561,572,22,2024-01-17,Processing
2562,243,182,2025-04-02,Completed
2563,1524,136,2025-05-18,Processing
2564,491,128,2023-10-19,Completed
2565,1315,130,2025-02-27,Returned
2566,415,42,2023-05-08,Completed
2567,915,141,2026-04-27,Completed
2568,1962,13,2023-06-14,Processing
2569,67,4,2024-03-05,Cancelled
2570,973,30,2024-05-07,Processing
2571,1017,192,2023-07-22,Processing
2572,1561,167,2026-02-10,Completed
2573,1535,27,2025-03-05,Processing
2574,1925,91,2026-06-17,Completed
2575,530,26,2026-04-06,Completed
2576,1303,120,2025-12-08,Processing
2577,1887,3,2023-09-04,Completed
2578,897,88,2024-04-02,Completed
2579,1447,31,2023-02-16,Cancelled
2580,1144,136,2025-06-27,Completed
2581,966,36,2025-08-16,Processing
2582,1465,59,2025-08-16,Cancelled
2583,217,110,2023-02-26,Completed
2584,228,200,2026-06-14,Returned
2585,317,34,2024-02-20,Processing
2586,1205,163,2025-02-25,Completed
2587,1587,31,2026-01-01,Completed
2588,1716,59,2023-03-24,Processing
2589,1147,28,2023-01-15,Processing
2590,1121,4,2026-01-29,Processing
2591,954,129,2023-03-06,Completed
2592,527,172,2024-08-23,Processing
2593,277,55,2025-03-20,Completed
2594,1689,32,2025-03-11,Completed
2595,788,155,2025-02-22,Completed
2596,934,67,2025-03-26,Completed
2597,1641,114,2024-12-31,Completed
2598,1414,31,2024-05-18,Processing
2599,1873,94,2023-10-18,Completed
2600,1507,30,2025-04-12,Processing
2601,796,19,2023-01-10,Cancelled
2602,446,51,2025-01-15,Returned
2603,1956,167,2025-12-06,Processing
2604,321,73,2024-03-09,Completed
2605,1773,57,2026-03-29,Completed
2606,1752,75,2025-10-27,Completed
2607,21,78,2023-08-08,Completed
2608,1658,20,2023-02-01,Processing
2609,96,38,2023-07-26,Cancelled
2610,773,122,2025-01-16,Returned
2611,1431,75,2025-04-07,Completed
2612,1778,158,2024-11-06,Completed
2613,186,24,2023-01-07,Completed
2614,243,195,2024-07-19,Completed
2615,1575,40,2025-10-01,Processing
2616,1199,109,2023-09-08,Completed
2617,1131,87,2024-10-19,Completed
2618,1578,20,2025-07-08,Completed
2619,202,35,2024-04-24,Completed
2620,1153,128,2025-11-03,Completed
2621,532,40,2025-02-09,Completed
2622,1376,154,2025-08-03,Completed
2623,786,5,2023-11-11,Processing
2624,892,195,2025-01-27,Completed
2625,948,120,2023-10-17,Completed
2626,905,27,2023-02-25,Completed
2627,1694,129,2025-08-07,Completed
2628,1650,68,2025-09-11,Returned
2629,1542,59,2025-09-12,Completed
2630,997,82,2024-09-20,Completed
2631,1590,48,2025-06-24,Processing
2632,1722,78,2025-10-27,Completed
2633,1376,47,2025-02-24,Completed
2634,354,86,2024-06-15,Completed
2635,825,38,2025-07-12,Completed
2636,1708,77,2023-04-04,Completed
2637,514,35,2023-01-22,Completed
2638,773,175,2024-02-28,Completed
2639,139,181,2024-02-27,Completed
2640,1124,103,2025-09-01,Completed
2641,734,155,2023-09-14,Processing
2642,884,185,2025-10-29,Completed
2643,833,172,2023-03-03,Completed
2644,1918,134,2025-03-16,Completed
2645,362,15,2024-11-16,Processing
2646,532,2,2024-12-11,Completed
2647,1933,155,2023-10-24,Completed
2648,857,191,2023-06-21,Completed
2649,921,110,2024-06-11,Completed
2650,1397,168,2024-10-20,Completed
2651,1509,122,2025-10-21,Processing
2652,1024,182,2024-11-25,Completed
2653,894,20,2026-04-16,Completed
2654,1601,135,2024-06-15,Processing
2655,977,54,2025-04-04,Completed
2656,423,47,2023-05-03,Completed
2657,1318,38,2025-09-14,Completed
2658,154,119,2025-01-29,Processing
2659,873,156,2023-09-05,Completed
2660,337,15,2024-08-26,Completed
2661,1113,96,2023-08-22,Completed
2662,1132,104,2026-03-27,Completed
2663,768,45,2023-08-01,Returned
2664,17,54,2026-04-12,Completed
2665,1841,47,2025-04-26,Processing
2666,29,25,2024-06-29,Completed
2667,551,127,2023-06-08,Completed
2668,52,19,2025-07-11,Processing
2669,1556,5,2024-03-18,Completed
2670,398,115,2023-03-22,Completed
2671,1928,9,2024-08-19,Completed
2672,379,106,2025-07-28,Completed
2673,573,97,2026-03-28,Processing
2674,1768,113,2023-11-24,Completed
2675,909,111,2024-05-09,Completed
2676,456,145,2023-03-08,Processing
2677,666,67,2023-05-05,Processing
2678,1262,187,2026-06-08,Completed
2679,1432,155,2024-03-24,Completed
2680,947,180,2023-11-20,Completed
2681,1764,23,2023-11-24,Completed
2682,794,57,2024-12-13,Completed
2683,1997,198,2026-02-27,Completed
2684,1701,111,2025-05-09,Completed
2685,679,44,2025-07-18,Completed
2686,623,92,2024-02-25,Completed
2687,1277,192,2026-04-15,Completed
2688,1481,1,2025-11-01,Completed
2689,1672,1,2025-05-07,Returned
2690,1544,106,2023-02-14,Completed
2691,21,171,2023-07-31,Returned
2692,1730,44,2026-05-03,Completed
2693,1581,20,2025-01-30,Processing
2694,488,159,2023-03-08,Completed
2695,1173,9,2026-04-12,Completed
2696,322,90,2024-01-30,Completed
2697,14,43,2024-05-16,Completed
2698,316,96,2024-11-09,Processing
2699,122,30,2026-06-20,Returned
2700,581,85,2023-03-10,Processing
2701,1190,130,2026-02-09,Completed
2702,1605,54,2024-02-01,Completed
2703,333,76,2024-05-19,Cancelled
2704,1213,110,2023-09-28,Processing
2705,55,89,2026-03-01,Returned
2706,473,32,2023-09-16,Processing
2707,186,42,2026-04-02,Completed
2708,683,193,2026-05-10,Completed
2709,1792,157,2026-05-16,Completed
2710,116,31,2023-10-20,Returned
2711,823,51,2023-06-04,Completed
2712,1205,96,2024-07-23,Completed
2713,31,99,2024-01-09,Processing
2714,550,165,2023-07-10,Completed
2715,918,88,2026-06-28,Completed
2716,371,102,2025-07-03,Completed
2717,205,124,2025-02-01,Completed
2718,263,109,2024-07-15,Completed
2719,1368,131,2025-03-27,Completed
2720,1838,37,2023-02-22,Completed
2721,919,197,2024-04-13,Completed
2722,1215,41,2025-12-27,Completed
2723,282,70,2023-05-06,Completed
2724,217,17,2024-12-25,Processing
2725,727,3,2024-10-12,Completed
2726,1475,198,2023-10-13,Completed
2727,216,77,2024-05-01,Completed
2728,905,125,2026-04-25,Completed
2729,535,120,2026-05-24,Completed
2730,1519,65,2023-09-26,Returned
2731,1028,140,2024-04-28,Completed
2732,1384,83,2026-01-10,Completed
2733,1508,2,2024-09-11,Completed
2734,85,111,2025-10-06,Completed
2735,1177,51,2024-03-03,Processing
2736,1207,151,2026-02-17,Completed
2737,734,159,2023-04-28,Completed
2738,1468,139,2024-08-16,Completed
2739,1810,134,2024-11-14,Completed
2740,1607,92,2025-12-15,Completed
2741,1514,139,2023-12-18,Completed
2742,1456,123,2023-10-04,Processing
2743,37,190,2025-11-06,Completed
2744,257,169,2026-04-12,Completed
2745,1893,56,2024-10-15,Completed
2746,1200,101,2023-12-12,Completed
2747,376,90,2023-01-18,Completed
2748,723,187,2025-04-10,Processing
2749,615,115,2023-12-19,Completed
2750,1207,195,2024-05-30,Completed
2751,186,44,2023-11-29,Cancelled
2752,179,74,2026-03-12,Completed
2753,24,4,2026-05-25,Completed
2754,349,178,2025-06-27,Completed
2755,817,1,2024-06-21,Processing
2756,108,149,2025-01-09,Completed
2757,137,123,2024-08-06,Completed
2758,1469,60,2026-06-12,Completed
2759,1558,22,2026-03-23,Completed
2760,1563,52,2026-01-08,Completed
2761,329,77,2025-08-07,Completed
2762,1213,57,2025-02-21,Completed
2763,860,6,2025-12-19,Completed
2764,1350,10,2024-10-18,Completed
2765,228,176,2025-05-06,Completed
2766,893,34,2025-03-11,Completed
2767,1077,183,2024-12-25,Completed
2768,667,59,2025-08-06,Completed
2769,868,24,2025-06-29,Completed
2770,1756,58,2023-08-16,Returned
2771,1815,51,2025-04-20,Completed
2772,1919,159,2024-06-14,Completed
2773,1977,112,2024-09-05,Cancelled
2774,1466,26,2025-03-07,Completed
2775,1674,74,2023-08-27,Completed
2776,951,121,2025-03-06,Completed
2777,1948,108,2023-03-06,Processing
2778,427,65,2026-05-22,Completed
2779,1997,12,2024-07-22,Processing
2780,970,84,2024-11-27,Completed
2781,904,6,2023-06-27,Completed
2782,1157,49,2023-12-20,Completed
2783,85,44,2024-08-10,Completed
2784,631,69,2024-07-01,Processing
2785,345,57,2024-07-04,Completed
2786,687,51,2025-10-23,Completed
2787,919,146,2023-01-23,Completed
2788,601,198,2026-01-02,Completed
2789,776,195,2023-10-08,Completed
2790,85,72,2025-08-15,Completed
2791,889,188,2024-06-29,Completed
2792,1961,1,2026-05-04,Completed
2793,1791,87,2024-10-02,Completed
2794,549,45,2023-07-07,Completed
2795,481,83,2026-04-23,Completed
2796,1635,9,2026-04-06,Completed
2797,160,68,2025-05-25,Completed
2798,1734,166,2025-04-20,Completed
2799,934,130,2025-12-06,Completed
2800,937,14,2025-03-22,Completed
2801,1542,116,2024-12-20,Completed
2802,849,120,2023-09-27,Processing
2803,828,142,2023-05-18,Completed
2804,1807,178,2023-06-28,Completed
2805,1060,192,2026-06-01,Completed
2806,123,39,2025-07-16,Cancelled
2807,342,148,2023-08-14,Processing
2808,631,86,2023-03-25,Completed
2809,1716,144,2025-02-27,Completed
2810,484,94,2025-04-23,Completed
2811,1843,10,2024-04-11,Completed
2812,1874,109,2026-04-27,Completed
2813,56,102,2025-09-16,Completed
2814,433,6,2025-04-08,Completed
2815,1818,31,2026-01-27,Completed
2816,376,108,2025-04-20,Cancelled
2817,1316,72,2023-06-16,Completed
2818,1049,116,2025-11-06,Completed
2819,674,56,2025-10-25,Completed
2820,1656,12,2025-03-04,Processing
2821,1173,107,2024-02-23,Completed
2822,347,179,2025-11-20,Processing
2823,1032,194,2025-09-13,Completed
2824,1729,81,2024-10-22,Processing
2825,1305,78,2026-03-15,Completed
2826,242,178,2025-07-21,Completed
2827,1755,144,2025-05-15,Completed
2828,823,175,2025-06-25,Completed
2829,422,48,2023-05-06,Completed
2830,334,148,2023-01-31,Completed
2831,1659,149,2026-04-05,Processing
2832,1043,158,2023-06-14,Processing
2833,1906,41,2025-10-01,Completed
2834,858,180,2024-10-23,Processing
2835,478,119,2023-07-05,Completed
2836,1889,2,2025-12-29,Processing
2837,631,157,2024-06-21,Completed
2838,598,41,2023-03-03,Completed
2839,1212,138,2024-04-25,Completed
2840,487,84,2024-09-11,Completed
2841,40,29,2024-08-01,Processing
2842,1251,108,2025-07-09,Returned
2843,1227,46,2023-05-11,Completed
2844,1104,113,2024-01-24,Completed
2845,1244,136,2023-11-29,Completed
2846,1869,132,2024-07-23,Processing
2847,1663,14,2023-10-28,Completed
2848,1104,29,2025-04-28,Completed
2849,1900,2,2025-03-02,Completed
2850,1313,70,2024-03-30,Completed
2851,1322,136,2026-04-02,Completed
2852,1333,65,2026-04-04,Completed
2853,1741,168,2025-11-12,Completed
2854,410,115,2023-04-05,Completed
2855,1919,154,2023-11-16,Completed
2856,88,115,2023-04-09,Completed
2857,1289,139,2023-03-06,Completed
2858,1774,17,2025-07-19,Completed
2859,1083,43,2026-05-15,Completed
2860,1334,198,2024-08-29,Processing
2861,669,193,2023-03-03,Completed
2862,1058,130,2026-04-01,Returned
2863,377,165,2025-08-14,Completed
2864,155,108,2026-01-10,Completed
2865,1214,176,2023-08-19,Processing
2866,789,29,2023-12-18,Completed
2867,272,4,2026-02-15,Completed
2868,1722,5,2024-05-06,Completed
2869,117,163,2023-12-25,Completed
2870,1846,68,2024-07-28,Completed
2871,1645,153,2025-02-20,Completed
2872,1315,65,2024-11-15,Completed
2873,1793,125,2023-01-13,Completed
2874,1507,192,2024-08-27,Completed
2875,333,169,2025-02-04,Completed
2876,39,150,2023-07-04,Returned
2877,940,94,2024-05-24,Completed
2878,1863,69,2026-03-13,Completed
2879,1672,181,2023-05-01,Completed
2880,1330,195,2025-07-08,Completed
2881,1545,76,2024-05-11,Completed
2882,1730,196,2024-09-23,Completed
2883,456,179,2025-05-20,Completed
2884,163,180,2025-12-27,Processing
2885,1596,72,2023-02-03,Processing
2886,1694,180,2024-07-11,Completed
2887,244,91,2026-03-13,Returned
2888,510,133,2025-01-26,Cancelled
2889,820,106,2023-11-08,Returned
2890,473,110,2023-03-20,Completed
2891,950,155,2025-12-19,Completed
2892,151,34,2025-02-02,Completed
2893,1673,125,2023-12-23,Completed
2894,1949,66,2024-01-16,Completed
2895,378,43,2025-04-21,Completed
2896,23,99,2025-05-03,Completed
2897,930,146,2026-04-09,Completed
2898,1828,89,2025-02-11,Returned
2899,1861,154,2023-11-13,Cancelled
2900,1236,188,2026-01-27,Completed
2901,1540,142,2025-09-04,Completed
2902,951,182,2025-10-11,Completed
2903,763,200,2025-06-07,Completed
2904,506,66,2025-12-11,Completed
2905,1941,65,2026-05-30,Completed
2906,410,155,2025-12-17,Returned
2907,1228,22,2023-11-13,Completed
2908,61,2,2023-05-17,Completed
2909,1337,169,2025-08-13,Completed
2910,1264,186,2023-05-18,Completed
2911,1355,59,2023-03-11,Completed
2912,1156,19,2024-03-21,Completed
2913,419,133,2026-03-23,Completed
2914,1846,163,2026-01-18,Completed
2915,1212,157,2026-01-11,Completed
2916,1706,172,2025-02-24,Completed
2917,1610,171,2023-10-05,Cancelled
2918,675,159,2023-11-06,Completed
2919,479,87,2024-04-20,Completed
2920,993,110,2025-05-26,Cancelled
2921,210,160,2024-06-18,Cancelled
2922,821,33,2026-03-10,Cancelled
2923,1673,9,2025-01-27,Completed
2924,1801,2,2023-06-24,Completed
2925,504,161,2023-01-06,Completed
2926,838,26,2025-12-13,Completed
2927,984,40,2024-08-17,Completed
2928,1629,79,2025-10-02,Completed
2929,335,82,2024-04-06,Completed
2930,988,170,2026-06-21,Processing
2931,199,4,2023-04-17,Completed
2932,403,165,2023-12-14,Completed
2933,1988,90,2023-05-08,Completed
2934,1552,148,2024-01-03,Completed
2935,684,160,2026-04-10,Completed
2936,1210,51,2025-11-22,Completed
2937,942,11,2024-01-24,Completed
2938,1660,76,2024-09-27,Processing
2939,587,141,2026-06-01,Processing
2940,1011,111,2023-02-22,Completed
2941,1095,107,2023-09-21,Completed
2942,135,2,2025-08-21,Completed
2943,1593,194,2026-05-30,Processing
2944,1290,9,2026-02-15,Completed
2945,1424,62,2023-12-07,Completed
2946,161,69,2024-12-21,Completed
2947,524,10,2026-05-24,Completed
2948,726,131,2023-01-03,Completed
2949,1520,21,2023-07-15,Processing
2950,926,67,2024-07-09,Completed
2951,750,64,2026-05-18,Cancelled
2952,97,166,2025-10-04,Completed
2953,584,3,2026-04-18,Processing
2954,1641,4,2024-09-29,Processing
2955,241,139,2024-07-19,Returned
2956,510,155,2026-01-23,Completed
2957,1648,139,2023-02-19,Completed
2958,807,197,2023-11-25,Completed
2959,762,140,2026-02-09,Completed
2960,571,161,2023-02-13,Completed
2961,26,39,2025-03-13,Completed
2962,1430,87,2023-07-05,Completed
2963,896,182,2026-05-14,Processing
2964,1480,61,2024-12-02,Completed
2965,114,49,2026-05-23,Completed
2966,1741,6,2025-10-27,Cancelled
2967,1561,197,2025-06-03,Completed
2968,1475,155,2026-02-17,Returned
2969,88,153,2023-12-11,Returned
2970,1466,31,2026-05-12,Completed
2971,1719,186,2024-07-31,Completed
2972,409,175,2023-10-25,Completed
2973,198,86,2026-01-05,Completed
2974,1149,13,2024-12-03,Processing
2975,494,48,2023-09-02,Completed
2976,826,9,2024-08-27,Processing
2977,1377,41,2023-10-28,Completed
2978,1231,121,2023-01-15,Completed
2979,559,94,2024-07-24,Completed
2980,1430,15,2025-12-25,Cancelled
2981,1834,51,2023-06-13,Processing
2982,593,100,2023-05-31,Completed
2983,1494,63,2026-03-26,Completed
2984,1624,125,2025-03-04,Completed
2985,835,47,2024-05-23,Completed
2986,1181,97,2023-01-06,Completed
2987,28,36,2025-02-26,Completed
2988,617,5,2023-09-23,Completed
2989,1138,115,2023-01-13,Cancelled
2990,1059,103,2023-04-10,Cancelled
2991,107,101,2024-04-29,Completed
2992,489,112,2023-01-18,Completed
2993,1497,136,2023-06-29,Completed
2994,545,3,2026-01-21,Completed
2995,1761,56,2026-04-16,Completed
2996,338,16,2024-04-30,Completed
2997,748,35,2023-02-17,Completed
2998,324,177,2024-02-14,Processing
2999,1165,120,2026-05-08,Completed
3000,230,148,2024-01-18,Completed
3001,1277,184,2025-12-28,Completed
3002,1768,119,2024-12-15,Cancelled
3003,1355,83,2024-06-11,Returned
3004,1210,36,2023-03-31,Completed
3005,1141,155,2024-07-30,Cancelled
3006,462,132,2023-07-05,Completed
3007,1292,144,2023-09-05,Completed
3008,713,162,2024-12-18,Completed
3009,1816,73,2024-11-07,Returned
3010,322,43,2026-05-07,Completed
3011,1011,158,2025-10-10,Completed
3012,835,98,2023-01-25,Returned
3013,837,27,2025-05-10,Completed
3014,867,8,2025-07-05,Completed
3015,1769,164,2023-11-12,Cancelled
3016,832,5,2023-09-26,Completed
3017,129,94,2025-10-29,Completed
3018,767,51,2023-01-09,Completed
3019,1392,186,2023-07-04,Completed
3020,193,81,2025-05-16,Completed
3021,902,147,2023-05-07,Completed
3022,524,78,2023-06-03,Completed
3023,669,79,2025-06-24,Completed
3024,1454,97,2024-06-25,Completed
3025,1393,82,2025-08-15,Completed
3026,1481,118,2023-09-10,Cancelled
3027,164,195,2025-12-10,Completed
3028,815,112,2024-09-07,Completed
3029,880,85,2025-03-06,Completed
3030,399,83,2026-05-28,Completed
3031,1374,144,2025-07-31,Completed
3032,15,96,2025-08-17,Processing
3033,1988,63,2025-09-06,Processing
3034,182,139,2024-06-27,Processing
3035,1651,165,2023-07-25,Completed
3036,53,155,2025-01-07,Completed
3037,445,49,2023-10-22,Completed
3038,436,175,2023-09-30,Completed
3039,1763,104,2024-08-15,Completed
3040,1779,144,2023-10-01,Completed
3041,336,102,2025-07-31,Completed
3042,1216,168,2024-01-18,Completed
3043,970,61,2026-06-27,Completed
3044,1096,87,2023-10-16,Completed
3045,1405,47,2023-02-14,Completed
3046,1411,1,2023-05-14,Completed
3047,467,195,2023-12-25,Completed
3048,284,55,2024-08-31,Completed
3049,1239,152,2025-12-11,Processing
3050,19,173,2025-09-16,Processing
3051,1766,22,2024-11-03,Completed
3052,260,100,2023-04-28,Completed
3053,1165,177,2026-06-01,Completed
3054,1129,57,2023-09-12,Completed
3055,1705,101,2024-08-05,Completed
3056,317,48,2025-06-04,Completed
3057,309,33,2025-10-06,Completed
3058,448,53,2023-06-04,Processing
3059,1037,180,2023-03-11,Completed
3060,612,187,2025-09-06,Cancelled
3061,908,1,2024-02-29,Completed
3062,488,97,2023-03-12,Completed
3063,348,160,2025-10-28,Completed
3064,590,22,2023-03-18,Completed
3065,1451,77,2023-04-20,Processing
3066,554,5,2025-06-08,Processing
3067,752,130,2023-12-09,Completed
3068,283,96,2026-03-11,Processing
3069,881,41,2023-01-29,Completed
3070,830,49,2025-11-07,Completed
3071,1626,104,2024-06-21,Completed
3072,580,147,2025-07-06,Completed
3073,995,166,2026-04-15,Completed
3074,1896,56,2026-04-17,Completed
3075,1534,148,2026-01-14,Processing
3076,1226,20,2024-06-11,Cancelled
3077,1037,110,2023-03-12,Completed
3078,1821,81,2024-10-04,Processing
3079,1224,180,2024-03-01,Processing
3080,1588,112,2024-08-30,Completed
3081,1527,57,2026-04-24,Processing
3082,208,34,2023-07-26,Completed
3083,1200,181,2025-12-28,Completed
3084,1776,27,2024-11-05,Completed
3085,1911,87,2024-04-11,Completed
3086,1434,19,2024-01-09,Completed
3087,1432,42,2023-10-09,Processing
3088,1992,136,2024-09-14,Completed
3089,1694,164,2023-11-27,Completed
3090,945,192,2025-10-29,Completed
3091,1052,199,2025-10-23,Completed
3092,1977,33,2024-02-24,Completed
3093,1119,167,2025-09-16,Completed
3094,1120,75,2023-05-19,Completed
3095,788,179,2023-06-07,Completed
3096,524,148,2025-01-27,Completed
3097,1532,148,2026-05-12,Returned
3098,1984,70,2025-03-12,Processing
3099,665,132,2025-05-27,Completed
3100,1162,199,2025-03-03,Processing
3101,1110,62,2023-01-08,Processing
3102,911,40,2024-02-17,Processing
3103,104,140,2023-05-02,Processing
3104,855,22,2025-02-25,Completed
3105,203,108,2024-10-22,Cancelled
3106,1501,116,2025-11-03,Returned
3107,677,128,2025-12-06,Completed
3108,1540,195,2025-01-04,Completed
3109,1979,45,2024-06-05,Completed
3110,12,2,2023-04-18,Completed
3111,692,134,2025-04-29,Processing
3112,597,175,2023-04-28,Completed
3113,784,91,2024-06-06,Completed
3114,359,66,2024-09-11,Completed
3115,1050,151,2026-06-06,Cancelled
3116,11,37,2024-02-18,Completed
3117,1869,137,2025-05-22,Completed
3118,478,82,2025-08-20,Completed
3119,927,6,2024-05-17,Completed
3120,1807,160,2024-09-02,Completed
3121,435,132,2025-04-22,Completed
3122,1633,178,2024-11-12,Completed
3123,1508,137,2024-04-02,Returned
3124,1592,72,2023-05-22,Completed
3125,1185,4,2026-04-10,Completed
3126,1687,156,2025-09-01,Completed
3127,1730,148,2025-09-24,Processing
3128,690,40,2026-02-11,Completed
3129,743,100,2026-06-02,Completed
3130,612,82,2023-03-28,Completed
3131,1544,198,2025-02-12,Completed
3132,1044,4,2026-03-19,Completed
3133,1309,58,2026-03-19,Completed
3134,1820,87,2026-04-12,Processing
3135,93,36,2025-06-04,Completed
3136,1264,65,2024-07-07,Completed
3137,1657,12,2024-04-22,Completed
3138,1087,154,2023-10-14,Completed
3139,1251,5,2025-08-17,Processing
3140,315,11,2024-04-10,Completed
3141,902,171,2025-07-30,Completed
3142,895,118,2025-01-12,Completed
3143,1943,30,2024-09-24,Completed
3144,872,189,2024-07-01,Completed
3145,413,1,2025-10-22,Processing
3146,265,156,2024-10-17,Completed
3147,812,179,2025-11-19,Completed
3148,861,41,2024-05-16,Processing
3149,345,110,2023-03-05,Completed
3150,1124,97,2026-06-29,Completed
3151,861,124,2024-08-22,Completed
3152,1740,114,2024-01-30,Completed
3153,373,152,2024-03-13,Returned
3154,1874,175,2023-06-27,Completed
3155,1663,136,2023-07-04,Completed
3156,307,76,2023-10-28,Processing
3157,1683,88,2026-02-27,Completed
3158,1124,152,2023-02-17,Cancelled
3159,483,35,2025-07-31,Completed
3160,971,31,2025-07-11,Completed
3161,1187,7,2023-11-07,Completed
3162,1392,147,2023-04-26,Completed
3163,1632,196,2025-05-27,Processing
3164,1788,183,2026-01-15,Completed
3165,114,172,2026-02-04,Processing
3166,915,149,2024-10-23,Completed
3167,1621,114,2025-05-11,Completed
3168,415,152,2025-12-10,Returned
3169,1800,140,2026-01-12,Completed
3170,1727,116,2024-03-06,Completed
3171,723,150,2023-05-13,Completed
3172,119,143,2026-04-04,Completed
3173,1247,196,2025-03-10,Completed
3174,1127,54,2025-11-01,Completed
3175,908,106,2024-02-25,Completed
3176,319,5,2025-09-07,Completed
3177,488,152,2025-03-28,Completed
3178,1917,162,2026-05-19,Completed
3179,684,189,2023-06-30,Processing
3180,1120,26,2023-11-13,Completed
3181,1106,134,2025-03-03,Processing
3182,202,131,2023-10-02,Completed
3183,1001,2,2025-04-02,Completed
3184,1741,153,2023-03-17,Completed
3185,1201,34,2024-03-25,Processing
3186,1208,143,2023-10-22,Completed
3187,1830,60,2024-04-03,Cancelled
3188,1048,170,2025-06-13,Completed
3189,931,12,2024-05-11,Completed
3190,1006,84,2025-07-31,Completed
3191,1766,133,2024-04-06,Completed
3192,1415,115,2023-01-28,Completed
3193,1515,26,2023-12-16,Processing
3194,447,26,2024-10-23,Completed
3195,88,175,2024-10-13,Completed
3196,68,92,2023-09-18,Completed
3197,980,159,2026-05-20,Completed
3198,1456,72,2024-06-23,Completed
3199,1043,138,2024-03-04,Returned
3200,638,17,2024-09-23,Returned
3201,1335,180,2023-07-29,Cancelled
3202,1328,83,2023-04-11,Completed
3203,910,30,2024-10-26,Processing
3204,1678,199,2025-12-29,Completed
3205,77,150,2025-06-15,Completed
3206,1102,14,2023-10-19,Completed
3207,620,200,2024-06-30,Completed
3208,598,68,2025-04-23,Completed
3209,601,7,2024-04-19,Completed
3210,876,77,2023-02-14,Completed
3211,1921,35,2026-06-09,Completed
3212,1554,128,2025-11-02,Processing
3213,728,150,2025-10-17,Completed
3214,1879,42,2026-05-16,Completed
3215,479,27,2025-11-08,Returned
3216,1586,191,2024-03-02,Completed
3217,1700,23,2024-11-09,Completed
3218,1445,170,2024-09-15,Completed
3219,1683,59,2024-04-09,Completed
3220,770,189,2025-02-02,Completed
3221,1284,190,2024-06-04,Completed
3222,887,100,2023-02-19,Cancelled
3223,615,75,2025-02-26,Completed
3224,797,46,2023-09-08,Completed
3225,1173,92,2026-01-20,Completed
3226,1888,161,2025-09-24,Completed
3227,1892,157,2023-08-24,Completed
3228,7,87,2023-01-27,Processing
3229,158,132,2023-07-12,Completed
3230,148,166,2024-08-10,Completed
3231,1564,77,2024-07-14,Completed
3232,1822,15,2026-04-24,Processing
3233,417,178,2025-09-24,Completed
3234,1508,33,2026-04-26,Completed
3235,592,171,2024-05-09,Processing
3236,59,39,2025-05-19,Completed
3237,1911,192,2023-03-02,Completed
3238,1199,99,2024-01-19,Completed
3239,387,107,2025-02-11,Completed
3240,1229,192,2025-02-12,Completed
3241,1951,20,2023-01-04,Returned
3242,1530,101,2024-05-07,Completed
3243,1946,9,2023-10-03,Completed
3244,1432,57,2024-07-04,Completed
3245,82,19,2024-03-03,Returned
3246,1135,57,2025-05-12,Completed
3247,1517,5,2023-07-12,Processing
3248,1259,19,2024-11-01,Completed
3249,566,104,2023-09-04,Completed
3250,1264,43,2024-03-08,Processing
3251,718,17,2025-07-26,Processing
3252,1860,93,2025-06-08,Completed
3253,1657,97,2023-04-18,Completed
3254,505,126,2023-09-20,Completed
3255,1163,150,2024-12-31,Completed
3256,1255,163,2024-11-16,Completed
3257,324,164,2024-01-10,Completed
3258,770,68,2023-07-09,Completed
3259,54,56,2026-01-26,Completed
3260,367,191,2024-11-16,Completed
3261,1479,54,2024-07-09,Cancelled
3262,524,141,2025-03-28,Completed
3263,1093,138,2024-04-13,Completed
3264,961,194,2024-05-08,Completed
3265,1895,93,2024-07-19,Completed
3266,1425,22,2025-02-04,Completed
3267,1699,51,2023-11-01,Completed
3268,534,179,2026-04-19,Completed
3269,956,151,2024-10-10,Completed
3270,1792,177,2023-01-17,Completed
3271,660,74,2024-05-14,Completed
3272,892,109,2023-07-14,Completed
3273,1431,136,2025-02-04,Completed
3274,205,186,2026-01-02,Returned
3275,176,80,2024-02-27,Completed
3276,189,17,2024-05-27,Completed
3277,1096,106,2023-12-16,Completed
3278,1639,4,2025-09-22,Completed
3279,935,25,2023-04-03,Completed
3280,1293,135,2024-10-17,Completed
3281,678,195,2025-07-19,Completed
3282,1123,167,2023-01-05,Processing
3283,1684,149,2024-02-10,Cancelled
3284,1478,19,2025-02-01,Completed
3285,1522,51,2023-01-26,Completed
3286,379,50,2023-04-22,Returned
3287,885,86,2024-11-17,Completed
3288,1875,36,2023-12-11,Completed
3289,197,75,2023-11-11,Completed
3290,984,10,2023-07-31,Completed
3291,655,190,2026-04-20,Completed
3292,196,103,2025-05-19,Completed
3293,1516,133,2023-10-16,Completed
3294,280,72,2023-03-18,Returned
3295,476,151,2023-09-25,Completed
3296,97,96,2025-02-12,Completed
3297,196,170,2026-06-11,Processing
3298,234,195,2024-03-01,Completed
3299,429,58,2026-03-25,Completed
3300,1315,45,2025-01-14,Completed
3301,1957,30,2024-03-15,Completed
3302,1225,66,2024-11-18,Completed
3303,683,33,2024-03-19,Completed
3304,819,77,2024-09-02,Completed
3305,1625,2,2023-12-21,Completed
3306,881,110,2024-01-31,Completed
3307,112,187,2026-04-09,Completed
3308,1537,117,2025-08-27,Cancelled
3309,1682,63,2024-07-20,Completed
3310,1281,93,2023-12-30,Completed
3311,476,92,2025-04-08,Completed
3312,364,99,2025-04-07,Processing
3313,1153,17,2024-07-01,Processing
3314,799,41,2025-01-27,Processing
3315,1047,16,2026-06-22,Completed
3316,216,69,2025-08-26,Completed
3317,829,149,2025-01-29,Completed
3318,905,200,2024-07-08,Completed
3319,651,171,2024-04-22,Completed
3320,1189,179,2025-04-15,Processing
3321,1804,197,2026-03-26,Processing
3322,1532,64,2023-11-12,Completed
3323,1866,182,2025-03-06,Cancelled
3324,309,77,2023-07-31,Completed
3325,321,165,2025-07-26,Completed
3326,857,51,2026-01-25,Completed
3327,436,169,2024-08-09,Completed
3328,1025,192,2025-05-28,Completed
3329,54,106,2023-07-27,Completed
3330,302,76,2026-03-04,Completed
3331,485,158,2026-05-31,Processing
3332,159,107,2023-07-16,Processing
3333,1380,129,2023-06-20,Completed
3334,1601,132,2024-02-07,Completed
3335,502,6,2025-10-15,Completed
3336,778,16,2025-08-23,Processing
3337,1584,2,2023-07-15,Completed
3338,868,124,2026-02-08,Completed
3339,287,99,2024-07-17,Completed
3340,270,32,2024-08-07,Processing
3341,1213,197,2024-09-01,Completed
3342,663,165,2024-07-23,Completed
3343,1703,163,2023-12-03,Processing
3344,608,89,2025-04-10,Cancelled
3345,392,154,2023-08-11,Completed
3346,1907,150,2026-04-20,Processing
3347,24,56,2025-03-20,Completed
3348,1734,171,2023-06-13,Completed
3349,848,180,2025-02-23,Completed
3350,182,159,2025-04-19,Returned
3351,53,106,2026-02-01,Completed
3352,452,154,2023-08-16,Completed
3353,798,28,2023-12-14,Processing
3354,1170,8,2023-08-21,Processing
3355,506,146,2026-05-17,Completed
3356,70,195,2023-06-16,Completed
3357,558,70,2024-03-17,Cancelled
3358,859,124,2024-02-25,Completed
3359,206,73,2023-04-04,Completed
3360,1416,68,2023-07-01,Returned
3361,1772,112,2025-10-07,Completed
3362,152,65,2026-01-19,Completed
3363,22,73,2026-03-30,Completed
3364,1358,169,2023-06-20,Completed
3365,639,168,2023-11-27,Completed
3366,1151,107,2025-05-04,Completed
3367,1115,9,2023-05-29,Completed
3368,505,75,2023-10-23,Returned
3369,1577,52,2024-06-12,Processing
3370,1914,85,2024-09-11,Completed
3371,320,16,2024-03-05,Completed
3372,872,16,2025-09-06,Returned
3373,197,125,2026-04-26,Completed
3374,1114,98,2023-05-01,Completed
3375,985,26,2023-06-26,Completed
3376,1796,35,2023-07-20,Completed
3377,1897,5,2023-10-05,Cancelled
3378,1371,2,2023-11-27,Completed
3379,1342,23,2024-08-15,Completed
3380,1722,137,2025-07-29,Completed
3381,280,125,2023-06-03,Completed
3382,894,122,2025-11-10,Completed
3383,604,110,2024-01-20,Completed
3384,1135,21,2023-03-18,Completed
3385,1259,29,2025-02-15,Processing
3386,587,44,2024-05-25,Completed
3387,714,73,2023-04-09,Completed
3388,169,86,2024-03-22,Completed
3389,1223,170,2025-06-06,Completed
3390,833,141,2024-06-02,Completed
3391,662,45,2025-10-14,Processing
3392,5,36,2025-01-14,Completed
3393,1657,17,2025-08-13,Completed
3394,1444,158,2024-07-19,Completed
3395,1864,92,2025-05-22,Completed
3396,1038,146,2026-05-09,Returned
3397,63,95,2023-08-06,Returned
3398,1436,188,2024-11-28,Completed
3399,1924,170,2025-04-03,Completed
3400,1594,130,2024-08-29,Processing
3401,378,115,2023-06-26,Completed
3402,828,35,2025-01-10,Completed
3403,531,98,2023-01-17,Completed
3404,88,22,2024-08-25,Cancelled
3405,228,57,2023-01-11,Completed
3406,1958,108,2024-01-04,Completed
3407,1435,132,2025-06-30,Processing
3408,8,164,2025-04-23,Completed
3409,121,173,2024-07-10,Completed
3410,1099,37,2023-01-16,Completed
3411,394,129,2023-08-16,Completed
3412,1624,169,2023-11-27,Completed
3413,1131,38,2024-01-06,Completed
3414,582,4,2026-01-02,Completed
3415,1775,40,2025-12-13,Completed
3416,1242,152,2026-05-04,Completed
3417,559,24,2023-03-21,Completed
3418,1240,30,2024-04-12,Processing
3419,209,181,2023-08-25,Completed
3420,61,199,2024-10-05,Completed
3421,1597,114,2023-10-26,Processing
3422,1087,152,2023-09-26,Processing
3423,895,75,2023-08-29,Completed
3424,1362,93,2025-09-29,Returned
3425,1227,195,2025-08-09,Completed
3426,262,139,2023-02-05,Completed
3427,615,27,2026-06-27,Cancelled
3428,1459,85,2024-05-11,Completed
3429,682,195,2023-09-16,Processing
3430,196,168,2024-06-21,Completed
3431,840,117,2024-08-12,Completed
3432,75,45,2023-06-24,Completed
3433,1138,157,2024-04-02,Completed
3434,1549,89,2025-10-16,Completed
3435,1983,7,2024-04-10,Completed
3436,1584,30,2023-10-26,Completed
3437,1354,159,2025-06-29,Cancelled
3438,1852,62,2025-04-04,Completed
3439,654,85,2026-02-05,Returned
3440,1874,127,2025-02-01,Completed
3441,1430,197,2023-02-12,Processing
3442,383,148,2023-01-02,Completed
3443,881,146,2023-04-11,Completed
3444,314,134,2026-05-29,Completed
3445,773,18,2023-04-10,Completed
3446,942,62,2024-04-23,Processing
3447,761,114,2023-03-30,Completed
3448,295,114,2025-04-28,Cancelled
3449,857,170,2026-02-21,Completed
3450,1841,142,2023-04-30,Completed
3451,1301,6,2025-11-14,Completed
3452,1481,103,2026-06-15,Completed
3453,1256,102,2024-08-28,Completed
3454,1585,128,2024-01-05,Processing
3455,1663,3,2025-12-24,Completed
3456,493,191,2023-10-16,Completed
3457,618,132,2023-01-10,Completed
3458,931,182,2023-09-16,Completed
3459,678,88,2024-05-20,Completed
3460,671,137,2024-11-23,Completed
3461,1733,150,2023-02-28,Completed
3462,1022,145,2025-02-14,Completed
3463,337,95,2025-07-15,Completed
3464,1563,55,2024-03-29,Completed
3465,1628,87,2026-05-13,Completed
3466,1907,57,2023-06-19,Completed
3467,1888,36,2025-12-11,Completed
3468,573,6,2023-10-14,Completed
3469,377,177,2026-06-18,Completed
3470,324,26,2025-09-21,Returned
3471,1230,36,2023-09-26,Completed
3472,835,119,2026-01-14,Cancelled
3473,736,176,2024-05-08,Completed
3474,832,98,2026-05-22,Completed
3475,1709,2,2025-03-22,Returned
3476,1679,91,2023-03-09,Completed
3477,473,151,2023-11-18,Completed
3478,1089,200,2025-01-03,Completed
3479,93,108,2023-07-15,Completed
3480,1181,62,2024-05-13,Completed
3481,463,126,2026-05-22,Completed
3482,127,1,2023-04-30,Completed
3483,1452,149,2024-11-30,Completed
3484,300,48,2024-11-28,Completed
3485,1387,72,2025-10-05,Completed
3486,755,91,2026-05-13,Completed
3487,921,149,2026-06-27,Completed
3488,586,200,2024-12-05,Completed
3489,480,22,2025-02-27,Completed
3490,954,137,2023-06-04,Completed
3491,594,113,2024-08-12,Completed
3492,1603,190,2023-08-31,Completed
3493,1551,91,2024-02-06,Completed
3494,214,21,2025-07-13,Completed
3495,862,183,2025-05-26,Completed
3496,363,169,2025-08-22,Processing
3497,857,18,2023-09-14,Processing
3498,328,142,2023-06-27,Completed
3499,1122,15,2025-04-13,Processing
3500,1280,16,2023-11-16,Completed
3501,1383,30,2025-03-11,Completed
3502,1393,114,2023-02-19,Completed
3503,979,162,2025-05-25,Completed
3504,278,39,2024-02-11,Completed
3505,729,150,2023-11-15,Processing
3506,776,163,2025-11-24,Completed
3507,753,107,2024-03-27,Completed
3508,586,39,2026-05-26,Completed
3509,83,8,2024-05-16,Processing
3510,1583,63,2026-03-12,Completed
3511,1428,39,2024-05-13,Completed
3512,532,112,2024-12-06,Completed
3513,1029,98,2025-02-17,Completed
3514,1989,123,2026-01-01,Completed
3515,1350,142,2024-02-18,Completed
3516,1168,19,2024-11-29,Cancelled
3517,286,11,2023-07-13,Processing
3518,1367,8,2025-03-05,Completed
3519,877,101,2024-08-22,Completed
3520,1774,57,2025-01-25,Processing
3521,1000,47,2024-07-26,Cancelled
3522,452,64,2025-09-28,Completed
3523,644,193,2025-03-01,Completed
3524,842,67,2025-12-19,Completed
3525,1206,110,2023-11-24,Completed
3526,1643,148,2024-08-12,Processing
3527,45,79,2025-04-13,Completed
3528,12,106,2026-03-30,Returned
3529,858,84,2025-02-23,Cancelled
3530,1759,29,2023-10-20,Processing
3531,1569,33,2025-07-05,Completed
3532,368,153,2024-04-18,Completed
3533,1258,113,2026-04-11,Completed
3534,1797,69,2023-10-11,Completed
3535,226,78,2025-06-14,Completed
3536,9,48,2023-10-29,Completed
3537,1011,119,2026-01-31,Completed
3538,707,127,2026-03-07,Processing
3539,281,96,2023-08-27,Completed
3540,1343,14,2025-07-28,Completed
3541,1331,157,2025-12-20,Completed
3542,928,143,2023-10-22,Completed
3543,1322,188,2023-11-16,Cancelled
3544,1431,181,2024-07-06,Completed
3545,1890,102,2025-09-26,Processing
3546,912,4,2025-03-20,Completed
3547,450,172,2023-10-15,Completed
3548,9,29,2023-05-18,Processing
3549,1691,39,2023-02-25,Processing
3550,1475,174,2025-11-26,Completed
3551,550,33,2025-03-05,Processing
3552,1782,140,2024-02-21,Returned
3553,436,109,2025-07-13,Completed
3554,1940,131,2023-12-07,Completed
3555,1022,186,2023-06-25,Completed
3556,1745,86,2024-06-02,Cancelled
3557,1825,112,2026-05-12,Completed
3558,759,108,2024-07-27,Completed
3559,107,30,2024-01-20,Completed
3560,757,196,2023-07-11,Cancelled
3561,767,13,2023-01-02,Completed
3562,680,75,2025-03-12,Completed
3563,1612,136,2023-05-03,Processing
3564,444,135,2025-11-09,Completed
3565,1492,189,2023-03-15,Completed
3566,140,16,2024-07-31,Completed
3567,131,90,2025-04-10,Processing
3568,697,20,2024-03-13,Completed
3569,1300,168,2023-07-31,Completed
3570,445,123,2024-09-27,Completed
3571,1036,13,2024-02-08,Completed
3572,25,27,2025-04-05,Cancelled
3573,782,73,2025-07-05,Completed
3574,1671,116,2026-01-29,Completed
3575,1971,156,2023-03-18,Processing
3576,1619,169,2023-07-30,Processing
3577,1080,178,2026-02-18,Completed
3578,991,180,2023-07-30,Completed
3579,750,133,2025-03-08,Returned
3580,1060,109,2023-08-20,Completed
3581,963,99,2025-06-17,Completed
3582,1460,134,2024-02-18,Completed
3583,135,122,2023-03-27,Processing
3584,682,138,2024-02-29,Completed
3585,731,165,2026-01-09,Completed
3586,865,84,2025-06-19,Completed
3587,506,94,2024-05-05,Completed
3588,1216,198,2025-11-08,Completed
3589,795,103,2023-10-18,Completed
3590,1591,180,2025-09-14,Completed
3591,137,175,2024-11-07,Processing
3592,1903,109,2025-05-26,Completed
3593,1780,54,2023-01-09,Completed
3594,1616,132,2024-11-29,Completed
3595,1692,119,2024-01-02,Processing
3596,881,152,2026-02-21,Completed
3597,649,18,2025-01-29,Completed
3598,258,133,2025-01-29,Completed
3599,1984,62,2023-01-10,Completed
3600,391,2,2026-01-01,Cancelled
3601,257,185,2023-01-17,Completed
3602,1698,58,2026-02-11,Returned
3603,1625,122,2025-08-18,Cancelled
3604,1946,194,2023-08-26,Processing
3605,1027,75,2023-10-15,Completed
3606,1501,124,2025-10-29,Completed
3607,1598,155,2023-05-06,Completed
3608,170,38,2023-05-30,Processing
3609,1468,72,2023-10-16,Completed
3610,595,126,2024-03-19,Completed
3611,1349,124,2025-07-04,Completed
3612,1268,183,2025-05-24,Completed
3613,1194,162,2025-08-30,Completed
3614,1454,157,2025-06-08,Processing
3615,825,198,2025-07-21,Completed
3616,1244,157,2025-02-12,Processing
3617,399,74,2024-06-28,Completed
3618,1462,94,2023-11-08,Cancelled
3619,1720,73,2023-10-11,Completed
3620,747,51,2025-07-28,Completed
3621,1423,47,2023-09-18,Completed
3622,1557,67,2024-05-14,Completed
3623,940,6,2025-01-11,Completed
3624,499,108,2023-04-13,Completed
3625,1616,164,2026-04-16,Completed
3626,1935,85,2023-03-18,Completed
3627,813,182,2023-11-07,Completed
3628,1033,9,2023-10-03,Completed
3629,1172,184,2024-03-03,Processing
3630,1864,87,2026-05-09,Processing
3631,1882,53,2024-03-27,Completed
3632,1025,183,2024-02-28,Completed
3633,183,154,2024-01-18,Completed
3634,826,121,2026-03-13,Processing
3635,788,63,2025-10-31,Returned
3636,794,73,2024-05-06,Completed
3637,426,24,2025-10-10,Processing
3638,835,109,2025-01-17,Processing
3639,291,80,2025-03-15,Completed
3640,1758,152,2023-12-07,Completed
3641,595,1,2023-03-22,Completed
3642,1505,173,2023-10-17,Completed
3643,1361,13,2023-06-26,Completed
3644,773,5,2024-10-16,Completed
3645,1146,197,2024-11-23,Completed
3646,294,127,2023-08-23,Returned
3647,416,187,2023-04-27,Completed
3648,406,61,2024-10-17,Processing
3649,1863,56,2025-02-20,Completed
3650,1706,52,2023-01-27,Cancelled
3651,117,185,2023-03-19,Completed
3652,1681,153,2026-04-20,Completed
3653,909,134,2023-08-22,Processing
3654,635,137,2023-04-02,Completed
3655,1943,60,2024-11-18,Completed
3656,1114,154,2024-01-04,Completed
3657,1274,190,2024-04-16,Cancelled
3658,1447,57,2025-06-27,Completed
3659,497,198,2025-05-05,Completed
3660,1877,165,2023-02-20,Processing
3661,169,36,2023-10-08,Completed
3662,137,90,2026-03-17,Processing
3663,1832,179,2024-06-09,Processing
3664,1786,89,2024-03-27,Returned
3665,1768,23,2023-03-16,Completed
3666,1940,55,2024-05-15,Processing
3667,887,128,2024-02-20,Completed
3668,1032,75,2023-10-13,Completed
3669,256,192,2024-09-23,Completed
3670,1242,60,2025-08-29,Completed
3671,730,166,2023-02-28,Completed
3672,995,110,2025-09-07,Completed
3673,981,102,2023-09-14,Completed
3674,1660,56,2025-04-17,Completed
3675,1078,171,2025-01-02,Completed
3676,1341,102,2023-11-27,Cancelled
3677,353,152,2023-11-22,Completed
3678,891,114,2025-11-20,Completed
3679,1433,177,2024-02-03,Completed
3680,176,102,2024-10-27,Completed
3681,1878,165,2026-05-18,Returned
3682,2,119,2024-08-19,Completed
3683,1656,82,2026-03-04,Completed
3684,663,88,2026-06-28,Completed
3685,312,112,2024-10-22,Processing
3686,779,76,2023-02-21,Processing
3687,1869,143,2025-01-26,Completed
3688,61,19,2024-08-18,Processing
3689,224,200,2025-03-04,Completed
3690,1194,49,2026-03-16,Returned
3691,285,152,2024-12-22,Completed
3692,191,137,2025-12-27,Completed
3693,234,79,2025-12-12,Completed
3694,1788,167,2025-01-09,Completed
3695,1236,48,2024-06-20,Completed
3696,1308,47,2025-12-06,Completed
3697,1821,126,2024-12-16,Completed
3698,102,161,2024-04-22,Completed
3699,290,151,2024-02-06,Completed
3700,1498,39,2024-11-27,Completed
3701,1319,130,2025-03-12,Completed
3702,564,44,2026-03-16,Completed
3703,1318,154,2024-12-06,Returned
3704,332,59,2024-01-23,Completed
3705,1682,31,2026-02-22,Completed
3706,1816,11,2023-01-28,Completed
3707,41,35,2024-06-19,Cancelled
3708,1334,182,2025-05-17,Completed
3709,1649,147,2025-07-13,Completed
3710,1936,189,2024-08-13,Completed
3711,669,127,2023-07-08,Processing
3712,625,101,2026-05-08,Cancelled
3713,1390,199,2025-10-12,Completed
3714,780,139,2025-10-06,Completed
3715,623,65,2025-02-02,Completed
3716,1484,17,2024-07-28,Completed
3717,1836,141,2026-01-03,Completed
3718,1790,132,2024-02-11,Completed
3719,1611,76,2026-02-24,Completed
3720,1899,91,2026-01-25,Completed
3721,1751,107,2025-10-09,Completed
3722,803,77,2025-11-26,Completed
3723,61,170,2025-08-01,Completed
3724,965,2,2025-11-06,Completed
3725,326,198,2025-04-16,Completed
3726,1346,167,2024-05-30,Completed
3727,1998,187,2025-05-31,Completed
3728,1775,138,2023-03-06,Completed
3729,1483,79,2024-10-15,Completed
3730,1477,9,2026-05-05,Completed
3731,822,119,2023-12-05,Completed
3732,404,72,2023-12-19,Processing
3733,1162,12,2025-08-15,Completed
3734,1513,126,2023-10-18,Completed
3735,1301,89,2023-01-10,Completed
3736,59,17,2025-05-13,Completed
3737,720,29,2024-12-26,Completed
3738,1412,179,2023-01-10,Returned
3739,48,169,2024-01-14,Completed
3740,430,88,2024-04-09,Completed
3741,951,153,2024-06-26,Processing
3742,1538,126,2026-06-24,Completed
3743,1634,185,2023-07-25,Completed
3744,1346,91,2026-03-25,Completed
3745,1780,43,2025-04-01,Completed
3746,944,68,2023-11-02,Completed
3747,1384,98,2024-01-11,Completed
3748,105,135,2025-01-14,Completed
3749,395,142,2024-12-17,Completed
3750,1955,21,2024-06-15,Processing
3751,84,155,2023-06-15,Completed
3752,193,21,2025-09-03,Completed
3753,733,81,2024-03-26,Completed
3754,1892,196,2025-05-05,Completed
3755,1114,28,2025-05-01,Completed
3756,906,65,2025-02-28,Returned
3757,288,23,2024-10-12,Completed
3758,867,185,2023-12-08,Completed
3759,208,45,2025-05-18,Completed
3760,1077,31,2025-11-12,Completed
3761,328,4,2026-04-21,Cancelled
3762,869,147,2024-04-24,Completed
3763,884,62,2023-02-11,Cancelled
3764,1225,87,2023-06-01,Completed
3765,1928,16,2024-09-28,Completed
3766,676,185,2026-06-14,Completed
3767,1880,33,2025-05-07,Completed
3768,1647,26,2023-12-21,Completed
3769,470,199,2025-12-23,Completed
3770,79,79,2025-10-25,Processing
3771,186,169,2024-08-20,Completed
3772,298,95,2026-05-29,Completed
3773,751,12,2023-10-24,Completed
3774,1480,61,2023-08-08,Completed
3775,966,93,2025-01-29,Completed
3776,379,156,2026-06-02,Completed
3777,679,75,2026-04-24,Completed
3778,1288,67,2024-02-02,Completed
3779,1449,52,2024-09-04,Completed
3780,1260,96,2024-04-05,Processing
3781,1405,168,2023-11-18,Completed
3782,244,174,2023-08-08,Completed
3783,302,175,2026-04-12,Cancelled
3784,1918,120,2026-05-23,Completed
3785,1603,87,2023-05-12,Completed
3786,332,131,2023-08-17,Completed
3787,1259,22,2023-04-20,Completed
3788,1680,159,2023-11-15,Completed
3789,1127,64,2025-03-24,Processing
3790,1612,83,2025-06-25,Completed
3791,892,200,2025-09-18,Processing
3792,736,36,2026-03-02,Completed
3793,999,1,2025-06-24,Completed
3794,1742,153,2026-06-21,Completed
3795,403,15,2024-06-04,Completed
3796,22,46,2023-01-13,Processing
3797,773,191,2025-12-02,Completed
3798,1137,157,2023-03-12,Completed
3799,635,164,2024-12-10,Completed
3800,648,129,2025-03-29,Processing
3801,97,61,2023-04-08,Completed
3802,1600,185,2024-02-26,Completed
3803,1413,118,2024-12-13,Completed
3804,1099,183,2023-10-27,Processing
3805,1110,130,2023-07-17,Completed
3806,499,141,2023-09-28,Completed
3807,100,193,2024-10-04,Completed
3808,576,97,2023-05-04,Completed
3809,328,39,2023-01-06,Completed
3810,1347,141,2023-12-13,Processing
3811,356,9,2026-01-31,Completed
3812,158,193,2025-03-03,Completed
3813,1597,164,2025-04-21,Completed
3814,19,61,2026-01-05,Completed
3815,1394,23,2025-09-07,Completed
3816,1230,4,2025-08-12,Completed
3817,628,166,2025-09-22,Completed
3818,95,11,2023-02-17,Completed
3819,527,179,2023-07-24,Returned
3820,1871,3,2025-07-24,Completed
3821,551,144,2025-01-17,Processing
3822,1375,137,2026-05-27,Completed
3823,444,118,2023-01-14,Completed
3824,1567,29,2026-04-11,Completed
3825,1636,165,2024-09-14,Completed
3826,745,108,2026-05-25,Completed
3827,810,89,2024-11-24,Processing
3828,1229,48,2025-07-17,Completed
3829,484,113,2025-07-02,Completed
3830,1384,129,2025-10-21,Processing
3831,1734,109,2024-05-07,Completed
3832,219,35,2025-04-02,Cancelled
3833,903,140,2024-03-24,Completed
3834,1013,54,2025-07-28,Completed
3835,1733,135,2025-09-05,Processing
3836,96,43,2023-10-14,Completed
3837,1900,184,2024-08-14,Returned
3838,619,77,2025-03-11,Completed
3839,869,53,2024-03-23,Completed
3840,1393,29,2023-05-27,Completed
3841,199,176,2024-09-02,Completed
3842,210,96,2024-01-16,Completed
3843,231,154,2025-03-23,Completed
3844,425,107,2024-06-20,Completed
3845,513,100,2024-10-03,Completed
3846,1158,100,2026-04-29,Cancelled
3847,1899,6,2024-03-19,Completed
3848,1597,60,2023-01-07,Completed
3849,451,125,2026-05-20,Completed
3850,1493,59,2023-06-11,Completed
3851,371,192,2023-10-24,Completed
3852,1319,43,2025-09-15,Completed
3853,1226,58,2024-07-27,Completed
3854,542,13,2025-02-11,Completed
3855,168,140,2025-07-14,Completed
3856,322,72,2025-09-09,Completed
3857,42,23,2026-01-03,Completed
3858,1195,198,2025-03-31,Completed
3859,1695,123,2024-11-16,Completed
3860,1494,187,2025-12-02,Completed
3861,1181,123,2024-08-06,Completed
3862,1279,154,2023-04-27,Completed
3863,1779,35,2023-08-07,Completed
3864,572,140,2025-04-18,Returned
3865,729,133,2023-07-14,Completed
3866,1358,27,2023-01-20,Completed
3867,433,162,2024-10-03,Processing
3868,194,105,2024-02-14,Completed
3869,945,94,2024-12-22,Processing
3870,1526,193,2025-04-28,Completed
3871,625,156,2025-04-20,Completed
3872,1149,130,2023-05-26,Completed
3873,1827,55,2025-12-12,Completed
3874,1817,150,2023-04-20,Completed
3875,1942,43,2023-04-07,Processing
3876,1317,4,2025-10-20,Completed
3877,1012,90,2024-01-22,Completed
3878,455,177,2024-02-03,Cancelled
3879,1644,62,2023-06-07,Completed
3880,1080,85,2024-07-02,Completed
3881,1737,12,2024-09-27,Processing
3882,497,122,2023-12-01,Completed
3883,606,96,2025-11-22,Completed
3884,700,178,2025-05-12,Completed
3885,1879,151,2026-01-27,Completed
3886,1743,72,2024-03-22,Completed
3887,298,83,2024-12-01,Completed
3888,558,18,2026-05-14,Completed
3889,1804,18,2024-06-04,Processing
3890,1840,46,2023-08-06,Completed
3891,832,10,2023-09-06,Completed
3892,1171,154,2024-06-18,Completed
3893,1690,54,2026-02-10,Completed
3894,193,81,2025-03-08,Processing
3895,1236,63,2023-01-18,Completed
3896,1068,170,2024-11-22,Completed
3897,1203,110,2024-09-18,Processing
3898,1187,138,2025-08-09,Completed
3899,1874,187,2023-03-07,Returned
3900,1252,155,2023-12-27,Completed
3901,1303,199,2024-01-21,Completed
3902,1558,24,2025-05-07,Completed
3903,137,53,2024-03-17,Completed
3904,1914,110,2025-07-16,Completed
3905,279,31,2025-09-07,Completed
3906,602,3,2024-01-05,Completed
3907,352,166,2023-12-16,Completed
3908,1264,135,2024-04-15,Completed
3909,1869,63,2024-01-14,Completed
3910,632,4,2023-07-12,Completed
3911,1620,80,2024-08-17,Completed
3912,1559,142,2024-07-08,Completed
3913,1369,8,2023-11-19,Completed
3914,1714,194,2025-01-23,Completed
3915,631,113,2025-04-22,Completed
3916,1921,24,2023-08-30,Completed
3917,134,87,2025-05-03,Completed
3918,1644,148,2024-08-06,Completed
3919,720,50,2026-06-25,Completed
3920,134,50,2025-08-15,Completed
3921,1702,163,2023-10-02,Processing
3922,192,176,2023-04-25,Cancelled
3923,367,99,2023-06-05,Completed
3924,409,82,2025-02-24,Completed
3925,372,192,2026-03-29,Returned
3926,73,163,2023-12-24,Completed
3927,1457,98,2025-06-05,Completed
3928,868,154,2023-12-21,Completed
3929,479,60,2026-01-05,Completed
3930,513,24,2023-05-14,Processing
3931,1603,194,2024-01-28,Completed
3932,1712,160,2024-04-17,Completed
3933,1339,162,2023-11-01,Completed
3934,870,173,2023-12-30,Completed
3935,554,105,2024-01-27,Processing
3936,1382,133,2026-01-08,Completed
3937,488,66,2024-03-03,Completed
3938,1924,189,2025-12-14,Completed
3939,1254,66,2023-03-18,Completed
3940,1656,93,2024-08-12,Completed
3941,1490,144,2023-12-28,Cancelled
3942,1935,35,2026-02-09,Completed
3943,922,69,2024-02-23,Processing
3944,45,148,2024-12-12,Returned
3945,1747,144,2025-12-07,Returned
3946,1247,70,2025-09-09,Processing
3947,510,146,2025-05-24,Processing
3948,865,73,2024-10-31,Completed
3949,197,121,2025-04-09,Completed
3950,938,32,2026-01-30,Completed
3951,78,196,2026-04-27,Completed
3952,280,141,2025-11-07,Completed
3953,563,73,2026-06-04,Completed
3954,773,133,2025-06-07,Completed
3955,1104,157,2026-04-01,Completed
3956,837,180,2023-08-07,Completed
3957,1752,165,2023-02-15,Completed
3958,175,67,2026-06-26,Cancelled
3959,166,7,2024-03-16,Completed
3960,1949,184,2025-07-06,Completed
3961,984,92,2025-05-07,Completed
3962,1,168,2024-11-24,Completed
3963,1035,109,2023-02-10,Completed
3964,1357,75,2024-06-18,Processing
3965,1399,47,2024-02-23,Completed
3966,1986,95,2026-06-04,Returned
3967,1179,133,2024-11-02,Processing
3968,1898,72,2024-10-25,Completed
3969,1601,105,2025-04-16,Processing
3970,470,125,2024-12-03,Completed
3971,1690,183,2024-06-25,Processing
3972,891,19,2025-08-23,Completed
3973,1843,85,2025-07-01,Completed
3974,69,34,2024-11-07,Returned
3975,1398,62,2026-01-08,Processing
3976,1005,110,2023-12-20,Processing
3977,617,132,2023-05-27,Completed
3978,1549,64,2025-11-25,Completed
3979,501,195,2025-04-13,Processing
3980,1375,99,2024-02-06,Completed
3981,453,5,2023-06-23,Processing
3982,1742,196,2023-10-17,Completed
3983,773,154,2024-11-13,Returned
3984,1251,167,2024-03-02,Processing
3985,1317,129,2025-01-25,Cancelled
3986,1851,182,2025-09-29,Completed
3987,771,195,2025-08-30,Processing
3988,794,84,2025-04-29,Completed
3989,398,192,2025-05-15,Completed
3990,1393,73,2024-03-08,Completed
3991,826,131,2026-05-09,Completed
3992,1472,63,2024-04-21,Completed
3993,1381,39,2024-02-06,Completed
3994,1392,108,2023-07-01,Completed
3995,1522,13,2025-07-07,Processing
3996,1815,115,2024-09-09,Processing
3997,945,119,2025-05-26,Completed
3998,1824,35,2025-03-05,Cancelled
3999,911,138,2024-10-03,Completed
4000,1847,142,2026-05-24,Processing
4001,543,127,2025-02-05,Completed
4002,588,167,2024-05-05,Processing
4003,1460,86,2023-10-11,Completed
4004,390,115,2025-07-30,Processing
4005,1781,8,2024-05-06,Completed
4006,860,143,2025-08-31,Completed
4007,1787,39,2023-02-16,Completed
4008,727,21,2024-09-23,Completed
4009,410,77,2023-06-30,Completed
4010,965,197,2024-03-01,Processing
4011,122,160,2026-04-19,Processing
4012,1318,184,2023-04-06,Processing
4013,1513,9,2025-04-17,Completed
4014,1487,130,2023-11-04,Completed
4015,1480,68,2024-12-04,Completed
4016,1964,86,2025-05-15,Completed
4017,1954,47,2024-02-15,Cancelled
4018,881,9,2023-01-28,Completed
4019,60,147,2023-06-11,Completed
4020,503,79,2026-04-12,Processing
4021,160,21,2026-05-13,Completed
4022,1212,189,2025-03-28,Returned
4023,178,141,2023-07-28,Completed
4024,1534,115,2024-07-20,Completed
4025,639,187,2024-09-19,Completed
4026,1891,24,2025-11-11,Processing
4027,837,131,2025-09-24,Completed
4028,946,188,2026-04-10,Completed
4029,1334,99,2026-01-26,Completed
4030,33,190,2025-02-02,Completed
4031,703,154,2026-04-15,Completed
4032,1315,159,2023-05-19,Completed
4033,1437,60,2024-04-19,Completed
4034,1177,181,2024-01-16,Completed
4035,586,5,2024-10-08,Processing
4036,1394,62,2026-06-30,Completed
4037,1874,40,2023-05-18,Completed
4038,138,56,2023-06-30,Completed
4039,67,79,2025-09-19,Completed
4040,499,55,2026-02-04,Processing
4041,519,117,2025-10-21,Completed
4042,933,77,2024-09-11,Completed
4043,671,156,2024-06-21,Completed
4044,1905,192,2023-12-07,Processing
4045,985,166,2024-04-07,Returned
4046,1101,192,2025-04-12,Completed
4047,1776,128,2025-09-08,Completed
4048,185,53,2025-01-20,Completed
4049,385,3,2023-10-17,Completed
4050,401,69,2025-05-06,Completed
4051,161,90,2024-03-06,Cancelled
4052,1589,138,2025-01-16,Completed
4053,244,126,2026-02-01,Completed
4054,1796,160,2026-06-23,Processing
4055,1071,78,2023-06-05,Returned
4056,1135,97,2024-11-07,Processing
4057,1720,29,2025-02-10,Completed
4058,1272,46,2024-03-16,Completed
4059,1749,25,2026-04-18,Completed
4060,1561,147,2023-07-07,Processing
4061,1568,11,2023-04-24,Returned
4062,134,67,2025-02-27,Completed
4063,1441,156,2023-12-21,Cancelled
4064,211,177,2026-05-30,Completed
4065,1525,62,2023-04-17,Completed
4066,209,45,2023-05-10,Completed
4067,968,50,2024-08-27,Returned
4068,606,186,2025-04-02,Completed
4069,172,86,2024-12-30,Completed
4070,111,17,2024-10-18,Completed
4071,121,79,2024-08-30,Completed
4072,1092,23,2023-07-24,Completed
4073,1819,190,2025-04-14,Completed
4074,621,170,2024-10-02,Completed
4075,1519,182,2025-06-04,Completed
4076,626,84,2024-09-13,Processing
4077,1520,48,2026-05-08,Completed
4078,833,158,2026-05-09,Completed
4079,113,107,2024-09-20,Cancelled
4080,1879,188,2023-07-30,Completed
4081,215,178,2025-02-22,Completed
4082,1262,24,2023-02-05,Processing
4083,1820,180,2025-12-14,Completed
4084,1361,65,2023-10-02,Completed
4085,290,107,2025-10-28,Completed
4086,172,163,2025-10-19,Cancelled
4087,824,44,2025-02-19,Completed
4088,782,38,2023-03-04,Completed
4089,555,128,2026-03-19,Completed
4090,23,89,2026-03-10,Completed
4091,1638,163,2024-12-21,Completed
4092,272,142,2025-07-22,Completed
4093,324,38,2023-03-04,Returned
4094,1354,119,2024-07-01,Completed
4095,1011,189,2023-09-21,Processing
4096,1140,119,2023-09-08,Completed
4097,181,76,2024-11-16,Cancelled
4098,1662,12,2024-11-09,Processing
4099,1645,165,2023-02-17,Cancelled
4100,1941,133,2025-03-29,Processing
4101,90,74,2026-02-05,Completed
4102,1916,47,2024-06-20,Completed
4103,735,77,2025-09-04,Completed
4104,1648,103,2026-05-28,Completed
4105,1187,6,2024-06-10,Completed
4106,1991,187,2026-04-11,Completed
4107,804,177,2024-06-15,Completed
4108,1845,100,2024-11-05,Processing
4109,884,35,2024-03-27,Completed
4110,1088,131,2025-11-11,Completed
4111,781,89,2025-05-21,Completed
4112,487,19,2024-02-26,Completed
4113,108,107,2023-09-20,Processing
4114,48,23,2023-07-20,Completed
4115,19,72,2025-09-14,Completed
4116,1543,115,2023-06-13,Completed
4117,439,131,2023-02-04,Completed
4118,1557,185,2024-06-09,Completed
4119,1568,83,2024-05-18,Completed
4120,1471,146,2024-08-16,Completed
4121,1457,193,2023-09-07,Completed
4122,1154,188,2023-04-08,Completed
4123,903,33,2026-02-22,Completed
4124,1808,24,2025-04-17,Completed
4125,116,145,2024-11-09,Completed
4126,1496,101,2025-10-07,Processing
4127,524,131,2025-11-24,Processing
4128,1083,192,2025-04-27,Completed
4129,1354,39,2026-04-29,Completed
4130,1359,170,2025-12-31,Processing
4131,326,135,2023-12-04,Cancelled
4132,1557,196,2023-08-15,Completed
4133,503,96,2024-03-05,Completed
4134,1045,132,2024-12-03,Completed
4135,611,175,2025-05-15,Cancelled
4136,1309,127,2025-10-25,Completed
4137,818,72,2024-10-25,Completed
4138,1994,69,2024-07-28,Completed
4139,1178,122,2024-11-16,Completed
4140,732,163,2024-02-15,Cancelled
4141,661,89,2024-11-06,Completed
4142,1892,129,2026-06-29,Completed
4143,1452,118,2024-07-20,Returned
4144,132,181,2024-08-19,Completed
4145,1818,41,2025-05-27,Completed
4146,247,192,2023-08-30,Completed
4147,870,66,2024-11-16,Completed
4148,833,92,2024-10-13,Processing
4149,1595,165,2025-06-11,Processing
4150,1253,104,2025-06-21,Completed
4151,487,185,2023-01-17,Completed
4152,424,90,2025-10-29,Completed
4153,226,102,2024-01-28,Completed
4154,1509,84,2026-03-24,Completed
4155,318,45,2024-07-29,Completed
4156,576,195,2026-01-13,Completed
4157,1358,154,2023-12-09,Completed
4158,1134,13,2026-03-08,Completed
4159,521,112,2023-04-11,Processing
4160,1791,130,2023-03-10,Completed
4161,418,51,2024-09-06,Completed
4162,1718,86,2024-03-24,Completed
4163,768,135,2025-03-28,Returned
4164,996,27,2024-12-09,Completed
4165,854,5,2024-12-07,Completed
4166,1828,101,2023-03-25,Processing
4167,993,69,2025-04-05,Completed
4168,1016,35,2023-04-09,Completed
4169,423,102,2024-09-04,Completed
4170,220,154,2023-11-10,Processing
4171,715,105,2025-06-29,Cancelled
4172,315,129,2025-01-16,Completed
4173,176,92,2024-10-19,Processing
4174,446,143,2024-05-18,Completed
4175,930,88,2024-10-17,Completed
4176,1873,41,2025-03-02,Completed
4177,446,156,2025-01-29,Completed
4178,1049,69,2024-08-13,Completed
4179,1150,157,2023-02-15,Processing
4180,169,171,2026-02-26,Cancelled
4181,1244,130,2023-05-13,Completed
4182,759,18,2023-11-10,Completed
4183,568,77,2023-07-16,Completed
4184,339,87,2024-02-26,Completed
4185,565,159,2026-01-13,Completed
4186,1379,195,2024-05-15,Processing
4187,689,170,2026-03-14,Completed
4188,912,112,2024-12-18,Processing
4189,1193,10,2025-09-12,Completed
4190,621,186,2026-06-08,Completed
4191,1451,54,2024-09-18,Returned
4192,885,138,2025-08-22,Completed
4193,689,106,2026-02-28,Returned
4194,1487,1,2026-04-07,Processing
4195,1759,14,2025-09-24,Cancelled
4196,1422,62,2024-09-03,Completed
4197,738,152,2025-08-07,Completed
4198,105,170,2023-04-08,Completed
4199,683,165,2024-05-31,Completed
4200,469,197,2024-08-12,Returned
4201,493,170,2023-05-27,Completed
4202,991,35,2023-12-21,Cancelled
4203,960,129,2024-11-20,Completed
4204,458,88,2024-07-07,Returned
4205,1299,125,2024-09-24,Completed
4206,674,167,2025-02-05,Completed
4207,1363,81,2023-11-07,Processing
4208,1099,94,2025-02-02,Completed
4209,1709,199,2026-04-07,Completed
4210,1225,78,2025-09-26,Cancelled
4211,201,168,2025-04-17,Completed
4212,1613,136,2024-06-21,Completed
4213,1591,50,2025-04-20,Completed
4214,1519,189,2024-09-10,Completed
4215,38,120,2023-07-28,Completed
4216,1215,114,2023-07-16,Completed
4217,1010,172,2026-04-23,Completed
4218,1652,178,2024-05-17,Completed
4219,716,183,2024-10-16,Completed
4220,86,133,2024-03-19,Cancelled
4221,764,183,2025-04-04,Completed
4222,53,49,2026-05-31,Completed
4223,160,118,2024-12-13,Completed
4224,1350,11,2023-08-03,Completed
4225,1926,99,2025-07-31,Processing
4226,553,148,2023-03-10,Completed
4227,1436,153,2023-12-31,Completed
4228,1393,26,2025-03-25,Completed
4229,1635,94,2026-03-30,Completed
4230,1579,150,2025-05-18,Completed
4231,512,91,2024-02-10,Completed
4232,492,95,2024-12-30,Completed
4233,94,126,2023-04-29,Completed
4234,1094,138,2024-03-15,Processing
4235,1981,55,2024-04-17,Processing
4236,1543,50,2026-06-07,Completed
4237,389,13,2026-05-21,Cancelled
4238,635,43,2025-10-05,Completed
4239,1259,59,2025-06-04,Processing
4240,1891,58,2024-10-04,Completed
4241,1490,146,2025-04-27,Processing
4242,1812,17,2024-07-02,Returned
4243,402,181,2023-01-23,Cancelled
4244,1380,185,2024-04-12,Processing
4245,895,94,2026-02-22,Completed
4246,52,132,2023-12-23,Completed
4247,1371,107,2024-04-30,Processing
4248,1938,68,2023-05-20,Processing
4249,1770,196,2025-12-07,Completed
4250,1195,27,2023-07-01,Completed
4251,1960,51,2023-12-07,Completed
4252,1347,43,2024-10-22,Processing
4253,170,28,2026-04-14,Processing
4254,1120,146,2023-10-28,Processing
4255,1772,79,2025-03-18,Completed
4256,541,162,2024-07-12,Cancelled
4257,1434,55,2024-01-06,Completed
4258,650,72,2024-08-09,Completed
4259,200,198,2025-12-26,Completed
4260,783,116,2024-01-20,Returned
4261,1408,87,2023-10-23,Completed
4262,1691,166,2026-01-10,Completed
4263,444,114,2025-05-28,Completed
4264,205,138,2024-07-26,Cancelled
4265,533,98,2023-10-03,Completed
4266,153,67,2025-12-05,Completed
4267,663,69,2023-05-03,Completed
4268,908,44,2026-01-14,Cancelled
4269,24,51,2023-01-04,Completed
4270,1593,102,2024-08-19,Cancelled
4271,95,188,2026-03-19,Returned
4272,1355,171,2025-09-16,Completed
4273,1114,61,2025-08-10,Completed
4274,1237,96,2023-01-06,Completed
4275,989,177,2023-05-15,Completed
4276,1963,25,2025-10-18,Completed
4277,1118,135,2025-11-23,Completed
4278,1346,77,2023-07-30,Completed
4279,1177,57,2023-04-02,Processing
4280,1375,42,2025-03-03,Completed
4281,1630,103,2024-06-09,Completed
4282,612,28,2026-04-20,Completed
4283,76,83,2024-04-17,Completed
4284,793,65,2026-03-11,Returned
4285,1474,182,2025-09-23,Completed
4286,612,34,2024-11-19,Completed
4287,1221,116,2023-04-19,Completed
4288,1511,96,2026-02-18,Completed
4289,814,140,2023-10-19,Completed
4290,1955,3,2025-08-04,Completed
4291,1968,86,2024-05-20,Completed
4292,1306,102,2023-10-11,Returned
4293,823,1,2023-10-15,Completed
4294,1171,189,2023-02-21,Completed
4295,933,94,2024-07-19,Completed
4296,1772,155,2024-04-19,Processing
4297,754,140,2024-04-17,Processing
4298,394,175,2026-06-26,Completed
4299,837,93,2025-07-07,Processing
4300,669,22,2025-09-10,Completed
4301,520,97,2026-03-21,Processing
4302,1446,89,2023-09-08,Processing
4303,1505,21,2024-09-15,Cancelled
4304,1568,23,2023-11-05,Completed
4305,178,147,2024-11-07,Completed
4306,1301,150,2025-09-14,Completed
4307,1909,57,2024-11-25,Completed
4308,1010,127,2023-06-16,Completed
4309,394,9,2024-12-08,Completed
4310,1859,15,2026-03-19,Completed
4311,520,179,2025-02-21,Completed
4312,1973,101,2024-06-02,Processing
4313,1559,163,2026-02-11,Completed
4314,490,115,2025-02-27,Completed
4315,1549,143,2025-07-17,Completed
4316,1773,171,2025-06-11,Completed
4317,574,58,2024-09-27,Cancelled
4318,1344,183,2026-04-17,Completed
4319,1369,60,2023-06-13,Processing
4320,1558,61,2023-04-02,Completed
4321,542,149,2025-05-10,Completed
4322,1547,128,2024-06-24,Completed
4323,1,78,2026-01-16,Processing
4324,1759,12,2026-04-16,Completed
4325,899,186,2024-03-20,Completed
4326,706,100,2023-02-10,Processing
4327,333,124,2023-04-16,Completed
4328,1739,150,2025-01-07,Completed
4329,613,123,2025-04-26,Completed
4330,105,124,2026-03-25,Completed
4331,1805,116,2025-01-11,Completed
4332,720,108,2024-11-30,Completed
4333,1158,117,2023-11-07,Completed
4334,1181,54,2024-08-29,Completed
4335,1932,175,2023-02-20,Completed
4336,1247,130,2024-06-12,Completed
4337,715,190,2025-05-03,Processing
4338,777,186,2026-04-23,Completed
4339,1773,167,2025-04-15,Completed
4340,271,105,2026-01-27,Completed
4341,1572,114,2025-06-21,Completed
4342,768,120,2023-03-25,Completed
4343,1158,105,2023-10-23,Completed
4344,960,151,2024-01-12,Completed
4345,1609,22,2023-04-23,Processing
4346,733,32,2023-09-24,Completed
4347,354,48,2023-03-08,Completed
4348,1846,168,2023-12-10,Completed
4349,475,50,2024-05-10,Processing
4350,442,158,2026-04-22,Completed
4351,777,6,2025-04-01,Processing
4352,1950,97,2026-03-05,Completed
4353,1393,1,2025-03-27,Completed
4354,268,49,2024-11-29,Completed
4355,803,83,2023-10-15,Completed
4356,280,130,2024-12-04,Completed
4357,1710,13,2023-03-09,Processing
4358,543,65,2025-12-23,Completed
4359,1089,123,2024-11-28,Completed
4360,1970,149,2025-12-01,Completed
4361,742,90,2024-09-28,Completed
4362,14,83,2024-05-22,Completed
4363,620,34,2025-01-17,Processing
4364,983,143,2025-05-18,Completed
4365,1968,115,2026-01-19,Completed
4366,370,11,2024-04-13,Returned
4367,346,32,2024-05-25,Cancelled
4368,71,24,2026-06-26,Completed
4369,1976,107,2024-03-03,Processing
4370,1356,34,2026-01-10,Completed
4371,1591,124,2023-11-23,Completed
4372,1693,180,2023-06-06,Processing
4373,1650,80,2026-03-08,Processing
4374,356,148,2023-08-20,Cancelled
4375,1183,101,2024-09-26,Completed
4376,18,61,2024-02-03,Completed
4377,1038,2,2025-08-22,Completed
4378,161,180,2023-03-26,Completed
4379,640,87,2023-06-12,Cancelled
4380,302,175,2023-11-23,Processing
4381,169,186,2025-09-28,Completed
4382,1940,70,2023-05-17,Completed
4383,1021,159,2023-10-09,Processing
4384,140,15,2024-07-05,Completed
4385,1791,120,2024-10-16,Completed
4386,1598,26,2024-12-29,Completed
4387,1394,147,2025-07-05,Completed
4388,1691,14,2024-04-15,Completed
4389,1095,197,2024-11-30,Completed
4390,1909,49,2024-02-18,Completed
4391,763,130,2025-10-07,Cancelled
4392,1411,143,2024-03-18,Completed
4393,1320,3,2025-05-22,Processing
4394,1771,67,2024-11-18,Returned
4395,315,59,2023-10-03,Completed
4396,549,190,2025-12-24,Completed
4397,205,159,2025-07-31,Completed
4398,91,185,2023-08-07,Completed
4399,1248,124,2023-09-28,Completed
4400,718,19,2026-03-16,Completed
4401,1738,144,2023-11-13,Completed
4402,723,33,2024-05-02,Completed
4403,1986,145,2025-07-10,Processing
4404,1179,166,2024-02-09,Completed
4405,1036,42,2026-04-30,Completed
4406,1976,162,2025-01-31,Processing
4407,159,110,2024-03-08,Completed
4408,171,73,2026-05-16,Returned
4409,1852,120,2024-11-15,Completed
4410,1760,29,2024-09-26,Completed
4411,1661,120,2024-05-02,Completed
4412,790,34,2024-12-09,Completed
4413,1896,140,2024-05-01,Completed
4414,1338,148,2025-08-20,Completed
4415,1893,166,2025-06-08,Completed
4416,1807,193,2024-06-12,Completed
4417,627,51,2024-12-02,Completed
4418,948,133,2025-10-11,Completed
4419,1776,97,2025-01-11,Completed
4420,1852,104,2024-09-21,Processing
4421,1775,174,2023-03-30,Completed
4422,1171,13,2024-04-08,Cancelled
4423,1326,5,2024-08-30,Completed
4424,1191,108,2023-04-14,Completed
4425,103,146,2024-08-10,Completed
4426,859,179,2024-12-26,Completed
4427,851,33,2024-08-12,Completed
4428,1423,200,2023-10-11,Completed
4429,1217,40,2023-03-09,Completed
4430,1228,60,2023-04-19,Processing
4431,1471,69,2023-05-01,Completed
4432,304,120,2024-05-10,Cancelled
4433,233,193,2025-07-31,Processing
4434,812,80,2023-05-15,Completed
4435,1775,85,2025-05-12,Returned
4436,27,3,2023-05-15,Completed
4437,1881,157,2024-04-01,Returned
4438,1251,136,2024-07-12,Processing
4439,336,41,2026-03-24,Completed
4440,1709,195,2024-10-23,Completed
4441,851,178,2025-09-12,Processing
4442,169,91,2024-05-25,Completed
4443,346,43,2025-06-02,Completed
4444,953,187,2024-04-28,Completed
4445,88,185,2024-02-20,Completed
4446,33,148,2023-03-19,Completed
4447,616,117,2025-04-12,Processing
4448,1321,80,2024-09-08,Completed
4449,1002,64,2024-10-27,Completed
4450,1922,14,2024-08-04,Completed
4451,256,103,2026-06-22,Completed
4452,1483,181,2023-05-06,Completed
4453,745,69,2026-03-15,Completed
4454,627,60,2026-03-22,Completed
4455,568,82,2024-03-10,Processing
4456,1621,177,2024-12-11,Completed
4457,1143,178,2024-03-31,Completed
4458,509,131,2023-07-21,Completed
4459,1914,124,2024-04-21,Completed
4460,1289,174,2024-03-02,Completed
4461,472,109,2024-09-27,Processing
4462,313,76,2025-09-01,Completed
4463,1168,138,2025-02-05,Completed
4464,940,41,2023-04-23,Completed
4465,92,83,2023-05-29,Completed
4466,510,34,2024-10-30,Processing
4467,999,182,2023-07-03,Cancelled
4468,665,137,2025-10-18,Processing
4469,1958,69,2023-04-18,Completed
4470,1834,166,2024-09-04,Completed
4471,146,21,2026-04-30,Completed
4472,1666,96,2023-06-29,Completed
4473,1046,10,2025-09-22,Completed
4474,187,64,2024-12-08,Completed
4475,1522,58,2024-09-27,Returned
4476,1908,196,2023-05-21,Completed
4477,964,29,2024-11-13,Processing
4478,644,92,2025-10-13,Processing
4479,804,111,2024-04-17,Returned
4480,1294,167,2023-09-27,Completed
4481,36,111,2023-09-04,Completed
4482,1746,20,2026-01-03,Completed
4483,1943,184,2025-06-04,Completed
4484,19,200,2023-01-02,Completed
4485,150,81,2023-03-27,Completed
4486,644,156,2026-02-25,Completed
4487,735,171,2025-05-10,Completed
4488,1797,20,2024-09-18,Completed
4489,1419,109,2023-02-19,Completed
4490,1568,152,2023-03-19,Completed
4491,1877,73,2025-05-05,Processing
4492,1501,56,2026-05-13,Completed
4493,1052,135,2025-10-22,Completed
4494,1217,54,2023-03-20,Processing
4495,1835,101,2023-08-23,Cancelled
4496,1137,134,2023-08-22,Returned
4497,969,182,2026-01-02,Completed
4498,1674,176,2024-12-24,Cancelled
4499,94,90,2023-03-14,Completed
4500,820,195,2026-02-14,Processing
4501,779,123,2023-12-27,Completed
4502,982,40,2025-09-26,Processing
4503,1483,164,2026-02-08,Completed
4504,1933,75,2025-07-05,Completed
4505,939,54,2024-12-21,Completed
4506,955,133,2024-04-02,Returned
4507,455,13,2025-03-30,Completed
4508,1812,134,2026-05-10,Completed
4509,1167,96,2023-07-31,Completed
4510,582,156,2026-01-28,Completed
4511,1827,21,2024-06-16,Completed
4512,1156,10,2025-06-09,Completed
4513,1482,107,2025-07-09,Completed
4514,1150,87,2025-10-03,Completed
4515,624,91,2025-06-01,Completed
4516,1245,94,2025-04-03,Returned
4517,510,193,2023-07-03,Completed
4518,1282,168,2025-06-17,Completed
4519,301,5,2023-03-08,Completed
4520,1710,89,2025-05-27,Processing
4521,439,62,2025-08-19,Completed
4522,496,5,2024-02-14,Completed
4523,1409,143,2025-09-12,Completed
4524,330,107,2023-08-09,Completed
4525,985,173,2023-11-11,Processing
4526,295,68,2023-04-28,Returned
4527,1957,75,2024-11-21,Completed
4528,119,88,2024-08-28,Returned
4529,1039,191,2023-03-16,Completed
4530,1128,54,2026-03-09,Completed
4531,939,61,2025-12-01,Completed
4532,635,97,2023-07-19,Completed
4533,415,198,2024-07-31,Completed
4534,1582,172,2023-05-02,Completed
4535,163,75,2024-04-02,Completed
4536,630,159,2024-04-07,Completed
4537,1995,183,2024-07-23,Completed
4538,1164,145,2025-04-25,Returned
4539,847,194,2025-03-04,Completed
4540,1017,178,2024-02-03,Completed
4541,1241,97,2023-11-18,Completed
4542,927,200,2024-11-01,Completed
4543,9,43,2023-09-18,Completed
4544,460,74,2023-03-21,Completed
4545,959,116,2023-07-29,Completed
4546,1351,95,2025-11-28,Completed
4547,1692,68,2023-07-29,Processing
4548,340,198,2025-11-04,Completed
4549,846,104,2025-06-02,Completed
4550,1641,30,2024-01-04,Completed
4551,1000,135,2026-02-07,Processing
4552,996,163,2026-06-11,Completed
4553,782,50,2025-05-02,Completed
4554,971,101,2026-06-06,Processing
4555,1660,73,2024-09-12,Completed
4556,297,41,2024-06-15,Completed
4557,1100,140,2025-03-15,Completed
4558,501,119,2024-04-25,Completed
4559,752,11,2024-04-08,Processing
4560,1785,29,2025-12-27,Completed
4561,779,174,2025-02-18,Completed
4562,250,68,2023-09-06,Processing
4563,1372,147,2025-04-17,Completed
4564,51,68,2025-07-19,Processing
4565,1163,191,2023-09-12,Processing
4566,1648,158,2023-09-14,Processing
4567,775,169,2026-05-12,Processing
4568,1488,125,2025-04-18,Completed
4569,1592,55,2024-08-15,Returned
4570,452,68,2023-06-10,Completed
4571,1548,18,2025-11-22,Completed
4572,1757,144,2023-08-01,Completed
4573,701,22,2024-04-19,Completed
4574,238,114,2026-04-17,Completed
4575,923,10,2025-10-25,Completed
4576,1173,191,2024-07-16,Processing
4577,1849,99,2025-07-17,Completed
4578,1675,129,2025-07-28,Completed
4579,45,51,2023-08-03,Processing
4580,725,196,2025-03-09,Completed
4581,257,196,2023-11-09,Completed
4582,968,154,2024-07-04,Completed
4583,549,7,2024-03-31,Processing
4584,1920,116,2024-06-27,Completed
4585,1190,158,2025-12-11,Completed
4586,1931,59,2024-05-20,Completed
4587,469,101,2026-06-13,Completed
4588,1671,162,2025-04-08,Completed
4589,1707,99,2023-02-04,Completed
4590,1555,116,2024-12-19,Cancelled
4591,1440,166,2026-02-13,Completed
4592,1896,102,2024-05-09,Completed
4593,75,21,2023-02-24,Completed
4594,1319,86,2024-08-27,Processing
4595,340,83,2024-04-07,Completed
4596,1907,74,2023-02-13,Completed
4597,596,134,2025-03-30,Completed
4598,1796,144,2025-02-14,Completed
4599,1672,133,2026-04-25,Completed
4600,1059,18,2025-08-15,Processing
4601,505,104,2023-08-07,Returned
4602,1887,117,2025-08-17,Processing
4603,911,125,2024-03-30,Completed
4604,1176,80,2026-05-04,Processing
4605,1671,10,2025-06-28,Completed
4606,1908,19,2025-06-24,Completed
4607,1555,109,2023-04-17,Completed
4608,49,44,2023-07-10,Completed
4609,177,92,2024-11-15,Completed
4610,573,59,2024-04-20,Completed
4611,1063,78,2026-03-02,Returned
4612,1896,88,2025-02-05,Completed
4613,224,123,2023-02-24,Completed
4614,738,63,2023-01-03,Completed
4615,1423,150,2026-04-10,Completed
4616,828,90,2024-03-15,Completed
4617,1961,190,2026-06-10,Completed
4618,935,61,2023-08-01,Completed
4619,1164,78,2025-05-25,Completed
4620,1015,184,2023-11-08,Processing
4621,1663,144,2024-12-15,Completed
4622,675,170,2024-05-13,Completed
4623,982,169,2025-03-05,Completed
4624,190,67,2023-06-10,Completed
4625,412,32,2025-09-13,Completed
4626,1920,9,2025-05-31,Completed
4627,1146,165,2023-07-27,Processing
4628,1690,82,2025-08-05,Completed
4629,1804,184,2023-09-06,Completed
4630,51,101,2026-04-18,Completed
4631,1914,95,2024-06-22,Completed
4632,428,152,2025-12-31,Completed
4633,209,76,2024-11-02,Completed
4634,1735,60,2026-05-12,Completed
4635,271,122,2023-07-22,Returned
4636,815,192,2026-04-09,Completed
4637,259,155,2023-04-23,Completed
4638,1893,45,2025-03-08,Completed
4639,1366,21,2023-08-16,Completed
4640,670,109,2023-06-01,Completed
4641,1199,118,2024-01-30,Completed
4642,517,198,2026-06-30,Completed
4643,286,23,2024-04-18,Completed
4644,1516,143,2025-11-14,Completed
4645,396,136,2024-09-12,Processing
4646,1279,14,2026-02-22,Completed
4647,403,173,2024-03-22,Completed
4648,1363,68,2025-12-19,Completed
4649,1821,120,2024-05-16,Returned
4650,1754,93,2024-10-11,Completed
4651,284,33,2023-05-28,Completed
4652,1800,36,2023-02-12,Completed
4653,168,135,2025-03-25,Completed
4654,788,17,2024-04-02,Completed
4655,847,68,2023-08-27,Completed
4656,489,109,2025-11-03,Completed
4657,1282,157,2026-04-25,Completed
4658,948,112,2024-07-14,Processing
4659,302,58,2026-03-28,Completed
4660,1504,59,2024-01-03,Completed
4661,1843,137,2023-11-02,Processing
4662,1649,117,2023-07-28,Completed
4663,1234,62,2025-08-02,Completed
4664,1733,160,2026-03-08,Processing
4665,339,48,2024-10-03,Cancelled
4666,849,195,2024-06-10,Completed
4667,1066,72,2024-05-23,Completed
4668,1441,187,2026-01-15,Completed
4669,1787,30,2023-06-02,Processing
4670,456,57,2023-04-05,Completed
4671,1240,182,2025-11-30,Completed
4672,1024,123,2023-06-24,Completed
4673,713,153,2023-04-25,Cancelled
4674,1431,43,2025-09-13,Completed
4675,1249,14,2023-12-18,Completed
4676,1410,39,2023-02-02,Returned
4677,1954,61,2025-08-16,Completed
4678,366,186,2025-03-23,Completed
4679,444,38,2024-01-25,Completed
4680,149,138,2023-01-14,Completed
4681,706,169,2026-06-22,Completed
4682,1003,120,2024-04-10,Returned
4683,1632,147,2024-02-05,Processing
4684,1002,149,2024-10-08,Completed
4685,1970,165,2023-10-27,Completed
4686,552,175,2023-06-24,Completed
4687,1384,56,2025-03-12,Completed
4688,1456,136,2025-05-21,Returned
4689,805,168,2025-08-06,Completed
4690,329,94,2026-02-11,Completed
4691,329,53,2024-03-01,Processing
4692,1113,11,2025-01-10,Returned
4693,66,191,2025-11-06,Completed
4694,341,161,2024-06-01,Completed
4695,1048,120,2024-04-02,Processing
4696,81,121,2025-12-04,Completed
4697,352,163,2025-06-22,Completed
4698,724,196,2024-08-18,Completed
4699,377,1,2025-08-24,Completed
4700,1264,115,2023-02-16,Completed
4701,1116,121,2024-06-02,Completed
4702,1468,42,2025-09-30,Completed
4703,1561,54,2025-03-21,Completed
4704,1280,188,2024-11-01,Completed
4705,1402,182,2023-02-09,Returned
4706,1813,21,2023-03-08,Completed
4707,622,177,2026-01-06,Completed
4708,264,110,2023-12-21,Completed
4709,27,54,2025-05-06,Returned
4710,276,34,2024-05-07,Completed
4711,1528,168,2025-12-19,Completed
4712,1853,49,2024-07-10,Processing
4713,1311,71,2024-02-09,Completed
4714,420,148,2023-08-23,Processing
4715,290,144,2023-03-03,Completed
4716,852,182,2025-03-22,Completed
4717,1721,110,2026-06-07,Processing
4718,966,187,2024-09-17,Completed
4719,1758,1,2024-06-04,Completed
4720,518,17,2023-02-08,Completed
4721,801,68,2026-04-03,Completed
4722,1405,140,2024-08-11,Processing
4723,679,142,2023-02-26,Completed
4724,1344,25,2025-09-30,Completed
4725,1189,106,2023-12-15,Completed
4726,266,76,2023-07-16,Completed
4727,651,5,2026-06-02,Completed
4728,1445,107,2023-07-22,Completed
4729,1714,42,2024-11-09,Completed
4730,501,179,2023-11-30,Completed
4731,1132,13,2024-10-26,Processing
4732,396,117,2025-06-30,Completed
4733,717,70,2023-04-28,Completed
4734,829,45,2024-11-27,Completed
4735,96,198,2023-08-07,Completed
4736,676,199,2023-11-22,Completed
4737,1405,112,2024-01-07,Completed
4738,1113,142,2026-01-07,Completed
4739,453,22,2025-06-30,Completed
4740,39,61,2023-02-10,Cancelled
4741,735,137,2025-11-05,Completed
4742,1215,121,2023-08-30,Completed
4743,1637,80,2023-09-26,Completed
4744,1829,57,2025-01-23,Returned
4745,1574,76,2025-01-16,Processing
4746,93,84,2024-12-23,Completed
4747,658,114,2025-10-12,Completed
4748,1747,23,2023-08-08,Processing
4749,1214,141,2024-04-02,Completed
4750,1554,85,2025-08-15,Returned
4751,906,65,2024-10-27,Completed
4752,797,1,2026-01-30,Returned
4753,1739,92,2025-12-22,Completed
4754,1943,10,2023-08-12,Completed
4755,1975,43,2024-01-07,Processing
4756,413,98,2025-12-04,Processing
4757,125,2,2025-11-18,Completed
4758,887,175,2023-05-25,Completed
4759,1302,148,2025-11-23,Completed
4760,466,2,2025-10-12,Completed
4761,217,190,2023-08-28,Completed
4762,1172,155,2025-09-08,Processing
4763,1732,153,2023-09-17,Completed
4764,1857,85,2025-03-17,Cancelled
4765,1754,57,2024-03-08,Completed
4766,1533,139,2025-11-29,Processing
4767,299,132,2025-01-18,Returned
4768,1149,158,2025-11-14,Completed
4769,215,140,2024-06-12,Returned
4770,958,102,2024-05-12,Completed
4771,1837,146,2023-01-18,Completed
4772,486,128,2026-04-17,Completed
4773,1253,187,2024-08-31,Completed
4774,1401,165,2024-06-01,Completed
4775,1741,12,2025-07-14,Completed
4776,1697,44,2025-05-22,Completed
4777,1580,88,2024-08-06,Completed
4778,1575,116,2024-12-27,Completed
4779,801,8,2024-06-14,Completed
4780,1336,132,2024-03-04,Completed
4781,1956,161,2026-03-08,Completed
4782,1242,181,2026-03-18,Completed
4783,1752,81,2025-07-11,Processing
4784,1889,173,2025-10-14,Completed
4785,1634,142,2023-05-28,Completed
4786,634,56,2024-09-19,Completed
4787,1957,178,2024-03-07,Returned
4788,1336,172,2023-07-20,Completed
4789,795,25,2024-01-31,Completed
4790,1315,161,2023-01-06,Completed
4791,447,100,2026-04-10,Completed
4792,405,184,2025-10-23,Completed
4793,484,49,2025-04-17,Completed
4794,697,34,2026-02-09,Completed
4795,89,187,2024-01-19,Completed
4796,1971,36,2025-03-15,Completed
4797,940,61,2024-10-04,Processing
4798,584,160,2025-07-11,Completed
4799,1414,14,2024-01-21,Returned
4800,504,69,2025-09-14,Completed
4801,869,157,2024-11-06,Completed
4802,1455,92,2024-10-04,Completed
4803,925,11,2023-11-01,Completed
4804,233,121,2024-05-30,Completed
4805,1996,80,2024-06-27,Completed
4806,1638,121,2025-03-13,Processing
4807,221,142,2026-02-28,Cancelled
4808,1223,24,2023-10-30,Completed
4809,1548,4,2025-05-07,Completed
4810,1506,104,2023-07-31,Completed
4811,307,139,2024-04-30,Completed
4812,55,94,2025-03-01,Completed
4813,1142,178,2024-12-23,Completed
4814,1919,66,2025-01-29,Completed
4815,1925,88,2026-04-04,Completed
4816,1986,105,2024-03-10,Completed
4817,1024,128,2025-09-24,Completed
4818,1377,80,2024-03-19,Completed
4819,1000,105,2024-01-28,Completed
4820,127,68,2025-04-21,Completed
4821,365,178,2024-05-15,Completed
4822,1477,170,2023-10-19,Processing
4823,1153,5,2024-01-12,Completed
4824,1156,114,2025-02-06,Completed
4825,821,27,2025-07-26,Completed
4826,1318,119,2023-02-18,Returned
4827,1389,28,2023-12-20,Completed
4828,1197,54,2024-06-01,Completed
4829,937,112,2026-05-12,Processing
4830,1869,30,2025-02-22,Completed
4831,1129,167,2024-02-01,Processing
4832,1676,60,2026-04-19,Processing
4833,149,190,2026-05-06,Completed
4834,774,167,2026-06-02,Completed
4835,1742,87,2024-04-04,Completed
4836,327,45,2025-05-05,Processing
4837,1839,144,2023-09-15,Completed
4838,1337,119,2025-06-29,Completed
4839,1597,14,2024-10-08,Completed
4840,664,126,2026-01-13,Processing
4841,1617,43,2026-01-26,Completed
4842,397,39,2023-11-22,Processing
4843,1531,191,2023-02-22,Returned
4844,343,108,2026-03-27,Completed
4845,597,67,2025-05-01,Completed
4846,1188,83,2023-10-09,Completed
4847,27,146,2025-05-03,Completed
4848,1815,68,2025-06-20,Completed
4849,527,88,2023-12-29,Completed
4850,928,141,2025-08-11,Completed
4851,1122,138,2024-06-18,Completed
4852,1660,179,2026-05-26,Completed
4853,981,120,2025-07-27,Returned
4854,177,37,2026-06-13,Completed
4855,930,40,2026-01-22,Completed
4856,1070,16,2026-05-11,Completed
4857,301,103,2023-05-26,Processing
4858,527,31,2025-06-15,Completed
4859,402,127,2023-06-02,Completed
4860,869,9,2024-11-16,Completed
4861,815,139,2025-11-21,Processing
4862,153,177,2025-04-02,Completed
4863,967,148,2025-01-23,Completed
4864,955,150,2025-12-08,Processing
4865,1803,45,2024-06-21,Completed
4866,740,61,2025-02-03,Completed
4867,817,5,2023-06-23,Completed
4868,1264,143,2024-06-19,Completed
4869,902,1,2023-08-31,Completed
4870,1054,200,2025-03-30,Processing
4871,211,94,2023-12-16,Completed
4872,1329,27,2023-04-23,Processing
4873,120,73,2024-04-08,Completed
4874,1123,149,2025-02-02,Completed
4875,928,180,2023-11-07,Cancelled
4876,845,22,2023-04-20,Returned
4877,188,9,2026-03-14,Completed
4878,961,14,2023-08-06,Completed
4879,742,8,2023-12-28,Completed
4880,305,90,2024-08-14,Completed
4881,1406,196,2024-04-15,Completed
4882,168,4,2023-12-19,Cancelled
4883,964,94,2026-05-20,Completed
4884,944,173,2024-11-14,Completed
4885,1228,109,2024-10-20,Processing
4886,925,192,2024-09-25,Processing
4887,343,89,2023-11-06,Completed
4888,1394,158,2024-06-12,Completed
4889,577,22,2025-04-08,Completed
4890,1595,185,2024-03-08,Completed
4891,1928,175,2025-01-20,Cancelled
4892,385,62,2025-07-28,Processing
4893,1779,114,2025-05-17,Completed
4894,1580,176,2026-05-30,Completed
4895,236,191,2025-02-10,Processing
4896,656,88,2025-10-13,Processing
4897,938,78,2026-05-11,Completed
4898,744,134,2024-09-02,Completed
4899,1058,131,2023-06-11,Completed
4900,1254,9,2025-11-21,Completed
4901,1679,87,2025-10-27,Completed
4902,1505,12,2024-12-29,Completed
4903,678,7,2026-03-02,Completed
4904,895,54,2024-01-10,Completed
4905,499,82,2023-10-25,Completed
4906,224,25,2023-08-27,Completed
4907,117,180,2025-11-27,Processing
4908,1765,19,2025-12-30,Completed
4909,869,131,2026-06-02,Completed
4910,1489,83,2026-05-06,Processing
4911,157,63,2025-01-01,Completed
4912,1025,171,2024-03-05,Processing
4913,930,186,2024-02-11,Completed
4914,1919,137,2023-01-18,Processing
4915,303,169,2025-05-07,Completed
4916,1262,127,2023-10-02,Completed
4917,680,76,2026-01-24,Processing
4918,1059,124,2026-01-27,Completed
4919,289,17,2024-07-31,Returned
4920,524,156,2026-01-10,Completed
4921,792,2,2024-08-26,Completed
4922,1916,117,2023-08-01,Completed
4923,1882,65,2025-08-29,Completed
4924,881,21,2025-07-27,Completed
4925,1097,13,2024-07-09,Processing
4926,1273,47,2025-05-17,Processing
4927,1719,110,2026-06-23,Completed
4928,1268,117,2026-04-22,Completed
4929,1927,121,2024-11-08,Completed
4930,1051,67,2025-07-14,Returned
4931,483,72,2023-01-09,Cancelled
4932,1897,35,2026-04-05,Completed
4933,1824,1,2024-11-03,Completed
4934,1425,117,2024-11-12,Returned
4935,1191,54,2024-05-29,Processing
4936,1057,155,2023-02-25,Completed
4937,571,136,2024-08-09,Completed
4938,497,109,2024-12-16,Completed
4939,1817,18,2025-01-07,Completed
4940,824,35,2023-09-28,Processing
4941,128,120,2023-02-27,Completed
4942,1257,65,2025-11-27,Processing
4943,1983,60,2023-07-29,Completed
4944,1448,34,2025-07-09,Cancelled
4945,495,64,2023-04-19,Processing
4946,1967,173,2023-12-27,Completed
4947,1861,126,2023-05-19,Completed
4948,1329,42,2024-08-05,Completed
4949,1791,91,2025-05-06,Processing
4950,1638,27,2023-09-24,Completed
4951,1114,179,2023-01-30,Completed
4952,381,143,2025-09-26,Processing
4953,98,102,2025-05-02,Completed
4954,1807,77,2024-12-11,Processing
4955,679,132,2025-04-01,Completed
4956,887,84,2024-08-30,Completed
4957,59,43,2026-02-02,Completed
4958,286,20,2023-12-17,Completed
4959,781,111,2026-04-11,Cancelled
4960,648,158,2024-07-12,Completed
4961,1464,156,2025-12-13,Completed
4962,1028,41,2025-12-26,Completed
4963,74,85,2023-11-12,Completed
4964,1372,57,2023-12-10,Completed
4965,1776,118,2023-07-06,Completed
4966,327,5,2024-03-01,Cancelled
4967,1072,112,2024-08-23,Processing
4968,1904,192,2025-09-11,Completed
4969,876,139,2024-11-23,Completed
4970,1084,119,2025-02-14,Completed
4971,307,2,2025-11-01,Completed
4972,464,69,2025-06-15,Returned
4973,15,105,2024-01-08,Completed
4974,455,69,2024-12-11,Completed
4975,984,63,2024-12-01,Completed
4976,1954,167,2023-09-22,Completed
4977,1462,197,2023-03-16,Completed
4978,437,87,2025-12-22,Completed
4979,963,56,2023-05-05,Processing
4980,452,191,2023-09-17,Completed
4981,1671,115,2023-02-16,Completed
4982,1616,66,2023-03-27,Completed
4983,692,75,2025-04-20,Completed
4984,1618,180,2024-04-01,Processing
4985,1828,118,2023-03-21,Completed
4986,852,123,2026-02-16,Processing
4987,142,93,2026-04-10,Completed
4988,1770,74,2025-03-29,Completed
4989,1081,101,2024-12-04,Completed
4990,609,72,2025-11-20,Completed
4991,884,128,2024-04-12,Completed
4992,366,160,2023-05-25,Completed
4993,1234,85,2024-12-22,Completed
4994,1413,113,2023-03-01,Completed
4995,867,42,2024-05-04,Completed
4996,641,150,2026-04-29,Returned
4997,864,71,2023-03-07,Completed
4998,1303,143,2026-05-02,Completed
4999,175,33,2023-04-07,Processing
5000,502,148,2025-11-13,Completed
5001,495,185,2025-10-30,Completed
5002,1555,97,2023-10-22,Completed
5003,729,109,2026-01-30,Completed
5004,1825,141,2023-06-05,Completed
5005,35,30,2025-01-19,Completed
5006,574,51,2024-10-29,Completed
5007,265,163,2025-07-10,Completed
5008,1571,118,2023-05-26,Cancelled
5009,750,156,2025-06-02,Completed
5010,1428,149,2024-08-28,Returned
5011,698,146,2024-12-03,Completed
5012,2000,95,2023-02-22,Completed
5013,1329,62,2025-03-03,Completed
5014,1294,22,2025-06-26,Completed
5015,747,74,2023-06-02,Completed
5016,707,42,2024-10-02,Completed
5017,1358,94,2023-10-21,Cancelled
5018,1832,172,2025-12-20,Returned
5019,336,199,2023-06-02,Completed
5020,198,18,2026-06-03,Completed
5021,190,77,2025-02-05,Completed
5022,606,82,2023-11-02,Processing
5023,83,171,2023-10-05,Completed
5024,1567,160,2024-06-20,Completed
5025,1051,188,2026-01-25,Completed
5026,117,49,2025-01-12,Completed
5027,1920,24,2023-12-12,Processing
5028,586,3,2023-12-21,Completed
5029,1583,112,2024-04-23,Completed
5030,1627,6,2026-03-25,Completed
5031,1633,184,2023-07-01,Cancelled
5032,741,184,2023-12-04,Completed
5033,650,150,2026-03-09,Completed
5034,579,123,2026-05-29,Completed
5035,1640,168,2024-04-29,Completed
5036,833,3,2023-06-26,Cancelled
5037,179,30,2024-02-22,Completed
5038,1495,60,2024-06-20,Completed
5039,969,18,2024-02-18,Completed
5040,1405,160,2025-06-04,Processing
5041,876,140,2025-05-01,Completed
5042,490,75,2023-09-21,Processing
5043,309,7,2023-12-05,Completed
5044,1426,182,2024-02-22,Completed
5045,459,11,2023-07-08,Completed
5046,626,144,2023-03-12,Completed
5047,1948,155,2023-04-14,Completed
5048,1082,183,2023-05-24,Completed
5049,845,78,2025-01-08,Completed
5050,1689,147,2023-08-09,Processing
5051,74,132,2023-11-12,Completed
5052,394,83,2025-03-14,Completed
5053,1426,53,2023-07-12,Returned
5054,479,195,2025-06-01,Completed
5055,111,77,2023-05-22,Completed
5056,1758,168,2024-03-21,Cancelled
5057,189,159,2023-08-24,Processing
5058,982,75,2023-03-15,Processing
5059,62,29,2024-05-04,Processing
5060,47,196,2024-05-24,Returned
5061,540,152,2025-01-23,Completed
5062,1010,20,2024-06-08,Completed
5063,801,89,2023-04-29,Completed
5064,1539,181,2023-11-11,Completed
5065,1338,118,2023-11-08,Completed
5066,773,194,2024-03-03,Completed
5067,1711,51,2025-10-15,Completed
5068,158,24,2023-04-23,Processing
5069,1414,194,2025-06-19,Returned
5070,1556,147,2026-06-07,Processing
5071,422,16,2025-05-19,Processing
5072,47,4,2024-12-08,Completed
5073,825,153,2025-03-23,Completed
5074,503,184,2023-10-08,Completed
5075,945,16,2023-03-01,Completed
5076,1396,82,2025-12-06,Processing
5077,1188,127,2023-05-15,Completed
5078,1146,108,2024-02-10,Completed
5079,611,56,2023-03-04,Completed
5080,1095,200,2025-10-02,Completed
5081,1426,139,2025-12-13,Completed
5082,1793,167,2023-12-17,Completed
5083,1229,188,2023-01-11,Completed
5084,292,135,2024-10-27,Processing
5085,290,176,2025-02-04,Cancelled
5086,1522,71,2024-12-30,Returned
5087,231,55,2026-06-24,Processing
5088,1956,108,2023-02-19,Cancelled
5089,1064,43,2024-04-26,Completed
5090,1149,53,2026-01-26,Completed
5091,1799,145,2024-01-30,Returned
5092,1090,5,2023-03-08,Completed
5093,843,66,2025-06-18,Completed
5094,847,108,2024-07-14,Completed
5095,983,183,2024-06-28,Completed
5096,1006,197,2023-06-30,Completed
5097,467,28,2025-07-25,Completed
5098,346,148,2025-06-24,Completed
5099,250,67,2025-01-03,Completed
5100,1051,27,2023-08-16,Completed
5101,163,95,2025-06-18,Completed
5102,1448,80,2024-03-14,Processing
5103,149,107,2026-01-08,Completed
5104,629,99,2023-03-05,Processing
5105,156,23,2025-11-23,Completed
5106,1533,192,2023-02-15,Completed
5107,1453,162,2024-07-06,Returned
5108,1864,67,2023-12-26,Completed
5109,506,98,2025-11-03,Cancelled
5110,1932,200,2024-04-19,Completed
5111,547,7,2024-02-11,Processing
5112,1386,70,2024-10-06,Returned
5113,1736,146,2024-12-26,Processing
5114,59,3,2024-04-17,Processing
5115,190,154,2025-04-27,Returned
5116,312,128,2023-11-03,Returned
5117,771,151,2025-08-23,Completed
5118,1415,26,2025-06-30,Completed
5119,1087,60,2025-12-31,Completed
5120,1792,15,2026-04-04,Processing
5121,1293,116,2023-02-13,Completed
5122,61,200,2026-05-23,Completed
5123,1399,93,2023-03-09,Completed
5124,388,106,2024-06-15,Completed
5125,1672,136,2024-05-30,Completed
5126,1786,191,2025-08-28,Completed
5127,1416,108,2023-12-20,Cancelled
5128,678,183,2026-03-26,Processing
5129,255,79,2024-01-07,Returned
5130,523,73,2026-06-09,Completed
5131,675,76,2023-10-11,Returned
5132,1540,179,2025-09-01,Processing
5133,268,122,2024-12-03,Completed
5134,1981,4,2023-08-18,Returned
5135,1521,184,2023-05-17,Returned
5136,420,70,2024-09-18,Completed
5137,1604,73,2024-10-15,Completed
5138,642,173,2023-08-29,Completed
5139,1129,59,2023-11-29,Completed
5140,1500,132,2026-05-26,Completed
5141,1407,175,2023-04-05,Completed
5142,27,120,2026-02-13,Completed
5143,1459,160,2024-08-04,Completed
5144,919,104,2023-06-03,Completed
5145,555,200,2026-03-05,Completed
5146,185,179,2024-08-13,Completed
5147,1825,164,2024-05-17,Completed
5148,1585,39,2026-01-14,Completed
5149,990,44,2025-12-31,Completed
5150,1761,104,2025-10-04,Returned
5151,256,169,2024-03-02,Cancelled
5152,850,84,2025-02-13,Completed
5153,1947,183,2025-08-25,Processing
5154,700,133,2026-02-21,Processing
5155,1493,17,2025-12-10,Returned
5156,1383,134,2026-05-02,Completed
5157,1478,1,2025-09-25,Completed
5158,854,31,2023-06-05,Cancelled
5159,528,66,2025-02-20,Completed
5160,212,150,2025-10-30,Completed
5161,1181,118,2025-01-13,Completed
5162,1572,78,2025-09-29,Returned
5163,1666,198,2025-11-23,Processing
5164,1568,87,2024-01-14,Completed
5165,1478,172,2025-09-15,Completed
5166,1718,187,2025-10-11,Completed
5167,961,144,2026-02-21,Completed
5168,698,63,2023-12-20,Cancelled
5169,322,23,2026-02-10,Completed
5170,335,194,2023-12-06,Completed
5171,1990,150,2023-05-04,Completed
5172,832,106,2023-02-09,Completed
5173,739,185,2024-02-21,Returned
5174,1698,147,2025-01-09,Completed
5175,630,104,2025-12-20,Returned
5176,1574,184,2023-01-03,Completed
5177,1526,121,2023-01-20,Processing
5178,44,115,2023-04-06,Completed
5179,1591,16,2025-12-16,Completed
5180,1502,107,2025-06-09,Completed
5181,75,128,2023-03-13,Returned
5182,1823,132,2024-04-25,Completed
5183,1217,40,2025-06-10,Completed
5184,1108,113,2025-04-18,Completed
5185,712,16,2025-08-30,Completed
5186,551,88,2025-03-19,Completed
5187,875,121,2025-03-20,Completed
5188,184,198,2026-05-09,Completed
5189,211,115,2026-04-15,Completed
5190,1183,90,2023-01-08,Completed
5191,684,196,2023-09-29,Completed
5192,896,46,2025-03-24,Returned
5193,463,15,2024-03-19,Processing
5194,797,170,2024-06-07,Completed
5195,1898,96,2025-06-26,Completed
5196,1253,184,2023-03-09,Processing
5197,1680,67,2023-03-22,Completed
5198,178,111,2025-11-20,Completed
5199,305,70,2025-08-10,Completed
5200,754,32,2023-09-14,Completed
5201,410,124,2026-03-23,Returned
5202,127,185,2025-01-03,Completed
5203,1893,197,2025-04-15,Cancelled
5204,398,35,2025-10-05,Completed
5205,529,34,2023-11-03,Cancelled
5206,1428,103,2023-11-23,Completed
5207,287,57,2025-10-15,Completed
5208,1538,149,2024-03-01,Completed
5209,1659,59,2025-08-23,Completed
5210,1420,150,2024-10-01,Completed
5211,515,9,2024-02-23,Completed
5212,405,49,2024-04-22,Completed
5213,1295,161,2026-01-05,Completed
5214,576,94,2025-03-27,Processing
5215,169,33,2025-01-07,Completed
5216,1122,161,2023-01-26,Completed
5217,901,26,2026-04-28,Processing
5218,1315,161,2025-01-31,Completed
5219,863,147,2025-02-28,Completed
5220,1337,161,2025-03-01,Completed
5221,1446,92,2024-09-21,Completed
5222,1416,37,2023-07-16,Completed
5223,1427,139,2024-03-31,Completed
5224,323,112,2024-08-15,Completed
5225,1461,38,2025-07-11,Completed
5226,1984,155,2025-05-27,Completed
5227,1264,53,2024-06-22,Completed
5228,1139,55,2026-03-17,Completed
5229,936,158,2026-05-28,Cancelled
5230,1387,173,2025-11-26,Completed
5231,165,178,2025-02-01,Completed
5232,194,153,2025-11-10,Processing
5233,1689,173,2025-05-11,Processing
5234,1597,21,2023-03-03,Completed
5235,812,112,2025-06-08,Completed
5236,1307,172,2023-03-17,Completed
5237,458,77,2025-10-09,Completed
5238,1784,77,2026-03-09,Completed
5239,878,64,2023-10-19,Completed
5240,1484,158,2023-07-02,Completed
5241,686,48,2024-09-27,Processing
5242,781,44,2023-11-09,Completed
5243,1160,195,2025-03-31,Cancelled
5244,905,76,2024-02-26,Completed
5245,850,59,2026-05-06,Completed
5246,690,153,2024-08-14,Completed
5247,1153,90,2024-10-18,Completed
5248,892,200,2025-01-23,Completed
5249,120,132,2025-10-01,Completed
5250,307,190,2023-07-06,Completed
5251,1508,120,2024-02-22,Completed
5252,454,175,2023-12-10,Completed
5253,1346,119,2024-02-24,Completed
5254,1495,53,2024-08-06,Completed
5255,1156,55,2026-05-10,Completed
5256,802,2,2023-07-16,Completed
5257,1236,3,2024-09-11,Completed
5258,812,185,2023-02-16,Completed
5259,1759,191,2023-11-12,Completed
5260,1893,194,2025-07-05,Processing
5261,1287,177,2024-02-09,Completed
5262,1258,93,2024-07-26,Completed
5263,883,15,2026-06-16,Completed
5264,1016,25,2025-04-29,Cancelled
5265,1580,182,2025-01-19,Cancelled
5266,221,4,2024-08-07,Processing
5267,1669,64,2024-07-10,Completed
5268,1177,77,2024-06-06,Processing
5269,1411,60,2026-01-10,Processing
5270,1807,15,2024-10-28,Completed
5271,1173,8,2024-11-10,Completed
5272,1881,23,2026-02-06,Completed
5273,1637,78,2025-07-09,Completed
5274,1083,193,2026-01-10,Completed
5275,912,71,2024-05-17,Completed
5276,1242,104,2025-11-06,Completed
5277,1031,11,2025-03-20,Completed
5278,119,39,2024-05-05,Completed
5279,1169,166,2026-04-26,Completed
5280,1643,156,2023-12-05,Cancelled
5281,611,199,2024-04-20,Completed
5282,831,153,2024-11-06,Returned
5283,383,27,2024-12-29,Completed
5284,482,130,2025-07-14,Completed
5285,1119,12,2024-03-05,Processing
5286,860,160,2024-08-18,Completed
5287,1853,77,2026-04-18,Completed
5288,825,67,2025-06-22,Completed
5289,1505,150,2023-09-08,Completed
5290,168,110,2023-06-16,Completed
5291,1664,87,2023-04-01,Completed
5292,1672,175,2025-04-09,Returned
5293,1129,105,2025-10-26,Completed
5294,1850,164,2023-04-01,Processing
5295,620,32,2024-10-04,Completed
5296,441,56,2025-02-02,Processing
5297,852,183,2025-04-01,Completed
5298,458,132,2024-10-04,Completed
5299,1570,7,2023-12-09,Completed
5300,1751,124,2024-01-31,Completed
5301,1794,8,2023-05-21,Processing
5302,1661,91,2025-08-11,Returned
5303,190,96,2026-02-18,Completed
5304,1873,168,2023-07-05,Completed
5305,1164,198,2026-03-30,Completed
5306,822,161,2025-02-04,Processing
5307,689,31,2026-03-24,Completed
5308,1515,152,2024-03-31,Completed
5309,898,21,2025-10-24,Processing
5310,1009,20,2025-09-16,Completed
5311,1315,80,2026-06-03,Completed
5312,418,182,2023-11-30,Cancelled
5313,1955,94,2023-02-05,Cancelled
5314,1438,26,2026-05-14,Completed
5315,1972,152,2024-03-26,Processing
5316,153,196,2024-02-03,Completed
5317,335,35,2023-03-28,Processing
5318,1761,198,2024-06-27,Completed
5319,1933,55,2025-09-05,Cancelled
5320,965,127,2025-01-13,Completed
5321,790,40,2025-07-08,Completed
5322,796,103,2023-08-06,Completed
5323,1836,47,2025-04-28,Completed
5324,1331,59,2023-05-02,Completed
5325,1701,95,2023-05-31,Completed
5326,1380,24,2023-12-11,Completed
5327,884,13,2023-05-10,Completed
5328,249,171,2023-09-27,Processing
5329,1792,174,2026-06-12,Cancelled
5330,401,16,2024-01-08,Completed
5331,1792,191,2025-11-06,Completed
5332,1875,35,2023-05-02,Processing
5333,453,30,2024-08-05,Completed
5334,1137,169,2025-10-31,Returned
5335,1671,27,2023-02-11,Completed
5336,1297,28,2026-03-14,Processing
5337,100,74,2025-01-05,Completed
5338,183,17,2023-10-16,Processing
5339,1624,109,2023-01-13,Completed
5340,1610,71,2023-07-31,Processing
5341,519,66,2025-04-13,Processing
5342,1437,20,2026-06-05,Cancelled
5343,526,10,2026-02-04,Completed
5344,1155,84,2024-06-23,Completed
5345,722,8,2025-04-07,Completed
5346,1663,190,2024-11-11,Completed
5347,1696,34,2025-07-24,Completed
5348,886,153,2026-02-15,Completed
5349,1306,140,2024-12-14,Completed
5350,998,67,2023-10-18,Returned
5351,161,79,2023-10-21,Completed
5352,595,159,2025-01-05,Cancelled
5353,1333,114,2025-06-01,Completed
5354,391,173,2025-12-28,Completed
5355,1542,100,2026-05-23,Processing
5356,1652,89,2024-02-04,Completed
5357,1922,74,2025-10-11,Completed
5358,1291,103,2023-09-10,Returned
5359,1377,183,2025-02-07,Completed
5360,1857,4,2023-10-03,Completed
5361,1652,115,2025-03-05,Completed
5362,800,100,2023-10-08,Completed
5363,17,197,2024-01-24,Completed
5364,262,70,2025-03-30,Completed
5365,1293,173,2025-04-25,Completed
5366,256,102,2025-01-26,Completed
5367,1020,191,2025-10-02,Completed
5368,129,94,2025-10-15,Completed
5369,1469,38,2024-10-22,Completed
5370,1969,52,2024-11-27,Completed
5371,1522,100,2023-03-11,Completed
5372,1527,134,2026-06-22,Completed
5373,1800,17,2025-07-15,Completed
5374,1958,15,2024-11-26,Completed
5375,738,188,2024-04-11,Completed
5376,180,49,2023-09-01,Completed
5377,1882,106,2023-02-04,Completed
5378,1699,160,2024-04-15,Completed
5379,497,39,2023-09-17,Completed
5380,175,38,2026-03-31,Cancelled
5381,1821,191,2024-04-08,Processing
5382,568,179,2023-06-03,Processing
5383,1654,138,2025-09-21,Completed
5384,1423,51,2025-08-11,Completed
5385,1115,39,2024-09-14,Processing
5386,198,30,2025-05-24,Completed
5387,190,56,2025-10-04,Cancelled
5388,1773,175,2025-11-24,Completed
5389,1338,4,2023-03-29,Completed
5390,1765,80,2023-11-30,Completed
5391,949,133,2026-06-16,Processing
5392,1392,86,2025-01-10,Completed
5393,1992,73,2024-12-11,Completed
5394,1572,180,2024-09-07,Completed
5395,1092,37,2024-02-05,Processing
5396,306,81,2024-09-28,Completed
5397,263,164,2024-10-21,Completed
5398,139,120,2025-12-14,Processing
5399,1134,7,2024-11-09,Returned
5400,516,87,2025-01-18,Completed
5401,1080,48,2025-11-12,Completed
5402,537,113,2025-03-23,Completed
5403,1875,97,2023-04-01,Completed
5404,1119,127,2024-09-04,Completed
5405,1696,129,2025-07-03,Completed
5406,265,15,2025-08-25,Completed
5407,1401,56,2025-03-09,Completed
5408,389,27,2025-01-30,Completed
5409,196,169,2023-03-12,Processing
5410,1458,22,2024-06-10,Completed
5411,1302,32,2023-02-01,Completed
5412,1889,74,2024-12-29,Completed
5413,1777,153,2025-02-21,Completed
5414,945,80,2024-07-09,Completed
5415,1219,157,2025-09-07,Processing
5416,1400,93,2024-04-09,Processing
5417,1817,71,2026-04-04,Completed
5418,886,158,2025-08-15,Completed
5419,1537,12,2024-02-26,Completed
5420,604,78,2026-05-13,Completed
5421,1514,183,2026-01-16,Processing
5422,1469,106,2023-05-21,Completed
5423,190,122,2025-11-14,Completed
5424,1456,34,2023-08-25,Completed
5425,315,128,2026-05-28,Completed
5426,896,57,2025-11-20,Completed
5427,591,150,2023-04-03,Completed
5428,329,43,2024-01-17,Processing
5429,659,68,2026-02-14,Cancelled
5430,900,4,2024-08-16,Completed
5431,241,80,2025-12-11,Processing
5432,1138,119,2024-09-26,Completed
5433,1759,128,2024-06-07,Completed
5434,453,104,2025-02-27,Processing
5435,1562,91,2025-04-03,Completed
5436,1981,116,2025-02-12,Completed
5437,1126,40,2023-09-04,Processing
5438,1321,138,2023-09-18,Completed
5439,1901,55,2025-10-28,Processing
5440,1101,43,2025-09-11,Processing
5441,1562,113,2023-10-01,Completed
5442,1619,56,2026-05-11,Completed
5443,23,77,2025-01-07,Completed
5444,1718,111,2026-03-13,Completed
5445,76,103,2025-04-01,Completed
5446,560,140,2024-12-22,Completed
5447,415,65,2024-06-25,Returned
5448,1068,187,2024-07-21,Processing
5449,1152,24,2023-08-19,Completed
5450,1762,111,2024-12-20,Completed
5451,536,47,2023-08-31,Processing
5452,1535,61,2025-08-15,Completed
5453,971,194,2023-02-08,Completed
5454,1487,58,2025-02-09,Completed
5455,1084,25,2023-06-20,Completed
5456,1187,90,2025-01-10,Processing
5457,1454,96,2026-03-18,Completed
5458,1276,64,2025-10-20,Processing
5459,1888,27,2024-03-03,Completed
5460,1412,101,2024-11-20,Completed
5461,1002,103,2025-08-02,Completed
5462,976,125,2025-01-19,Completed
5463,1615,144,2025-05-20,Completed
5464,1589,80,2023-07-02,Completed
5465,1220,19,2026-04-12,Completed
5466,1668,143,2023-02-18,Completed
5467,1638,77,2024-01-02,Processing
5468,1751,34,2024-01-29,Completed
5469,27,174,2025-09-30,Completed
5470,1774,8,2023-03-09,Completed
5471,459,157,2023-08-06,Completed
5472,1981,1,2024-09-22,Completed
5473,408,106,2024-05-29,Completed
5474,1553,20,2024-06-19,Completed
5475,179,1,2025-12-10,Completed
5476,1913,99,2024-05-27,Completed
5477,38,80,2026-05-19,Returned
5478,702,124,2024-04-04,Completed
5479,55,98,2025-07-19,Cancelled
5480,781,119,2024-04-18,Completed
5481,75,150,2025-03-18,Completed
5482,372,195,2024-02-01,Completed
5483,626,58,2023-12-22,Completed
5484,1636,100,2026-03-08,Completed
5485,325,69,2025-01-13,Returned
5486,213,171,2025-01-15,Cancelled
5487,910,159,2024-02-05,Processing
5488,1002,120,2023-01-15,Completed
5489,688,79,2026-06-20,Processing
5490,956,174,2025-10-19,Completed
5491,375,187,2025-04-27,Processing
5492,1201,109,2025-11-06,Completed
5493,1131,177,2026-01-02,Completed
5494,861,194,2023-05-09,Cancelled
5495,1073,88,2026-05-23,Completed
5496,711,129,2025-02-14,Processing
5497,1675,152,2024-08-23,Cancelled
5498,1876,50,2025-04-21,Completed
5499,1017,14,2023-12-11,Completed
5500,1004,102,2025-10-06,Completed
5501,1643,196,2024-12-19,Completed
5502,1786,68,2024-11-16,Completed
5503,1519,100,2025-02-27,Completed
5504,1195,163,2024-06-26,Completed
5505,715,91,2024-05-03,Processing
5506,1858,65,2024-10-16,Completed
5507,1308,34,2024-06-02,Processing
5508,495,114,2025-10-11,Completed
5509,12,144,2024-07-12,Completed
5510,645,59,2024-06-13,Processing
5511,486,113,2024-12-16,Completed
5512,1929,9,2025-09-14,Completed
5513,471,137,2024-03-18,Completed
5514,762,104,2026-04-03,Completed
5515,1244,31,2024-05-22,Completed
5516,621,190,2025-12-10,Completed
5517,567,200,2023-03-01,Completed
5518,429,15,2024-07-16,Completed
5519,1479,99,2024-03-23,Processing
5520,1447,66,2023-03-02,Completed
5521,1643,189,2023-10-17,Completed
5522,472,137,2025-07-14,Completed
5523,422,52,2024-08-19,Completed
5524,1327,110,2024-06-29,Processing
5525,1527,10,2024-05-22,Processing
5526,1949,35,2025-09-21,Processing
5527,1169,159,2025-08-29,Completed
5528,1218,38,2023-04-20,Completed
5529,1671,18,2023-04-20,Completed
5530,1287,126,2025-06-12,Completed
5531,1093,29,2026-05-06,Completed
5532,613,133,2024-06-21,Processing
5533,975,145,2025-08-19,Completed
5534,484,6,2025-05-24,Completed
5535,441,83,2025-07-04,Completed
5536,1446,122,2025-12-17,Completed
5537,700,6,2024-12-05,Completed
5538,840,9,2024-01-16,Completed
5539,827,136,2025-08-21,Completed
5540,964,16,2025-09-11,Completed
5541,1873,180,2026-01-14,Cancelled
5542,1229,47,2024-05-04,Cancelled
5543,1767,56,2026-03-13,Completed
5544,1008,119,2024-06-03,Completed
5545,1205,134,2024-09-01,Completed
5546,1979,54,2024-05-23,Completed
5547,1026,115,2023-01-19,Cancelled
5548,1035,200,2023-01-24,Completed
5549,1554,12,2025-04-08,Completed
5550,1816,8,2025-05-25,Completed
5551,74,117,2025-12-16,Processing
5552,1395,166,2024-09-09,Completed
5553,551,132,2024-02-06,Completed
5554,1060,197,2024-12-20,Completed
5555,1905,85,2024-08-06,Processing
5556,1798,68,2026-06-24,Completed
5557,1053,15,2026-06-12,Completed
5558,1776,116,2026-02-08,Completed
5559,1359,100,2024-06-08,Completed
5560,170,110,2025-10-05,Completed
5561,1279,129,2024-06-30,Returned
5562,1821,11,2026-02-02,Completed
5563,1846,81,2026-04-18,Completed
5564,382,161,2023-03-10,Completed
5565,762,112,2023-01-11,Completed
5566,1269,160,2023-04-21,Completed
5567,326,53,2023-03-19,Completed
5568,1225,169,2026-06-28,Completed
5569,449,6,2026-05-14,Cancelled
5570,734,103,2024-12-23,Returned
5571,502,8,2025-06-20,Completed
5572,241,91,2024-07-17,Processing
5573,1399,119,2024-03-02,Completed
5574,299,161,2026-06-01,Completed
5575,1144,84,2023-01-09,Completed
5576,411,21,2025-12-24,Completed
5577,1553,178,2025-02-26,Completed
5578,1861,15,2024-09-08,Processing
5579,1602,178,2023-03-08,Completed
5580,1982,15,2024-12-10,Completed
5581,1452,115,2024-03-21,Completed
5582,1550,125,2026-05-13,Processing
5583,1202,135,2023-11-04,Processing
5584,675,164,2024-11-01,Completed
5585,215,96,2023-06-23,Completed
5586,298,174,2024-01-20,Processing
5587,895,71,2023-09-27,Completed
5588,1960,26,2025-10-30,Completed
5589,743,94,2025-08-14,Processing
5590,1605,135,2023-06-12,Cancelled
5591,1212,11,2024-05-14,Cancelled
5592,254,148,2025-05-16,Completed
5593,622,68,2025-10-24,Completed
5594,1383,87,2023-01-31,Completed
5595,577,150,2023-08-24,Completed
5596,1046,147,2023-10-06,Completed
5597,834,183,2024-08-17,Completed
5598,681,7,2025-06-27,Completed
5599,740,89,2024-12-22,Completed
5600,1585,54,2025-01-24,Completed
5601,160,16,2025-11-05,Completed
5602,915,113,2024-11-06,Completed
5603,1713,116,2025-10-14,Completed
5604,1177,47,2025-01-27,Processing
5605,241,33,2024-03-20,Completed
5606,1744,74,2026-04-16,Completed
5607,963,158,2023-03-20,Completed
5608,1456,73,2024-11-08,Completed
5609,583,141,2024-09-27,Completed
5610,853,119,2024-06-27,Completed
5611,272,51,2026-02-28,Processing
5612,1350,126,2023-08-29,Completed
5613,1201,57,2024-12-04,Cancelled
5614,1591,116,2025-06-01,Completed
5615,1504,6,2025-02-08,Completed
5616,318,199,2023-11-10,Completed
5617,989,102,2025-01-08,Processing
5618,1930,73,2025-01-23,Completed
5619,414,71,2023-07-31,Cancelled
5620,1305,13,2023-04-25,Completed
5621,747,87,2026-02-12,Processing
5622,724,92,2026-06-28,Processing
5623,745,112,2024-01-19,Completed
5624,1144,170,2024-03-15,Completed
5625,1987,169,2025-09-17,Completed
5626,111,144,2026-06-08,Processing
5627,618,191,2026-04-03,Completed
5628,855,195,2023-04-15,Completed
5629,971,23,2025-01-28,Completed
5630,1146,83,2023-11-21,Completed
5631,1186,117,2026-04-09,Completed
5632,1139,99,2023-04-05,Completed
5633,497,18,2025-05-10,Completed
5634,1958,133,2025-11-02,Completed
5635,1392,7,2023-06-30,Completed
5636,1619,196,2026-02-04,Completed
5637,191,28,2025-01-26,Completed
5638,332,104,2024-08-06,Completed
5639,1451,49,2024-05-01,Cancelled
5640,888,63,2025-10-20,Completed
5641,1863,1,2024-04-28,Completed
5642,917,133,2023-12-14,Returned
5643,129,144,2025-12-26,Completed
5644,609,73,2025-07-10,Completed
5645,1549,106,2025-07-16,Completed
5646,1532,70,2023-10-04,Completed
5647,613,132,2023-07-09,Completed
5648,1522,197,2025-04-08,Completed
5649,570,39,2025-04-25,Completed
5650,62,66,2025-08-06,Completed
5651,1570,176,2023-12-07,Completed
5652,890,105,2024-05-05,Completed
5653,1334,84,2025-11-27,Completed
5654,1126,122,2025-06-27,Completed
5655,1161,44,2024-09-29,Completed
5656,1360,23,2024-09-18,Completed
5657,1249,56,2026-03-11,Completed
5658,511,24,2024-10-31,Processing
5659,827,80,2023-10-23,Completed
5660,21,40,2025-02-14,Processing
5661,1735,143,2026-03-03,Completed
5662,1957,151,2025-03-06,Completed
5663,1655,133,2023-05-11,Completed
5664,1102,47,2023-10-12,Processing
5665,299,63,2023-10-07,Completed
5666,1005,36,2024-01-16,Completed
5667,426,59,2025-09-22,Processing
5668,110,100,2023-05-12,Completed
5669,1008,78,2025-12-02,Completed
5670,501,14,2024-06-27,Completed
5671,789,176,2024-10-28,Completed
5672,1335,171,2025-01-31,Completed
5673,1151,174,2023-01-05,Processing
5674,691,18,2023-09-27,Completed
5675,981,167,2025-05-19,Completed
5676,1927,155,2024-06-24,Returned
5677,1875,58,2023-12-06,Completed
5678,842,28,2024-06-06,Completed
5679,1808,65,2024-06-02,Completed
5680,598,39,2023-06-29,Completed
5681,513,117,2023-07-24,Completed
5682,512,84,2023-06-19,Completed
5683,1171,136,2024-12-12,Completed
5684,697,105,2025-02-05,Completed
5685,459,82,2026-01-25,Completed
5686,180,161,2024-06-22,Cancelled
5687,1706,48,2026-02-26,Processing
5688,975,109,2025-04-21,Completed
5689,1004,172,2026-04-25,Processing
5690,264,54,2024-02-23,Completed
5691,824,11,2025-11-01,Returned
5692,1509,126,2023-03-30,Completed
5693,260,155,2023-06-16,Completed
5694,941,168,2024-08-28,Processing
5695,833,93,2026-06-19,Completed
5696,1736,34,2025-08-26,Completed
5697,720,158,2026-06-24,Completed
5698,232,75,2024-03-17,Cancelled
5699,1032,50,2023-04-02,Cancelled
5700,13,161,2025-09-18,Completed
5701,1520,185,2025-01-20,Completed
5702,877,20,2023-01-23,Processing
5703,1838,36,2023-08-11,Completed
5704,934,74,2024-11-25,Processing
5705,226,73,2025-07-04,Returned
5706,318,12,2024-08-03,Completed
5707,259,114,2024-07-31,Processing
5708,368,106,2025-05-20,Completed
5709,1753,12,2023-12-26,Completed
5710,178,106,2024-12-29,Completed
5711,858,196,2023-10-26,Completed
5712,680,87,2023-11-03,Completed
5713,285,14,2024-05-10,Completed
5714,969,192,2023-04-28,Completed
5715,644,29,2023-01-16,Processing
5716,730,192,2025-06-13,Completed
5717,873,149,2023-01-06,Completed
5718,156,198,2023-05-26,Completed
5719,1071,24,2025-02-23,Processing
5720,1227,52,2024-01-05,Completed
5721,1630,49,2026-03-22,Processing
5722,1883,60,2023-02-04,Processing
5723,559,136,2024-07-31,Completed
5724,1984,21,2025-05-07,Completed
5725,115,114,2026-04-06,Completed
5726,1763,28,2025-12-17,Completed
5727,556,46,2025-03-21,Completed
5728,1083,86,2024-11-08,Completed
5729,293,185,2023-03-12,Completed
5730,1587,168,2023-05-13,Completed
5731,1115,130,2023-03-09,Completed
5732,1243,57,2024-01-25,Completed
5733,748,186,2024-05-22,Returned
5734,416,196,2024-05-02,Completed
5735,1452,198,2025-01-24,Completed
5736,1435,14,2023-01-06,Processing
5737,1843,73,2023-09-02,Processing
5738,540,60,2025-07-12,Completed
5739,1325,38,2023-07-16,Completed
5740,1980,192,2024-07-06,Completed
5741,1678,48,2024-11-29,Completed
5742,1841,175,2024-04-03,Cancelled
5743,1286,145,2025-08-21,Completed
5744,1722,139,2025-02-05,Completed
5745,930,97,2026-05-24,Completed
5746,727,155,2023-07-13,Returned
5747,485,177,2026-02-26,Completed
5748,1437,18,2023-04-28,Completed
5749,1828,151,2023-06-21,Completed
5750,1123,49,2024-05-21,Completed
5751,1206,55,2025-02-08,Completed
5752,58,133,2026-05-18,Completed
5753,89,99,2024-12-18,Completed
5754,1782,91,2023-11-02,Completed
5755,1908,95,2025-08-14,Completed
5756,1746,98,2025-01-25,Completed
5757,803,47,2023-01-26,Completed
5758,1328,83,2025-05-21,Completed
5759,1478,47,2025-07-10,Completed
5760,1677,41,2025-04-21,Processing
5761,1910,162,2025-02-23,Completed
5762,894,132,2023-02-10,Completed
5763,1242,57,2025-06-11,Completed
5764,140,151,2024-07-24,Completed
5765,1139,18,2025-08-15,Completed
5766,403,35,2025-10-20,Completed
5767,1081,7,2024-12-06,Completed
5768,1687,126,2025-10-12,Completed
5769,1375,151,2025-08-08,Completed
5770,1038,34,2023-07-25,Completed
5771,875,166,2026-05-13,Completed
5772,58,126,2025-07-09,Completed
5773,1970,153,2025-01-11,Completed
5774,1153,176,2023-08-18,Processing
5775,306,10,2024-12-26,Returned
5776,755,103,2024-05-06,Cancelled
5777,1358,118,2024-08-01,Processing
5778,1249,45,2024-12-21,Completed
5779,731,28,2025-05-19,Completed
5780,1801,185,2025-12-11,Completed
5781,388,93,2026-01-13,Completed
5782,1497,29,2025-09-30,Completed
5783,921,73,2025-10-19,Completed
5784,766,158,2026-06-29,Completed
5785,629,56,2026-01-04,Completed
5786,1238,149,2026-04-23,Processing
5787,364,90,2023-10-24,Processing
5788,1253,52,2023-05-07,Processing
5789,873,164,2026-03-29,Completed
5790,1659,126,2023-08-18,Completed
5791,861,150,2026-03-24,Completed
5792,490,174,2023-03-18,Completed
5793,503,196,2026-02-10,Completed
5794,82,83,2025-03-16,Completed
5795,1634,189,2025-09-04,Completed
5796,675,85,2023-12-31,Completed
5797,110,35,2026-05-10,Processing
5798,1959,126,2024-06-03,Completed
5799,233,48,2026-02-17,Completed
5800,1751,171,2026-04-21,Completed
5801,755,32,2025-07-14,Completed
5802,339,33,2023-10-09,Completed
5803,903,166,2025-07-31,Completed
5804,1855,3,2024-05-15,Completed
5805,1405,185,2025-06-18,Processing
5806,1320,166,2023-04-24,Completed
5807,988,178,2025-10-10,Processing
5808,1153,21,2025-07-28,Completed
5809,1874,33,2024-09-08,Completed
5810,654,53,2024-12-17,Completed
5811,1425,20,2023-05-21,Completed
5812,65,151,2023-10-16,Completed
5813,1268,70,2025-11-21,Completed
5814,386,98,2026-04-26,Completed
5815,722,107,2024-01-17,Completed
5816,409,148,2023-07-25,Completed
5817,1823,118,2023-01-10,Completed
5818,665,5,2025-03-29,Processing
5819,467,199,2026-04-01,Cancelled
5820,545,28,2023-05-04,Completed
5821,299,125,2026-04-29,Completed
5822,396,90,2024-07-24,Completed
5823,1886,1,2023-08-07,Processing
5824,1035,140,2026-06-13,Completed
5825,1922,160,2023-08-21,Returned
5826,1562,161,2026-04-15,Completed
5827,1989,83,2024-03-06,Completed
5828,1030,163,2023-06-08,Completed
5829,1468,128,2023-03-18,Completed
5830,757,102,2023-04-19,Completed
5831,1715,106,2024-08-09,Completed
5832,619,86,2024-10-24,Completed
5833,334,1,2023-12-31,Processing
5834,700,182,2024-05-28,Completed
5835,1425,44,2023-10-23,Completed
5836,9,126,2023-06-20,Completed
5837,605,59,2024-07-19,Completed
5838,128,160,2024-11-28,Completed
5839,102,185,2023-04-14,Completed
5840,1621,64,2026-03-14,Processing
5841,158,14,2025-06-23,Returned
5842,733,28,2025-03-12,Completed
5843,153,67,2023-06-24,Completed
5844,350,43,2024-08-19,Completed
5845,693,103,2023-05-18,Completed
5846,1855,156,2024-11-22,Completed
5847,1700,22,2025-12-18,Completed
5848,393,56,2024-02-08,Completed
5849,1497,4,2023-10-15,Completed
5850,1926,153,2023-05-18,Cancelled
5851,1427,195,2024-10-16,Completed
5852,1325,157,2023-07-22,Completed
5853,1124,44,2026-03-04,Completed
5854,364,189,2024-09-14,Completed
5855,176,150,2023-08-26,Completed
5856,1333,73,2023-11-24,Completed
5857,1245,70,2025-10-28,Completed
5858,583,2,2023-06-22,Processing
5859,1970,93,2025-03-23,Completed
5860,1189,31,2024-08-05,Completed
5861,316,2,2023-09-05,Processing
5862,63,28,2025-07-11,Processing
5863,312,14,2026-06-22,Completed
5864,1438,79,2025-06-11,Returned
5865,1052,134,2025-03-11,Completed
5866,609,140,2023-06-01,Completed
5867,383,154,2023-09-13,Completed
5868,937,172,2024-10-31,Returned
5869,1871,107,2024-10-01,Completed
5870,1182,32,2024-10-03,Processing
5871,1474,30,2026-02-20,Completed
5872,195,26,2024-01-26,Completed
5873,1808,36,2024-03-21,Completed
5874,1698,137,2023-12-16,Completed
5875,1113,65,2023-01-26,Completed
5876,1488,189,2024-05-30,Completed
5877,805,123,2023-06-17,Completed
5878,1599,41,2023-01-21,Completed
5879,1920,194,2024-06-02,Completed
5880,869,113,2023-03-22,Completed
5881,61,80,2023-10-03,Cancelled
5882,406,167,2026-04-23,Completed
5883,1447,110,2025-03-20,Completed
5884,1990,139,2025-10-19,Processing
5885,154,11,2025-07-08,Completed
5886,1626,75,2023-04-17,Completed
5887,448,179,2023-03-15,Processing
5888,39,177,2026-05-10,Returned
5889,297,73,2025-08-04,Completed
5890,375,111,2024-12-10,Processing
5891,895,191,2025-12-25,Completed
5892,1216,46,2025-09-21,Processing
5893,1953,193,2024-04-24,Completed
5894,1433,48,2024-03-25,Completed
5895,1649,142,2023-12-13,Completed
5896,1860,98,2024-01-28,Completed
5897,1709,118,2026-01-29,Completed
5898,44,123,2023-03-23,Completed
5899,1795,60,2024-12-22,Processing
5900,474,21,2025-12-03,Completed
5901,1186,61,2023-05-25,Completed
5902,1397,149,2026-04-29,Completed
5903,1333,49,2024-10-14,Completed
5904,958,185,2023-04-27,Completed
5905,962,168,2023-01-07,Completed
5906,13,186,2026-02-17,Cancelled
5907,1849,77,2026-03-05,Completed
5908,1249,157,2025-03-29,Processing
5909,935,97,2025-10-30,Completed
5910,850,33,2023-05-25,Completed
5911,24,84,2026-03-31,Completed
5912,1600,66,2026-02-05,Completed
5913,570,192,2023-12-17,Cancelled
5914,1194,86,2024-11-20,Completed
5915,1733,49,2023-03-12,Completed
5916,719,76,2023-07-17,Completed
5917,1351,177,2024-12-26,Cancelled
5918,1442,26,2023-02-23,Completed
5919,633,88,2023-08-08,Returned
5920,1653,110,2024-04-14,Processing
5921,1504,155,2023-01-21,Completed
5922,516,17,2025-10-03,Completed
5923,1888,37,2023-10-16,Completed
5924,860,180,2025-09-24,Processing
5925,955,11,2024-02-11,Completed
5926,1691,140,2023-08-18,Completed
5927,904,17,2025-12-13,Completed
5928,1168,193,2024-04-16,Cancelled
5929,630,173,2025-06-26,Processing
5930,1955,31,2023-05-25,Completed
5931,650,149,2025-05-16,Processing
5932,1020,56,2023-05-25,Completed
5933,1723,53,2024-05-03,Processing
5934,1096,129,2025-04-04,Returned
5935,111,111,2024-11-15,Processing
5936,1379,7,2023-02-24,Processing
5937,1091,25,2025-11-09,Completed
5938,856,77,2026-01-25,Completed
5939,1388,10,2023-04-02,Completed
5940,314,78,2023-06-05,Completed
5941,179,115,2023-04-04,Completed
5942,1992,109,2023-05-09,Completed
5943,964,137,2025-07-01,Processing
5944,393,48,2023-05-12,Completed
5945,1176,123,2023-01-23,Completed
5946,1972,6,2024-07-27,Completed
5947,1361,127,2024-06-07,Completed
5948,629,79,2023-09-23,Completed
5949,740,17,2023-04-03,Completed
5950,810,1,2023-05-15,Completed
5951,227,52,2023-09-07,Completed
5952,684,191,2025-07-21,Completed
5953,97,185,2025-08-25,Completed
5954,262,174,2024-04-20,Returned
5955,867,194,2025-08-08,Completed
5956,1002,97,2023-06-07,Processing
5957,1229,195,2026-02-19,Completed
5958,1465,142,2025-07-18,Completed
5959,1507,113,2025-01-29,Completed
5960,984,119,2023-06-06,Processing
5961,1243,138,2023-06-22,Returned
5962,458,158,2025-07-23,Completed
5963,330,11,2024-07-22,Completed
5964,80,71,2025-01-09,Completed
5965,654,88,2025-10-23,Cancelled
5966,1656,22,2025-07-23,Completed
5967,1103,143,2023-03-04,Returned
5968,1186,169,2025-04-04,Completed
5969,83,64,2023-08-08,Processing
5970,1649,82,2025-11-10,Completed
5971,1858,146,2023-08-06,Completed
5972,489,170,2025-03-12,Completed
5973,1845,72,2024-09-18,Completed
5974,483,150,2024-01-10,Completed
5975,1155,81,2024-05-30,Cancelled
5976,467,133,2024-10-05,Processing
5977,18,36,2023-04-22,Returned
5978,153,197,2024-12-28,Completed
5979,1345,72,2024-01-16,Completed
5980,710,92,2024-12-14,Processing
5981,1380,82,2024-06-30,Cancelled
5982,1740,10,2025-07-10,Completed
5983,1388,106,2025-07-22,Completed
5984,1031,135,2026-01-06,Cancelled
5985,338,165,2023-10-05,Processing
5986,65,190,2023-03-21,Processing
5987,1391,171,2023-01-19,Completed
5988,1549,159,2024-09-27,Processing
5989,140,32,2023-12-22,Completed
5990,1410,114,2025-01-21,Completed
5991,32,72,2023-07-14,Returned
5992,637,142,2025-05-25,Completed
5993,1069,108,2024-06-10,Completed
5994,888,33,2024-08-21,Processing
5995,1969,128,2023-05-02,Completed
5996,849,121,2023-06-18,Processing
5997,241,129,2025-08-06,Processing
5998,473,63,2023-11-18,Completed
5999,97,178,2024-08-07,Completed
6000,1546,8,2025-08-07,Completed
6001,1721,97,2025-05-16,Completed
6002,1257,124,2024-06-09,Processing
6003,1392,16,2024-03-13,Processing
6004,535,59,2025-11-17,Processing
6005,906,160,2026-05-03,Cancelled
6006,1175,37,2024-06-18,Processing
6007,330,73,2025-08-14,Completed
6008,1081,32,2023-08-04,Completed
6009,1048,110,2024-08-13,Completed
6010,172,68,2025-01-01,Processing
6011,199,131,2023-09-13,Completed
6012,1218,21,2025-08-30,Completed
6013,556,62,2025-07-31,Completed
6014,1727,40,2024-12-26,Processing
6015,961,76,2023-02-28,Completed
6016,283,81,2023-07-07,Completed
6017,421,32,2023-05-30,Completed
6018,1305,18,2023-08-21,Processing
6019,1846,7,2023-10-09,Completed
6020,1002,27,2024-05-22,Completed
6021,418,14,2023-03-09,Processing
6022,362,20,2024-09-25,Completed
6023,1771,109,2025-06-15,Returned
6024,501,192,2025-01-18,Completed
6025,1372,35,2024-10-09,Completed
6026,1705,105,2023-08-11,Completed
6027,1273,147,2026-06-05,Completed
6028,291,106,2023-06-24,Completed
6029,1694,85,2024-10-06,Completed
6030,1586,82,2026-01-01,Completed
6031,261,185,2025-01-25,Completed
6032,553,157,2026-04-03,Completed
6033,65,47,2024-01-28,Completed
6034,1137,95,2026-04-29,Processing
6035,1047,15,2024-02-27,Completed
6036,1321,44,2025-11-06,Completed
6037,58,127,2024-10-09,Processing
6038,1467,171,2025-11-07,Completed
6039,1808,162,2025-07-12,Completed
6040,1615,76,2023-09-27,Completed
6041,1442,180,2025-08-27,Completed
6042,519,74,2024-07-14,Completed
6043,1627,151,2024-05-17,Completed
6044,579,14,2023-04-10,Completed
6045,1164,137,2025-11-12,Completed
6046,1119,112,2023-09-15,Completed
6047,748,54,2025-10-14,Completed
6048,1609,144,2024-12-21,Processing
6049,1338,98,2023-02-12,Completed
6050,249,6,2024-06-04,Completed
6051,1761,93,2024-06-02,Completed
6052,1236,112,2023-03-31,Processing
6053,124,147,2026-06-12,Completed
6054,1295,191,2024-06-01,Completed
6055,1155,37,2025-03-24,Completed
6056,1922,27,2025-09-03,Completed
6057,1405,101,2023-04-27,Completed
6058,121,167,2024-04-18,Completed
6059,1381,163,2026-05-08,Cancelled
6060,530,69,2023-11-13,Completed
6061,733,40,2024-05-12,Completed
6062,1744,128,2026-04-26,Completed
6063,1487,68,2024-11-19,Completed
6064,1533,91,2026-06-30,Processing
6065,1502,130,2023-08-26,Completed
6066,396,186,2023-08-12,Completed
6067,590,175,2023-10-22,Completed
6068,1084,59,2023-09-29,Cancelled
6069,574,7,2023-11-27,Completed
6070,428,101,2023-09-22,Completed
6071,946,105,2024-07-08,Processing
6072,567,11,2024-07-23,Completed
6073,751,26,2023-06-15,Completed
6074,474,130,2023-06-12,Returned
6075,718,2,2023-10-06,Completed
6076,1236,42,2023-03-19,Processing
6077,598,174,2024-11-24,Completed
6078,1625,135,2023-10-04,Processing
6079,1844,108,2025-10-01,Processing
6080,374,53,2024-03-06,Completed
6081,445,193,2024-04-14,Returned
6082,936,50,2023-09-30,Completed
6083,443,156,2025-05-06,Completed
6084,1690,89,2023-09-03,Completed
6085,777,1,2025-09-29,Processing
6086,139,66,2024-02-01,Completed
6087,1954,179,2025-12-04,Returned
6088,1166,171,2025-02-22,Completed
6089,1018,18,2025-01-09,Completed
6090,229,7,2024-12-30,Completed
6091,1163,144,2024-02-03,Completed
6092,455,8,2026-03-09,Completed
6093,1276,54,2024-04-22,Completed
6094,1700,59,2023-08-04,Completed
6095,395,71,2023-06-25,Completed
6096,106,197,2023-11-24,Completed
6097,765,156,2023-02-24,Completed
6098,1115,184,2023-02-07,Completed
6099,967,39,2023-12-20,Completed
6100,1287,123,2023-06-24,Cancelled
6101,249,134,2026-04-11,Completed
6102,503,153,2024-10-24,Completed
6103,78,34,2024-04-25,Completed
6104,672,159,2025-11-22,Cancelled
6105,236,118,2025-01-08,Processing
6106,61,51,2023-12-09,Completed
6107,1917,142,2025-12-12,Completed
6108,889,1,2026-05-24,Cancelled
6109,953,87,2023-01-25,Returned
6110,1504,72,2023-09-07,Cancelled
6111,97,114,2025-11-17,Completed
6112,1011,167,2024-12-16,Completed
6113,993,84,2024-11-28,Completed
6114,11,151,2024-11-24,Processing
6115,622,86,2023-03-30,Completed
6116,1862,113,2023-12-27,Completed
6117,1274,75,2025-03-16,Completed
6118,1028,110,2024-11-25,Completed
6119,256,74,2023-10-03,Completed
6120,1982,58,2026-02-07,Processing
6121,664,12,2024-06-14,Completed
6122,998,99,2024-06-18,Cancelled
6123,1239,52,2026-03-21,Completed
6124,1606,184,2025-02-12,Completed
6125,69,114,2026-02-12,Completed
6126,1424,108,2026-02-28,Completed
6127,1772,179,2025-01-07,Completed
6128,555,159,2023-06-04,Completed
6129,1323,112,2025-07-26,Completed
6130,879,75,2023-07-07,Completed
6131,484,168,2026-03-31,Completed
6132,1829,82,2024-03-19,Completed
6133,149,41,2024-07-24,Completed
6134,1728,29,2025-06-02,Completed
6135,1373,153,2025-12-04,Cancelled
6136,530,64,2025-06-17,Completed
6137,902,1,2024-08-22,Completed
6138,1207,52,2025-03-07,Completed
6139,1043,115,2025-02-03,Processing
6140,366,111,2026-04-22,Processing
6141,1708,199,2024-03-27,Completed
6142,427,88,2025-10-13,Completed
6143,798,124,2024-01-14,Completed
6144,511,2,2023-02-25,Processing
6145,938,169,2025-11-02,Completed
6146,1203,30,2025-01-22,Completed
6147,625,47,2024-11-28,Completed
6148,15,149,2026-01-10,Processing
6149,684,126,2026-01-06,Completed
6150,1241,12,2024-02-25,Completed
6151,1864,69,2023-05-30,Processing
6152,831,87,2024-01-23,Completed
6153,662,112,2026-01-02,Completed
6154,1392,155,2025-06-27,Processing
6155,57,189,2025-10-17,Completed
6156,51,128,2024-07-11,Completed
6157,570,62,2024-05-21,Completed
6158,105,72,2026-04-25,Completed
6159,1353,125,2024-09-24,Completed
6160,1147,113,2023-06-18,Processing
6161,1850,98,2024-05-03,Cancelled
6162,939,112,2024-01-17,Cancelled
6163,1827,123,2025-09-30,Processing
6164,1514,84,2024-06-06,Processing
6165,896,110,2023-09-07,Completed
6166,1558,139,2025-10-19,Completed
6167,349,126,2025-11-02,Processing
6168,1286,17,2024-05-28,Completed
6169,1238,129,2025-10-22,Completed
6170,425,182,2024-06-12,Completed
6171,1297,42,2023-10-07,Completed
6172,1181,150,2025-12-09,Completed
6173,1154,7,2023-01-30,Completed
6174,252,55,2023-10-11,Completed
6175,560,131,2024-06-13,Completed
6176,1892,124,2023-05-26,Processing
6177,1366,69,2023-08-15,Completed
6178,778,100,2023-01-15,Completed
6179,1123,151,2024-04-17,Completed
6180,203,103,2024-09-27,Completed
6181,821,126,2025-07-10,Cancelled
6182,1673,122,2025-06-05,Completed
6183,516,124,2025-03-18,Completed
6184,258,3,2025-10-21,Processing
6185,287,151,2025-06-11,Completed
6186,657,48,2023-05-25,Completed
6187,589,147,2026-06-30,Completed
6188,1084,35,2026-04-30,Completed
6189,295,120,2025-01-08,Completed
6190,291,43,2023-01-11,Completed
6191,1434,142,2025-01-10,Completed
6192,1244,44,2026-05-03,Completed
6193,1392,60,2025-12-13,Processing
6194,565,9,2023-05-07,Processing
6195,287,79,2025-04-29,Completed
6196,77,63,2023-11-29,Completed
6197,114,50,2023-07-02,Completed
6198,1161,62,2024-05-10,Processing
6199,223,29,2025-11-07,Completed
6200,821,91,2024-05-30,Completed
6201,703,134,2025-10-17,Completed
6202,1427,75,2024-12-29,Completed
6203,214,88,2023-06-03,Completed
6204,1247,118,2024-06-02,Completed
6205,1954,134,2024-03-08,Completed
6206,928,147,2026-01-23,Completed
6207,935,183,2023-07-02,Completed
6208,715,102,2025-05-18,Completed
6209,1796,64,2024-02-21,Completed
6210,1178,91,2026-01-05,Completed
6211,140,119,2025-12-29,Completed
6212,1398,100,2023-04-05,Completed
6213,1536,150,2023-08-16,Completed
6214,1763,109,2026-05-19,Completed
6215,863,181,2023-12-11,Completed
6216,1642,176,2026-01-04,Completed
6217,1076,93,2023-08-28,Returned
6218,938,49,2025-06-08,Completed
6219,1718,156,2023-04-10,Processing
6220,9,34,2025-10-09,Completed
6221,120,174,2026-06-24,Processing
6222,1518,174,2023-09-18,Completed
6223,1957,170,2025-07-19,Completed
6224,264,32,2025-01-18,Completed
6225,85,163,2024-07-15,Completed
6226,784,44,2024-09-16,Completed
6227,375,39,2023-03-15,Completed
6228,871,105,2024-03-20,Processing
6229,1233,55,2024-12-23,Completed
6230,590,49,2023-09-27,Completed
6231,493,173,2026-01-07,Returned
6232,30,61,2023-04-20,Completed
6233,642,153,2025-12-15,Completed
6234,561,41,2023-05-06,Processing
6235,1084,77,2024-01-24,Completed
6236,574,95,2023-01-30,Completed
6237,1776,64,2024-01-13,Completed
6238,1197,164,2026-03-03,Processing
6239,51,36,2024-06-26,Completed
6240,1901,52,2023-06-26,Cancelled
6241,25,120,2025-09-18,Completed
6242,357,61,2024-11-03,Cancelled
6243,265,194,2025-09-28,Completed
6244,452,126,2025-06-12,Completed
6245,903,102,2023-05-13,Completed
6246,732,122,2024-04-06,Completed
6247,1142,28,2024-08-13,Cancelled
6248,369,100,2025-04-12,Completed
6249,1826,175,2024-05-20,Completed
6250,1581,148,2023-09-19,Completed
6251,948,182,2023-04-15,Returned
6252,709,16,2023-07-21,Processing
6253,1701,57,2024-05-26,Completed
6254,323,121,2026-06-21,Returned
6255,1319,85,2025-10-29,Processing
6256,1664,115,2025-08-27,Completed
6257,1812,145,2023-05-24,Completed
6258,1237,12,2024-03-28,Cancelled
6259,1411,154,2023-08-13,Returned
6260,710,154,2024-05-11,Completed
6261,743,81,2025-08-04,Cancelled
6262,1643,47,2023-06-22,Completed
6263,1380,48,2023-12-30,Processing
6264,1447,101,2024-10-28,Completed
6265,8,184,2024-07-19,Completed
6266,515,56,2025-03-14,Completed
6267,431,42,2026-02-27,Completed
6268,518,38,2023-11-17,Completed
6269,950,162,2023-11-04,Cancelled
6270,1962,114,2025-03-26,Completed
6271,322,119,2025-11-07,Processing
6272,1039,115,2026-01-21,Completed
6273,218,15,2026-05-17,Completed
6274,1538,96,2024-03-22,Completed
6275,1205,12,2023-05-03,Completed
6276,1998,36,2024-12-01,Completed
6277,869,166,2025-09-01,Processing
6278,581,104,2025-01-27,Completed
6279,982,43,2026-02-06,Completed
6280,948,168,2023-02-26,Completed
6281,1646,108,2024-03-19,Completed
6282,588,97,2024-12-25,Processing
6283,1558,172,2025-04-26,Completed
6284,1685,198,2023-05-14,Completed
6285,842,189,2024-02-16,Completed
6286,641,127,2024-02-22,Returned
6287,1549,18,2025-11-20,Completed
6288,1494,128,2025-03-21,Completed
6289,736,181,2026-03-05,Cancelled
6290,837,84,2025-04-23,Completed
6291,1902,164,2024-04-13,Completed
6292,645,40,2024-01-09,Processing
6293,1509,70,2025-11-22,Completed
6294,181,3,2026-02-28,Completed
6295,1818,33,2024-10-29,Completed
6296,694,91,2025-09-09,Completed
6297,1719,185,2024-02-10,Completed
6298,471,125,2025-03-23,Completed
6299,144,73,2023-10-22,Completed
6300,118,48,2026-06-21,Completed
6301,159,57,2025-09-23,Completed
6302,1146,37,2023-09-07,Completed
6303,411,93,2023-11-01,Processing
6304,1375,49,2026-05-26,Completed
6305,1307,95,2023-03-09,Completed
6306,1380,171,2024-09-17,Completed
6307,273,143,2024-06-17,Completed
6308,886,174,2026-04-26,Completed
6309,112,140,2025-08-16,Cancelled
6310,1351,169,2024-08-25,Completed
6311,1408,160,2023-02-19,Returned
6312,898,130,2023-11-16,Completed
6313,883,101,2025-02-11,Completed
6314,1151,57,2025-06-02,Completed
6315,1158,163,2024-09-25,Completed
6316,1036,41,2024-12-30,Completed
6317,687,149,2024-01-06,Processing
6318,875,43,2026-03-15,Processing
6319,773,98,2026-03-04,Completed
6320,1871,200,2023-10-20,Completed
6321,1669,41,2025-09-26,Completed
6322,623,184,2025-04-25,Processing
6323,1241,183,2023-12-06,Returned
6324,1491,175,2024-07-07,Completed
6325,1600,173,2024-05-08,Completed
6326,1793,111,2025-05-02,Completed
6327,724,26,2024-09-02,Completed
6328,792,23,2026-01-24,Returned
6329,1782,132,2025-03-21,Completed
6330,1125,99,2025-11-30,Returned
6331,1931,158,2023-12-13,Returned
6332,1238,66,2023-02-08,Completed
6333,1631,195,2026-06-29,Completed
6334,1961,110,2026-06-27,Completed
6335,178,59,2024-09-05,Completed
6336,1150,139,2024-04-11,Completed
6337,208,140,2024-05-22,Completed
6338,810,149,2024-01-26,Completed
6339,1200,18,2023-10-04,Processing
6340,1881,53,2025-10-08,Completed
6341,1608,64,2026-06-03,Processing
6342,187,199,2023-11-20,Cancelled
6343,57,20,2025-02-28,Completed
6344,1566,94,2024-01-05,Completed
6345,314,62,2026-04-02,Completed
6346,443,19,2024-02-04,Processing
6347,809,164,2024-03-20,Completed
6348,10,152,2026-02-07,Completed
6349,994,12,2024-01-11,Completed
6350,1219,110,2025-09-18,Completed
6351,231,47,2026-06-28,Completed
6352,1839,63,2023-07-20,Completed
6353,656,103,2026-03-24,Completed
6354,12,177,2023-08-04,Completed
6355,1540,192,2023-06-12,Completed
6356,702,55,2023-12-23,Processing
6357,1085,62,2024-06-10,Processing
6358,1046,200,2025-09-12,Completed
6359,149,81,2024-08-06,Completed
6360,1268,30,2023-08-21,Returned
6361,120,184,2026-02-05,Completed
6362,989,37,2025-12-27,Cancelled
6363,1729,66,2023-04-20,Completed
6364,1346,188,2025-11-30,Processing
6365,1117,187,2024-02-18,Completed
6366,1164,165,2023-08-22,Processing
6367,344,29,2025-02-18,Completed
6368,1764,154,2024-03-15,Completed
6369,156,140,2024-04-23,Completed
6370,1545,90,2024-01-18,Completed
6371,740,38,2023-03-29,Completed
6372,229,26,2025-06-13,Completed
6373,1486,75,2023-12-06,Returned
6374,1526,56,2023-12-09,Completed
6375,55,26,2023-06-20,Completed
6376,227,29,2025-06-05,Processing
6377,1520,138,2025-04-22,Returned
6378,15,46,2024-10-17,Completed
6379,1039,102,2024-06-09,Completed
6380,479,200,2023-02-02,Completed
6381,1260,147,2024-09-04,Completed
6382,1653,87,2024-03-03,Processing
6383,580,173,2023-01-25,Processing
6384,159,156,2025-12-04,Processing
6385,125,171,2024-12-02,Completed
6386,1629,82,2023-01-06,Completed
6387,656,42,2026-01-26,Completed
6388,1003,115,2023-05-08,Processing
6389,1033,65,2025-06-12,Completed
6390,102,188,2023-01-15,Completed
6391,466,7,2025-07-09,Completed
6392,603,11,2024-11-26,Completed
6393,672,184,2023-01-16,Completed
6394,335,114,2023-12-09,Completed
6395,907,63,2023-10-09,Completed
6396,53,31,2026-01-25,Completed
6397,740,28,2023-07-04,Completed
6398,396,66,2023-02-26,Processing
6399,1741,99,2025-12-29,Completed
6400,1266,153,2023-03-22,Completed
6401,621,11,2025-04-01,Completed
6402,1382,121,2024-07-13,Processing
6403,1473,23,2025-08-01,Completed
6404,557,139,2024-12-21,Completed
6405,1869,131,2026-02-12,Returned
6406,1292,169,2023-07-03,Processing
6407,1609,66,2023-04-25,Completed
6408,1238,7,2024-09-22,Completed
6409,1403,21,2024-05-19,Returned
6410,1068,31,2026-03-28,Cancelled
6411,205,193,2024-07-15,Completed
6412,1024,178,2025-04-03,Completed
6413,1848,19,2026-04-11,Completed
6414,1157,103,2023-03-01,Completed
6415,1164,40,2023-07-13,Completed
6416,679,20,2025-09-16,Processing
6417,83,34,2023-11-09,Completed
6418,516,181,2024-12-17,Completed
6419,1034,42,2025-06-20,Completed
6420,661,49,2023-11-01,Completed
6421,724,163,2026-04-19,Completed
6422,1090,69,2025-12-09,Completed
6423,1606,61,2025-01-08,Completed
6424,940,44,2026-06-22,Processing
6425,390,56,2024-11-26,Processing
6426,1285,5,2023-12-01,Completed
6427,1671,157,2024-05-12,Completed
6428,1364,109,2024-02-05,Processing
6429,632,197,2025-02-25,Completed
6430,546,35,2025-07-20,Completed
6431,477,82,2025-03-15,Completed
6432,492,155,2023-06-08,Completed
6433,853,170,2025-07-18,Completed
6434,1990,40,2025-08-27,Completed
6435,1775,58,2024-04-25,Processing
6436,1924,100,2023-11-20,Processing
6437,842,109,2024-02-03,Completed
6438,122,30,2024-06-20,Completed
6439,816,177,2024-02-06,Processing
6440,704,46,2025-05-01,Completed
6441,1638,136,2026-02-13,Completed
6442,445,50,2025-01-16,Completed
6443,566,69,2025-01-15,Processing
6444,241,190,2024-09-19,Completed
6445,595,38,2023-06-22,Completed
6446,696,68,2026-03-25,Completed
6447,1163,86,2025-09-06,Completed
6448,1568,21,2026-02-09,Completed
6449,368,161,2024-09-06,Completed
6450,225,94,2023-06-02,Completed
6451,252,105,2024-07-13,Completed
6452,356,65,2025-03-04,Completed
6453,1222,129,2025-06-24,Completed
6454,1492,53,2024-10-23,Completed
6455,1274,159,2025-12-17,Completed
6456,1322,146,2023-08-31,Completed
6457,5,16,2025-08-09,Processing
6458,535,95,2023-06-04,Completed
6459,570,123,2026-03-10,Cancelled
6460,1839,61,2023-04-10,Returned
6461,1665,143,2023-12-18,Completed
6462,403,20,2023-02-22,Completed
6463,515,104,2024-09-06,Completed
6464,1096,164,2025-02-25,Completed
6465,1526,13,2023-05-26,Completed
6466,28,109,2025-05-11,Completed
6467,1486,7,2025-02-12,Completed
6468,497,192,2025-07-02,Completed
6469,1805,38,2023-05-11,Cancelled
6470,1225,180,2023-03-17,Completed
6471,870,20,2024-06-29,Completed
6472,1191,3,2023-07-29,Cancelled
6473,653,1,2023-10-12,Completed
6474,91,1,2024-06-04,Completed
6475,985,43,2026-02-16,Completed
6476,1617,131,2024-04-09,Completed
6477,1896,45,2023-05-04,Completed
6478,164,68,2026-06-17,Completed
6479,762,10,2025-08-04,Completed
6480,780,159,2026-05-23,Processing
6481,928,130,2024-06-19,Completed
6482,127,166,2023-05-19,Completed
6483,1717,70,2023-10-07,Completed
6484,1315,122,2024-04-01,Completed
6485,1445,137,2025-05-16,Completed
6486,725,149,2025-01-24,Completed
6487,1898,83,2026-05-11,Completed
6488,1998,83,2025-08-21,Completed
6489,1544,126,2026-05-31,Completed
6490,471,8,2024-11-27,Completed
6491,1178,121,2026-05-15,Completed
6492,1704,54,2025-03-09,Completed
6493,961,80,2023-07-24,Completed
6494,448,155,2024-07-12,Completed
6495,10,198,2024-07-28,Completed
6496,1998,61,2024-11-29,Completed
6497,1792,35,2025-12-22,Processing
6498,1296,105,2026-06-21,Returned
6499,872,184,2023-01-31,Completed
6500,732,79,2025-08-16,Completed
6501,996,84,2023-06-17,Completed
6502,182,129,2024-08-18,Completed
6503,1359,36,2025-02-16,Processing
6504,586,27,2025-12-14,Processing
6505,268,72,2024-12-08,Completed
6506,1028,90,2026-05-27,Completed
6507,831,96,2024-05-07,Completed
6508,567,165,2024-05-15,Processing
6509,1565,187,2026-04-24,Completed
6510,916,186,2025-05-04,Processing
6511,661,118,2024-04-02,Processing
6512,517,144,2024-12-23,Completed
6513,350,44,2024-11-08,Processing
6514,859,118,2026-04-28,Completed
6515,1352,126,2024-10-26,Processing
6516,1745,123,2026-04-21,Cancelled
6517,1273,71,2026-02-26,Completed
6518,332,54,2025-03-24,Completed
6519,1789,150,2026-02-28,Completed
6520,124,58,2025-11-24,Completed
6521,897,1,2023-05-01,Completed
6522,184,88,2026-03-14,Cancelled
6523,580,37,2025-04-29,Completed
6524,963,82,2024-03-29,Completed
6525,1449,52,2026-05-30,Completed
6526,508,86,2023-11-26,Completed
6527,145,80,2023-09-25,Completed
6528,45,70,2023-05-02,Completed
6529,46,102,2024-05-18,Completed
6530,835,20,2023-05-22,Completed
6531,1077,127,2024-01-22,Completed
6532,368,167,2025-02-22,Returned
6533,1830,49,2024-03-23,Completed
6534,210,183,2026-06-09,Completed
6535,1648,99,2023-04-09,Completed
6536,1697,189,2024-04-18,Completed
6537,766,75,2024-07-30,Completed
6538,618,64,2025-05-09,Processing
6539,881,14,2024-01-06,Completed
6540,1881,51,2023-06-28,Completed
6541,1134,139,2023-04-09,Completed
6542,137,9,2026-04-03,Cancelled
6543,995,186,2025-04-26,Cancelled
6544,1604,119,2025-07-20,Processing
6545,701,196,2025-07-23,Completed
6546,714,77,2024-11-08,Processing
6547,427,65,2025-10-29,Completed
6548,1651,179,2024-05-27,Completed
6549,1514,185,2023-08-16,Cancelled
6550,287,98,2024-02-23,Completed
6551,421,61,2023-04-11,Completed
6552,1539,35,2024-01-29,Completed
6553,1938,22,2024-02-26,Completed
6554,144,80,2025-12-01,Completed
6555,1609,8,2025-08-09,Completed
6556,513,5,2025-06-04,Processing
6557,866,4,2025-02-28,Completed
6558,218,82,2023-09-10,Completed
6559,1039,123,2025-06-13,Completed
6560,1918,108,2024-08-08,Returned
6561,1505,66,2023-10-06,Completed
6562,1711,149,2025-07-17,Completed
6563,1195,73,2023-04-20,Completed
6564,1690,123,2023-12-12,Completed
6565,69,41,2024-04-13,Completed
6566,423,117,2025-08-04,Completed
6567,1119,47,2026-01-04,Completed
6568,1570,144,2026-05-19,Completed
6569,1824,184,2026-04-22,Processing
6570,734,22,2025-02-25,Completed
6571,138,192,2026-04-10,Completed
6572,1673,101,2024-08-23,Completed
6573,1572,83,2023-10-23,Processing
6574,13,8,2024-06-12,Returned
6575,348,78,2023-11-16,Completed
6576,1103,94,2024-11-07,Completed
6577,20,18,2025-10-25,Completed
6578,1000,154,2024-12-10,Completed
6579,1403,78,2025-02-08,Cancelled
6580,1534,158,2024-04-12,Completed
6581,1554,165,2024-12-04,Completed
6582,1859,129,2023-02-27,Processing
6583,635,171,2023-06-07,Completed
6584,1457,9,2025-10-11,Completed
6585,1743,109,2023-03-29,Completed
6586,201,57,2024-09-02,Completed
6587,1204,159,2023-09-19,Completed
6588,550,90,2025-09-12,Processing
6589,1000,89,2024-08-14,Completed
6590,1030,183,2024-02-17,Processing
6591,1546,103,2025-09-30,Completed
6592,185,91,2023-04-17,Cancelled
6593,802,134,2025-11-06,Completed
6594,1522,120,2023-08-13,Completed
6595,852,174,2025-05-02,Processing
6596,850,144,2026-04-07,Returned
6597,1159,62,2025-05-11,Completed
6598,835,164,2023-01-29,Completed
6599,759,81,2023-09-02,Completed
6600,1857,19,2024-03-24,Completed
6601,851,49,2024-01-19,Completed
6602,761,20,2025-11-12,Completed
6603,1244,104,2023-05-18,Completed
6604,1944,38,2025-05-29,Completed
6605,1514,80,2026-02-16,Completed
6606,1134,78,2025-12-12,Completed
6607,1695,130,2026-05-27,Completed
6608,175,147,2025-05-20,Completed
6609,332,127,2023-04-15,Completed
6610,797,147,2024-01-11,Processing
6611,1667,145,2023-06-10,Completed
6612,482,2,2023-09-04,Completed
6613,831,151,2023-01-21,Completed
6614,418,28,2026-05-25,Completed
6615,1029,109,2024-05-14,Returned
6616,1335,5,2025-12-09,Completed
6617,464,100,2023-01-10,Processing
6618,356,50,2023-01-25,Completed
6619,855,121,2024-02-27,Completed
6620,1005,117,2025-02-04,Completed
6621,593,43,2026-05-30,Completed
6622,133,1,2024-09-02,Processing
6623,1454,10,2024-03-20,Completed
6624,38,56,2023-09-19,Processing
6625,357,182,2025-06-29,Processing
6626,781,53,2024-10-27,Completed
6627,470,88,2025-04-26,Completed
6628,1055,177,2023-11-06,Returned
6629,1710,139,2023-01-07,Processing
6630,1378,181,2026-04-08,Completed
6631,846,36,2023-05-18,Completed
6632,1882,167,2023-05-12,Completed
6633,1905,42,2025-10-26,Completed
6634,1629,155,2023-03-03,Completed
6635,869,99,2025-03-16,Completed
6636,1475,158,2024-09-14,Completed
6637,151,167,2024-05-19,Completed
6638,1739,84,2026-04-05,Completed
6639,21,50,2024-02-16,Completed
6640,1469,45,2026-05-16,Returned
6641,64,58,2025-10-01,Completed
6642,1297,177,2024-02-10,Completed
6643,319,182,2024-05-28,Completed
6644,1412,115,2024-11-06,Completed
6645,201,150,2024-12-02,Processing
6646,1697,188,2024-05-26,Completed
6647,1027,117,2026-02-11,Completed
6648,138,33,2025-03-26,Completed
6649,1740,160,2024-08-21,Completed
6650,1026,92,2023-11-24,Returned
6651,488,130,2025-10-26,Cancelled
6652,1858,183,2023-06-01,Completed
6653,1203,120,2025-06-23,Completed
6654,1177,23,2024-05-18,Completed
6655,837,91,2025-06-21,Processing
6656,282,131,2023-12-08,Completed
6657,1649,193,2025-03-03,Processing
6658,1343,84,2024-07-04,Completed
6659,49,34,2026-02-26,Completed
6660,540,149,2024-08-30,Completed
6661,1526,66,2024-10-17,Completed
6662,1657,105,2025-03-20,Completed
6663,487,139,2026-01-02,Completed
6664,697,5,2023-03-11,Processing
6665,1429,95,2026-05-02,Completed
6666,1526,114,2025-11-21,Completed
6667,427,145,2025-01-16,Processing
6668,786,4,2023-08-28,Processing
6669,179,40,2025-07-30,Completed
6670,218,144,2024-11-01,Completed
6671,1445,136,2025-10-06,Completed
6672,1918,113,2023-10-06,Completed
6673,60,58,2024-03-15,Cancelled
6674,206,18,2023-11-20,Processing
6675,1184,159,2025-05-24,Processing
6676,878,57,2025-06-26,Cancelled
6677,409,166,2025-06-27,Completed
6678,513,129,2024-04-03,Completed
6679,990,1,2025-07-31,Completed
6680,1289,179,2023-01-06,Completed
6681,1756,84,2025-10-01,Processing
6682,1734,50,2026-04-21,Completed
6683,70,82,2024-06-17,Processing
6684,413,154,2024-05-14,Completed
6685,1487,153,2023-01-12,Cancelled
6686,700,70,2025-05-21,Completed
6687,1015,192,2024-05-08,Processing
6688,1060,129,2025-05-28,Completed
6689,1741,42,2024-11-07,Returned
6690,280,151,2023-12-27,Processing
6691,860,33,2024-10-09,Returned
6692,1593,131,2023-04-10,Completed
6693,1057,14,2024-09-18,Processing
6694,1597,76,2025-03-01,Processing
6695,1246,120,2023-01-27,Completed
6696,1877,149,2023-04-24,Completed
6697,1064,130,2024-10-17,Completed
6698,1880,195,2024-04-19,Completed
6699,1017,73,2024-05-14,Processing
6700,476,147,2023-03-08,Completed
6701,215,54,2023-08-08,Completed
6702,1939,148,2025-02-13,Completed
6703,449,37,2023-08-12,Returned
6704,718,76,2023-09-15,Completed
6705,1341,182,2023-12-25,Completed
6706,213,23,2026-04-08,Completed
6707,1548,91,2026-05-16,Processing
6708,30,148,2024-08-24,Completed
6709,579,17,2024-01-07,Completed
6710,1273,160,2026-04-22,Completed
6711,468,195,2023-10-13,Completed
6712,1454,115,2025-05-07,Completed
6713,882,10,2025-03-04,Processing
6714,1073,148,2024-10-17,Processing
6715,1600,80,2023-02-04,Completed
6716,1254,121,2026-01-31,Completed
6717,588,75,2024-02-03,Completed
6718,1046,51,2025-04-14,Completed
6719,1549,146,2024-02-23,Completed
6720,1402,115,2023-01-18,Completed
6721,783,63,2025-11-10,Processing
6722,967,32,2024-12-14,Completed
6723,1129,84,2023-08-29,Completed
6724,1776,27,2023-06-09,Completed
6725,116,88,2025-06-15,Completed
6726,927,127,2023-05-27,Completed
6727,1443,171,2026-02-18,Completed
6728,1564,9,2024-04-11,Cancelled
6729,1087,114,2024-10-16,Completed
6730,733,129,2024-01-16,Completed
6731,27,54,2025-05-05,Completed
6732,1002,136,2025-09-14,Completed
6733,1318,44,2024-06-29,Completed
6734,1903,45,2025-02-13,Completed
6735,1804,120,2023-05-12,Cancelled
6736,578,148,2025-04-28,Cancelled
6737,1430,94,2023-07-14,Completed
6738,927,92,2023-12-30,Completed
6739,616,77,2025-11-27,Completed
6740,1754,83,2023-10-13,Completed
6741,1942,155,2026-03-20,Completed
6742,1672,134,2025-01-18,Processing
6743,211,29,2024-10-06,Completed
6744,512,60,2026-01-17,Completed
6745,942,110,2024-08-10,Completed
6746,76,167,2025-01-24,Completed
6747,1538,137,2023-01-19,Completed
6748,1033,189,2024-03-05,Processing
6749,458,67,2025-06-07,Completed
6750,364,195,2025-09-20,Completed
6751,878,14,2024-05-24,Completed
6752,1527,89,2025-02-10,Completed
6753,1750,53,2026-01-11,Completed
6754,616,160,2025-01-06,Completed
6755,658,116,2023-04-20,Completed
6756,1769,87,2025-08-21,Cancelled
6757,1307,35,2025-04-04,Completed
6758,16,164,2024-02-19,Returned
6759,1387,190,2023-10-25,Completed
6760,226,171,2025-12-11,Processing
6761,1465,177,2025-11-13,Completed
6762,1916,119,2024-05-28,Completed
6763,1650,47,2024-03-17,Completed
6764,429,176,2026-02-13,Completed
6765,572,121,2026-02-21,Processing
6766,1424,48,2025-04-26,Completed
6767,1778,49,2023-09-09,Completed
6768,1483,147,2024-07-28,Processing
6769,1460,45,2024-04-01,Completed
6770,1428,1,2025-03-13,Completed
6771,1404,149,2024-05-28,Cancelled
6772,739,71,2024-11-30,Completed
6773,1728,139,2026-06-09,Completed
6774,1839,136,2024-05-04,Completed
6775,8,14,2024-04-20,Completed
6776,58,52,2023-11-21,Completed
6777,973,49,2024-10-30,Processing
6778,19,79,2025-07-03,Processing
6779,1120,98,2025-01-07,Completed
6780,1697,129,2026-04-11,Completed
6781,190,50,2023-10-30,Completed
6782,856,45,2026-01-10,Cancelled
6783,643,99,2024-08-21,Completed
6784,898,99,2023-04-14,Processing
6785,1932,138,2023-12-25,Completed
6786,349,93,2026-01-19,Completed
6787,1225,167,2024-08-15,Completed
6788,1793,171,2024-03-13,Completed
6789,813,52,2024-05-14,Processing
6790,602,100,2023-03-27,Completed
6791,1525,101,2023-11-08,Processing
6792,483,54,2025-04-09,Completed
6793,1056,73,2025-10-20,Completed
6794,1294,24,2025-06-06,Completed
6795,1336,182,2024-03-31,Completed
6796,195,16,2023-07-20,Completed
6797,1575,97,2025-06-02,Returned
6798,1989,37,2025-12-09,Completed
6799,652,79,2023-05-29,Processing
6800,1093,163,2024-11-09,Completed
6801,1898,97,2023-11-08,Processing
6802,721,20,2023-08-02,Completed
6803,640,135,2025-05-24,Completed
6804,1498,199,2025-04-29,Completed
6805,1619,16,2024-01-10,Processing
6806,607,108,2026-04-25,Completed
6807,906,68,2026-06-08,Completed
6808,1699,163,2023-08-05,Processing
6809,275,80,2024-07-22,Returned
6810,853,100,2025-10-03,Completed
6811,655,121,2024-03-28,Cancelled
6812,882,90,2023-04-25,Cancelled
6813,561,40,2024-03-09,Completed
6814,710,69,2024-06-04,Completed
6815,1639,18,2023-02-01,Processing
6816,1263,133,2025-02-06,Completed
6817,1355,169,2023-02-22,Completed
6818,1535,8,2025-05-21,Completed
6819,518,139,2024-11-26,Cancelled
6820,1346,51,2023-09-07,Processing
6821,522,117,2026-03-23,Completed
6822,1507,17,2023-12-16,Cancelled
6823,1775,142,2023-12-06,Processing
6824,1186,46,2023-11-17,Processing
6825,369,130,2026-01-29,Completed
6826,1339,47,2023-04-08,Completed
6827,1393,91,2023-10-12,Processing
6828,1788,101,2026-01-26,Completed
6829,1670,41,2025-05-04,Completed
6830,685,12,2024-11-01,Completed
6831,467,183,2023-10-06,Completed
6832,1230,17,2024-04-19,Completed
6833,111,64,2023-12-12,Completed
6834,1548,44,2025-09-23,Completed
6835,1668,39,2024-05-05,Completed
6836,1967,73,2024-08-28,Processing
6837,1908,174,2024-04-20,Completed
6838,727,66,2024-03-07,Completed
6839,545,40,2026-02-25,Completed
6840,40,49,2024-04-05,Completed
6841,1312,66,2023-07-16,Completed
6842,1343,63,2023-09-20,Completed
6843,1056,82,2023-02-11,Returned
6844,1545,70,2025-11-12,Completed
6845,686,150,2023-02-26,Completed
6846,257,55,2025-08-13,Completed
6847,122,158,2023-04-17,Completed
6848,527,121,2026-03-18,Completed
6849,1417,19,2025-08-23,Completed
6850,515,183,2023-01-21,Completed
6851,525,92,2025-03-18,Completed
6852,1033,177,2024-07-21,Completed
6853,1381,125,2024-03-02,Completed
6854,570,154,2025-02-13,Completed
6855,11,114,2023-10-04,Completed
6856,1495,15,2024-08-21,Completed
6857,304,2,2026-02-17,Completed
6858,396,112,2025-11-24,Completed
6859,1310,40,2024-12-29,Processing
6860,1390,150,2024-07-31,Completed
6861,1190,64,2025-01-17,Completed
6862,281,102,2026-05-29,Completed
6863,904,96,2023-09-29,Completed
6864,594,144,2023-04-16,Completed
6865,203,110,2024-02-07,Completed
6866,143,118,2024-10-07,Completed
6867,1327,142,2023-05-18,Completed
6868,999,99,2024-07-02,Completed
6869,1801,132,2024-04-16,Completed
6870,429,160,2025-01-02,Completed
6871,278,190,2025-03-24,Completed
6872,1101,89,2024-01-21,Completed
6873,1145,120,2024-04-29,Completed
6874,62,24,2023-06-22,Completed
6875,1234,126,2024-09-15,Returned
6876,558,187,2025-09-29,Completed
6877,1340,116,2025-08-06,Completed
6878,1206,158,2023-03-23,Returned
6879,940,137,2023-05-19,Completed
6880,1686,100,2024-11-19,Completed
6881,924,60,2026-06-02,Completed
6882,1904,9,2024-02-15,Completed
6883,963,53,2025-04-02,Cancelled
6884,1494,149,2023-07-17,Completed
6885,1528,6,2024-08-23,Completed
6886,1018,81,2025-05-29,Completed
6887,1824,55,2023-03-06,Processing
6888,1868,42,2023-08-02,Completed
6889,1037,117,2025-07-18,Completed
6890,870,148,2026-04-19,Completed
6891,1037,119,2024-01-06,Completed
6892,632,196,2023-05-24,Completed
6893,1102,85,2025-06-19,Cancelled
6894,860,116,2023-08-15,Completed
6895,1658,123,2023-11-24,Processing
6896,1134,37,2026-04-16,Completed
6897,1005,195,2026-02-25,Completed
6898,1094,131,2025-01-21,Completed
6899,1183,173,2026-04-07,Completed
6900,829,7,2025-12-21,Completed
6901,1425,90,2026-02-21,Processing
6902,396,120,2024-04-09,Completed
6903,570,55,2025-07-22,Completed
6904,1085,83,2025-01-24,Completed
6905,1012,6,2025-10-06,Completed
6906,1275,66,2024-06-06,Completed
6907,1736,25,2024-07-08,Completed
6908,122,192,2024-07-10,Processing
6909,757,106,2023-04-03,Completed
6910,1765,32,2023-04-15,Completed
6911,1589,11,2025-06-29,Completed
6912,1197,106,2025-12-09,Completed
6913,1151,129,2024-11-07,Completed
6914,1893,53,2024-07-01,Returned
6915,1457,125,2026-03-25,Completed
6916,1770,96,2023-08-24,Cancelled
6917,984,177,2024-02-04,Completed
6918,1688,83,2024-07-18,Completed
6919,751,131,2025-08-03,Completed
6920,1926,171,2024-05-13,Cancelled
6921,1865,16,2024-10-22,Returned
6922,1526,179,2023-10-20,Completed
6923,1209,15,2025-05-30,Completed
6924,1144,83,2024-02-04,Completed
6925,1301,28,2025-08-31,Cancelled
6926,1435,6,2024-06-10,Returned
6927,324,90,2025-02-11,Completed
6928,248,52,2023-07-23,Completed
6929,1735,127,2025-08-10,Completed
6930,1591,1,2025-06-15,Returned
6931,1805,115,2026-03-24,Completed
6932,881,55,2024-10-29,Completed
6933,1632,195,2024-08-28,Returned
6934,940,41,2026-03-12,Cancelled
6935,1409,76,2024-03-07,Completed
6936,207,125,2025-04-13,Completed
6937,1911,43,2025-06-16,Completed
6938,713,80,2024-05-19,Completed
6939,476,148,2023-05-17,Completed
6940,863,70,2025-09-15,Completed
6941,111,73,2025-02-25,Returned
6942,1050,41,2023-04-02,Completed
6943,44,101,2023-08-09,Completed
6944,1440,90,2023-03-09,Completed
6945,133,61,2024-06-11,Completed
6946,1784,121,2024-04-08,Processing
6947,317,198,2023-04-24,Completed
6948,892,104,2024-10-23,Completed
6949,665,60,2024-01-02,Completed
6950,1990,167,2023-08-22,Returned
6951,569,57,2024-11-16,Completed
6952,1936,129,2025-06-08,Completed
6953,1364,4,2025-01-18,Processing
6954,492,133,2023-03-07,Completed
6955,383,30,2024-04-02,Processing
6956,909,143,2026-02-21,Completed
6957,681,96,2023-10-01,Completed
6958,245,8,2025-06-21,Returned
6959,713,171,2025-01-18,Completed
6960,1975,41,2026-06-29,Completed
6961,817,137,2025-10-06,Completed
6962,260,198,2024-01-27,Cancelled
6963,1202,150,2026-01-23,Completed
6964,355,82,2026-02-23,Completed
6965,1791,103,2024-05-19,Completed
6966,72,99,2024-01-19,Completed
6967,129,94,2023-06-28,Processing
6968,1949,151,2025-07-03,Completed
6969,1199,52,2025-08-30,Completed
6970,686,56,2023-05-18,Completed
6971,406,69,2024-05-29,Completed
6972,41,172,2023-05-16,Returned
6973,867,177,2023-11-23,Completed
6974,551,107,2023-07-02,Completed
6975,772,20,2024-10-17,Cancelled
6976,1648,111,2024-11-17,Completed
6977,290,33,2024-06-19,Completed
6978,1386,131,2023-07-14,Completed
6979,1082,177,2023-08-10,Completed
6980,907,19,2026-06-14,Completed
6981,90,199,2026-02-11,Processing
6982,1349,65,2024-05-19,Processing
6983,1943,78,2026-02-08,Completed
6984,1502,31,2023-10-06,Completed
6985,999,194,2026-05-16,Completed
6986,30,134,2023-02-07,Completed
6987,1652,152,2026-05-30,Completed
6988,1341,131,2023-03-27,Completed
6989,33,50,2024-03-19,Completed
6990,52,88,2023-03-10,Processing
6991,231,178,2023-04-09,Completed
6992,1944,182,2024-03-29,Returned
6993,1062,185,2025-06-03,Completed
6994,1300,48,2023-08-05,Returned
6995,200,106,2025-04-29,Completed
6996,46,36,2023-06-03,Cancelled
6997,1803,75,2025-05-30,Processing
6998,1589,67,2023-10-23,Completed
6999,1446,176,2024-12-11,Completed
7000,390,102,2023-11-22,Completed
7001,1657,69,2026-06-27,Processing
7002,1605,68,2026-04-12,Completed
7003,1736,45,2025-03-07,Processing
7004,305,1,2024-05-16,Completed
7005,1728,67,2025-06-05,Completed
7006,1407,91,2025-10-11,Processing
7007,801,91,2025-10-02,Completed
7008,433,6,2024-08-07,Completed
7009,1740,15,2024-09-12,Cancelled
7010,1167,173,2025-03-22,Completed
7011,815,70,2024-12-21,Completed
7012,296,186,2026-02-28,Completed
7013,1818,34,2023-09-18,Completed
7014,303,70,2026-02-05,Completed
7015,193,48,2025-04-26,Processing
7016,1372,146,2025-01-15,Completed
7017,657,140,2025-03-23,Completed
7018,28,177,2024-10-23,Completed
7019,503,80,2023-03-16,Completed
7020,556,163,2024-07-25,Completed
7021,971,132,2025-12-22,Completed
7022,1901,131,2023-09-13,Completed
7023,888,157,2025-02-23,Completed
7024,402,46,2025-01-28,Completed
7025,291,118,2025-06-11,Completed
7026,849,138,2024-04-28,Processing
7027,963,88,2024-04-17,Completed
7028,422,157,2026-05-28,Returned
7029,1301,121,2026-02-22,Completed
7030,1970,35,2025-11-18,Completed
7031,931,128,2023-06-15,Completed
7032,1156,76,2025-01-13,Completed
7033,792,170,2026-03-16,Completed
7034,458,199,2025-01-17,Completed
7035,1803,165,2024-07-31,Completed
7036,63,191,2024-03-20,Cancelled
7037,1508,180,2023-09-11,Completed
7038,1358,192,2025-05-24,Processing
7039,1305,13,2025-05-19,Completed
7040,1966,191,2024-06-10,Completed
7041,1300,35,2023-04-16,Completed
7042,1787,16,2024-08-27,Completed
7043,1044,65,2024-05-20,Processing
7044,356,101,2023-02-06,Completed
7045,916,121,2025-09-01,Processing
7046,1320,57,2024-01-21,Completed
7047,665,55,2026-04-26,Cancelled
7048,266,35,2024-06-24,Completed
7049,1566,127,2025-09-03,Processing
7050,934,117,2024-05-31,Completed
7051,695,13,2023-12-04,Completed
7052,1068,135,2024-12-06,Completed
7053,1917,73,2025-12-13,Completed
7054,72,59,2025-02-14,Completed
7055,1193,102,2025-12-30,Completed
7056,1036,77,2023-12-28,Processing
7057,1630,171,2024-08-07,Completed
7058,1410,161,2026-04-18,Completed
7059,1359,129,2026-05-01,Completed
7060,973,15,2025-02-24,Completed
7061,1480,63,2026-04-22,Completed
7062,495,34,2023-04-22,Returned
7063,1913,82,2024-09-27,Completed
7064,860,183,2025-08-29,Returned
7065,843,192,2025-06-30,Completed
7066,1361,18,2025-11-30,Completed
7067,890,56,2025-04-28,Processing
7068,1782,147,2024-10-28,Completed
7069,1598,164,2024-11-02,Completed
7070,1992,17,2023-08-24,Completed
7071,898,45,2024-04-15,Completed
7072,1291,14,2023-06-28,Completed
7073,438,127,2025-09-25,Completed
7074,822,173,2024-02-07,Cancelled
7075,1195,98,2024-12-24,Processing
7076,1153,160,2025-10-07,Completed
7077,1450,123,2026-02-08,Completed
7078,1660,35,2023-02-11,Completed
7079,1321,32,2023-02-17,Completed
7080,524,46,2025-10-30,Completed
7081,1221,15,2025-03-20,Completed
7082,660,126,2024-10-24,Completed
7083,519,150,2023-03-29,Completed
7084,912,26,2023-01-29,Completed
7085,1461,68,2024-12-24,Completed
7086,1844,47,2024-07-12,Completed
7087,991,173,2024-08-23,Returned
7088,868,90,2023-09-21,Completed
7089,1058,51,2023-04-02,Completed
7090,255,151,2025-08-09,Completed
7091,131,47,2024-03-20,Completed
7092,1932,61,2024-11-01,Cancelled
7093,949,96,2025-07-05,Completed
7094,436,65,2023-09-24,Processing
7095,1575,86,2025-12-25,Completed
7096,424,171,2023-05-23,Completed
7097,1326,152,2025-06-15,Completed
7098,3,121,2025-09-04,Completed
7099,1405,161,2024-01-09,Completed
7100,1615,106,2023-06-24,Completed
7101,986,68,2025-03-18,Processing
7102,845,155,2025-10-15,Completed
7103,1626,192,2023-07-04,Completed
7104,1917,44,2024-08-16,Completed
7105,867,129,2024-05-16,Completed
7106,714,194,2024-02-08,Cancelled
7107,1736,147,2025-01-31,Processing
7108,668,137,2025-07-01,Completed
7109,656,187,2023-01-22,Returned
7110,1555,24,2023-04-24,Completed
7111,1411,58,2026-05-04,Processing
7112,1723,99,2024-07-02,Completed
7113,1977,19,2024-01-11,Completed
7114,1249,179,2026-05-29,Completed
7115,1373,61,2023-08-08,Completed
7116,1763,113,2024-11-14,Completed
7117,524,58,2026-04-03,Completed
7118,131,162,2026-05-24,Completed
7119,822,56,2023-02-03,Completed
7120,412,100,2023-10-25,Processing
7121,111,92,2023-06-08,Completed
7122,913,131,2025-08-04,Completed
7123,616,129,2023-08-10,Completed
7124,1340,94,2024-02-05,Completed
7125,1374,162,2024-05-19,Completed
7126,1907,41,2025-09-15,Processing
7127,1568,153,2024-10-11,Completed
7128,804,113,2025-08-01,Completed
7129,686,93,2024-09-02,Completed
7130,1463,198,2023-03-17,Completed
7131,374,178,2026-04-18,Completed
7132,1568,154,2023-07-16,Completed
7133,1125,47,2025-09-06,Completed
7134,261,147,2024-05-21,Processing
7135,1691,27,2024-03-10,Completed
7136,1172,50,2025-08-22,Completed
7137,321,17,2024-05-26,Processing
7138,1730,138,2024-08-11,Completed
7139,988,22,2023-10-05,Returned
7140,1078,69,2023-12-20,Completed
7141,130,185,2026-04-24,Processing
7142,1542,22,2025-08-26,Completed
7143,1858,94,2024-11-19,Completed
7144,318,57,2025-01-24,Processing
7145,1415,140,2024-10-23,Completed
7146,53,112,2024-02-04,Processing
7147,310,197,2023-10-30,Processing
7148,1462,46,2026-05-30,Processing
7149,731,37,2026-01-17,Completed
7150,1020,27,2025-02-06,Completed
7151,1855,154,2025-04-19,Completed
7152,321,106,2025-12-13,Processing
7153,1022,69,2025-04-24,Completed
7154,658,9,2025-07-20,Processing
7155,503,27,2023-01-21,Returned
7156,1944,91,2023-04-11,Completed
7157,1915,139,2025-09-10,Completed
7158,636,90,2023-02-22,Completed
7159,1333,4,2024-10-17,Completed
7160,4,144,2026-02-12,Completed
7161,1008,67,2024-06-03,Completed
7162,1205,55,2025-07-03,Processing
7163,1495,141,2025-05-24,Completed
7164,787,163,2024-08-28,Processing
7165,497,57,2024-04-24,Processing
7166,907,71,2026-03-21,Returned
7167,407,123,2026-03-28,Completed
7168,1773,178,2025-05-31,Completed
7169,1262,20,2024-12-07,Completed
7170,994,75,2024-02-28,Processing
7171,1022,63,2024-08-13,Completed
7172,1974,43,2023-08-25,Completed
7173,655,163,2023-01-08,Completed
7174,1540,107,2023-02-24,Completed
7175,1862,165,2026-02-28,Completed
7176,156,70,2024-12-28,Completed
7177,484,105,2025-02-12,Completed
7178,1539,190,2024-10-11,Completed
7179,1141,24,2025-06-18,Completed
7180,1476,60,2025-03-07,Completed
7181,1258,113,2025-12-18,Completed
7182,923,77,2025-11-02,Completed
7183,710,168,2025-01-11,Completed
7184,232,162,2026-06-07,Completed
7185,538,68,2026-05-15,Completed
7186,892,63,2026-03-02,Completed
7187,981,65,2025-09-04,Completed
7188,486,113,2023-11-20,Completed
7189,1040,71,2025-11-21,Completed
7190,786,19,2026-06-25,Cancelled
7191,1549,145,2025-11-29,Completed
7192,1010,152,2026-01-06,Completed
7193,384,153,2023-03-24,Processing
7194,1881,16,2024-10-24,Completed
7195,588,90,2023-08-21,Completed
7196,660,141,2025-01-16,Completed
7197,1494,146,2023-05-18,Completed
7198,621,48,2024-08-17,Completed
7199,1347,190,2025-08-19,Returned
7200,386,157,2024-04-24,Cancelled
7201,1865,15,2025-04-12,Completed
7202,762,50,2025-01-24,Cancelled
7203,643,150,2026-01-14,Completed
7204,1661,41,2025-10-28,Completed
7205,246,153,2025-04-06,Completed
7206,1148,126,2024-10-28,Completed
7207,1335,142,2023-10-27,Returned
7208,953,109,2024-05-21,Completed
7209,961,117,2024-03-25,Completed
7210,1056,186,2024-05-21,Processing
7211,844,7,2026-03-11,Completed
7212,1022,129,2024-10-29,Returned
7213,1620,194,2023-04-24,Completed
7214,746,170,2023-04-05,Completed
7215,1231,103,2023-11-18,Processing
7216,1494,198,2023-02-25,Completed
7217,905,157,2024-04-18,Completed
7218,303,104,2024-12-29,Completed
7219,325,89,2024-08-16,Completed
7220,682,160,2024-09-15,Completed
7221,872,128,2023-09-05,Completed
7222,655,53,2026-04-11,Processing
7223,1961,186,2025-06-24,Completed
7224,1306,81,2026-02-07,Completed
7225,1209,142,2025-07-31,Returned
7226,1375,129,2024-09-14,Completed
7227,1458,81,2024-02-15,Processing
7228,747,51,2025-03-13,Completed
7229,978,37,2025-06-14,Completed
7230,1269,95,2023-03-10,Completed
7231,1995,7,2024-12-16,Processing
7232,1746,12,2025-04-17,Completed
7233,373,17,2023-09-21,Completed
7234,795,141,2024-05-11,Completed
7235,58,47,2025-09-17,Cancelled
7236,460,116,2026-03-11,Processing
7237,229,74,2026-03-20,Completed
7238,457,122,2023-07-31,Completed
7239,1784,110,2024-01-29,Completed
7240,1961,136,2025-01-31,Completed
7241,836,144,2024-06-18,Completed
7242,1763,109,2025-11-22,Completed
7243,332,51,2026-01-02,Completed
7244,1366,106,2023-04-05,Completed
7245,761,90,2026-03-01,Completed
7246,499,189,2024-10-31,Completed
7247,7,82,2025-06-24,Cancelled
7248,268,91,2023-01-25,Completed
7249,673,177,2025-12-27,Completed
7250,1029,141,2023-05-13,Completed
7251,1868,82,2024-10-28,Completed
7252,433,88,2025-09-19,Completed
7253,737,121,2023-11-02,Completed
7254,314,74,2023-08-22,Processing
7255,176,95,2023-05-02,Completed
7256,1918,196,2024-09-12,Completed
7257,832,98,2023-01-29,Completed
7258,877,197,2023-08-23,Completed
7259,752,162,2025-02-22,Completed
7260,1327,73,2023-02-04,Completed
7261,1341,92,2023-04-03,Completed
7262,1699,80,2024-11-18,Completed
7263,1944,165,2026-02-08,Completed
7264,1283,123,2023-02-17,Processing
7265,1169,160,2023-03-18,Completed
7266,1244,79,2024-05-10,Completed
7267,714,190,2025-11-02,Cancelled
7268,462,168,2025-03-17,Completed
7269,827,75,2025-09-24,Processing
7270,624,93,2024-10-28,Cancelled
7271,200,125,2023-03-20,Completed
7272,483,90,2023-05-13,Processing
7273,1368,48,2024-06-17,Completed
7274,1786,157,2025-04-13,Completed
7275,1375,156,2023-03-14,Completed
7276,533,92,2024-03-09,Cancelled
7277,1455,141,2023-02-07,Completed
7278,1788,186,2026-01-31,Processing
7279,855,127,2023-12-06,Completed
7280,21,176,2026-03-24,Completed
7281,897,14,2026-03-02,Completed
7282,918,54,2023-05-31,Processing
7283,1951,152,2025-10-23,Processing
7284,1986,105,2025-12-28,Completed
7285,1830,5,2024-04-15,Completed
7286,778,155,2023-08-11,Completed
7287,748,14,2023-07-27,Completed
7288,535,105,2025-02-27,Completed
7289,475,29,2023-11-14,Completed
7290,222,33,2025-06-22,Completed
7291,927,102,2023-12-19,Processing
7292,1934,150,2024-12-27,Processing
7293,1309,150,2024-09-24,Completed
7294,77,143,2023-05-03,Completed
7295,1036,158,2025-07-13,Completed
7296,475,167,2024-03-27,Processing
7297,1586,127,2023-07-12,Completed
7298,569,45,2025-02-22,Completed
7299,1861,198,2024-06-01,Completed
7300,855,86,2023-03-17,Completed
7301,215,95,2024-01-15,Completed
7302,1984,89,2025-10-21,Completed
7303,1850,107,2026-05-05,Completed
7304,756,66,2023-06-26,Processing
7305,235,57,2025-08-06,Completed
7306,1219,130,2025-09-20,Completed
7307,1235,49,2026-01-26,Completed
7308,1217,101,2024-10-28,Completed
7309,356,122,2025-05-03,Completed
7310,996,73,2023-09-05,Completed
7311,1731,196,2024-07-07,Processing
7312,892,178,2023-09-11,Completed
7313,579,40,2024-10-28,Completed
7314,177,143,2024-02-09,Processing
7315,882,185,2023-11-09,Completed
7316,524,32,2025-01-07,Completed
7317,19,148,2024-12-21,Cancelled
7318,1784,161,2025-01-11,Processing
7319,695,2,2025-01-23,Cancelled
7320,1031,164,2023-05-07,Cancelled
7321,1326,135,2023-12-19,Completed
7322,965,19,2023-11-06,Completed
7323,629,9,2024-01-13,Completed
7324,1001,136,2023-08-04,Completed
7325,963,41,2025-07-13,Completed
7326,1799,105,2023-09-14,Completed
7327,1477,110,2025-06-18,Completed
7328,1259,86,2025-11-03,Processing
7329,1190,163,2024-08-22,Completed
7330,915,164,2025-07-26,Completed
7331,310,148,2024-08-15,Completed
7332,398,19,2024-02-17,Completed
7333,1305,127,2023-11-18,Completed
7334,534,182,2026-05-21,Cancelled
7335,677,59,2025-04-08,Completed
7336,900,166,2025-10-23,Processing
7337,66,49,2023-06-04,Completed
7338,1461,183,2024-02-27,Completed
7339,1223,4,2024-11-30,Completed
7340,1875,54,2026-02-09,Completed
7341,409,27,2024-10-15,Completed
7342,216,102,2025-04-04,Completed
7343,24,41,2024-05-26,Completed
7344,120,31,2026-05-07,Completed
7345,1714,178,2026-06-12,Processing
7346,1956,50,2023-05-28,Completed
7347,1587,172,2024-05-08,Completed
7348,1862,25,2025-01-06,Completed
7349,1658,23,2024-10-12,Processing
7350,45,173,2025-02-12,Completed
7351,861,47,2024-04-27,Completed
7352,594,102,2023-03-19,Completed
7353,1338,45,2023-10-21,Processing
7354,1013,142,2026-05-24,Completed
7355,1892,87,2023-08-03,Processing
7356,1427,38,2025-05-22,Completed
7357,1623,199,2024-05-16,Completed
7358,852,33,2023-05-14,Completed
7359,68,20,2024-10-23,Processing
7360,1823,149,2025-10-13,Completed
7361,279,182,2026-06-13,Completed
7362,1156,157,2025-09-05,Completed
7363,1777,109,2025-12-23,Completed
7364,767,13,2025-12-28,Completed
7365,191,196,2025-03-12,Cancelled
7366,1380,42,2023-08-21,Completed
7367,1954,58,2025-08-22,Completed
7368,1405,117,2023-06-19,Processing
7369,1185,5,2024-02-04,Completed
7370,1831,40,2023-02-23,Completed
7371,1619,190,2025-03-12,Completed
7372,82,124,2023-01-15,Completed
7373,1336,73,2025-10-05,Completed
7374,669,168,2025-07-08,Completed
7375,1095,136,2026-06-15,Completed
7376,345,119,2024-04-12,Completed
7377,677,45,2023-11-09,Processing
7378,425,45,2023-10-04,Completed
7379,1391,45,2024-11-02,Completed
7380,608,152,2024-05-24,Completed
7381,1733,76,2025-09-29,Completed
7382,1313,22,2025-11-02,Completed
7383,638,93,2026-05-14,Completed
7384,107,15,2025-08-31,Processing
7385,1176,45,2024-07-06,Completed
7386,842,154,2025-12-07,Completed
7387,718,93,2025-01-18,Completed
7388,1704,87,2026-01-19,Completed
7389,740,10,2023-01-28,Completed
7390,1986,9,2026-06-17,Completed
7391,386,30,2025-06-27,Completed
7392,1800,20,2024-04-09,Returned
7393,1448,129,2023-01-05,Completed
7394,485,29,2025-02-06,Completed
7395,542,5,2023-08-25,Completed
7396,831,8,2023-07-05,Completed
7397,1887,54,2024-10-31,Completed
7398,1917,112,2023-12-07,Processing
7399,785,14,2026-03-07,Completed
7400,795,191,2024-07-19,Processing
7401,817,59,2024-04-18,Completed
7402,600,14,2026-01-30,Completed
7403,16,17,2025-08-31,Completed
7404,248,155,2026-04-07,Completed
7405,1887,190,2024-05-27,Completed
7406,226,155,2026-03-18,Completed
7407,151,154,2023-01-24,Processing
7408,1551,86,2025-04-25,Processing
7409,477,164,2025-01-03,Processing
7410,463,94,2026-05-09,Completed
7411,1638,111,2024-05-03,Completed
7412,225,62,2023-02-27,Completed
7413,1652,135,2025-02-09,Returned
7414,112,102,2025-04-28,Completed
7415,45,44,2024-08-26,Completed
7416,396,94,2025-07-01,Completed
7417,167,171,2024-09-08,Completed
7418,965,22,2025-10-17,Completed
7419,264,183,2025-10-12,Cancelled
7420,1735,127,2024-12-13,Completed
7421,250,81,2025-12-15,Cancelled
7422,1071,160,2025-12-09,Processing
7423,237,103,2026-02-08,Completed
7424,1989,28,2024-10-11,Completed
7425,529,42,2024-06-22,Completed
7426,1438,129,2024-09-30,Processing
7427,1979,107,2025-06-19,Completed
7428,1378,53,2025-06-27,Cancelled
7429,963,183,2024-06-24,Completed
7430,1889,1,2025-04-19,Completed
7431,636,82,2023-04-20,Completed
7432,1517,2,2024-01-29,Completed
7433,251,167,2023-07-05,Completed
7434,1857,23,2025-08-03,Completed
7435,423,167,2023-03-17,Completed
7436,258,116,2024-03-12,Completed
7437,186,171,2025-12-05,Processing
7438,180,117,2023-11-29,Cancelled
7439,1976,82,2025-08-20,Completed
7440,1956,109,2024-06-15,Completed
7441,1167,17,2024-10-11,Processing
7442,1600,103,2023-04-28,Completed
7443,1965,39,2024-08-18,Completed
7444,1782,72,2024-02-26,Processing
7445,354,78,2023-05-23,Completed
7446,969,82,2024-08-20,Completed
7447,894,37,2024-07-16,Completed
7448,469,16,2025-05-21,Completed
7449,151,21,2025-05-15,Completed
7450,113,58,2025-11-27,Processing
7451,201,161,2024-11-23,Completed
7452,572,177,2025-05-15,Completed
7453,133,193,2025-10-11,Completed
7454,666,49,2024-04-23,Cancelled
7455,1541,70,2026-04-03,Completed
7456,70,200,2024-10-24,Processing
7457,212,25,2024-03-12,Returned
7458,1902,168,2023-08-02,Completed
7459,596,165,2025-05-20,Completed
7460,1551,176,2023-01-25,Completed
7461,1737,176,2023-04-04,Completed
7462,878,148,2024-10-19,Completed
7463,110,29,2026-02-15,Completed
7464,29,71,2023-08-07,Completed
7465,1981,72,2024-08-03,Completed
7466,1021,62,2024-05-02,Completed
7467,761,168,2026-05-31,Completed
7468,1555,155,2025-09-05,Completed
7469,874,129,2025-01-07,Processing
7470,744,62,2023-06-06,Processing
7471,655,13,2024-06-04,Processing
7472,439,122,2023-02-07,Cancelled
7473,237,133,2024-11-01,Completed
7474,1173,179,2025-07-05,Completed
7475,1511,159,2025-01-04,Completed
7476,671,186,2024-12-26,Completed
7477,990,147,2023-11-10,Completed
7478,547,115,2023-11-10,Completed
7479,102,102,2024-02-25,Completed
7480,1827,45,2024-08-12,Completed
7481,1302,25,2023-07-05,Completed
7482,552,10,2025-02-19,Completed
7483,1051,166,2026-06-06,Completed
7484,1092,189,2023-04-21,Completed
7485,413,23,2023-09-09,Returned
7486,1683,31,2025-07-31,Completed
7487,286,142,2023-11-01,Completed
7488,1958,21,2024-01-15,Completed
7489,1021,36,2024-12-10,Processing
7490,1451,55,2025-11-29,Cancelled
7491,1827,110,2023-09-10,Completed
7492,944,180,2023-08-26,Completed
7493,572,45,2025-10-14,Completed
7494,387,37,2024-02-17,Completed
7495,477,180,2025-09-30,Completed
7496,1607,26,2024-09-25,Completed
7497,518,48,2023-03-13,Completed
7498,1836,124,2024-06-18,Completed
7499,1041,117,2023-05-15,Completed
7500,589,37,2024-12-02,Returned
7501,1357,85,2026-03-06,Completed
7502,1735,85,2024-04-08,Processing
7503,5,197,2026-03-22,Completed
7504,1738,190,2026-01-26,Completed
7505,1640,181,2026-05-27,Completed
7506,1376,47,2025-09-27,Completed
7507,714,117,2023-11-02,Completed
7508,1284,26,2025-05-14,Completed
7509,305,22,2024-05-05,Completed
7510,1352,163,2023-05-31,Completed
7511,104,28,2023-03-02,Completed
7512,764,196,2023-04-01,Processing
7513,830,148,2024-07-25,Processing
7514,1665,74,2023-08-01,Completed
7515,1686,187,2023-09-16,Completed
7516,349,9,2026-02-16,Processing
7517,1073,193,2024-10-20,Completed
7518,1574,194,2026-03-24,Completed
7519,1702,27,2024-05-24,Completed
7520,1079,91,2026-02-24,Returned
7521,421,123,2026-06-19,Completed
7522,1946,29,2025-05-18,Completed
7523,770,167,2023-04-21,Completed
7524,1659,153,2024-03-04,Completed
7525,219,160,2024-04-19,Cancelled
7526,1726,140,2024-09-09,Completed
7527,1116,144,2024-05-19,Completed
7528,910,164,2024-07-23,Completed
7529,1517,60,2026-01-18,Completed
7530,1625,54,2025-07-01,Completed
7531,1178,69,2025-03-21,Completed
7532,751,81,2024-09-23,Completed
7533,1000,4,2023-02-01,Cancelled
7534,1881,92,2024-10-21,Cancelled
7535,1063,34,2024-02-23,Completed
7536,208,171,2023-09-12,Completed
7537,1138,46,2026-03-02,Completed
7538,1060,83,2023-04-29,Completed
7539,1096,72,2025-10-04,Completed
7540,1134,196,2023-12-06,Completed
7541,1508,91,2024-03-24,Completed
7542,761,110,2024-08-26,Completed
7543,1741,61,2024-03-19,Completed
7544,34,98,2025-04-21,Completed
7545,1011,16,2025-04-02,Processing
7546,478,24,2023-07-24,Processing
7547,142,184,2025-06-01,Returned
7548,1973,152,2024-11-11,Completed
7549,53,153,2024-05-16,Completed
7550,234,49,2024-06-07,Completed
7551,1010,160,2023-06-08,Completed
7552,1942,56,2025-09-21,Completed
7553,433,8,2025-04-28,Processing
7554,1190,36,2023-04-15,Completed
7555,1884,95,2025-11-25,Completed
7556,295,25,2025-03-12,Processing
7557,920,178,2024-09-03,Completed
7558,1145,70,2025-09-06,Completed
7559,1801,83,2023-05-05,Cancelled
7560,1710,35,2026-03-24,Completed
7561,1468,57,2025-02-26,Completed
7562,246,34,2023-02-19,Returned
7563,1857,192,2023-03-12,Completed
7564,1124,170,2026-05-24,Processing
7565,643,179,2024-10-19,Cancelled
7566,1101,26,2026-03-10,Processing
7567,1618,107,2026-01-10,Completed
7568,892,84,2025-07-03,Processing
7569,1689,187,2025-07-04,Completed
7570,380,9,2024-10-06,Completed
7571,1962,163,2025-01-10,Returned
7572,1887,95,2024-10-29,Completed
7573,575,3,2026-03-01,Completed
7574,1494,101,2025-10-17,Completed
7575,1223,174,2024-05-12,Cancelled
7576,50,19,2024-04-03,Processing
7577,161,78,2023-03-10,Completed
7578,1104,14,2025-03-04,Completed
7579,1170,19,2024-06-05,Returned
7580,736,80,2025-11-29,Completed
7581,101,4,2023-03-24,Completed
7582,600,183,2025-04-24,Processing
7583,516,160,2025-08-04,Completed
7584,433,76,2026-01-01,Completed
7585,740,105,2023-02-08,Returned
7586,1130,149,2026-05-24,Processing
7587,812,109,2023-10-03,Completed
7588,124,22,2024-01-30,Completed
7589,964,155,2024-11-09,Completed
7590,1039,29,2023-12-16,Processing
7591,787,91,2023-12-29,Completed
7592,1141,173,2023-08-29,Completed
7593,1233,6,2024-09-23,Completed
7594,1926,6,2025-06-18,Processing
7595,526,19,2025-06-05,Completed
7596,1647,124,2025-03-04,Processing
7597,1707,26,2023-03-23,Processing
7598,321,180,2024-05-21,Completed
7599,824,121,2023-04-29,Completed
7600,1974,97,2023-07-24,Completed
7601,1886,75,2024-07-23,Completed
7602,580,94,2025-10-31,Cancelled
7603,369,65,2024-09-23,Cancelled
7604,1111,59,2024-01-15,Processing
7605,138,23,2024-05-10,Completed
7606,557,191,2024-07-25,Cancelled
7607,1220,182,2023-11-18,Completed
7608,1469,84,2026-03-22,Completed
7609,546,77,2025-12-21,Returned
7610,41,2,2026-03-22,Completed
7611,1743,195,2026-01-19,Processing
7612,481,149,2023-11-13,Completed
7613,1148,190,2025-10-27,Completed
7614,1319,123,2024-05-14,Completed
7615,1308,173,2025-09-04,Processing
7616,1749,147,2025-08-20,Completed
7617,93,83,2024-05-23,Processing
7618,719,29,2026-02-26,Processing
7619,931,32,2025-05-17,Processing
7620,1171,115,2024-09-19,Completed
7621,938,111,2025-05-20,Processing
7622,1418,157,2023-06-17,Completed
7623,389,94,2023-12-02,Processing
7624,259,88,2026-03-27,Completed
7625,432,29,2025-07-07,Processing
7626,1017,4,2025-12-23,Completed
7627,1756,115,2024-10-14,Completed
7628,1287,96,2025-06-12,Processing
7629,1503,152,2025-05-01,Completed
7630,621,72,2025-07-01,Returned
7631,1878,29,2024-07-10,Completed
7632,923,120,2023-04-24,Returned
7633,1949,192,2023-02-07,Completed
7634,1972,73,2024-06-08,Completed
7635,1311,159,2026-06-29,Completed
7636,1664,83,2023-09-28,Completed
7637,1291,56,2025-10-01,Cancelled
7638,548,192,2026-01-30,Completed
7639,1501,87,2025-08-27,Cancelled
7640,1925,193,2025-04-19,Completed
7641,693,177,2024-07-10,Completed
7642,1853,86,2023-02-24,Processing
7643,1950,56,2023-01-21,Completed
7644,1902,188,2025-08-20,Completed
7645,1448,179,2023-10-20,Completed
7646,670,173,2025-11-05,Completed
7647,1939,184,2026-02-11,Returned
7648,1724,41,2025-05-23,Completed
7649,840,109,2026-06-03,Completed
7650,1303,48,2025-08-09,Completed
7651,628,68,2026-01-12,Completed
7652,1578,154,2024-08-07,Completed
7653,95,15,2025-09-14,Processing
7654,1643,27,2025-06-04,Completed
7655,1016,200,2025-08-14,Completed
7656,570,126,2023-08-06,Returned
7657,1156,17,2026-04-15,Completed
7658,1936,175,2025-05-27,Completed
7659,1751,176,2025-08-22,Completed
7660,361,89,2023-03-15,Completed
7661,152,90,2025-05-24,Completed
7662,127,123,2025-11-09,Completed
7663,980,172,2023-04-05,Completed
7664,403,56,2024-09-22,Completed
7665,428,198,2025-09-10,Completed
7666,1703,111,2026-03-21,Processing
7667,571,160,2024-07-30,Completed
7668,185,179,2025-02-15,Completed
7669,1859,157,2026-06-09,Completed
7670,1422,45,2026-03-18,Completed
7671,539,11,2024-05-21,Returned
7672,1111,40,2026-02-07,Returned
7673,1855,25,2024-06-22,Cancelled
7674,1209,90,2023-07-16,Completed
7675,57,49,2024-04-17,Processing
7676,1535,16,2025-01-22,Returned
7677,886,175,2025-06-05,Completed
7678,316,56,2026-03-21,Processing
7679,1143,173,2024-03-01,Completed
7680,1765,174,2024-08-10,Completed
7681,615,99,2024-05-11,Completed
7682,495,79,2026-01-31,Processing
7683,110,189,2024-05-13,Processing
7684,1498,46,2025-07-07,Processing
7685,1401,21,2025-07-18,Completed
7686,153,103,2023-11-21,Completed
7687,1724,85,2024-12-22,Completed
7688,909,159,2026-05-26,Completed
7689,1725,168,2024-09-17,Completed
7690,955,37,2025-03-19,Completed
7691,1562,182,2025-09-25,Processing
7692,1503,131,2025-12-14,Processing
7693,1763,153,2023-06-12,Processing
7694,1982,112,2025-06-25,Completed
7695,984,66,2025-10-16,Completed
7696,1263,22,2023-04-17,Completed
7697,778,181,2023-12-05,Completed
7698,1271,98,2024-10-04,Processing
7699,577,26,2024-10-10,Completed
7700,1364,132,2023-04-13,Completed
7701,42,68,2023-06-08,Completed
7702,210,146,2023-05-22,Completed
7703,1648,72,2024-05-25,Completed
7704,1897,47,2025-05-14,Completed
7705,1891,26,2024-08-19,Completed
7706,1640,92,2024-10-12,Completed
7707,430,95,2024-03-04,Completed
7708,63,30,2024-10-24,Completed
7709,811,114,2024-04-06,Processing
7710,978,15,2023-04-05,Returned
7711,1420,119,2024-07-17,Completed
7712,1854,116,2025-01-06,Returned
7713,1643,128,2024-04-22,Completed
7714,213,181,2025-06-30,Completed
7715,484,153,2025-09-12,Completed
7716,171,2,2023-07-20,Completed
7717,848,41,2023-06-07,Completed
7718,324,41,2024-06-18,Returned
7719,852,20,2024-03-03,Completed
7720,553,178,2026-04-30,Cancelled
7721,109,44,2024-10-03,Returned
7722,555,64,2024-11-30,Completed
7723,1710,71,2025-08-22,Completed
7724,1141,183,2023-03-05,Returned
7725,695,14,2023-06-19,Completed
7726,1890,18,2023-08-19,Cancelled
7727,1252,161,2025-04-12,Processing
7728,310,124,2025-04-11,Processing
7729,1637,180,2024-07-15,Returned
7730,1244,112,2025-05-04,Processing
7731,526,129,2024-11-11,Completed
7732,968,90,2023-01-17,Completed
7733,635,103,2024-06-18,Completed
7734,1796,68,2025-10-21,Processing
7735,1599,187,2025-10-04,Processing
7736,1802,28,2025-11-27,Completed
7737,1022,28,2023-08-26,Completed
7738,1695,25,2025-02-22,Completed
7739,1140,6,2023-06-04,Completed
7740,1610,85,2024-12-26,Completed
7741,349,103,2025-10-04,Completed
7742,1961,84,2023-04-06,Completed
7743,594,24,2024-09-04,Completed
7744,1279,67,2023-10-24,Completed
7745,1289,5,2025-12-21,Completed
7746,710,12,2023-05-13,Processing
7747,466,113,2025-11-14,Completed
7748,1579,46,2025-04-21,Completed
7749,1265,114,2023-03-30,Completed
7750,129,106,2026-02-27,Completed
7751,307,2,2025-06-30,Completed
7752,161,113,2023-01-22,Completed
7753,160,68,2024-03-26,Completed
7754,968,40,2024-04-07,Completed
7755,1612,120,2025-03-12,Completed
7756,1400,13,2024-10-02,Completed
7757,941,22,2024-10-22,Completed
7758,1013,111,2023-01-29,Completed
7759,1784,118,2024-12-13,Completed
7760,1100,2,2023-01-12,Cancelled
7761,1134,65,2024-01-02,Completed
7762,754,93,2025-07-24,Completed
7763,1281,110,2025-09-16,Processing
7764,888,110,2025-09-26,Completed
7765,1238,186,2023-11-23,Completed
7766,477,77,2026-04-15,Completed
7767,22,163,2026-04-27,Completed
7768,325,116,2023-12-28,Completed
7769,1096,57,2024-02-06,Returned
7770,950,72,2023-04-22,Completed
7771,210,44,2023-04-03,Completed
7772,1656,69,2024-08-09,Completed
7773,1584,101,2026-04-25,Returned
7774,1105,8,2023-07-05,Completed
7775,339,88,2025-04-09,Completed
7776,443,107,2023-07-16,Processing
7777,1106,10,2023-11-01,Completed
7778,1348,10,2023-05-24,Processing
7779,345,184,2023-04-07,Completed
7780,494,118,2023-05-08,Cancelled
7781,1899,87,2026-06-21,Processing
7782,1276,28,2024-10-13,Completed
7783,1842,97,2023-06-07,Completed
7784,311,147,2025-04-11,Completed
7785,813,192,2024-01-30,Processing
7786,112,34,2025-01-06,Returned
7787,770,132,2025-09-26,Cancelled
7788,1658,16,2026-06-21,Completed
7789,1789,71,2025-01-06,Processing
7790,1936,6,2025-03-04,Completed
7791,1255,113,2026-02-19,Processing
7792,1685,167,2026-02-18,Cancelled
7793,1674,138,2024-02-14,Processing
7794,1827,31,2023-04-25,Completed
7795,896,100,2024-10-22,Completed
7796,589,62,2026-02-28,Returned
7797,1550,2,2024-07-20,Completed
7798,1437,81,2025-04-28,Completed
7799,1248,179,2025-10-13,Completed
7800,1158,175,2024-05-16,Completed
7801,1632,2,2024-08-05,Completed
7802,1251,14,2024-10-06,Processing
7803,119,68,2025-08-20,Completed
7804,1342,136,2026-03-27,Completed
7805,933,109,2024-06-22,Completed
7806,386,2,2023-04-08,Cancelled
7807,1629,13,2023-08-31,Completed
7808,1948,84,2025-10-02,Completed
7809,430,139,2025-11-06,Completed
7810,369,125,2024-09-21,Completed
7811,1046,43,2025-10-23,Processing
7812,911,42,2024-12-06,Completed
7813,27,95,2023-10-14,Completed
7814,655,95,2023-04-25,Completed
7815,322,65,2025-08-16,Completed
7816,897,142,2025-11-10,Completed
7817,1587,89,2023-01-28,Completed
7818,1773,160,2023-09-04,Completed
7819,180,132,2023-02-20,Completed
7820,1683,75,2023-07-28,Completed
7821,1461,1,2025-10-05,Completed
7822,86,71,2025-02-04,Completed
7823,1189,155,2024-03-11,Processing
7824,316,122,2025-04-13,Completed
7825,1586,98,2026-02-24,Processing
7826,1196,68,2025-07-06,Completed
7827,1715,157,2024-02-20,Completed
7828,309,173,2025-01-27,Processing
7829,1235,13,2025-02-07,Completed
7830,407,106,2023-04-03,Completed
7831,618,32,2024-02-21,Completed
7832,1732,77,2026-06-14,Completed
7833,641,138,2023-05-23,Completed
7834,882,100,2026-03-30,Processing
7835,883,77,2024-03-01,Completed
7836,1420,50,2023-06-22,Completed
7837,1514,81,2026-05-05,Completed
7838,862,142,2023-08-29,Completed
7839,1113,150,2024-10-16,Cancelled
7840,782,180,2024-04-21,Cancelled
7841,221,137,2025-07-05,Completed
7842,981,106,2024-04-12,Returned
7843,1556,12,2023-09-21,Completed
7844,319,54,2024-05-07,Completed
7845,1076,162,2024-05-05,Completed
7846,792,2,2023-10-25,Completed
7847,1488,183,2023-11-11,Completed
7848,12,7,2024-09-27,Processing
7849,1119,112,2025-02-16,Completed
7850,958,11,2025-10-20,Completed
7851,88,189,2023-11-25,Completed
7852,1503,130,2026-05-26,Returned
7853,415,106,2025-10-28,Completed
7854,1989,125,2024-02-01,Completed
7855,1137,199,2025-12-12,Completed
7856,1809,12,2026-03-01,Completed
7857,1247,149,2026-01-15,Completed
7858,1024,13,2025-08-13,Completed
7859,1419,102,2023-10-11,Completed
7860,1039,170,2025-04-27,Completed
7861,1081,176,2023-12-23,Completed
7862,140,109,2026-01-20,Completed
7863,29,97,2025-03-28,Completed
7864,1073,17,2023-11-23,Completed
7865,639,187,2023-12-01,Completed
7866,1377,69,2025-02-11,Completed
7867,48,109,2026-01-23,Completed
7868,1223,35,2023-11-18,Completed
7869,1364,157,2026-06-02,Returned
7870,907,3,2024-03-20,Completed
7871,128,136,2024-03-10,Completed
7872,9,159,2026-01-23,Processing
7873,530,66,2025-12-22,Completed
7874,92,70,2025-12-29,Completed
7875,853,82,2026-01-09,Cancelled
7876,938,189,2023-10-05,Completed
7877,205,56,2023-05-24,Completed
7878,865,181,2025-05-15,Completed
7879,656,164,2026-05-25,Completed
7880,1401,78,2024-03-31,Completed
7881,1022,186,2026-02-12,Processing
7882,434,114,2025-12-09,Cancelled
7883,1316,199,2024-11-15,Completed
7884,260,108,2025-12-13,Completed
7885,589,21,2024-11-14,Completed
7886,1947,163,2023-07-21,Completed
7887,901,52,2023-06-09,Processing
7888,1993,31,2025-09-05,Completed
7889,282,70,2025-09-11,Completed
7890,1978,185,2024-05-31,Completed
7891,228,128,2026-01-20,Completed
7892,1480,10,2024-12-21,Processing
7893,979,105,2025-06-09,Completed
7894,633,4,2025-06-21,Completed
7895,1875,103,2024-06-02,Processing
7896,681,114,2025-07-08,Completed
7897,791,36,2023-08-28,Completed
7898,995,131,2024-10-10,Completed
7899,257,81,2024-12-04,Completed
7900,685,144,2025-05-14,Completed
7901,1250,46,2026-03-18,Completed
7902,949,42,2023-10-05,Completed
7903,556,12,2025-06-06,Completed
7904,1585,67,2023-08-02,Completed
7905,898,184,2024-04-22,Completed
7906,1101,135,2024-03-23,Completed
7907,1646,52,2026-01-03,Completed
7908,283,40,2025-01-03,Processing
7909,867,167,2025-10-23,Completed
7910,845,111,2023-06-27,Completed
7911,823,96,2025-10-15,Completed
7912,107,144,2024-10-01,Completed
7913,1897,21,2024-09-17,Completed
7914,299,124,2024-04-19,Completed
7915,1327,103,2023-03-06,Completed
7916,305,110,2025-04-24,Processing
7917,1304,10,2026-04-14,Completed
7918,1239,10,2026-03-06,Completed
7919,1224,28,2025-05-30,Completed
7920,1364,152,2024-10-23,Completed
7921,637,185,2024-05-24,Completed
7922,972,133,2024-07-04,Completed
7923,1506,126,2024-09-02,Completed
7924,1648,2,2024-10-06,Processing
7925,268,88,2026-01-31,Completed
7926,1829,118,2024-02-09,Completed
7927,1963,51,2023-11-20,Completed
7928,813,96,2025-03-29,Processing
7929,94,192,2025-07-05,Completed
7930,1391,171,2025-04-07,Processing
7931,1667,127,2023-07-10,Completed
7932,518,1,2023-10-28,Completed
7933,46,105,2024-07-06,Completed
7934,939,108,2024-06-10,Completed
7935,1179,166,2024-09-19,Completed
7936,1880,111,2024-12-30,Processing
7937,1994,50,2024-08-05,Processing
7938,1377,68,2023-06-12,Returned
7939,31,41,2025-11-07,Completed
7940,1797,91,2024-01-29,Completed
7941,1021,88,2025-01-05,Completed
7942,1149,127,2024-10-10,Cancelled
7943,384,16,2024-06-17,Completed
7944,1806,83,2023-12-02,Completed
7945,1722,43,2024-04-12,Processing
7946,203,103,2024-07-14,Completed
7947,1350,64,2023-10-02,Returned
7948,938,181,2024-07-25,Completed
7949,589,59,2024-04-11,Completed
7950,634,89,2025-07-24,Completed
7951,1882,128,2024-08-01,Completed
7952,1755,121,2025-07-19,Completed
7953,1304,196,2025-03-16,Cancelled
7954,985,39,2025-11-10,Completed
7955,606,27,2026-02-26,Completed
7956,1286,169,2023-06-02,Completed
7957,1173,114,2026-02-18,Completed
7958,356,158,2025-11-06,Completed
7959,508,17,2025-02-15,Completed
7960,249,33,2025-10-26,Completed
7961,1037,90,2026-05-22,Returned
7962,104,197,2024-01-04,Completed
7963,147,1,2024-12-02,Completed
7964,1155,147,2026-03-09,Completed
7965,1738,136,2024-06-18,Completed
7966,719,97,2024-12-18,Completed
7967,1579,58,2024-08-10,Cancelled
7968,564,15,2025-08-15,Completed
7969,42,107,2024-03-19,Cancelled
7970,491,152,2024-11-04,Completed
7971,489,83,2025-07-10,Completed
7972,1344,69,2024-10-29,Completed
7973,968,54,2023-09-10,Completed
7974,151,164,2023-07-26,Completed
7975,632,164,2023-11-08,Returned
7976,1047,21,2024-10-16,Completed
7977,1016,142,2025-10-31,Completed
7978,952,163,2025-07-22,Completed
7979,758,8,2025-06-28,Completed
7980,1940,166,2023-02-10,Completed
7981,267,99,2024-03-21,Completed
7982,368,66,2024-02-19,Completed
7983,928,40,2023-01-07,Completed
7984,108,66,2025-10-02,Completed
7985,1273,191,2024-05-09,Completed
7986,1060,128,2025-10-10,Completed
7987,1988,167,2024-01-26,Completed
7988,891,50,2025-03-07,Processing
7989,1661,133,2024-09-07,Completed
7990,221,174,2026-04-15,Completed
7991,1039,93,2025-07-15,Completed
7992,340,103,2023-10-28,Completed
7993,859,91,2023-08-03,Completed
7994,1183,81,2023-12-06,Cancelled
7995,915,140,2025-10-08,Completed
7996,679,189,2024-04-03,Returned
7997,145,166,2025-07-02,Cancelled
7998,467,19,2024-03-12,Completed
7999,1014,85,2025-02-23,Completed
8000,867,192,2023-07-14,Completed
8001,1292,13,2023-10-19,Processing
8002,1643,6,2023-03-30,Completed
8003,869,79,2026-06-04,Completed
8004,1673,134,2025-08-08,Processing
8005,719,31,2023-09-14,Completed
8006,1839,167,2023-04-20,Processing
8007,396,25,2026-06-11,Completed
8008,442,127,2025-02-23,Completed
8009,1496,143,2025-08-15,Completed
8010,1696,176,2023-12-10,Completed
8011,1726,99,2024-01-19,Completed
8012,1056,174,2026-06-05,Completed
8013,182,20,2024-12-13,Completed
8014,1556,53,2026-01-08,Completed
8015,1345,7,2025-06-29,Completed
8016,395,188,2023-07-18,Processing
8017,614,65,2026-05-31,Processing
8018,1637,30,2026-04-30,Completed
8019,554,81,2026-03-22,Completed
8020,1297,68,2024-02-19,Completed
8021,1979,148,2023-10-16,Completed
8022,1362,20,2024-12-27,Processing
8023,469,171,2025-04-27,Completed
8024,1326,114,2023-05-01,Completed
8025,1835,139,2023-11-16,Completed
8026,1860,31,2023-03-04,Completed
8027,1089,112,2025-07-16,Returned
8028,977,91,2026-03-31,Completed
8029,1698,190,2025-02-03,Completed
8030,1868,20,2026-06-22,Processing
8031,1492,118,2025-02-09,Returned
8032,1475,86,2023-04-22,Completed
8033,4,197,2023-06-16,Returned
8034,804,168,2025-01-31,Completed
8035,1423,78,2025-08-03,Completed
8036,1316,198,2025-03-19,Completed
8037,1808,50,2023-10-13,Completed
8038,983,78,2023-06-21,Completed
8039,888,134,2024-10-26,Completed
8040,1541,186,2023-11-08,Completed
8041,1254,77,2025-05-22,Completed
8042,1440,125,2023-02-17,Processing
8043,1716,97,2024-11-15,Processing
8044,1838,119,2024-03-26,Completed
8045,1590,76,2023-12-04,Completed
8046,1948,126,2025-12-17,Completed
8047,1705,107,2023-11-02,Completed
8048,1914,148,2025-02-12,Completed
8049,116,123,2023-08-17,Completed
8050,250,102,2026-05-21,Completed
8051,1736,118,2023-04-29,Completed
8052,552,31,2023-09-02,Completed
8053,1176,164,2025-08-19,Completed
8054,1382,52,2023-08-01,Completed
8055,584,106,2025-06-26,Completed
8056,1274,100,2023-04-10,Completed
8057,1262,108,2023-05-22,Completed
8058,1768,131,2024-03-24,Completed
8059,1538,126,2026-01-13,Completed
8060,961,116,2026-02-27,Completed
8061,1034,40,2024-06-08,Completed
8062,1274,104,2025-12-23,Completed
8063,883,46,2025-07-04,Cancelled
8064,384,179,2024-04-24,Processing
8065,1936,10,2026-03-13,Completed
8066,665,66,2025-09-26,Completed
8067,727,5,2023-08-25,Processing
8068,1643,56,2025-02-26,Processing
8069,1489,169,2023-06-29,Processing
8070,783,115,2025-12-04,Completed
8071,1098,41,2025-12-31,Cancelled
8072,1541,104,2024-09-23,Completed
8073,1706,31,2024-05-06,Completed
8074,1623,84,2023-04-25,Completed
8075,1311,43,2024-03-19,Completed
8076,1168,105,2024-04-27,Returned
8077,176,58,2023-08-30,Processing
8078,129,94,2023-08-06,Completed
8079,1453,62,2025-02-19,Processing
8080,54,71,2025-06-20,Completed
8081,886,188,2024-09-17,Completed
8082,123,198,2024-12-11,Completed
8083,202,155,2024-04-01,Completed
8084,319,127,2026-02-20,Processing
8085,1773,181,2023-05-29,Returned
8086,329,112,2025-12-31,Completed
8087,1278,129,2025-05-22,Completed
8088,1694,134,2023-05-29,Completed
8089,166,110,2025-05-23,Completed
8090,977,195,2025-08-13,Processing
8091,570,42,2023-01-05,Processing
8092,961,13,2026-02-14,Completed
8093,1063,191,2024-12-06,Completed
8094,1390,3,2024-06-06,Completed
8095,993,183,2026-04-22,Completed
8096,362,73,2023-01-14,Completed
8097,405,22,2025-01-18,Completed
8098,1065,106,2023-07-09,Completed
8099,1144,156,2025-06-10,Processing
8100,1406,80,2026-06-04,Completed
8101,959,108,2024-06-24,Returned
8102,1250,70,2026-04-22,Processing
8103,1910,55,2024-01-06,Completed
8104,1173,10,2023-06-19,Completed
8105,1764,104,2024-04-20,Completed
8106,1276,35,2023-10-24,Cancelled
8107,996,179,2025-08-27,Completed
8108,1183,79,2023-12-05,Completed
8109,481,158,2025-01-08,Completed
8110,1422,72,2024-06-08,Processing
8111,188,62,2025-12-06,Completed
8112,248,81,2024-11-25,Completed
8113,567,200,2023-07-24,Processing
8114,211,54,2026-06-29,Processing
8115,743,95,2024-05-23,Cancelled
8116,420,121,2025-01-10,Completed
8117,442,157,2025-10-10,Completed
8118,655,43,2024-10-16,Completed
8119,1470,57,2023-10-29,Completed
8120,1431,38,2023-07-16,Completed
8121,1634,190,2025-09-15,Processing
8122,668,112,2023-12-06,Completed
8123,405,58,2025-02-04,Completed
8124,1453,67,2024-10-29,Completed
8125,91,79,2025-11-27,Completed
8126,600,11,2025-09-01,Completed
8127,777,48,2025-01-18,Completed
8128,1533,47,2026-03-26,Processing
8129,1535,116,2023-02-17,Processing
8130,323,162,2025-01-09,Returned
8131,1483,56,2025-02-18,Completed
8132,753,91,2026-01-07,Processing
8133,279,108,2023-10-22,Cancelled
8134,1361,22,2025-04-17,Completed
8135,42,17,2023-06-22,Completed
8136,278,163,2025-07-09,Returned
8137,441,77,2023-07-15,Cancelled
8138,909,123,2024-11-22,Processing
8139,1116,131,2025-05-13,Completed
8140,184,61,2025-06-19,Completed
8141,968,3,2025-12-11,Processing
8142,1414,86,2024-05-23,Completed
8143,1915,150,2026-02-01,Processing
8144,1443,39,2024-04-01,Processing
8145,800,85,2025-07-16,Processing
8146,1556,166,2025-09-23,Completed
8147,591,86,2023-08-22,Completed
8148,1899,99,2023-11-13,Completed
8149,1110,169,2024-02-25,Processing
8150,1703,66,2024-07-04,Completed
8151,1408,188,2025-03-02,Completed
8152,117,115,2023-06-03,Completed
8153,1931,97,2023-04-01,Completed
8154,1634,167,2024-02-19,Completed
8155,697,20,2023-03-17,Completed
8156,1084,52,2025-11-28,Completed
8157,145,98,2023-10-26,Completed
8158,1497,97,2023-01-31,Completed
8159,993,130,2025-02-03,Processing
8160,217,193,2023-04-28,Completed
8161,391,163,2023-01-26,Completed
8162,683,167,2025-04-30,Completed
8163,71,176,2026-04-05,Completed
8164,151,36,2024-03-14,Completed
8165,1083,140,2026-06-12,Completed
8166,1686,1,2026-01-28,Processing
8167,1063,99,2023-03-05,Completed
8168,1812,1,2025-07-31,Completed
8169,1525,45,2024-02-23,Completed
8170,1598,106,2025-11-13,Completed
8171,684,143,2025-11-01,Completed
8172,1577,70,2024-03-04,Completed
8173,232,51,2023-12-22,Processing
8174,1463,182,2025-10-09,Processing
8175,436,144,2024-04-03,Completed
8176,156,176,2025-10-29,Processing
8177,478,132,2024-08-31,Completed
8178,1211,121,2026-03-13,Completed
8179,1580,97,2025-11-15,Completed
8180,1138,32,2026-02-12,Completed
8181,1077,192,2025-08-25,Completed
8182,1226,24,2024-04-12,Completed
8183,1976,99,2024-12-31,Completed
8184,634,100,2023-01-16,Completed
8185,1406,55,2023-08-07,Completed
8186,1081,30,2025-07-06,Completed
8187,1441,63,2023-10-15,Processing
8188,1078,140,2026-02-03,Processing
8189,1092,82,2026-06-05,Completed
8190,448,7,2024-06-19,Completed
8191,267,117,2023-12-09,Completed
8192,1820,146,2023-07-30,Completed
8193,462,25,2023-03-29,Returned
8194,1691,18,2025-07-30,Completed
8195,371,194,2024-10-25,Completed
8196,1777,164,2023-12-14,Completed
8197,1336,5,2023-06-03,Completed
8198,1956,9,2023-12-28,Processing
8199,1337,144,2023-07-06,Completed
8200,154,194,2024-07-21,Completed
8201,169,181,2024-04-28,Completed
8202,954,127,2023-10-20,Completed
8203,1296,191,2024-08-01,Completed
8204,1461,147,2026-02-03,Completed
8205,1726,53,2024-12-19,Completed
8206,424,93,2023-02-25,Returned
8207,1455,48,2025-05-12,Completed
8208,140,10,2024-10-01,Completed
8209,1922,31,2025-09-20,Completed
8210,1832,93,2023-06-02,Completed
8211,454,169,2023-09-15,Completed
8212,908,52,2023-04-23,Processing
8213,1694,39,2024-08-23,Completed
8214,192,164,2024-02-17,Completed
8215,1394,108,2025-04-29,Completed
8216,1154,13,2024-03-31,Completed
8217,1060,93,2025-09-11,Completed
8218,1240,26,2026-04-19,Processing
8219,40,180,2023-01-24,Processing
8220,612,27,2025-03-13,Completed
8221,1000,93,2023-03-31,Completed
8222,882,133,2024-05-08,Completed
8223,802,93,2023-01-12,Completed
8224,524,197,2025-01-28,Completed
8225,1384,186,2024-08-17,Processing
8226,589,165,2023-11-27,Completed
8227,217,196,2026-05-09,Completed
8228,347,1,2023-07-14,Returned
8229,216,154,2025-12-05,Cancelled
8230,15,104,2023-02-02,Completed
8231,997,197,2024-12-15,Completed
8232,704,31,2026-03-30,Completed
8233,1851,119,2025-08-27,Completed
8234,43,72,2025-04-01,Processing
8235,1327,41,2023-10-25,Cancelled
8236,1285,73,2024-02-06,Completed
8237,709,109,2026-01-06,Completed
8238,1554,164,2025-10-19,Completed
8239,1820,1,2024-06-10,Returned
8240,165,8,2024-04-10,Processing
8241,696,59,2024-08-05,Completed
8242,605,23,2024-06-01,Processing
8243,1480,182,2025-08-18,Completed
8244,1193,113,2024-08-28,Completed
8245,1769,76,2025-01-14,Completed
8246,32,144,2023-04-15,Completed
8247,1265,5,2025-05-23,Completed
8248,964,51,2024-10-07,Cancelled
8249,521,35,2025-07-08,Completed
8250,417,106,2023-07-10,Returned
8251,1250,7,2026-03-04,Cancelled
8252,535,83,2023-04-27,Completed
8253,541,182,2025-05-31,Completed
8254,309,51,2025-05-06,Completed
8255,231,126,2023-05-02,Completed
8256,356,93,2023-12-14,Completed
8257,1876,52,2023-06-14,Completed
8258,192,116,2025-05-12,Returned
8259,1119,8,2026-03-25,Completed
8260,142,126,2025-01-27,Completed
8261,198,100,2024-05-21,Completed
8262,719,198,2026-01-30,Completed
8263,1134,30,2025-07-01,Completed
8264,433,194,2026-06-05,Completed
8265,1851,27,2023-02-23,Completed
8266,1199,109,2024-12-25,Returned
8267,280,16,2025-02-22,Completed
8268,1477,105,2025-09-09,Completed
8269,1137,92,2025-02-22,Completed
8270,98,143,2024-06-19,Completed
8271,1394,20,2024-09-18,Processing
8272,1697,147,2026-04-03,Completed
8273,960,4,2026-04-03,Processing
8274,1054,111,2023-09-03,Completed
8275,706,161,2024-11-16,Completed
8276,1083,174,2023-11-10,Completed
8277,289,3,2024-05-19,Cancelled
8278,1378,186,2026-01-14,Completed
8279,1156,31,2026-01-04,Processing
8280,1153,136,2023-03-14,Completed
8281,1754,53,2026-05-23,Processing
8282,694,50,2023-01-31,Completed
8283,1822,4,2026-01-13,Processing
8284,465,144,2025-12-15,Completed
8285,1511,111,2025-08-30,Processing
8286,1214,37,2023-05-14,Processing
8287,252,189,2023-02-05,Completed
8288,1003,26,2026-03-31,Completed
8289,725,125,2024-08-23,Completed
8290,1448,72,2023-02-20,Completed
8291,239,80,2024-05-21,Completed
8292,889,121,2024-02-29,Completed
8293,504,30,2024-10-12,Completed
8294,870,156,2024-10-06,Cancelled
8295,1280,42,2026-02-27,Completed
8296,838,59,2023-12-03,Completed
8297,1973,68,2024-04-12,Processing
8298,391,174,2026-06-15,Completed
8299,83,84,2025-04-17,Processing
8300,1400,28,2024-06-27,Completed
8301,632,49,2023-02-13,Completed
8302,1336,60,2023-11-04,Processing
8303,910,99,2026-01-25,Completed
8304,1534,111,2023-03-10,Processing
8305,1285,23,2026-04-09,Completed
8306,16,41,2024-07-02,Processing
8307,877,192,2024-05-07,Completed
8308,1355,56,2025-08-05,Completed
8309,138,56,2023-06-04,Returned
8310,395,74,2023-06-03,Completed
8311,1381,124,2023-09-02,Completed
8312,293,106,2023-09-12,Completed
8313,588,119,2025-02-20,Completed
8314,420,66,2025-08-02,Completed
8315,1621,193,2024-04-13,Completed
8316,575,83,2024-12-15,Processing
8317,926,50,2023-05-12,Completed
8318,812,132,2025-12-29,Completed
8319,829,104,2024-04-18,Completed
8320,39,4,2026-01-22,Completed
8321,1238,69,2024-04-02,Completed
8322,256,77,2026-01-25,Completed
8323,1507,27,2025-04-08,Cancelled
8324,21,133,2025-12-20,Processing
8325,1623,68,2023-05-21,Completed
8326,78,193,2023-09-23,Completed
8327,824,184,2024-01-14,Completed
8328,350,111,2023-05-15,Completed
8329,1419,97,2023-03-11,Completed
8330,1565,112,2024-02-17,Completed
8331,400,177,2023-07-11,Completed
8332,925,35,2023-11-07,Completed
8333,1066,191,2023-01-15,Completed
8334,1332,59,2023-01-07,Completed
8335,1513,59,2024-07-21,Completed
8336,166,103,2024-08-09,Completed
8337,1190,48,2025-09-04,Completed
8338,1995,105,2026-02-10,Completed
8339,479,187,2025-08-30,Completed
8340,1431,42,2025-09-25,Completed
8341,154,94,2024-12-08,Completed
8342,380,94,2025-10-28,Completed
8343,1910,45,2023-06-30,Completed
8344,130,105,2023-04-16,Completed
8345,1032,80,2023-05-29,Processing
8346,932,104,2023-01-28,Completed
8347,635,154,2023-01-30,Completed
8348,1871,177,2024-05-28,Completed
8349,8,87,2023-03-04,Completed
8350,855,124,2026-01-04,Completed
8351,1046,172,2024-05-13,Completed
8352,454,155,2026-01-11,Cancelled
8353,1162,58,2023-04-29,Processing
8354,1978,48,2025-07-06,Returned
8355,198,71,2025-05-21,Completed
8356,1216,82,2024-05-16,Completed
8357,1494,39,2024-05-12,Completed
8358,343,162,2024-09-07,Completed
8359,1761,174,2023-06-25,Completed
8360,1822,173,2023-11-23,Returned
8361,1675,178,2025-03-07,Completed
8362,133,174,2026-03-25,Completed
8363,77,22,2024-07-21,Processing
8364,1150,1,2024-06-06,Completed
8365,1817,41,2023-03-18,Completed
8366,860,33,2024-08-06,Completed
8367,1032,85,2025-04-04,Completed
8368,919,140,2026-02-13,Completed
8369,983,57,2023-09-24,Completed
8370,835,7,2025-05-01,Completed
8371,1332,176,2024-11-10,Completed
8372,492,105,2026-02-15,Processing
8373,101,110,2025-01-06,Completed
8374,1430,106,2026-04-30,Completed
8375,450,107,2025-04-08,Completed
8376,975,190,2025-01-30,Processing
8377,1856,130,2024-07-11,Completed
8378,987,116,2025-09-13,Processing
8379,742,145,2023-10-10,Completed
8380,695,130,2024-04-23,Completed
8381,1993,175,2025-11-16,Completed
8382,640,139,2026-03-04,Completed
8383,1269,97,2023-03-18,Completed
8384,547,84,2023-01-09,Completed
8385,1736,100,2025-10-13,Completed
8386,247,123,2025-11-24,Completed
8387,1617,151,2026-02-11,Cancelled
8388,1871,102,2023-08-11,Returned
8389,898,185,2025-04-21,Processing
8390,1207,75,2023-01-06,Processing
8391,1041,186,2023-03-05,Completed
8392,524,24,2023-11-18,Completed
8393,1684,141,2023-01-20,Completed
8394,653,82,2023-09-04,Completed
8395,1591,27,2026-06-12,Completed
8396,7,127,2025-10-25,Completed
8397,424,174,2023-06-13,Completed
8398,623,9,2023-12-07,Processing
8399,1205,75,2024-01-07,Cancelled
8400,136,104,2025-02-03,Completed
8401,655,122,2024-09-09,Completed
8402,1300,39,2026-02-11,Returned
8403,1404,171,2025-10-11,Processing
8404,808,16,2024-11-21,Completed
8405,1072,184,2024-08-04,Completed
8406,829,2,2023-02-28,Cancelled
8407,1696,30,2025-04-15,Completed
8408,397,21,2025-06-21,Completed
8409,1648,178,2023-12-03,Completed
8410,768,97,2026-05-15,Completed
8411,188,131,2023-06-23,Completed
8412,1555,177,2025-03-03,Returned
8413,673,118,2024-11-11,Completed
8414,1609,5,2025-02-26,Completed
8415,1587,47,2025-05-05,Completed
8416,483,135,2026-01-24,Processing
8417,636,156,2026-04-20,Completed
8418,773,186,2023-04-13,Completed
8419,1751,186,2023-08-25,Completed
8420,656,133,2026-02-12,Completed
8421,593,164,2023-02-10,Completed
8422,457,79,2025-12-14,Completed
8423,216,36,2025-03-10,Cancelled
8424,1802,62,2025-07-10,Completed
8425,338,41,2026-05-28,Processing
8426,1231,166,2024-08-19,Completed
8427,1925,18,2023-12-01,Processing
8428,563,183,2024-10-24,Processing
8429,1243,157,2026-05-06,Cancelled
8430,974,48,2024-12-02,Completed
8431,1745,194,2026-02-14,Completed
8432,512,15,2025-02-20,Completed
8433,859,90,2025-07-03,Returned
8434,906,179,2023-05-31,Completed
8435,224,14,2024-08-06,Completed
8436,995,117,2025-09-16,Returned
8437,1242,93,2026-04-02,Completed
8438,414,191,2023-09-21,Completed
8439,1232,99,2025-09-08,Completed
8440,1207,108,2025-08-23,Completed
8441,925,150,2023-08-31,Completed
8442,1239,79,2024-11-16,Completed
8443,1890,42,2026-01-07,Processing
8444,569,77,2024-02-21,Cancelled
8445,1083,36,2025-02-11,Completed
8446,1171,72,2023-09-05,Completed
8447,793,125,2024-07-06,Completed
8448,1723,130,2026-05-22,Completed
8449,1786,3,2025-11-29,Completed
8450,476,145,2023-06-11,Completed
8451,1419,62,2024-10-24,Completed
8452,1485,160,2024-08-07,Completed
8453,577,75,2024-06-17,Completed
8454,939,14,2025-07-16,Completed
8455,559,88,2023-11-05,Completed
8456,131,16,2026-05-17,Completed
8457,1695,167,2023-12-01,Completed
8458,1854,15,2025-07-23,Returned
8459,1787,158,2024-05-18,Completed
8460,518,98,2023-01-15,Completed
8461,345,144,2023-03-05,Completed
8462,1072,154,2026-06-01,Completed
8463,39,144,2025-02-01,Completed
8464,941,1,2025-08-19,Completed
8465,392,148,2024-03-17,Completed
8466,661,101,2025-07-14,Cancelled
8467,980,178,2024-09-15,Processing
8468,189,196,2025-09-08,Completed
8469,826,47,2025-04-12,Completed
8470,1505,196,2025-12-16,Completed
8471,1848,60,2024-04-08,Completed
8472,1621,137,2023-09-02,Completed
8473,406,37,2025-04-19,Completed
8474,1678,158,2025-11-22,Completed
8475,1250,65,2025-04-04,Completed
8476,1690,71,2026-03-07,Completed
8477,1593,81,2024-04-05,Completed
8478,1974,64,2024-06-09,Completed
8479,589,27,2023-09-28,Completed
8480,779,44,2023-04-10,Completed
8481,1737,20,2023-12-28,Completed
8482,1837,66,2025-11-05,Completed
8483,1879,7,2026-04-21,Processing
8484,728,64,2025-02-28,Completed
8485,1297,91,2025-03-28,Completed
8486,858,154,2023-03-22,Cancelled
8487,1232,44,2024-03-23,Completed
8488,1856,81,2023-09-30,Completed
8489,558,32,2024-10-03,Completed
8490,1053,177,2024-06-30,Completed
8491,1060,107,2023-07-10,Processing
8492,984,115,2026-03-14,Processing
8493,464,62,2024-11-04,Cancelled
8494,1261,80,2023-11-13,Completed
8495,549,66,2024-10-18,Completed
8496,775,22,2025-04-28,Processing
8497,1723,184,2025-01-15,Completed
8498,577,17,2023-01-29,Completed
8499,629,17,2025-09-24,Completed
8500,1308,105,2025-01-24,Completed
8501,1300,110,2025-01-26,Completed
8502,1532,17,2023-09-19,Processing
8503,452,195,2026-01-14,Completed
8504,843,117,2023-12-22,Completed
8505,1383,14,2023-06-05,Cancelled
8506,1544,132,2026-06-18,Completed
8507,1045,155,2023-08-23,Completed
8508,1695,86,2024-03-10,Processing
8509,1312,68,2024-01-04,Completed
8510,1975,111,2023-09-14,Completed
8511,866,192,2023-01-05,Completed
8512,1047,22,2024-05-23,Completed
8513,1458,117,2024-11-13,Completed
8514,1567,66,2023-03-30,Completed
8515,1267,23,2025-10-27,Completed
8516,1432,138,2023-10-11,Completed
8517,709,172,2024-10-07,Completed
8518,720,20,2023-09-26,Completed
8519,48,170,2025-06-01,Completed
8520,1940,185,2024-12-15,Completed
8521,1310,113,2023-11-15,Completed
8522,3,60,2023-09-01,Completed
8523,776,80,2024-04-11,Processing
8524,556,195,2023-09-19,Completed
8525,657,66,2023-02-04,Completed
8526,338,200,2024-03-07,Completed
8527,1914,13,2025-08-25,Completed
8528,31,88,2024-01-22,Completed
8529,78,62,2024-07-10,Completed
8530,1296,54,2024-01-17,Completed
8531,796,37,2023-02-21,Completed
8532,1575,182,2025-01-23,Cancelled
8533,1485,98,2023-10-30,Completed
8534,1020,96,2025-02-26,Completed
8535,907,140,2024-03-25,Completed
8536,1234,149,2024-08-15,Completed
8537,1185,175,2024-12-20,Returned
8538,1034,131,2024-12-24,Completed
8539,1087,48,2025-12-20,Completed
8540,1159,88,2025-09-14,Completed
8541,1701,131,2024-05-11,Completed
8542,407,4,2023-05-26,Completed
8543,886,93,2026-04-20,Completed
8544,1549,163,2023-02-06,Processing
8545,700,108,2023-11-19,Completed
8546,773,164,2025-08-15,Processing
8547,1869,41,2025-07-05,Cancelled
8548,1654,164,2025-11-05,Completed
8549,926,85,2023-04-20,Completed
8550,66,171,2023-09-28,Completed
8551,1815,170,2023-09-17,Completed
8552,1625,150,2023-04-07,Returned
8553,427,149,2023-02-12,Completed
8554,532,137,2024-05-29,Returned
8555,390,158,2023-12-10,Completed
8556,1289,66,2024-07-04,Completed
8557,483,163,2023-07-27,Completed
8558,1862,139,2023-01-01,Completed
8559,119,194,2024-02-06,Completed
8560,369,157,2023-05-28,Completed
8561,1291,65,2023-09-14,Completed
8562,1308,199,2025-03-14,Completed
8563,563,124,2023-05-16,Completed
8564,1174,57,2024-12-10,Completed
8565,861,94,2023-10-04,Completed
8566,218,176,2024-01-30,Completed
8567,155,189,2025-03-02,Completed
8568,1075,57,2024-01-01,Completed
8569,1165,12,2023-05-02,Completed
8570,1654,190,2025-02-23,Completed
8571,549,54,2023-03-19,Completed
8572,1645,76,2023-10-31,Processing
8573,482,25,2025-03-25,Completed
8574,268,77,2025-02-21,Returned
8575,972,30,2023-03-20,Completed
8576,806,16,2025-05-30,Returned
8577,486,126,2025-07-17,Completed
8578,1267,43,2023-05-29,Completed
8579,242,11,2023-05-03,Completed
8580,1246,7,2025-10-28,Completed
8581,1659,137,2023-04-06,Completed
8582,935,16,2024-12-07,Completed
8583,1307,174,2025-05-27,Completed
8584,759,117,2025-01-16,Completed
8585,1816,58,2024-04-05,Completed
8586,1784,187,2024-10-17,Completed
8587,1491,72,2025-09-28,Returned
8588,1707,6,2026-04-09,Completed
8589,1196,161,2024-03-21,Completed
8590,1106,184,2025-04-03,Completed
8591,1579,12,2026-01-06,Completed
8592,1720,55,2024-02-01,Processing
8593,51,68,2026-06-07,Completed
8594,1613,119,2023-03-08,Completed
8595,805,197,2025-08-17,Completed
8596,915,89,2024-02-19,Completed
8597,596,183,2023-07-03,Completed
8598,286,88,2023-06-15,Completed
8599,1677,37,2024-02-19,Completed
8600,1658,90,2025-11-04,Completed
8601,1642,45,2025-03-06,Completed
8602,1773,8,2026-01-19,Processing
8603,1534,67,2026-02-07,Returned
8604,27,138,2025-11-21,Processing
8605,162,28,2023-12-07,Completed
8606,620,78,2024-04-19,Completed
8607,653,175,2025-08-09,Completed
8608,205,35,2025-06-30,Completed
8609,1058,28,2023-01-02,Completed
8610,195,169,2025-07-18,Cancelled
8611,1996,60,2025-01-22,Completed
8612,312,108,2025-09-18,Processing
8613,925,30,2023-05-29,Completed
8614,14,102,2025-12-29,Completed
8615,888,71,2025-05-08,Completed
8616,969,61,2024-12-17,Processing
8617,876,141,2026-03-11,Completed
8618,956,75,2024-01-16,Completed
8619,941,114,2025-02-16,Completed
8620,1167,164,2025-10-03,Processing
8621,453,175,2026-03-18,Completed
8622,1284,99,2023-03-11,Completed
8623,1996,172,2024-05-25,Completed
8624,1698,8,2023-07-24,Completed
8625,35,158,2024-12-23,Returned
8626,1391,113,2023-06-07,Completed
8627,1573,25,2026-06-25,Cancelled
8628,1492,171,2024-03-31,Completed
8629,1333,79,2025-09-25,Completed
8630,1470,152,2025-05-07,Completed
8631,741,164,2026-05-31,Completed
8632,1289,59,2024-04-16,Processing
8633,188,101,2023-09-15,Completed
8634,1861,199,2023-02-05,Completed
8635,1506,196,2025-11-08,Completed
8636,1425,187,2025-04-16,Completed
8637,1697,50,2023-02-24,Completed
8638,720,22,2025-12-05,Completed
8639,410,71,2026-03-08,Completed
8640,659,112,2025-12-16,Completed
8641,1911,134,2025-10-18,Completed
8642,1883,194,2024-05-24,Completed
8643,604,180,2024-06-17,Completed
8644,950,100,2023-10-23,Processing
8645,1006,191,2024-08-17,Completed
8646,834,74,2025-10-20,Completed
8647,1312,52,2023-10-14,Completed
8648,1494,78,2025-12-06,Completed
8649,1473,164,2023-12-19,Processing
8650,214,108,2023-12-12,Completed
8651,83,143,2024-10-01,Completed
8652,1618,40,2025-02-12,Completed
8653,1856,53,2024-04-02,Processing
8654,384,87,2025-12-03,Completed
8655,1574,144,2025-08-10,Returned
8656,457,69,2023-01-15,Processing
8657,1276,114,2024-05-31,Cancelled
8658,958,109,2024-11-29,Processing
8659,265,78,2025-04-01,Completed
8660,1635,85,2023-08-24,Completed
8661,137,123,2025-01-29,Completed
8662,507,96,2023-10-22,Completed
8663,672,67,2025-07-19,Completed
8664,1709,84,2023-01-15,Completed
8665,1650,113,2024-06-16,Completed
8666,1956,12,2025-09-19,Completed
8667,1096,118,2025-11-26,Completed
8668,1118,171,2024-05-26,Completed
8669,893,12,2025-10-11,Processing
8670,403,90,2026-05-27,Completed
8671,1305,33,2024-06-08,Completed
8672,1692,194,2026-01-13,Completed
8673,1788,4,2024-01-23,Processing
8674,634,28,2025-09-24,Completed
8675,723,80,2025-04-14,Processing
8676,203,27,2026-03-31,Completed
8677,1340,26,2024-08-22,Processing
8678,1164,165,2023-06-12,Completed
8679,1182,130,2024-04-26,Completed
8680,577,144,2023-01-17,Completed
8681,973,19,2023-10-05,Returned
8682,1429,27,2024-10-20,Completed
8683,693,50,2026-05-17,Processing
8684,197,175,2025-07-12,Completed
8685,1168,65,2023-01-29,Completed
8686,394,8,2026-01-06,Completed
8687,342,145,2023-04-02,Completed
8688,199,155,2026-06-19,Completed
8689,1534,76,2023-03-09,Completed
8690,502,119,2025-05-11,Completed
8691,1683,107,2024-10-15,Completed
8692,266,135,2023-01-30,Completed
8693,1800,99,2024-10-17,Completed
8694,848,12,2023-01-28,Completed
8695,1188,140,2023-02-22,Processing
8696,1574,142,2025-11-13,Completed
8697,507,1,2023-01-01,Cancelled
8698,935,138,2023-11-11,Returned
8699,1773,135,2025-09-08,Completed
8700,1484,168,2023-11-13,Cancelled
8701,391,3,2025-07-19,Completed
8702,1759,139,2023-05-09,Completed
8703,349,43,2024-02-24,Completed
8704,1935,166,2025-03-12,Completed
8705,552,18,2024-12-14,Returned
8706,1150,16,2025-07-01,Processing
8707,1391,33,2025-07-19,Completed
8708,342,178,2026-05-02,Processing
8709,1910,40,2026-02-18,Completed
8710,1102,197,2024-05-01,Completed
8711,1441,100,2024-02-15,Completed
8712,1835,164,2026-01-12,Completed
8713,552,158,2024-10-25,Completed
8714,109,157,2023-10-16,Cancelled
8715,737,93,2025-12-10,Completed
8716,1732,39,2025-11-21,Completed
8717,820,168,2024-03-17,Completed
8718,1248,25,2025-06-09,Completed
8719,55,90,2024-10-19,Completed
8720,426,5,2023-11-03,Completed
8721,557,185,2026-04-13,Completed
8722,117,174,2026-06-02,Completed
8723,959,145,2024-11-02,Completed
8724,1336,11,2024-01-19,Completed
8725,1877,131,2026-06-13,Completed
8726,1743,68,2026-01-13,Processing
8727,1152,158,2023-09-05,Completed
8728,1052,72,2024-11-21,Completed
8729,1513,124,2024-07-07,Completed
8730,1724,12,2026-03-26,Completed
8731,1132,200,2025-11-24,Completed
8732,1107,6,2025-10-07,Completed
8733,44,15,2026-02-15,Completed
8734,729,117,2023-02-12,Completed
8735,1020,74,2024-03-06,Completed
8736,660,115,2024-10-20,Completed
8737,1264,33,2024-11-07,Returned
8738,1853,179,2025-02-04,Completed
8739,51,180,2026-01-25,Completed
8740,1229,187,2023-01-28,Completed
8741,1423,168,2026-02-25,Completed
8742,433,98,2023-11-09,Completed
8743,601,159,2024-08-07,Completed
8744,10,35,2024-12-07,Completed
8745,82,101,2025-07-07,Completed
8746,552,200,2025-05-20,Completed
8747,737,122,2025-09-19,Processing
8748,1091,123,2025-09-19,Completed
8749,498,14,2025-12-24,Completed
8750,271,172,2026-01-03,Completed
8751,1266,25,2023-04-27,Completed
8752,1699,107,2024-05-26,Completed
8753,630,161,2023-06-14,Completed
8754,541,199,2023-10-03,Completed
8755,322,50,2023-02-01,Processing
8756,1155,123,2024-12-06,Completed
8757,1592,111,2026-02-11,Processing
8758,1907,129,2025-09-10,Completed
8759,921,93,2025-01-01,Completed
8760,1043,106,2026-02-15,Cancelled
8761,1796,139,2025-01-07,Completed
8762,873,196,2025-02-26,Returned
8763,1026,123,2025-12-11,Completed
8764,635,131,2025-08-26,Completed
8765,106,14,2023-12-26,Completed
8766,830,165,2024-06-26,Processing
8767,489,74,2025-06-29,Completed
8768,280,150,2024-06-27,Completed
8769,1042,74,2024-08-12,Completed
8770,1676,31,2024-09-29,Completed
8771,1365,191,2025-02-28,Processing
8772,988,11,2025-05-25,Cancelled
8773,1329,28,2023-05-15,Completed
8774,807,166,2023-09-05,Completed
8775,903,94,2026-06-17,Completed
8776,573,42,2023-12-31,Completed
8777,212,171,2024-01-27,Processing
8778,1327,39,2024-08-14,Completed
8779,1259,118,2025-08-04,Completed
8780,12,28,2025-02-11,Completed
8781,944,76,2024-02-01,Completed
8782,541,140,2023-01-06,Completed
8783,1237,40,2025-06-17,Returned
8784,458,176,2025-05-01,Processing
8785,964,65,2026-05-22,Returned
8786,627,199,2025-09-09,Completed
8787,1059,137,2026-04-07,Completed
8788,856,21,2025-03-11,Completed
8789,1435,135,2025-09-11,Completed
8790,1982,187,2024-10-09,Completed
8791,1106,75,2024-01-23,Processing
8792,849,163,2024-10-13,Completed
8793,1854,178,2025-07-04,Completed
8794,1312,8,2024-10-19,Completed
8795,275,108,2023-02-10,Completed
8796,1733,126,2024-09-04,Completed
8797,1287,137,2024-09-10,Completed
8798,1102,196,2025-06-23,Completed
8799,767,145,2023-07-12,Completed
8800,1057,24,2024-04-10,Completed
8801,496,116,2024-03-05,Processing
8802,1424,177,2024-05-10,Completed
8803,629,28,2023-12-17,Processing
8804,536,84,2026-04-08,Completed
8805,1661,95,2025-11-23,Returned
8806,371,74,2024-12-12,Processing
8807,159,27,2025-02-23,Processing
8808,953,70,2024-03-01,Completed
8809,1605,73,2026-05-07,Completed
8810,844,52,2023-10-02,Completed
8811,316,53,2023-07-24,Completed
8812,1849,9,2023-09-23,Completed
8813,92,98,2023-01-06,Processing
8814,795,60,2024-08-30,Completed
8815,574,175,2025-04-30,Completed
8816,1980,192,2025-02-07,Completed
8817,751,102,2024-07-22,Completed
8818,1308,46,2026-04-28,Completed
8819,1015,10,2023-12-17,Completed
8820,738,185,2023-06-30,Completed
8821,1960,187,2024-04-11,Processing
8822,196,122,2023-09-25,Completed
8823,781,130,2025-01-19,Completed
8824,1525,169,2024-09-30,Completed
8825,796,14,2023-10-18,Completed
8826,1342,121,2023-11-11,Completed
8827,1826,82,2025-01-07,Completed
8828,831,20,2023-08-26,Completed
8829,9,69,2025-01-18,Completed
8830,1238,35,2025-08-27,Processing
8831,339,51,2024-07-02,Completed
8832,74,193,2025-02-05,Completed
8833,1849,171,2024-04-06,Completed
8834,1946,92,2025-04-02,Completed
8835,1209,143,2023-05-10,Processing
8836,1140,67,2024-03-05,Completed
8837,899,77,2025-12-21,Completed
8838,87,12,2024-12-08,Completed
8839,1965,54,2024-02-19,Completed
8840,1278,189,2023-09-15,Completed
8841,2,148,2024-08-14,Completed
8842,934,95,2023-02-23,Completed
8843,645,4,2024-11-13,Completed
8844,803,89,2024-10-23,Completed
8845,1254,163,2023-03-21,Completed
8846,1096,102,2026-04-24,Processing
8847,1534,183,2023-09-30,Completed
8848,593,47,2023-03-28,Completed
8849,126,103,2024-05-04,Completed
8850,1777,10,2025-05-29,Completed
8851,1733,26,2024-05-19,Processing
8852,697,152,2023-06-10,Processing
8853,1472,38,2023-04-12,Completed
8854,223,35,2023-10-23,Completed
8855,843,174,2023-09-05,Completed
8856,1580,34,2024-08-11,Completed
8857,299,67,2026-05-02,Completed
8858,492,6,2023-11-01,Completed
8859,1586,180,2023-04-25,Completed
8860,391,34,2025-07-05,Cancelled
8861,351,140,2023-11-26,Completed
8862,682,16,2026-04-15,Completed
8863,1463,60,2024-11-18,Processing
8864,1238,83,2025-02-18,Completed
8865,993,106,2024-01-12,Completed
8866,1509,179,2025-11-29,Completed
8867,1000,97,2024-08-08,Processing
8868,1101,193,2026-05-05,Completed
8869,1913,93,2024-03-17,Completed
8870,564,1,2026-02-04,Completed
8871,953,11,2026-05-08,Completed
8872,1836,61,2025-02-10,Completed
8873,1943,49,2023-09-07,Completed
8874,1720,186,2023-12-02,Completed
8875,1528,200,2024-02-10,Completed
8876,299,75,2024-10-19,Completed
8877,1172,121,2025-07-11,Completed
8878,1488,190,2024-01-09,Completed
8879,1030,40,2023-05-12,Completed
8880,1217,41,2023-12-06,Returned
8881,1938,136,2024-04-01,Completed
8882,1611,22,2024-02-08,Cancelled
8883,667,46,2023-12-01,Completed
8884,58,99,2023-10-24,Completed
8885,1580,149,2024-08-19,Processing
8886,1408,25,2024-07-23,Completed
8887,638,87,2023-11-25,Completed
8888,318,65,2025-01-27,Completed
8889,54,134,2026-03-07,Completed
8890,465,179,2024-12-14,Completed
8891,1862,41,2026-06-10,Completed
8892,1955,118,2024-07-24,Completed
8893,403,88,2026-02-06,Completed
8894,1070,115,2025-11-07,Cancelled
8895,748,160,2023-06-13,Completed
8896,497,196,2023-03-08,Completed
8897,549,88,2026-02-23,Completed
8898,708,16,2025-11-07,Completed
8899,1862,123,2023-09-22,Completed
8900,1430,175,2024-01-27,Completed
8901,10,144,2025-05-12,Completed
8902,1235,78,2025-10-27,Completed
8903,935,73,2025-08-13,Processing
8904,345,191,2026-06-23,Completed
8905,512,190,2025-01-21,Completed
8906,744,11,2026-02-12,Processing
8907,1171,35,2023-10-13,Processing
8908,1771,170,2023-01-02,Completed
8909,267,174,2025-01-25,Completed
8910,542,161,2023-07-31,Completed
8911,128,193,2025-01-23,Completed
8912,365,168,2024-09-13,Completed
8913,1352,105,2025-07-01,Processing
8914,1040,7,2026-03-12,Cancelled
8915,1514,81,2026-03-10,Completed
8916,73,64,2024-02-15,Processing
8917,350,74,2024-10-27,Returned
8918,320,7,2025-05-30,Completed
8919,1488,188,2024-04-05,Returned
8920,1299,18,2024-08-27,Completed
8921,121,179,2024-03-01,Completed
8922,306,183,2024-06-29,Processing
8923,89,156,2023-05-14,Completed
8924,1917,106,2025-12-28,Completed
8925,62,159,2025-01-17,Completed
8926,1942,20,2024-01-17,Returned
8927,335,189,2025-04-02,Completed
8928,577,113,2026-01-29,Completed
8929,898,167,2025-02-19,Completed
8930,1037,106,2024-04-21,Completed
8931,1350,189,2023-03-03,Completed
8932,1505,11,2023-05-22,Completed
8933,603,75,2025-12-08,Completed
8934,1242,164,2024-08-31,Completed
8935,1514,131,2025-09-14,Completed
8936,1338,6,2023-02-22,Completed
8937,143,14,2023-05-07,Completed
8938,394,177,2023-05-27,Cancelled
8939,355,8,2024-08-03,Completed
8940,34,183,2025-04-28,Completed
8941,543,22,2023-09-24,Completed
8942,83,172,2024-07-16,Completed
8943,1640,90,2025-01-28,Completed
8944,747,187,2025-12-05,Completed
8945,649,10,2025-03-03,Completed
8946,882,114,2025-01-02,Completed
8947,238,68,2025-12-05,Completed
8948,148,86,2025-04-05,Completed
8949,247,69,2023-09-27,Completed
8950,1404,40,2023-05-14,Processing
8951,1106,100,2023-08-24,Returned
8952,251,31,2023-06-12,Completed
8953,1485,121,2023-07-17,Completed
8954,758,158,2024-01-30,Completed
8955,805,27,2025-05-13,Completed
8956,522,179,2025-10-18,Cancelled
8957,713,56,2023-09-06,Completed
8958,1023,20,2024-01-18,Completed
8959,298,83,2023-03-07,Completed
8960,628,83,2023-12-29,Cancelled
8961,1124,133,2025-06-13,Completed
8962,878,173,2026-04-29,Completed
8963,1936,59,2024-04-25,Completed
8964,1377,4,2026-04-07,Completed
8965,487,20,2026-04-24,Cancelled
8966,1445,69,2023-05-01,Processing
8967,1252,175,2025-10-31,Completed
8968,1473,160,2025-07-14,Returned
8969,1203,35,2024-01-14,Completed
8970,1757,79,2023-06-07,Completed
8971,1769,66,2026-06-29,Processing
8972,543,163,2024-01-28,Completed
8973,1682,12,2023-11-01,Completed
8974,1321,45,2025-09-08,Completed
8975,1454,111,2026-05-04,Processing
8976,1832,72,2026-01-28,Processing
8977,77,86,2023-05-24,Completed
8978,1495,35,2025-08-17,Processing
8979,388,5,2025-05-22,Completed
8980,1265,133,2024-04-23,Completed
8981,1040,18,2023-01-24,Completed
8982,1416,35,2024-05-29,Completed
8983,1623,58,2025-01-04,Completed
8984,1764,57,2024-01-27,Returned
8985,931,148,2024-01-01,Completed
8986,1376,64,2025-06-04,Completed
8987,1456,100,2023-12-02,Completed
8988,1693,39,2026-04-22,Completed
8989,1392,36,2025-02-20,Processing
8990,822,15,2026-02-25,Returned
8991,867,199,2023-08-15,Processing
8992,41,142,2024-07-08,Completed
8993,1280,7,2026-03-09,Completed
8994,1376,123,2025-03-11,Completed
8995,844,6,2025-12-18,Completed
8996,1648,53,2024-03-23,Completed
8997,1987,89,2023-04-01,Completed
8998,829,165,2025-10-07,Completed
8999,1467,88,2024-12-26,Completed
9000,55,167,2023-03-17,Processing
9001,100,174,2026-05-31,Completed
9002,89,107,2026-06-27,Completed
9003,1417,182,2026-04-24,Processing
9004,720,95,2025-06-01,Completed
9005,160,150,2026-03-21,Processing
9006,1729,33,2024-06-19,Completed
9007,804,13,2025-01-31,Completed
9008,1222,163,2026-04-11,Returned
9009,902,103,2023-07-08,Completed
9010,1291,130,2023-08-13,Completed
9011,1099,54,2025-04-25,Completed
9012,1250,4,2024-04-30,Processing
9013,192,116,2025-06-25,Completed
9014,1958,179,2023-07-11,Processing
9015,892,113,2024-11-12,Completed
9016,1420,171,2023-03-25,Completed
9017,1012,87,2024-02-12,Completed
9018,913,91,2023-09-28,Completed
9019,108,184,2026-01-07,Processing
9020,807,10,2024-02-10,Completed
9021,870,127,2024-08-19,Completed
9022,1742,93,2025-03-21,Returned
9023,1748,53,2024-10-27,Processing
9024,509,67,2025-10-08,Completed
9025,1914,35,2025-10-13,Completed
9026,350,15,2025-07-27,Completed
9027,1693,184,2023-02-22,Completed
9028,183,1,2023-08-25,Completed
9029,294,2,2025-10-26,Processing
9030,527,25,2025-04-09,Completed
9031,1259,7,2026-03-27,Completed
9032,1443,134,2025-12-31,Completed
9033,821,103,2023-06-22,Completed
9034,1803,102,2024-06-17,Completed
9035,1228,13,2024-07-28,Processing
9036,592,191,2025-03-27,Completed
9037,1325,37,2023-09-14,Returned
9038,1413,114,2023-09-28,Completed
9039,698,69,2023-03-19,Completed
9040,40,191,2024-01-04,Completed
9041,1744,106,2024-12-29,Completed
9042,1850,24,2025-12-22,Completed
9043,1108,130,2025-03-31,Processing
9044,1280,148,2024-03-20,Completed
9045,922,71,2024-12-22,Processing
9046,1974,17,2025-12-26,Completed
9047,1109,76,2026-02-13,Completed
9048,1608,164,2024-09-14,Completed
9049,1499,184,2024-04-04,Cancelled
9050,774,198,2023-03-17,Returned
9051,127,132,2024-11-05,Completed
9052,1594,189,2025-08-16,Completed
9053,804,193,2024-03-18,Completed
9054,447,168,2024-06-06,Completed
9055,33,4,2023-11-21,Cancelled
9056,340,165,2025-09-24,Cancelled
9057,701,41,2024-02-20,Completed
9058,1947,169,2023-06-10,Completed
9059,2000,41,2023-08-17,Completed
9060,1506,2,2025-12-07,Completed
9061,182,6,2025-02-13,Processing
9062,1036,160,2025-07-01,Completed
9063,1446,80,2023-09-23,Processing
9064,739,142,2023-09-25,Completed
9065,1676,85,2024-05-28,Cancelled
9066,1287,169,2024-09-07,Completed
9067,37,177,2024-04-21,Completed
9068,397,135,2024-02-11,Completed
9069,1943,100,2026-05-19,Completed
9070,528,76,2026-05-28,Completed
9071,90,36,2026-05-24,Processing
9072,462,47,2026-02-12,Processing
9073,706,170,2024-02-17,Completed
9074,955,154,2023-08-02,Completed
9075,597,181,2025-12-15,Completed
9076,1933,6,2023-06-05,Completed
9077,1456,196,2024-04-07,Cancelled
9078,568,82,2023-05-25,Completed
9079,306,155,2024-05-30,Completed
9080,179,131,2024-03-03,Processing
9081,1148,134,2023-08-10,Completed
9082,1542,182,2024-09-21,Processing
9083,49,118,2024-09-23,Completed
9084,273,12,2024-02-14,Completed
9085,1379,16,2023-04-24,Completed
9086,916,115,2024-11-12,Completed
9087,1592,83,2024-01-25,Completed
9088,1860,164,2025-02-24,Completed
9089,804,116,2024-03-03,Returned
9090,140,69,2024-01-06,Completed
9091,174,92,2023-07-10,Completed
9092,307,158,2024-10-09,Completed
9093,132,165,2024-07-17,Processing
9094,1628,177,2023-11-17,Completed
9095,854,78,2026-01-22,Completed
9096,1081,42,2025-07-09,Completed
9097,971,52,2023-05-04,Completed
9098,1783,101,2023-03-02,Completed
9099,523,197,2023-06-26,Completed
9100,53,186,2023-05-04,Processing
9101,1205,40,2024-11-01,Completed
9102,1619,52,2024-11-06,Completed
9103,874,33,2025-07-02,Completed
9104,1654,143,2025-08-28,Completed
9105,673,67,2023-01-01,Completed
9106,1923,121,2023-09-06,Completed
9107,1815,50,2025-07-14,Completed
9108,14,200,2023-09-19,Completed
9109,335,108,2024-12-30,Processing
9110,1975,88,2024-01-06,Completed
9111,1368,97,2025-09-07,Completed
9112,931,95,2024-05-30,Completed
9113,530,4,2024-04-24,Completed
9114,1984,131,2026-03-18,Completed
9115,740,159,2025-01-03,Completed
9116,1345,77,2023-12-14,Completed
9117,1754,149,2024-06-20,Completed
9118,527,67,2025-10-10,Completed
9119,1795,182,2024-02-16,Completed
9120,1572,182,2023-01-23,Cancelled
9121,1493,168,2025-08-17,Processing
9122,1790,156,2023-12-03,Completed
9123,1757,62,2025-11-13,Completed
9124,1481,38,2025-11-29,Completed
9125,1795,91,2025-11-26,Completed
9126,1992,167,2024-06-29,Completed
9127,1686,150,2026-06-23,Processing
9128,492,141,2024-10-13,Completed
9129,1736,46,2024-07-28,Completed
9130,1838,197,2024-06-15,Processing
9131,618,179,2025-05-18,Completed
9132,1439,186,2026-06-23,Completed
9133,96,139,2025-07-13,Completed
9134,1838,66,2023-12-23,Completed
9135,900,120,2023-08-01,Completed
9136,1127,117,2024-02-01,Processing
9137,1100,22,2024-11-30,Completed
9138,1809,104,2023-11-18,Completed
9139,434,97,2025-08-28,Completed
9140,1081,185,2025-10-11,Completed
9141,42,179,2024-03-17,Completed
9142,1728,31,2025-03-25,Completed
9143,1587,184,2023-09-04,Completed
9144,1530,173,2025-03-24,Completed
9145,1071,186,2026-03-28,Completed
9146,983,101,2023-12-19,Completed
9147,369,80,2025-08-09,Returned
9148,1291,47,2023-09-15,Completed
9149,1336,142,2025-05-17,Completed
9150,1407,117,2023-07-29,Processing
9151,189,164,2024-07-02,Completed
9152,736,118,2026-06-02,Completed
9153,1100,95,2023-12-20,Returned
9154,310,153,2025-10-26,Returned
9155,54,159,2024-01-23,Processing
9156,457,199,2025-06-23,Completed
9157,552,33,2024-08-08,Processing
9158,1676,194,2023-07-16,Completed
9159,645,133,2024-01-16,Cancelled
9160,1142,29,2026-03-04,Completed
9161,189,155,2023-01-04,Processing
9162,891,117,2025-08-24,Completed
9163,1367,156,2024-02-09,Completed
9164,1625,101,2024-09-01,Completed
9165,403,50,2025-03-30,Completed
9166,661,3,2024-04-01,Completed
9167,1423,189,2023-12-25,Completed
9168,329,87,2024-09-06,Completed
9169,1576,153,2023-05-22,Completed
9170,1370,155,2025-01-03,Processing
9171,1550,115,2025-08-23,Completed
9172,1440,123,2023-01-04,Completed
9173,1348,186,2023-09-15,Completed
9174,383,11,2023-05-18,Processing
9175,444,85,2024-09-19,Completed
9176,1873,50,2025-03-22,Completed
9177,1056,176,2024-04-16,Completed
9178,482,108,2024-09-07,Completed
9179,1839,149,2025-11-05,Completed
9180,827,50,2023-09-28,Processing
9181,1560,50,2026-03-02,Completed
9182,773,182,2023-02-17,Completed
9183,1189,76,2023-10-28,Completed
9184,288,194,2023-06-06,Completed
9185,359,69,2025-07-04,Returned
9186,1316,195,2024-11-29,Completed
9187,1360,124,2026-01-13,Completed
9188,1186,189,2024-02-29,Completed
9189,1792,31,2023-07-13,Cancelled
9190,442,131,2023-11-06,Completed
9191,394,151,2026-05-05,Completed
9192,1821,1,2025-01-22,Completed
9193,611,126,2025-05-22,Completed
9194,1541,16,2025-03-06,Completed
9195,487,10,2024-09-27,Completed
9196,1992,84,2024-07-07,Completed
9197,163,180,2024-02-15,Processing
9198,1849,71,2024-03-08,Completed
9199,1876,92,2025-10-07,Completed
9200,210,189,2023-08-09,Cancelled
9201,705,69,2026-03-22,Completed
9202,1514,168,2026-06-30,Completed
9203,1554,175,2025-08-28,Completed
9204,221,153,2025-02-15,Processing
9205,97,155,2023-05-17,Completed
9206,135,126,2025-05-02,Returned
9207,1166,33,2023-02-07,Returned
9208,620,139,2024-02-22,Completed
9209,1168,7,2023-06-02,Processing
9210,28,28,2023-06-18,Processing
9211,1688,170,2024-03-19,Completed
9212,789,75,2024-03-06,Completed
9213,1294,51,2024-06-30,Completed
9214,259,16,2023-01-07,Completed
9215,1938,30,2025-01-31,Completed
9216,1647,162,2023-03-01,Completed
9217,1627,198,2024-12-05,Completed
9218,1899,79,2026-02-22,Completed
9219,1151,166,2026-01-09,Processing
9220,616,153,2025-10-11,Completed
9221,566,142,2024-11-07,Completed
9222,200,175,2025-04-08,Completed
9223,334,184,2024-08-02,Processing
9224,1828,196,2025-07-11,Completed
9225,1868,164,2026-03-04,Completed
9226,1161,26,2023-01-04,Completed
9227,1590,149,2023-05-31,Processing
9228,820,128,2025-06-21,Completed
9229,1389,93,2023-11-14,Returned
9230,1872,86,2025-10-29,Completed
9231,1467,11,2024-06-18,Completed
9232,296,152,2023-01-29,Returned
9233,1055,174,2025-12-23,Returned
9234,669,199,2026-01-10,Completed
9235,1053,52,2026-05-31,Completed
9236,980,7,2024-03-14,Completed
9237,1540,22,2023-11-11,Completed
9238,1131,143,2025-04-18,Completed
9239,627,133,2024-12-27,Completed
9240,936,65,2025-12-01,Cancelled
9241,160,49,2024-06-08,Completed
9242,715,177,2023-08-29,Completed
9243,118,191,2023-05-28,Completed
9244,1455,182,2025-03-02,Completed
9245,69,1,2023-03-18,Completed
9246,733,78,2023-08-12,Completed
9247,1363,65,2025-11-02,Completed
9248,1486,150,2024-08-05,Completed
9249,670,64,2026-03-17,Completed
9250,1725,93,2025-06-02,Completed
9251,208,40,2026-03-01,Completed
9252,129,15,2026-06-07,Completed
9253,249,86,2023-10-26,Completed
9254,1017,111,2023-08-13,Completed
9255,1743,79,2025-11-20,Completed
9256,1537,181,2023-03-19,Completed
9257,703,194,2023-10-05,Processing
9258,270,32,2025-03-05,Returned
9259,1155,77,2025-11-23,Cancelled
9260,1732,164,2023-05-04,Completed
9261,338,182,2024-02-29,Returned
9262,47,32,2025-05-09,Completed
9263,782,87,2025-01-25,Returned
9264,1333,119,2024-05-18,Completed
9265,1489,166,2024-01-29,Completed
9266,204,76,2024-05-08,Completed
9267,1825,44,2023-12-25,Completed
9268,997,68,2026-05-19,Completed
9269,410,132,2026-03-16,Completed
9270,1496,158,2025-01-22,Completed
9271,1851,187,2024-07-07,Completed
9272,141,112,2026-01-17,Completed
9273,679,115,2025-10-04,Completed
9274,1434,129,2025-10-01,Completed
9275,1953,32,2023-04-14,Completed
9276,1877,90,2025-08-01,Completed
9277,1715,192,2023-06-22,Completed
9278,187,142,2024-09-30,Completed
9279,1997,95,2023-12-09,Completed
9280,506,161,2024-10-12,Completed
9281,992,51,2023-09-20,Completed
9282,542,199,2025-12-10,Cancelled
9283,1373,44,2026-03-06,Completed
9284,332,6,2023-11-14,Completed
9285,1903,118,2023-12-19,Completed
9286,218,168,2024-05-14,Completed
9287,640,161,2024-11-18,Completed
9288,228,63,2023-08-07,Completed
9289,1561,98,2023-10-08,Completed
9290,448,16,2023-10-11,Processing
9291,450,5,2023-02-01,Completed
9292,135,73,2025-05-18,Processing
9293,379,22,2024-07-31,Completed
9294,980,129,2023-02-26,Completed
9295,1861,158,2023-10-10,Processing
9296,1978,122,2023-02-18,Completed
9297,1517,79,2026-02-27,Completed
9298,1915,167,2025-08-26,Completed
9299,1979,133,2025-07-10,Completed
9300,1376,152,2025-06-12,Processing
9301,160,17,2024-03-09,Completed
9302,918,177,2025-06-08,Completed
9303,779,116,2023-12-10,Completed
9304,390,56,2026-03-02,Completed
9305,1937,11,2025-06-26,Cancelled
9306,1262,73,2025-10-19,Completed
9307,1944,200,2024-12-30,Completed
9308,94,25,2023-05-16,Processing
9309,1615,124,2023-01-17,Completed
9310,1959,180,2025-01-26,Completed
9311,483,167,2023-10-11,Processing
9312,176,78,2024-04-20,Completed
9313,1833,20,2025-06-02,Completed
9314,1273,171,2025-08-23,Completed
9315,1867,106,2026-04-07,Completed
9316,235,29,2026-05-21,Processing
9317,1188,85,2023-05-20,Completed
9318,1012,140,2025-07-18,Completed
9319,123,51,2025-10-10,Completed
9320,756,133,2025-03-31,Completed
9321,618,34,2024-03-06,Processing
9322,1483,78,2024-11-25,Completed
9323,585,183,2025-02-09,Processing
9324,914,18,2024-07-29,Completed
9325,1018,89,2023-02-22,Completed
9326,732,166,2025-07-30,Completed
9327,1821,128,2025-12-18,Completed
9328,572,13,2023-05-04,Completed
9329,1691,67,2025-11-08,Completed
9330,566,79,2024-04-18,Completed
9331,420,104,2025-03-09,Returned
9332,587,80,2026-01-08,Processing
9333,1505,118,2023-08-28,Completed
9334,156,105,2023-05-19,Completed
9335,1004,184,2025-06-21,Completed
9336,1687,115,2025-08-07,Completed
9337,898,133,2024-08-20,Completed
9338,948,61,2024-05-11,Completed
9339,210,164,2025-11-23,Completed
9340,851,127,2024-10-31,Completed
9341,438,86,2024-07-21,Processing
9342,1297,91,2024-12-04,Completed
9343,1305,8,2025-07-31,Processing
9344,125,122,2025-06-24,Completed
9345,633,162,2025-02-03,Returned
9346,55,6,2023-05-26,Completed
9347,1590,68,2023-08-02,Completed
9348,1970,90,2026-04-18,Completed
9349,376,148,2026-02-09,Completed
9350,1415,33,2024-06-13,Completed
9351,701,166,2023-11-29,Processing
9352,215,128,2025-08-18,Completed
9353,728,111,2024-10-18,Cancelled
9354,827,79,2023-11-15,Completed
9355,631,40,2025-10-31,Processing
9356,49,48,2023-09-18,Completed
9357,8,108,2024-08-22,Completed
9358,938,42,2025-02-09,Completed
9359,127,176,2023-08-07,Completed
9360,859,13,2026-06-29,Completed
9361,475,113,2023-12-15,Completed
9362,1175,62,2023-11-26,Completed
9363,702,100,2026-06-28,Processing
9364,122,96,2023-01-03,Completed
9365,86,102,2026-03-09,Cancelled
9366,233,173,2024-11-18,Completed
9367,559,172,2024-12-20,Completed
9368,513,149,2024-06-25,Completed
9369,1522,7,2023-03-10,Completed
9370,1167,97,2025-10-03,Completed
9371,610,15,2025-04-23,Completed
9372,382,25,2025-01-12,Completed
9373,1701,120,2024-10-07,Completed
9374,969,152,2024-01-02,Completed
9375,691,134,2025-05-31,Completed
9376,1945,70,2024-03-09,Processing
9377,368,9,2025-10-11,Cancelled
9378,445,21,2023-04-03,Completed
9379,340,37,2026-02-23,Completed
9380,1908,153,2024-11-11,Completed
9381,1503,103,2025-09-23,Completed
9382,1491,102,2023-03-09,Completed
9383,803,177,2025-08-22,Completed
9384,438,129,2025-11-22,Completed
9385,131,53,2023-03-09,Completed
9386,1408,149,2023-11-05,Completed
9387,746,43,2023-10-30,Completed
9388,687,12,2024-07-06,Processing
9389,1643,8,2025-03-25,Completed
9390,384,68,2024-07-24,Completed
9391,818,141,2024-05-27,Completed
9392,1729,29,2023-12-13,Completed
9393,1483,191,2025-01-20,Completed
9394,266,120,2026-04-14,Completed
9395,1205,147,2025-08-18,Completed
9396,1819,77,2025-02-19,Completed
9397,1255,191,2023-03-13,Completed
9398,779,19,2023-04-14,Returned
9399,1756,110,2025-01-21,Completed
9400,1203,192,2023-04-02,Completed
9401,953,9,2023-12-08,Completed
9402,939,9,2024-11-07,Completed
9403,847,200,2023-12-11,Cancelled
9404,1675,48,2024-07-15,Completed
9405,1581,84,2025-03-24,Completed
9406,1557,92,2023-06-26,Completed
9407,65,104,2024-10-17,Completed
9408,361,48,2025-04-07,Completed
9409,1558,30,2023-06-07,Completed
9410,234,47,2024-12-12,Completed
9411,1396,117,2024-01-01,Completed
9412,1223,75,2023-10-13,Completed
9413,1737,156,2023-10-18,Completed
9414,527,19,2026-02-04,Completed
9415,1764,123,2025-03-10,Completed
9416,767,174,2025-09-19,Completed
9417,530,94,2025-12-02,Returned
9418,1796,61,2025-06-11,Completed
9419,1199,144,2024-03-18,Returned
9420,579,13,2025-11-18,Completed
9421,1644,50,2025-08-24,Completed
9422,1742,163,2023-08-19,Processing
9423,1181,47,2025-03-07,Completed
9424,784,165,2025-11-26,Completed
9425,46,124,2026-04-20,Completed
9426,489,14,2023-02-21,Completed
9427,294,125,2025-01-16,Completed
9428,1418,105,2023-02-02,Completed
9429,12,159,2023-11-15,Completed
9430,1833,57,2025-07-15,Completed
9431,1398,29,2024-03-18,Completed
9432,1688,46,2025-10-18,Completed
9433,360,162,2023-10-22,Returned
9434,1441,129,2026-06-28,Processing
9435,672,67,2023-11-20,Processing
9436,1519,33,2026-06-04,Completed
9437,1559,64,2025-03-20,Processing
9438,1047,55,2023-10-17,Completed
9439,966,45,2025-11-20,Processing
9440,1264,89,2026-06-06,Completed
9441,1864,171,2025-05-02,Completed
9442,53,151,2025-11-02,Completed
9443,1150,186,2023-05-08,Completed
9444,426,60,2025-03-17,Completed
9445,551,200,2024-09-10,Processing
9446,381,124,2025-01-06,Completed
9447,799,126,2024-04-21,Completed
9448,1456,181,2025-09-18,Completed
9449,303,27,2024-10-07,Completed
9450,656,13,2023-07-17,Completed
9451,1185,49,2024-01-16,Cancelled
9452,907,65,2025-01-10,Completed
9453,1363,102,2024-11-23,Completed
9454,1120,103,2023-12-22,Processing
9455,1605,84,2023-08-06,Completed
9456,871,110,2023-01-10,Processing
9457,663,39,2026-03-23,Completed
9458,625,123,2023-05-15,Completed
9459,435,35,2023-01-08,Completed
9460,1510,147,2023-09-01,Completed
9461,1101,68,2025-03-29,Cancelled
9462,1763,14,2025-04-21,Completed
9463,1424,171,2025-11-07,Returned
9464,1614,17,2025-02-13,Processing
9465,1782,108,2025-01-08,Completed
9466,1924,193,2026-04-03,Cancelled
9467,1223,98,2025-04-24,Completed
9468,126,190,2024-01-12,Completed
9469,563,79,2026-03-17,Processing
9470,712,176,2023-08-02,Completed
9471,1366,2,2024-07-04,Processing
9472,516,40,2024-08-30,Completed
9473,857,40,2025-05-30,Completed
9474,959,121,2024-07-10,Completed
9475,298,26,2024-01-16,Completed
9476,1323,28,2026-04-24,Completed
9477,1052,24,2026-03-26,Cancelled
9478,528,114,2024-02-22,Completed
9479,207,9,2023-12-28,Cancelled
9480,1107,61,2026-02-19,Completed
9481,1507,53,2024-04-26,Completed
9482,50,77,2024-10-05,Completed
9483,661,23,2024-03-21,Completed
9484,1499,52,2024-08-26,Completed
9485,901,20,2026-05-24,Returned
9486,1831,98,2024-04-16,Processing
9487,535,115,2023-06-24,Processing
9488,1773,55,2024-05-12,Completed
9489,1936,43,2024-10-24,Completed
9490,1641,106,2026-01-20,Returned
9491,1412,173,2023-10-29,Completed
9492,1105,35,2026-03-12,Completed
9493,1487,66,2024-11-29,Completed
9494,356,132,2024-09-13,Completed
9495,1381,143,2025-05-05,Returned
9496,205,194,2026-03-01,Completed
9497,175,110,2023-12-27,Cancelled
9498,1223,155,2024-02-05,Cancelled
9499,660,64,2025-05-06,Completed
9500,445,133,2025-06-07,Processing
9501,849,120,2024-08-18,Completed
9502,206,110,2023-01-23,Completed
9503,464,116,2023-02-10,Processing
9504,1625,178,2024-04-30,Completed
9505,261,128,2024-06-15,Completed
9506,1241,193,2025-02-06,Processing
9507,357,28,2025-07-17,Processing
9508,1219,78,2023-01-01,Completed
9509,924,36,2026-05-01,Completed
9510,289,14,2024-07-12,Completed
9511,348,157,2024-02-05,Completed
9512,217,166,2025-02-11,Completed
9513,1814,162,2025-07-15,Completed
9514,1917,143,2025-02-27,Completed
9515,530,4,2023-08-28,Processing
9516,1308,94,2024-12-06,Processing
9517,928,86,2024-10-30,Completed
9518,1717,27,2025-06-08,Completed
9519,480,139,2024-07-10,Completed
9520,1788,120,2023-09-15,Completed
9521,577,89,2025-06-20,Processing
9522,1295,15,2026-04-06,Completed
9523,266,92,2023-05-07,Completed
9524,403,105,2023-04-26,Completed
9525,1324,83,2023-11-25,Processing
9526,382,49,2023-08-26,Completed
9527,1270,110,2025-09-22,Completed
9528,1686,80,2024-02-20,Completed
9529,1400,172,2025-01-17,Completed
9530,1785,156,2025-08-06,Completed
9531,1050,93,2025-11-14,Completed
9532,1347,148,2023-10-31,Completed
9533,1326,179,2024-07-06,Completed
9534,834,51,2025-05-12,Completed
9535,1019,25,2023-06-07,Processing
9536,1977,112,2025-01-29,Returned
9537,702,153,2024-11-12,Returned
9538,1241,69,2025-01-26,Completed
9539,1164,134,2026-06-14,Completed
9540,1347,33,2026-05-27,Completed
9541,483,16,2026-05-27,Completed
9542,1442,39,2025-12-02,Completed
9543,1286,71,2023-09-06,Completed
9544,1436,197,2026-06-16,Cancelled
9545,175,80,2026-03-05,Completed
9546,1866,19,2024-12-30,Completed
9547,1789,9,2026-04-02,Completed
9548,798,38,2024-09-29,Completed
9549,1950,93,2025-10-09,Completed
9550,47,200,2025-01-27,Completed
9551,1417,125,2025-08-10,Completed
9552,516,119,2025-06-01,Cancelled
9553,1639,60,2023-04-13,Processing
9554,1350,114,2026-03-14,Completed
9555,158,171,2023-01-01,Completed
9556,1442,168,2024-12-25,Completed
9557,580,6,2025-09-25,Processing
9558,1979,59,2024-07-28,Completed
9559,1488,11,2024-07-10,Completed
9560,129,128,2023-04-13,Completed
9561,311,36,2023-04-18,Completed
9562,651,23,2024-03-07,Completed
9563,368,150,2024-12-29,Completed
9564,1508,24,2024-09-14,Completed
9565,1382,115,2023-12-28,Completed
9566,1451,89,2025-01-28,Completed
9567,987,130,2024-01-20,Completed
9568,1256,127,2024-12-07,Completed
9569,600,81,2025-02-10,Completed
9570,280,98,2024-04-19,Completed
9571,1933,63,2026-02-16,Processing
9572,1812,187,2025-04-28,Completed
9573,1882,11,2024-02-29,Completed
9574,1622,14,2026-02-19,Completed
9575,427,11,2023-08-29,Processing
9576,831,170,2024-06-05,Processing
9577,85,52,2025-01-19,Completed
9578,498,75,2023-09-01,Completed
9579,1515,161,2024-02-03,Completed
9580,1408,167,2024-04-23,Completed
9581,1553,181,2025-07-18,Completed
9582,1675,39,2023-07-24,Processing
9583,327,24,2025-02-23,Processing
9584,1363,49,2026-03-11,Returned
9585,138,136,2025-02-09,Returned
9586,1364,134,2023-08-21,Completed
9587,1688,7,2026-01-19,Completed
9588,1782,61,2026-01-14,Completed
9589,818,148,2025-09-09,Processing
9590,288,172,2024-12-29,Completed
9591,649,62,2025-01-02,Completed
9592,1351,17,2023-05-23,Completed
9593,388,90,2024-08-20,Completed
9594,1072,101,2024-05-24,Returned
9595,1437,101,2023-11-29,Processing
9596,1359,41,2024-04-19,Completed
9597,1983,160,2023-10-22,Completed
9598,973,163,2024-12-07,Completed
9599,657,3,2026-05-28,Completed
9600,49,168,2024-01-27,Completed
9601,1572,123,2023-10-11,Processing
9602,1261,62,2026-06-13,Completed
9603,1948,164,2023-07-03,Completed
9604,1471,124,2024-04-08,Completed
9605,1065,48,2025-06-29,Returned
9606,656,56,2024-08-28,Completed
9607,1760,46,2024-09-06,Completed
9608,1068,158,2026-03-23,Completed
9609,1142,93,2026-01-26,Completed
9610,1514,47,2023-02-25,Completed
9611,1890,29,2025-01-15,Completed
9612,632,141,2024-09-26,Completed
9613,9,115,2024-07-09,Completed
9614,1636,187,2026-01-30,Completed
9615,387,174,2023-10-03,Completed
9616,1335,116,2025-07-23,Completed
9617,112,35,2024-12-06,Completed
9618,1285,153,2025-12-20,Completed
9619,54,54,2023-12-27,Completed
9620,217,186,2023-04-17,Completed
9621,269,131,2023-05-19,Returned
9622,1862,193,2026-05-08,Completed
9623,700,115,2024-10-31,Processing
9624,235,40,2025-06-02,Completed
9625,1319,15,2025-10-08,Completed
9626,1899,168,2024-03-09,Completed
9627,1632,47,2023-11-21,Completed
9628,793,110,2025-06-13,Completed
9629,357,31,2023-12-03,Completed
9630,329,26,2024-03-01,Completed
9631,1182,184,2024-12-12,Completed
9632,1276,95,2025-03-25,Completed
9633,131,149,2023-12-17,Cancelled
9634,668,154,2023-03-09,Processing
9635,1161,78,2024-08-31,Processing
9636,1021,94,2024-03-02,Completed
9637,402,194,2025-07-14,Cancelled
9638,1686,45,2024-12-15,Cancelled
9639,1577,131,2024-12-25,Completed
9640,639,128,2025-06-13,Completed
9641,1841,170,2024-10-24,Completed
9642,10,83,2023-08-29,Completed
9643,749,14,2025-03-22,Completed
9644,1586,149,2025-04-26,Processing
9645,137,26,2025-02-05,Completed
9646,642,158,2023-10-09,Completed
9647,935,1,2024-09-27,Completed
9648,774,157,2025-10-20,Completed
9649,1737,187,2026-01-22,Processing
9650,614,177,2025-03-24,Processing
9651,1419,161,2025-03-09,Completed
9652,1602,47,2025-10-30,Completed
9653,606,27,2025-05-05,Processing
9654,677,1,2023-11-30,Completed
9655,324,47,2024-11-16,Completed
9656,1569,199,2024-04-04,Completed
9657,1190,173,2024-07-30,Completed
9658,783,35,2025-10-05,Completed
9659,1959,185,2023-07-16,Completed
9660,540,152,2025-08-23,Completed
9661,1373,25,2023-09-27,Cancelled
9662,565,95,2026-02-21,Completed
9663,1119,81,2024-04-02,Returned
9664,465,85,2025-10-21,Completed
9665,1285,155,2026-06-11,Completed
9666,712,58,2024-12-14,Completed
9667,1459,87,2023-10-21,Completed
9668,970,167,2024-10-20,Completed
9669,15,147,2023-04-01,Completed
9670,1017,171,2024-09-10,Completed
9671,1570,17,2023-09-08,Completed
9672,1244,109,2024-05-04,Completed
9673,53,145,2026-01-16,Completed
9674,1904,14,2024-10-06,Completed
9675,1539,83,2026-05-24,Completed
9676,209,159,2025-07-15,Returned
9677,127,8,2025-01-11,Completed
9678,1591,134,2024-03-01,Cancelled
9679,596,92,2026-05-14,Completed
9680,34,184,2024-09-05,Completed
9681,1043,76,2023-07-03,Completed
9682,1285,105,2024-10-18,Completed
9683,1707,120,2026-01-25,Completed
9684,674,9,2025-02-03,Completed
9685,1817,31,2026-05-26,Completed
9686,938,95,2025-07-05,Returned
9687,1713,114,2026-04-01,Completed
9688,61,175,2025-04-03,Cancelled
9689,868,151,2024-07-18,Completed
9690,748,26,2023-12-18,Completed
9691,1766,143,2024-02-24,Processing
9692,642,199,2025-01-07,Processing
9693,1103,41,2025-09-19,Completed
9694,1420,105,2026-04-09,Processing
9695,1815,35,2025-05-01,Processing
9696,227,96,2025-03-06,Completed
9697,1826,65,2026-05-09,Completed
9698,43,135,2023-12-31,Completed
9699,40,3,2023-12-14,Completed
9700,158,169,2023-10-09,Cancelled
9701,1563,67,2025-01-18,Completed
9702,786,150,2023-08-13,Returned
9703,962,53,2024-06-18,Completed
9704,399,144,2024-12-09,Completed
9705,411,53,2025-09-03,Completed
9706,1049,178,2024-07-04,Completed
9707,498,188,2026-01-12,Processing
9708,1083,128,2023-01-06,Completed
9709,182,162,2023-06-29,Completed
9710,479,122,2026-06-03,Processing
9711,1918,41,2024-03-02,Completed
9712,482,43,2024-07-18,Completed
9713,906,4,2025-08-10,Completed
9714,1031,125,2026-05-17,Completed
9715,1528,131,2025-09-20,Completed
9716,1724,132,2023-05-21,Completed
9717,353,45,2023-04-14,Cancelled
9718,371,14,2024-09-17,Completed
9719,1350,184,2024-05-04,Completed
9720,1006,132,2026-02-24,Completed
9721,524,151,2024-12-24,Completed
9722,1555,9,2024-08-18,Completed
9723,698,160,2026-04-25,Completed
9724,1602,162,2024-01-17,Completed
9725,273,71,2023-07-19,Completed
9726,255,139,2024-04-02,Processing
9727,489,127,2025-10-05,Completed
9728,72,58,2023-05-02,Completed
9729,969,147,2023-12-16,Completed
9730,1309,24,2025-10-16,Completed
9731,1888,89,2025-12-02,Completed
9732,1026,42,2023-11-29,Completed
9733,1800,86,2023-11-16,Returned
9734,1411,125,2026-06-16,Completed
9735,590,104,2023-12-26,Completed
9736,1952,116,2023-01-18,Completed
9737,337,12,2025-11-18,Cancelled
9738,1687,34,2024-07-02,Completed
9739,1588,169,2025-02-12,Completed
9740,1304,163,2024-11-22,Completed
9741,1697,148,2023-09-19,Processing
9742,503,186,2024-11-12,Completed
9743,206,27,2024-05-06,Completed
9744,1241,97,2026-01-14,Completed
9745,1209,34,2026-02-27,Processing
9746,1079,74,2025-11-07,Cancelled
9747,526,92,2024-07-10,Completed
9748,1217,113,2023-10-16,Completed
9749,1726,38,2023-04-23,Completed
9750,1612,79,2023-09-15,Completed
9751,739,106,2024-04-17,Completed
9752,4,68,2025-02-25,Completed
9753,581,78,2024-06-13,Completed
9754,1641,93,2025-09-20,Completed
9755,1635,75,2024-10-13,Completed
9756,1441,131,2025-11-12,Completed
9757,807,77,2025-02-15,Processing
9758,1813,144,2026-06-04,Processing
9759,513,61,2023-06-18,Cancelled
9760,602,40,2023-06-06,Cancelled
9761,201,58,2025-06-13,Completed
9762,1023,88,2024-06-17,Completed
9763,440,125,2025-09-20,Processing
9764,272,192,2025-06-22,Returned
9765,515,39,2023-12-01,Completed
9766,650,196,2023-01-04,Processing
9767,1388,54,2024-07-17,Completed
9768,973,36,2024-01-05,Returned
9769,1753,117,2023-10-27,Completed
9770,1872,18,2026-05-12,Completed
9771,1686,123,2023-04-11,Processing
9772,484,42,2024-04-25,Cancelled
9773,1238,143,2026-02-11,Cancelled
9774,430,58,2025-02-02,Completed
9775,2,136,2024-11-30,Completed
9776,1312,118,2025-01-18,Completed
9777,1119,46,2025-04-30,Completed
9778,180,136,2026-05-21,Processing
9779,1579,197,2025-01-26,Completed
9780,1141,134,2024-12-10,Completed
9781,1412,149,2025-11-22,Completed
9782,1868,26,2026-05-17,Completed
9783,1150,31,2025-10-14,Completed
9784,277,200,2023-01-05,Completed
9785,411,169,2026-04-19,Processing
9786,654,87,2024-01-21,Completed
9787,582,145,2025-07-18,Processing
9788,911,33,2023-01-26,Completed
9789,1896,145,2024-03-17,Completed
9790,568,199,2024-02-06,Returned
9791,1713,9,2023-02-20,Completed
9792,1395,190,2025-07-30,Completed
9793,395,57,2023-10-01,Completed
9794,8,169,2025-11-22,Processing
9795,1020,196,2023-12-16,Completed
9796,1030,62,2026-03-19,Cancelled
9797,244,35,2023-06-21,Completed
9798,1269,139,2026-04-19,Cancelled
9799,160,13,2023-10-28,Processing
9800,1166,129,2024-01-02,Processing
9801,576,75,2026-06-30,Completed
9802,77,113,2025-02-25,Completed
9803,1669,20,2024-12-29,Processing
9804,1107,54,2023-06-24,Cancelled
9805,1159,119,2025-10-06,Completed
9806,219,110,2025-04-10,Processing
9807,116,28,2025-12-31,Completed
9808,566,76,2023-02-12,Completed
9809,799,16,2023-08-28,Completed
9810,797,36,2024-11-26,Completed
9811,51,9,2023-02-09,Completed
9812,842,193,2026-01-05,Completed
9813,640,62,2026-04-14,Returned
9814,485,141,2024-07-07,Returned
9815,1674,24,2026-01-24,Processing
9816,750,129,2023-06-02,Completed
9817,98,46,2023-08-08,Completed
9818,160,138,2023-11-22,Completed
9819,1748,122,2023-10-02,Processing
9820,192,36,2026-05-05,Cancelled
9821,1524,53,2023-06-27,Completed
9822,314,60,2025-06-21,Completed
9823,786,117,2024-08-26,Completed
9824,358,174,2024-12-18,Processing
9825,313,148,2023-11-24,Completed
9826,1823,101,2024-11-20,Completed
9827,456,20,2025-06-04,Completed
9828,759,91,2026-05-03,Completed
9829,693,58,2024-12-28,Completed
9830,1908,53,2025-06-22,Returned
9831,524,112,2025-05-18,Processing
9832,1527,33,2023-12-09,Cancelled
9833,987,100,2023-06-01,Completed
9834,902,151,2023-01-25,Processing
9835,1540,86,2023-12-07,Completed
9836,1550,44,2023-03-30,Completed
9837,875,67,2023-10-29,Completed
9838,922,137,2023-04-18,Completed
9839,988,22,2026-06-18,Cancelled
9840,82,178,2024-01-23,Processing
9841,1646,131,2026-06-28,Cancelled
9842,455,18,2023-08-11,Completed
9843,713,98,2024-12-03,Processing
9844,1160,155,2025-01-28,Cancelled
9845,197,198,2024-10-13,Processing
9846,523,2,2023-07-11,Completed
9847,1519,67,2024-03-13,Completed
9848,1999,16,2025-12-10,Processing
9849,55,136,2025-11-14,Completed
9850,1472,192,2025-01-26,Returned
9851,1321,58,2025-05-24,Completed
9852,1298,144,2025-07-07,Processing
9853,920,148,2026-03-03,Completed
9854,716,188,2024-08-21,Completed
9855,1328,15,2024-09-13,Completed
9856,344,123,2024-10-30,Completed
9857,1199,127,2025-12-17,Completed
9858,1419,116,2025-12-06,Processing
9859,1859,124,2024-01-07,Completed
9860,1556,131,2023-08-08,Completed
9861,1113,104,2025-06-18,Completed
9862,1894,153,2024-06-19,Completed
9863,1733,155,2024-03-31,Processing
9864,846,124,2023-05-26,Completed
9865,1153,158,2026-04-30,Completed
9866,351,56,2025-06-18,Completed
9867,18,186,2023-10-28,Returned
9868,754,157,2025-02-28,Completed
9869,1642,197,2026-02-19,Completed
9870,114,94,2024-02-22,Completed
9871,1472,63,2025-02-09,Completed
9872,1293,6,2023-05-14,Completed
9873,835,71,2023-08-10,Returned
9874,323,182,2026-03-01,Completed
9875,1348,15,2024-03-08,Completed
9876,1087,4,2025-03-04,Processing
9877,455,40,2025-12-09,Completed
9878,146,24,2025-07-23,Processing
9879,1812,9,2024-05-23,Completed
9880,942,26,2025-12-19,Completed
9881,940,152,2023-04-27,Completed
9882,1638,179,2024-04-24,Completed
9883,1305,28,2025-05-02,Processing
9884,917,89,2026-06-02,Completed
9885,848,13,2023-06-22,Completed
9886,819,164,2026-06-01,Processing
9887,964,75,2023-04-16,Completed
9888,947,15,2023-05-10,Completed
9889,759,162,2025-03-26,Completed
9890,147,140,2023-01-18,Completed
9891,1079,87,2024-05-14,Completed
9892,1024,16,2023-02-12,Completed
9893,307,193,2023-10-15,Completed
9894,347,180,2025-03-21,Processing
9895,1790,158,2023-03-27,Completed
9896,1527,10,2023-09-07,Processing
9897,1830,140,2023-05-20,Completed
9898,1618,69,2026-04-19,Completed
9899,783,119,2025-06-12,Completed
9900,977,17,2023-03-23,Completed
9901,625,21,2023-06-17,Completed
9902,368,144,2023-11-03,Completed
9903,1163,98,2024-06-10,Cancelled
9904,1879,152,2024-11-05,Completed
9905,249,111,2025-07-02,Completed
9906,1840,125,2023-02-10,Processing
9907,519,78,2026-05-03,Completed
9908,74,41,2024-07-18,Cancelled
9909,172,133,2023-10-18,Processing
9910,540,163,2025-12-10,Completed
9911,956,89,2026-06-19,Completed
9912,1803,44,2024-08-25,Returned
9913,1333,197,2023-10-11,Completed
9914,1977,96,2024-01-03,Completed
9915,949,162,2024-10-18,Completed
9916,1020,32,2024-02-02,Completed
9917,35,103,2023-07-04,Completed
9918,1306,34,2023-01-30,Completed
9919,1074,107,2025-07-09,Processing
9920,1610,119,2024-07-27,Completed
9921,343,46,2025-11-11,Completed
9922,1022,50,2026-06-13,Completed
9923,1709,77,2026-06-07,Completed
9924,1430,149,2025-03-02,Completed
9925,920,194,2025-06-13,Completed
9926,65,162,2023-11-17,Processing
9927,1937,167,2024-09-30,Completed
9928,1858,164,2023-03-27,Processing
9929,1010,32,2025-04-29,Processing
9930,1220,84,2024-06-10,Completed
9931,1739,68,2024-09-15,Completed
9932,946,184,2023-08-30,Completed
9933,1844,163,2025-07-11,Completed
9934,522,43,2025-08-11,Completed
9935,434,163,2023-12-24,Cancelled
9936,951,198,2024-03-16,Cancelled
9937,1591,45,2025-08-17,Completed
9938,657,66,2025-12-30,Completed
9939,1024,79,2026-05-01,Returned
9940,1411,79,2024-12-02,Completed
9941,121,49,2023-03-03,Completed
9942,206,77,2024-04-23,Completed
9943,1550,145,2024-08-24,Processing
9944,413,142,2026-02-06,Returned
9945,441,35,2024-05-24,Processing
9946,682,186,2024-05-16,Completed
9947,855,132,2023-11-28,Processing
9948,1073,154,2025-04-30,Processing
9949,1374,95,2024-09-13,Cancelled
9950,305,171,2023-01-11,Processing
9951,1260,141,2023-01-02,Completed
9952,1658,163,2025-08-13,Completed
9953,1623,157,2023-06-09,Completed
9954,987,3,2023-07-23,Processing
9955,236,21,2024-12-30,Completed
9956,780,40,2024-03-09,Completed
9957,1249,70,2023-11-25,Completed
9958,734,140,2025-08-05,Completed
9959,1182,199,2023-05-12,Completed
9960,1230,115,2025-01-16,Completed
9961,900,191,2026-05-25,Completed
9962,1644,95,2023-05-12,Completed
9963,1237,143,2023-07-09,Completed
9964,1185,68,2024-08-26,Completed
9965,285,118,2025-09-26,Completed
9966,29,174,2025-02-07,Completed
9967,593,38,2025-07-03,Completed
9968,387,142,2023-01-18,Completed
9969,784,51,2023-12-04,Processing
9970,855,189,2024-04-08,Completed
9971,634,64,2023-06-12,Completed
9972,469,153,2025-10-27,Returned
9973,566,28,2024-06-29,Completed
9974,1834,75,2023-10-02,Completed
9975,1627,97,2024-06-10,Processing
9976,577,51,2025-11-02,Processing
9977,1491,130,2023-05-10,Completed
9978,1452,186,2023-10-03,Completed
9979,1707,81,2024-09-28,Completed
9980,583,169,2025-08-29,Completed
9981,1619,150,2024-08-22,Processing
9982,274,131,2026-04-22,Processing
9983,332,167,2024-09-17,Processing
9984,939,145,2026-02-12,Completed
9985,384,74,2024-11-27,Completed
9986,55,187,2024-07-26,Completed
9987,20,29,2024-09-06,Completed
9988,819,31,2023-08-13,Completed
9989,659,72,2025-01-31,Completed
9990,1713,167,2023-03-06,Completed
9991,1270,140,2025-02-17,Cancelled
9992,2000,191,2025-06-01,Completed
9993,1608,56,2024-04-30,Completed
9994,495,188,2023-01-18,Completed
9995,1288,33,2024-12-10,Cancelled
9996,1219,86,2024-01-11,Completed
9997,1420,53,2025-07-19,Completed
9998,447,28,2023-12-26,Completed
9999,742,136,2025-09-29,Completed
10000,195,189,2023-08-28,Completed
