payment_id,order_id,payment_method,amount,payment_status,payment_date
1,1,Card,246702.23,Paid,2025-11-28
2,2,Cash on Delivery,325801.21,Paid,2024-05-02
3,3,Mobile Money,9998.84,Paid,2024-07-15
4,4,Cash on Delivery,115761.21,Paid,2024-08-28
5,5,Mobile Money,59785.8,Paid,2024-07-15
6,6,Mobile Money,143623.93,Paid,2026-05-30
7,7,Cash on Delivery,146008.08,Failed,2024-10-19
8,8,Cash on Delivery,505665.9,Paid,2023-02-05
9,9,Bank Transfer,43505.01,Paid,2025-09-10
10,10,Cash on Delivery,344792.34,Paid,2023-04-30
11,11,Bank Transfer,210045.05,Paid,2026-02-03
12,12,Bank Transfer,31506.27,Paid,2024-06-12
13,13,Bank Transfer,196882.4,Paid,2024-04-10
14,14,Mobile Money,101209.62,Paid,2023-04-12
15,15,Card,281996.29,Refunded,2025-11-03
16,16,Bank Transfer,248352.47,Paid,2024-04-11
17,17,Bank Transfer,43333.44,Paid,2023-02-03
18,18,Cash on Delivery,109952.15,Paid,2024-04-25
19,19,Bank Transfer,94676.17,Refunded,2023-08-20
20,20,Mobile Money,454510.19,Pending,2026-03-14
21,21,Bank Transfer,259195.74,Paid,2023-05-27
22,22,Mobile Money,201595.75,Paid,2023-02-20
23,23,Bank Transfer,94866.53,Paid,2025-04-15
24,24,Mobile Money,236594.98,Paid,2026-06-27
25,25,Card,53853.97,Paid,2023-11-04
26,26,Cash on Delivery,660512.38,Paid,2024-10-03
27,27,Card,84031.39,Paid,2026-04-05
28,28,Cash on Delivery,33139.33,Refunded,2023-03-08
29,29,Cash on Delivery,139025.0,Paid,2023-06-10
30,30,Cash on Delivery,53409.58,Paid,2025-10-28
31,31,Card,97610.62,Paid,2026-01-08
32,32,Bank Transfer,183399.63,Paid,2026-05-28
33,33,Cash on Delivery,92976.55,Paid,2024-10-11
34,34,Mobile Money,29618.37,Paid,2024-05-14
35,35,Cash on Delivery,77137.83,Failed,2024-04-17
36,36,Mobile Money,68542.15,Paid,2024-05-08
37,37,Mobile Money,153434.11,Failed,2025-01-11
38,38,Mobile Money,32136.36,Paid,2025-01-11
39,39,Mobile Money,26940.89,Paid,2025-05-07
40,40,Cash on Delivery,67197.51,Paid,2026-01-06
41,41,Mobile Money,174545.06,Paid,2026-04-12
42,42,Cash on Delivery,235301.29,Paid,2024-11-30
43,43,Card,89365.55,Paid,2025-10-31
44,44,Card,366216.62,Paid,2024-02-10
45,45,Mobile Money,296849.37,Paid,2023-09-05
46,46,Bank Transfer,222968.52,Paid,2025-08-20
47,47,Card,157013.02,Paid,2023-02-19
48,48,Mobile Money,171116.17,Paid,2025-12-20
49,49,Bank Transfer,288537.41,Refunded,2025-04-03
50,50,Bank Transfer,208471.39,Paid,2024-11-20
51,51,Bank Transfer,209996.2,Pending,2023-04-03
52,52,Card,205477.83,Paid,2025-04-17
53,53,Cash on Delivery,48572.06,Paid,2024-08-15
54,54,Mobile Money,313729.32,Failed,2026-04-22
55,55,Card,136826.27,Refunded,2026-04-30
56,56,Cash on Delivery,202730.39,Paid,2025-02-15
57,57,Card,41472.83,Paid,2026-04-19
58,58,Card,40529.32,Paid,2024-08-31
59,59,Cash on Delivery,158049.81,Paid,2025-12-11
60,60,Bank Transfer,202876.14,Paid,2024-08-07
61,61,Card,145225.89,Refunded,2023-10-21
62,62,Card,173458.14,Paid,2024-03-07
63,63,Mobile Money,82800.26,Paid,2024-10-05
64,64,Mobile Money,218439.23,Paid,2024-08-12
65,65,Card,200300.42,Paid,2024-08-13
66,66,Card,63447.24,Paid,2024-04-19
67,67,Mobile Money,141798.58,Paid,2025-11-07
68,68,Mobile Money,181491.62,Paid,2026-01-10
69,69,Card,82609.92,Paid,2023-02-22
70,70,Card,12870.26,Paid,2025-05-23
71,71,Bank Transfer,219063.25,Paid,2024-08-27
72,72,Bank Transfer,271052.19,Paid,2025-06-29
73,73,Mobile Money,144708.58,Paid,2024-07-24
74,74,Card,59653.65,Paid,2024-03-31
75,75,Cash on Delivery,295024.35,Paid,2024-07-19
76,76,Bank Transfer,144441.57,Paid,2023-06-01
77,77,Mobile Money,225453.69,Pending,2023-07-25
78,78,Cash on Delivery,260792.74,Paid,2023-03-14
79,79,Card,297852.67,Paid,2026-04-15
80,80,Card,295502.81,Paid,2024-02-05
81,81,Cash on Delivery,52779.82,Paid,2025-10-14
82,82,Cash on Delivery,56292.1,Paid,2025-11-23
83,83,Bank Transfer,265718.1,Paid,2026-02-16
84,84,Cash on Delivery,120021.38,Paid,2025-05-06
85,85,Cash on Delivery,140872.52,Paid,2024-04-25
86,86,Cash on Delivery,72255.72,Refunded,2024-01-04
87,87,Cash on Delivery,118094.13,Paid,2025-09-20
88,88,Bank Transfer,187247.24,Paid,2025-01-01
89,89,Cash on Delivery,187024.32,Paid,2023-08-19
90,90,Mobile Money,388195.07,Paid,2024-05-21
91,91,Card,355854.35,Refunded,2023-08-21
92,92,Mobile Money,122173.15,Paid,2025-09-17
93,93,Cash on Delivery,41707.49,Paid,2023-03-01
94,94,Bank Transfer,239140.32,Paid,2023-05-05
95,95,Cash on Delivery,324792.55,Paid,2024-10-12
96,96,Card,228419.78,Paid,2025-03-27
97,97,Mobile Money,183020.09,Pending,2024-03-24
98,98,Card,206822.78,Paid,2025-07-05
99,99,Cash on Delivery,105694.06,Paid,2026-01-02
100,100,Mobile Money,174726.16,Paid,2026-06-04
101,101,Card,176378.61,Paid,2023-02-13
102,102,Cash on Delivery,49719.3,Paid,2024-12-23
103,103,Cash on Delivery,118452.71,Paid,2024-03-07
104,104,Cash on Delivery,428399.34,Paid,2025-03-21
105,105,Bank Transfer,106199.13,Paid,2024-11-09
106,106,Mobile Money,122361.05,Paid,2023-01-28
107,107,Card,56998.59,Paid,2023-07-29
108,108,Card,394866.07,Paid,2023-11-18
109,109,Mobile Money,364355.71,Paid,2024-05-21
110,110,Cash on Delivery,166314.09,Paid,2025-03-31
111,111,Bank Transfer,41163.44,Paid,2023-06-23
112,112,Mobile Money,488082.23,Paid,2025-04-30
113,113,Bank Transfer,155538.22,Paid,2026-05-23
114,114,Card,243539.56,Refunded,2024-02-02
115,115,Card,14599.3,Paid,2025-05-20
116,116,Card,302564.99,Pending,2025-07-28
117,117,Cash on Delivery,247009.23,Failed,2026-03-26
118,118,Cash on Delivery,383306.0,Paid,2024-03-31
119,119,Card,89753.15,Paid,2025-12-28
120,120,Card,83152.76,Paid,2025-03-17
121,121,Cash on Delivery,123440.5,Paid,2025-07-15
122,122,Bank Transfer,111701.25,Paid,2024-04-20
123,123,Cash on Delivery,207883.02,Paid,2024-09-28
124,124,Card,127466.28,Paid,2023-07-15
125,125,Mobile Money,70206.55,Paid,2026-04-30
126,126,Card,32094.25,Paid,2025-08-27
127,127,Cash on Delivery,98248.51,Failed,2024-04-21
128,128,Card,308773.95,Paid,2024-09-29
129,129,Bank Transfer,206060.85,Paid,2026-03-03
130,130,Cash on Delivery,52197.12,Paid,2024-03-04
131,131,Card,134700.76,Paid,2024-10-03
132,132,Card,204572.83,Paid,2025-09-16
133,133,Bank Transfer,151805.93,Paid,2023-06-16
134,134,Cash on Delivery,224948.69,Paid,2023-09-18
135,135,Mobile Money,183634.44,Paid,2023-12-07
136,136,Cash on Delivery,211540.2,Paid,2023-03-21
137,137,Cash on Delivery,29387.9,Paid,2025-09-24
138,138,Card,351634.27,Paid,2025-03-28
139,139,Bank Transfer,119593.99,Paid,2024-07-09
140,140,Card,67015.99,Paid,2026-02-28
141,141,Card,107426.15,Paid,2024-02-23
142,142,Bank Transfer,180064.23,Paid,2026-05-23
143,143,Cash on Delivery,234814.6,Paid,2023-10-05
144,144,Cash on Delivery,363902.13,Paid,2023-01-21
145,145,Bank Transfer,162017.66,Paid,2023-05-18
146,146,Bank Transfer,479321.56,Refunded,2023-07-12
147,147,Bank Transfer,384192.26,Paid,2025-08-17
148,148,Card,299830.85,Paid,2026-02-19
149,149,Mobile Money,126976.15,Paid,2024-07-16
150,150,Mobile Money,457157.33,Paid,2026-04-11
151,151,Mobile Money,177704.9,Paid,2024-06-05
152,152,Bank Transfer,283331.17,Paid,2023-06-08
153,153,Mobile Money,103069.89,Paid,2024-07-27
154,154,Bank Transfer,171745.44,Refunded,2025-12-05
155,155,Bank Transfer,68257.02,Paid,2026-03-24
156,156,Bank Transfer,47233.97,Paid,2026-06-15
157,157,Mobile Money,111373.93,Paid,2024-03-19
158,158,Cash on Delivery,146409.69,Paid,2023-10-21
159,159,Mobile Money,211647.56,Failed,2023-06-09
160,160,Card,199143.75,Paid,2025-05-21
161,161,Cash on Delivery,424916.76,Paid,2023-08-29
162,162,Cash on Delivery,437372.9,Paid,2025-02-28
163,163,Bank Transfer,115772.5,Paid,2024-10-11
164,164,Mobile Money,62288.16,Paid,2023-12-07
165,165,Card,77449.4,Paid,2025-06-14
166,166,Mobile Money,182366.07,Paid,2023-09-04
167,167,Cash on Delivery,125857.09,Paid,2023-12-31
168,168,Cash on Delivery,55693.32,Paid,2024-12-09
169,169,Bank Transfer,54211.03,Paid,2025-02-22
170,170,Mobile Money,64499.91,Paid,2024-02-06
171,171,Cash on Delivery,33185.52,Pending,2026-04-15
172,172,Cash on Delivery,13322.35,Paid,2024-06-03
173,173,Cash on Delivery,191303.24,Paid,2023-03-10
174,174,Mobile Money,37695.78,Paid,2023-03-31
175,175,Bank Transfer,249635.66,Pending,2023-03-04
176,176,Card,25408.24,Paid,2025-10-01
177,177,Cash on Delivery,50211.59,Paid,2026-01-22
178,178,Cash on Delivery,334232.22,Pending,2023-11-10
179,179,Cash on Delivery,150920.74,Paid,2025-05-09
180,180,Mobile Money,254173.75,Paid,2023-05-08
181,181,Mobile Money,120349.12,Paid,2024-02-02
182,182,Mobile Money,102022.41,Pending,2024-10-10
183,183,Mobile Money,130709.29,Refunded,2025-01-20
184,184,Cash on Delivery,118447.64,Paid,2025-05-02
185,185,Card,120925.56,Paid,2025-10-24
186,186,Cash on Delivery,229495.45,Paid,2025-06-27
187,187,Bank Transfer,126178.44,Paid,2025-11-01
188,188,Cash on Delivery,24785.62,Paid,2024-09-29
189,189,Bank Transfer,163292.88,Pending,2025-08-12
190,190,Mobile Money,377353.48,Paid,2025-08-06
191,191,Mobile Money,69723.6,Pending,2023-06-26
192,192,Mobile Money,24610.13,Paid,2023-12-13
193,193,Cash on Delivery,217965.46,Paid,2023-06-16
194,194,Card,29125.21,Paid,2024-01-27
195,195,Cash on Delivery,79885.64,Paid,2024-08-10
196,196,Mobile Money,320941.02,Paid,2025-04-27
197,197,Bank Transfer,343379.12,Paid,2023-12-29
198,198,Mobile Money,89443.18,Paid,2023-07-09
199,199,Cash on Delivery,73875.1,Paid,2025-12-07
200,200,Bank Transfer,692739.8,Pending,2023-03-17
201,201,Bank Transfer,71707.95,Paid,2024-03-07
202,202,Card,258494.46,Pending,2024-08-14
203,203,Mobile Money,43696.97,Paid,2026-02-03
204,204,Cash on Delivery,53644.0,Paid,2024-06-12
205,205,Card,85690.83,Paid,2025-11-24
206,206,Bank Transfer,32076.08,Paid,2025-08-14
207,207,Cash on Delivery,73220.16,Paid,2026-04-20
208,208,Card,190780.01,Paid,2025-01-04
209,209,Mobile Money,389252.2,Paid,2024-11-20
210,210,Bank Transfer,227217.62,Paid,2024-09-19
211,211,Card,43551.34,Paid,2023-02-14
212,212,Mobile Money,81682.07,Pending,2026-03-25
213,213,Bank Transfer,84899.78,Paid,2024-06-01
214,214,Card,77351.64,Paid,2025-04-01
215,215,Cash on Delivery,182170.61,Paid,2025-11-04
216,216,Mobile Money,60612.01,Paid,2026-03-28
217,217,Bank Transfer,144689.52,Paid,2023-12-07
218,218,Mobile Money,62550.18,Paid,2025-12-09
219,219,Mobile Money,285182.3,Paid,2023-10-13
220,220,Card,27307.72,Paid,2023-07-05
221,221,Cash on Delivery,224585.82,Refunded,2025-07-28
222,222,Cash on Delivery,14472.77,Paid,2023-10-30
223,223,Mobile Money,212193.67,Failed,2023-06-14
224,224,Mobile Money,5141.61,Paid,2023-07-04
225,225,Bank Transfer,358275.3,Pending,2025-02-05
226,226,Bank Transfer,148153.84,Refunded,2025-08-22
227,227,Bank Transfer,143416.25,Paid,2025-08-25
228,228,Bank Transfer,131307.54,Paid,2023-07-16
229,229,Bank Transfer,84732.46,Pending,2025-03-29
230,230,Cash on Delivery,16043.98,Paid,2025-05-19
231,231,Mobile Money,41629.69,Paid,2025-09-27
232,232,Mobile Money,84329.95,Paid,2023-12-31
233,233,Card,262728.6,Paid,2023-01-04
234,234,Cash on Delivery,655610.36,Refunded,2024-04-16
235,235,Cash on Delivery,185061.92,Pending,2024-09-10
236,236,Cash on Delivery,156016.25,Paid,2024-01-04
237,237,Mobile Money,462056.8,Pending,2025-09-11
238,238,Bank Transfer,112080.08,Paid,2024-01-03
239,239,Mobile Money,61938.6,Failed,2025-08-10
240,240,Bank Transfer,9977.32,Paid,2025-04-08
241,241,Card,219148.55,Paid,2025-11-04
242,242,Cash on Delivery,70917.65,Paid,2025-04-02
243,243,Card,141699.25,Paid,2024-06-13
244,244,Bank Transfer,57403.38,Paid,2025-10-25
245,245,Mobile Money,93326.64,Refunded,2025-12-31
246,246,Mobile Money,59249.33,Paid,2025-12-24
247,247,Mobile Money,24312.52,Paid,2023-01-15
248,248,Cash on Delivery,156310.4,Pending,2024-06-12
249,249,Mobile Money,408360.09,Paid,2025-07-20
250,250,Mobile Money,281698.8,Paid,2023-09-06
251,251,Cash on Delivery,112067.85,Paid,2025-01-26
252,252,Bank Transfer,244821.0,Failed,2023-02-18
253,253,Bank Transfer,31362.65,Paid,2025-05-04
254,254,Cash on Delivery,446221.4,Paid,2023-03-14
255,255,Mobile Money,106878.28,Paid,2025-12-24
256,256,Cash on Delivery,184227.18,Paid,2023-07-13
257,257,Mobile Money,107268.8,Paid,2025-06-01
258,258,Cash on Delivery,79854.76,Paid,2026-06-18
259,259,Mobile Money,42786.01,Paid,2025-12-08
260,260,Cash on Delivery,234517.43,Paid,2025-02-02
261,261,Card,86691.11,Paid,2023-07-27
262,262,Mobile Money,67244.04,Paid,2024-11-22
263,263,Mobile Money,67941.43,Paid,2023-02-15
264,264,Cash on Delivery,77521.21,Paid,2023-06-12
265,265,Bank Transfer,59550.62,Paid,2026-03-15
266,266,Cash on Delivery,90101.6,Paid,2026-01-09
267,267,Cash on Delivery,66959.44,Paid,2026-03-20
268,268,Bank Transfer,59891.65,Paid,2024-07-16
269,269,Mobile Money,296320.55,Paid,2026-05-23
270,270,Bank Transfer,295992.69,Paid,2024-07-12
271,271,Card,188190.89,Paid,2023-09-23
272,272,Bank Transfer,100472.9,Failed,2024-10-13
273,273,Cash on Delivery,124152.02,Paid,2024-10-26
274,274,Mobile Money,298545.48,Paid,2026-06-01
275,275,Bank Transfer,195843.03,Paid,2024-11-04
276,276,Card,107870.93,Paid,2023-01-26
277,277,Mobile Money,53043.07,Paid,2023-11-07
278,278,Card,190665.28,Paid,2025-12-26
279,279,Bank Transfer,69323.91,Paid,2023-03-08
280,280,Card,89657.08,Paid,2026-02-23
281,281,Cash on Delivery,92417.88,Paid,2025-01-26
282,282,Mobile Money,46430.73,Paid,2025-08-15
283,283,Cash on Delivery,502712.34,Paid,2024-12-21
284,284,Card,143752.4,Failed,2024-08-04
285,285,Mobile Money,110451.44,Paid,2026-01-05
286,286,Mobile Money,325369.46,Paid,2023-07-18
287,287,Cash on Delivery,128437.45,Paid,2024-08-15
288,288,Card,398406.33,Paid,2025-04-01
289,289,Mobile Money,99821.15,Paid,2025-05-06
290,290,Mobile Money,206096.93,Paid,2023-08-05
291,291,Mobile Money,91772.6,Paid,2026-01-01
292,292,Card,77047.54,Paid,2025-10-10
293,293,Card,102044.66,Refunded,2023-11-18
294,294,Card,166462.12,Paid,2024-11-15
295,295,Card,161820.13,Paid,2025-02-24
296,296,Bank Transfer,148344.12,Paid,2025-04-20
297,297,Bank Transfer,78877.57,Paid,2023-10-11
298,298,Card,346568.41,Paid,2026-03-14
299,299,Card,36179.98,Paid,2024-05-26
300,300,Mobile Money,72605.82,Paid,2023-07-06
301,301,Mobile Money,306200.1,Paid,2025-03-08
302,302,Bank Transfer,76020.33,Paid,2025-07-26
303,303,Cash on Delivery,141499.57,Paid,2025-08-25
304,304,Card,57770.18,Paid,2023-03-05
305,305,Cash on Delivery,43184.05,Paid,2026-05-20
306,306,Card,97781.55,Paid,2025-08-02
307,307,Mobile Money,413894.92,Paid,2024-11-09
308,308,Card,124980.29,Paid,2023-01-15
309,309,Cash on Delivery,254118.47,Paid,2025-08-20
310,310,Mobile Money,166772.36,Paid,2026-01-05
311,311,Cash on Delivery,148209.04,Paid,2025-12-29
312,312,Card,106657.61,Paid,2023-05-03
313,313,Cash on Delivery,131187.7,Failed,2023-03-23
314,314,Bank Transfer,265641.62,Paid,2025-06-20
315,315,Bank Transfer,593867.32,Paid,2024-06-21
316,316,Bank Transfer,91259.5,Paid,2023-12-13
317,317,Mobile Money,131599.03,Paid,2024-05-12
318,318,Mobile Money,34726.57,Paid,2023-06-01
319,319,Mobile Money,614672.57,Paid,2024-05-16
320,320,Bank Transfer,124731.46,Paid,2024-11-08
321,321,Bank Transfer,137879.79,Paid,2026-05-02
322,322,Mobile Money,229437.63,Paid,2024-08-13
323,323,Cash on Delivery,139870.47,Pending,2025-01-12
324,324,Mobile Money,100306.26,Paid,2026-03-08
325,325,Bank Transfer,118355.9,Paid,2024-08-26
326,326,Bank Transfer,44998.03,Paid,2023-10-28
327,327,Mobile Money,284183.06,Paid,2024-04-11
328,328,Cash on Delivery,222841.76,Paid,2023-10-31
329,329,Mobile Money,123664.24,Paid,2025-11-07
330,330,Card,148851.08,Paid,2024-12-05
331,331,Mobile Money,227627.35,Pending,2024-10-05
332,332,Bank Transfer,83416.71,Refunded,2023-12-13
333,333,Bank Transfer,404314.81,Pending,2023-01-30
334,334,Cash on Delivery,58712.19,Paid,2024-04-04
335,335,Card,272631.11,Paid,2023-09-02
336,336,Mobile Money,359972.97,Paid,2026-03-12
337,337,Mobile Money,156045.43,Paid,2025-12-09
338,338,Mobile Money,402655.75,Paid,2023-03-09
339,339,Mobile Money,179123.86,Paid,2025-11-05
340,340,Cash on Delivery,123431.26,Pending,2026-01-06
341,341,Mobile Money,57868.24,Paid,2026-03-06
342,342,Bank Transfer,21250.7,Refunded,2024-01-10
343,343,Mobile Money,78511.24,Paid,2025-07-23
344,344,Bank Transfer,381818.03,Paid,2026-02-04
345,345,Cash on Delivery,244527.92,Paid,2023-05-11
346,346,Mobile Money,43784.58,Paid,2024-04-11
347,347,Mobile Money,289783.32,Paid,2025-08-08
348,348,Bank Transfer,233846.13,Refunded,2024-10-15
349,349,Mobile Money,150695.74,Paid,2025-06-24
350,350,Cash on Delivery,20706.15,Paid,2026-04-22
351,351,Bank Transfer,55146.58,Paid,2023-01-20
352,352,Mobile Money,169231.02,Paid,2025-06-25
353,353,Cash on Delivery,429537.86,Paid,2026-06-12
354,354,Mobile Money,186625.97,Paid,2025-04-13
355,355,Mobile Money,137601.72,Paid,2024-11-04
356,356,Mobile Money,112215.7,Paid,2024-09-05
357,357,Cash on Delivery,106826.16,Paid,2024-07-17
358,358,Cash on Delivery,283690.42,Paid,2023-08-17
359,359,Bank Transfer,203493.64,Paid,2025-08-21
360,360,Mobile Money,107450.51,Paid,2025-06-03
361,361,Mobile Money,140631.2,Paid,2024-12-02
362,362,Mobile Money,311436.25,Refunded,2024-02-01
363,363,Mobile Money,235454.36,Paid,2025-10-24
364,364,Card,217368.29,Failed,2023-07-30
365,365,Mobile Money,53899.0,Paid,2023-11-13
366,366,Cash on Delivery,166479.75,Paid,2023-12-18
367,367,Card,95228.48,Paid,2025-11-23
368,368,Bank Transfer,145250.52,Paid,2024-07-05
369,369,Cash on Delivery,412915.63,Paid,2025-01-29
370,370,Mobile Money,113097.44,Paid,2024-10-07
371,371,Mobile Money,121979.12,Paid,2025-05-04
372,372,Mobile Money,229667.28,Paid,2025-04-17
373,373,Mobile Money,100592.51,Paid,2024-07-15
374,374,Bank Transfer,148592.48,Paid,2024-06-08
375,375,Mobile Money,208412.61,Paid,2025-05-25
376,376,Mobile Money,182055.18,Refunded,2024-02-13
377,377,Mobile Money,218266.43,Paid,2023-08-07
378,378,Cash on Delivery,160626.9,Failed,2025-09-09
379,379,Cash on Delivery,110114.28,Paid,2025-03-09
380,380,Bank Transfer,199547.52,Paid,2025-02-07
381,381,Card,127669.3,Paid,2024-07-19
382,382,Card,310070.65,Paid,2023-08-16
383,383,Bank Transfer,195467.0,Paid,2024-10-26
384,384,Bank Transfer,137134.71,Paid,2026-04-22
385,385,Mobile Money,265707.76,Failed,2025-06-16
386,386,Card,91029.9,Failed,2024-06-17
387,387,Card,184734.49,Paid,2023-02-14
388,388,Mobile Money,262550.99,Paid,2024-10-04
389,389,Card,310045.78,Paid,2024-03-15
390,390,Mobile Money,115339.4,Paid,2025-01-11
391,391,Mobile Money,360844.11,Paid,2024-06-14
392,392,Cash on Delivery,126021.55,Paid,2023-10-15
393,393,Mobile Money,65849.24,Paid,2025-09-23
394,394,Card,109509.81,Paid,2025-02-03
395,395,Bank Transfer,225616.56,Paid,2024-10-31
396,396,Mobile Money,125940.71,Paid,2023-05-18
397,397,Card,314729.55,Paid,2023-08-19
398,398,Bank Transfer,25665.87,Paid,2026-03-21
399,399,Cash on Delivery,407738.15,Paid,2023-05-30
400,400,Bank Transfer,486133.51,Paid,2023-11-08
401,401,Mobile Money,440535.48,Paid,2026-03-24
402,402,Mobile Money,89590.75,Paid,2025-06-04
403,403,Card,14273.31,Refunded,2025-03-09
404,404,Card,44629.99,Paid,2023-11-05
405,405,Cash on Delivery,84403.0,Paid,2024-10-30
406,406,Cash on Delivery,75626.41,Paid,2026-03-22
407,407,Mobile Money,181512.54,Paid,2023-11-09
408,408,Cash on Delivery,37228.67,Paid,2024-01-07
409,409,Mobile Money,216412.42,Paid,2023-09-18
410,410,Card,81895.15,Paid,2024-10-07
411,411,Card,87827.82,Paid,2023-12-01
412,412,Mobile Money,136498.86,Paid,2024-12-28
413,413,Mobile Money,399886.59,Paid,2023-09-10
414,414,Card,138081.63,Paid,2024-03-03
415,415,Bank Transfer,143915.9,Paid,2024-02-11
416,416,Bank Transfer,6765.52,Failed,2023-07-10
417,417,Cash on Delivery,253626.2,Paid,2025-11-23
418,418,Bank Transfer,369305.04,Paid,2025-09-28
419,419,Cash on Delivery,168291.9,Paid,2024-01-27
420,420,Bank Transfer,189508.2,Paid,2025-01-06
421,421,Card,278785.57,Paid,2023-02-03
422,422,Card,118478.65,Paid,2023-07-24
423,423,Cash on Delivery,235443.83,Paid,2025-06-08
424,424,Bank Transfer,70796.42,Paid,2025-03-09
425,425,Bank Transfer,146998.04,Paid,2024-10-24
426,426,Cash on Delivery,130848.58,Paid,2026-03-02
427,427,Card,88511.37,Paid,2025-08-20
428,428,Card,248376.8,Paid,2024-08-23
429,429,Cash on Delivery,187082.25,Paid,2025-05-08
430,430,Cash on Delivery,303463.74,Refunded,2024-01-07
431,431,Cash on Delivery,18063.85,Paid,2023-03-03
432,432,Card,41669.12,Paid,2025-02-03
433,433,Cash on Delivery,254833.66,Paid,2024-11-10
434,434,Card,59626.64,Pending,2023-10-23
435,435,Bank Transfer,126646.29,Paid,2026-05-10
436,436,Bank Transfer,284404.76,Pending,2024-12-15
437,437,Mobile Money,236384.78,Paid,2025-09-01
438,438,Card,280829.32,Paid,2025-06-20
439,439,Cash on Delivery,156474.32,Paid,2023-01-02
440,440,Card,134620.86,Failed,2023-09-20
441,441,Mobile Money,588750.4,Paid,2023-07-17
442,442,Cash on Delivery,268661.63,Paid,2024-02-06
443,443,Bank Transfer,67542.67,Paid,2024-04-06
444,444,Cash on Delivery,347884.5,Paid,2024-08-01
445,445,Card,205873.87,Paid,2024-01-14
446,446,Card,278156.63,Paid,2026-04-24
447,447,Cash on Delivery,23296.14,Paid,2023-09-27
448,448,Bank Transfer,301431.16,Pending,2026-04-01
449,449,Bank Transfer,87020.32,Paid,2023-04-09
450,450,Mobile Money,432334.67,Paid,2023-03-11
451,451,Card,75180.07,Paid,2026-03-17
452,452,Mobile Money,84938.38,Paid,2026-03-28
453,453,Mobile Money,262869.95,Paid,2026-06-26
454,454,Cash on Delivery,305236.79,Paid,2024-07-26
455,455,Bank Transfer,57654.37,Paid,2024-11-21
456,456,Mobile Money,372668.02,Paid,2026-01-29
457,457,Card,176661.03,Paid,2025-11-29
458,458,Cash on Delivery,57641.29,Paid,2023-02-22
459,459,Bank Transfer,108738.61,Paid,2023-08-16
460,460,Mobile Money,142552.34,Paid,2024-12-12
461,461,Mobile Money,64874.91,Paid,2025-10-30
462,462,Mobile Money,19302.96,Paid,2024-02-04
463,463,Card,149268.37,Paid,2023-02-04
464,464,Mobile Money,29356.54,Paid,2026-05-15
465,465,Cash on Delivery,341570.2,Failed,2023-04-07
466,466,Cash on Delivery,204886.88,Paid,2025-12-23
467,467,Cash on Delivery,142298.32,Paid,2023-12-06
468,468,Cash on Delivery,162583.17,Paid,2023-11-08
469,469,Cash on Delivery,33640.69,Paid,2024-02-19
470,470,Cash on Delivery,13779.49,Paid,2024-08-30
471,471,Cash on Delivery,230808.49,Pending,2025-09-02
472,472,Cash on Delivery,231381.93,Paid,2023-01-01
473,473,Cash on Delivery,50692.06,Paid,2024-09-30
474,474,Mobile Money,53940.65,Paid,2023-05-17
475,475,Mobile Money,394333.39,Paid,2025-09-11
476,476,Cash on Delivery,140610.92,Failed,2025-03-12
477,477,Card,385162.2,Paid,2024-02-01
478,478,Card,163344.02,Paid,2024-07-19
479,479,Cash on Delivery,99816.26,Paid,2026-04-14
480,480,Cash on Delivery,167616.4,Pending,2024-07-18
481,481,Bank Transfer,183145.03,Paid,2024-09-29
482,482,Cash on Delivery,64504.3,Paid,2025-08-22
483,483,Bank Transfer,313613.47,Paid,2026-01-13
484,484,Card,22226.97,Paid,2024-11-30
485,485,Cash on Delivery,73237.64,Paid,2024-06-07
486,486,Mobile Money,76390.54,Paid,2023-12-11
487,487,Mobile Money,77053.75,Paid,2023-07-31
488,488,Card,447523.66,Paid,2025-01-12
489,489,Mobile Money,53549.4,Paid,2025-06-04
490,490,Bank Transfer,154326.8,Paid,2024-07-27
491,491,Cash on Delivery,53843.19,Paid,2024-11-04
492,492,Mobile Money,160899.49,Failed,2023-06-20
493,493,Cash on Delivery,227501.52,Pending,2024-05-12
494,494,Bank Transfer,89040.24,Paid,2024-06-28
495,495,Cash on Delivery,121346.89,Paid,2025-09-26
496,496,Mobile Money,129304.9,Paid,2026-05-27
497,497,Card,80939.03,Paid,2023-03-28
498,498,Bank Transfer,197375.7,Paid,2023-07-21
499,499,Card,88087.73,Paid,2024-05-03
500,500,Bank Transfer,105511.24,Paid,2025-05-13
501,501,Mobile Money,123942.14,Paid,2025-06-20
502,502,Mobile Money,232946.98,Paid,2025-03-27
503,503,Mobile Money,212963.88,Paid,2023-02-22
504,504,Cash on Delivery,32870.43,Paid,2024-11-04
505,505,Card,305381.74,Failed,2025-07-24
506,506,Mobile Money,19798.49,Paid,2024-12-22
507,507,Mobile Money,76007.27,Paid,2024-10-26
508,508,Cash on Delivery,145183.59,Paid,2023-11-25
509,509,Bank Transfer,153081.44,Paid,2024-10-21
510,510,Cash on Delivery,451703.13,Paid,2025-10-20
511,511,Card,117877.01,Refunded,2024-04-11
512,512,Mobile Money,230747.09,Paid,2023-07-05
513,513,Mobile Money,116222.39,Pending,2024-01-17
514,514,Bank Transfer,124838.56,Paid,2025-09-21
515,515,Card,483993.72,Paid,2023-11-23
516,516,Bank Transfer,222895.61,Paid,2026-04-06
517,517,Card,454275.69,Paid,2026-02-21
518,518,Mobile Money,363685.7,Paid,2025-03-26
519,519,Bank Transfer,87639.73,Paid,2023-07-05
520,520,Card,84766.35,Paid,2024-06-23
521,521,Cash on Delivery,71955.12,Paid,2025-03-23
522,522,Mobile Money,115312.62,Failed,2024-08-24
523,523,Card,149250.73,Paid,2024-04-05
524,524,Cash on Delivery,136051.17,Paid,2023-11-14
525,525,Cash on Delivery,114384.31,Pending,2024-03-24
526,526,Cash on Delivery,32446.0,Paid,2024-03-18
527,527,Card,136295.64,Paid,2026-06-07
528,528,Mobile Money,53805.06,Failed,2026-02-02
529,529,Mobile Money,186608.16,Paid,2026-04-04
530,530,Cash on Delivery,21371.17,Paid,2024-06-19
531,531,Mobile Money,86398.34,Refunded,2025-01-28
532,532,Mobile Money,267557.0,Paid,2024-10-17
533,533,Mobile Money,35380.2,Paid,2023-10-03
534,534,Card,378831.5,Paid,2026-01-07
535,535,Mobile Money,163461.04,Refunded,2025-09-01
536,536,Cash on Delivery,284769.15,Paid,2024-04-11
537,537,Cash on Delivery,438244.57,Pending,2024-04-03
538,538,Bank Transfer,104475.61,Paid,2025-07-31
539,539,Mobile Money,203273.61,Failed,2023-05-13
540,540,Mobile Money,52157.26,Pending,2023-04-28
541,541,Mobile Money,59503.39,Paid,2023-05-11
542,542,Card,9572.5,Paid,2026-03-12
543,543,Cash on Delivery,20153.4,Paid,2026-05-09
544,544,Card,104373.2,Pending,2025-03-22
545,545,Cash on Delivery,153938.72,Paid,2024-09-15
546,546,Cash on Delivery,126721.53,Paid,2025-04-13
547,547,Cash on Delivery,131955.45,Paid,2024-10-06
548,548,Mobile Money,307171.15,Failed,2025-01-03
549,549,Mobile Money,114191.7,Paid,2023-05-11
550,550,Bank Transfer,100578.51,Pending,2024-02-03
551,551,Cash on Delivery,109689.82,Paid,2024-01-03
552,552,Bank Transfer,99798.51,Paid,2023-09-02
553,553,Mobile Money,95484.8,Pending,2026-03-21
554,554,Cash on Delivery,295133.42,Paid,2025-08-29
555,555,Bank Transfer,93774.76,Paid,2024-09-29
556,556,Cash on Delivery,222068.18,Paid,2025-10-20
557,557,Mobile Money,78341.92,Paid,2024-04-09
558,558,Card,83106.29,Paid,2024-11-26
559,559,Cash on Delivery,151116.31,Paid,2023-02-11
560,560,Card,17442.87,Pending,2025-02-03
561,561,Mobile Money,538179.65,Paid,2023-01-26
562,562,Cash on Delivery,214339.77,Paid,2026-03-09
563,563,Mobile Money,298632.46,Paid,2024-01-22
564,564,Mobile Money,315783.44,Paid,2024-03-23
565,565,Bank Transfer,152178.08,Paid,2026-05-13
566,566,Bank Transfer,130196.3,Paid,2023-12-30
567,567,Cash on Delivery,233533.11,Paid,2023-03-04
568,568,Cash on Delivery,275342.45,Pending,2024-09-30
569,569,Card,147289.18,Paid,2026-04-23
570,570,Mobile Money,18690.56,Paid,2024-01-31
571,571,Cash on Delivery,600552.4,Paid,2025-07-20
572,572,Card,59806.57,Paid,2023-08-27
573,573,Card,502852.09,Paid,2023-10-17
574,574,Card,73217.32,Paid,2025-04-07
575,575,Mobile Money,117679.4,Paid,2026-04-25
576,576,Bank Transfer,234870.25,Paid,2024-10-18
577,577,Card,86315.57,Paid,2025-12-04
578,578,Card,82854.78,Paid,2024-08-01
579,579,Cash on Delivery,97182.71,Paid,2024-08-22
580,580,Cash on Delivery,220704.36,Paid,2023-06-18
581,581,Card,474151.35,Paid,2026-02-23
582,582,Mobile Money,175813.33,Paid,2024-08-11
583,583,Bank Transfer,193671.51,Paid,2023-07-02
584,584,Cash on Delivery,239151.05,Paid,2026-01-16
585,585,Bank Transfer,398850.32,Failed,2025-12-30
586,586,Bank Transfer,100202.37,Paid,2024-01-21
587,587,Cash on Delivery,105165.45,Pending,2025-06-07
588,588,Cash on Delivery,107967.84,Paid,2025-01-29
589,589,Cash on Delivery,204271.73,Paid,2024-01-16
590,590,Card,243221.6,Paid,2024-02-21
591,591,Mobile Money,73937.52,Paid,2023-02-01
592,592,Mobile Money,354657.6,Paid,2023-08-27
593,593,Cash on Delivery,8115.28,Paid,2024-11-08
594,594,Bank Transfer,208816.58,Paid,2025-01-31
595,595,Mobile Money,113522.52,Paid,2024-05-19
596,596,Mobile Money,44178.36,Paid,2026-03-14
597,597,Cash on Delivery,106872.67,Paid,2024-07-12
598,598,Cash on Delivery,61020.35,Paid,2025-02-11
599,599,Cash on Delivery,178087.87,Pending,2025-09-26
600,600,Bank Transfer,102318.95,Paid,2025-03-20
601,601,Bank Transfer,82821.64,Paid,2024-04-01
602,602,Card,143867.98,Paid,2025-09-27
603,603,Card,80774.92,Paid,2024-06-09
604,604,Mobile Money,85192.61,Pending,2026-03-13
605,605,Bank Transfer,124522.79,Paid,2024-02-18
606,606,Cash on Delivery,268421.03,Paid,2023-09-18
607,607,Cash on Delivery,243323.96,Paid,2023-08-12
608,608,Mobile Money,258013.8,Paid,2024-01-13
609,609,Mobile Money,46158.03,Paid,2024-05-10
610,610,Cash on Delivery,143110.55,Paid,2023-10-20
611,611,Card,37649.94,Paid,2025-10-28
612,612,Bank Transfer,55449.55,Paid,2023-03-31
613,613,Mobile Money,153115.71,Paid,2024-05-28
614,614,Bank Transfer,97874.48,Paid,2023-04-26
615,615,Mobile Money,25630.13,Paid,2025-11-01
616,616,Mobile Money,54308.98,Failed,2024-11-18
617,617,Cash on Delivery,95013.96,Paid,2023-05-23
618,618,Cash on Delivery,239374.57,Paid,2023-11-26
619,619,Card,205012.8,Failed,2023-08-17
620,620,Cash on Delivery,67446.65,Failed,2026-06-20
621,621,Cash on Delivery,178297.43,Failed,2023-03-20
622,622,Mobile Money,1071796.61,Paid,2023-01-13
623,623,Mobile Money,212144.03,Paid,2026-03-07
624,624,Card,32349.69,Paid,2023-03-14
625,625,Bank Transfer,56212.7,Paid,2025-09-02
626,626,Mobile Money,441857.4,Paid,2026-06-15
627,627,Bank Transfer,26221.77,Paid,2025-10-01
628,628,Card,131860.74,Refunded,2025-09-08
629,629,Card,89956.2,Paid,2024-04-03
630,630,Bank Transfer,70411.63,Paid,2025-03-06
631,631,Mobile Money,32760.36,Paid,2023-02-12
632,632,Bank Transfer,16424.56,Failed,2025-07-30
633,633,Mobile Money,302687.88,Paid,2025-04-03
634,634,Card,60229.52,Failed,2025-04-11
635,635,Mobile Money,48090.4,Paid,2025-07-15
636,636,Cash on Delivery,116904.3,Paid,2024-11-22
637,637,Bank Transfer,82737.92,Pending,2025-12-21
638,638,Card,76221.14,Paid,2026-03-10
639,639,Card,23498.89,Paid,2026-06-21
640,640,Bank Transfer,156908.71,Pending,2025-04-16
641,641,Mobile Money,111820.79,Failed,2023-10-17
642,642,Mobile Money,69080.32,Paid,2024-09-07
643,643,Bank Transfer,96740.15,Paid,2024-11-22
644,644,Card,12148.64,Paid,2025-11-25
645,645,Bank Transfer,102344.55,Paid,2024-02-27
646,646,Card,95349.21,Paid,2026-02-27
647,647,Cash on Delivery,146724.86,Paid,2023-11-05
648,648,Bank Transfer,309540.83,Paid,2023-09-25
649,649,Card,119617.58,Refunded,2026-06-08
650,650,Mobile Money,174994.82,Paid,2023-07-18
651,651,Cash on Delivery,80009.02,Paid,2024-11-09
652,652,Mobile Money,127954.55,Paid,2024-02-20
653,653,Mobile Money,143767.4,Paid,2025-01-13
654,654,Cash on Delivery,142752.47,Pending,2025-08-30
655,655,Bank Transfer,54384.2,Paid,2023-07-27
656,656,Cash on Delivery,466341.24,Paid,2023-12-01
657,657,Card,70004.2,Paid,2025-04-19
658,658,Card,48501.02,Paid,2024-07-29
659,659,Mobile Money,190388.98,Paid,2025-06-30
660,660,Bank Transfer,81275.12,Paid,2025-08-26
661,661,Bank Transfer,143407.03,Paid,2026-04-15
662,662,Bank Transfer,528309.5,Refunded,2024-01-08
663,663,Bank Transfer,27849.48,Paid,2026-03-06
664,664,Cash on Delivery,122318.71,Paid,2023-05-22
665,665,Card,174271.7,Paid,2025-03-17
666,666,Cash on Delivery,464864.45,Paid,2024-02-08
667,667,Card,112414.73,Paid,2024-12-27
668,668,Cash on Delivery,104214.98,Paid,2026-06-27
669,669,Bank Transfer,59934.13,Refunded,2024-06-01
670,670,Mobile Money,164053.92,Paid,2025-09-29
671,671,Cash on Delivery,335948.87,Paid,2024-05-04
672,672,Card,187492.97,Paid,2023-03-24
673,673,Mobile Money,77582.01,Paid,2025-07-27
674,674,Cash on Delivery,74423.73,Paid,2023-01-22
675,675,Mobile Money,205627.2,Pending,2025-08-20
676,676,Card,134637.57,Paid,2024-07-07
677,677,Cash on Delivery,155914.25,Paid,2025-05-19
678,678,Card,323156.16,Paid,2024-06-19
679,679,Bank Transfer,109627.39,Paid,2023-06-20
680,680,Bank Transfer,401662.94,Failed,2024-10-14
681,681,Card,83178.72,Paid,2023-08-08
682,682,Card,72375.6,Paid,2023-11-12
683,683,Cash on Delivery,67415.76,Paid,2023-06-04
684,684,Mobile Money,317315.2,Paid,2026-06-18
685,685,Cash on Delivery,97706.09,Paid,2024-11-08
686,686,Mobile Money,140216.33,Paid,2023-10-12
687,687,Bank Transfer,99845.36,Failed,2024-01-16
688,688,Cash on Delivery,77612.97,Paid,2025-06-05
689,689,Bank Transfer,193002.94,Paid,2025-03-03
690,690,Cash on Delivery,64374.62,Refunded,2024-02-09
691,691,Card,525878.33,Paid,2024-08-12
692,692,Cash on Delivery,303891.02,Paid,2024-01-14
693,693,Card,233297.49,Paid,2024-06-23
694,694,Bank Transfer,40670.69,Paid,2023-09-11
695,695,Cash on Delivery,53068.64,Paid,2024-04-11
696,696,Bank Transfer,151650.06,Paid,2024-08-30
697,697,Cash on Delivery,58171.93,Refunded,2024-03-22
698,698,Mobile Money,56031.75,Paid,2024-05-08
699,699,Cash on Delivery,110744.22,Paid,2024-05-30
700,700,Cash on Delivery,55114.68,Paid,2023-05-09
701,701,Cash on Delivery,26149.14,Paid,2026-06-23
702,702,Mobile Money,58570.54,Paid,2025-07-02
703,703,Card,208997.82,Paid,2024-10-14
704,704,Bank Transfer,154659.6,Paid,2026-05-25
705,705,Cash on Delivery,55271.84,Refunded,2025-07-12
706,706,Card,180407.65,Paid,2025-10-20
707,707,Cash on Delivery,67931.27,Paid,2024-01-25
708,708,Bank Transfer,498768.34,Paid,2024-12-23
709,709,Card,286208.97,Paid,2025-04-05
710,710,Card,348119.45,Refunded,2023-11-09
711,711,Cash on Delivery,94466.63,Paid,2023-02-20
712,712,Mobile Money,174991.38,Paid,2023-11-02
713,713,Card,115972.53,Paid,2023-12-20
714,714,Cash on Delivery,225974.14,Paid,2023-07-14
715,715,Cash on Delivery,85441.81,Refunded,2024-11-21
716,716,Bank Transfer,120916.86,Paid,2024-09-13
717,717,Cash on Delivery,62353.96,Paid,2026-05-27
718,718,Card,196272.72,Paid,2025-09-25
719,719,Mobile Money,121118.33,Paid,2024-10-24
720,720,Mobile Money,236947.29,Paid,2025-11-28
721,721,Bank Transfer,250534.36,Paid,2023-01-27
722,722,Mobile Money,136013.87,Paid,2024-09-28
723,723,Mobile Money,60225.43,Paid,2023-09-23
724,724,Bank Transfer,77554.18,Paid,2023-09-20
725,725,Bank Transfer,219949.5,Paid,2023-02-06
726,726,Cash on Delivery,50350.5,Paid,2024-10-30
727,727,Mobile Money,60582.94,Failed,2025-09-02
728,728,Card,75706.62,Refunded,2024-02-03
729,729,Card,40134.47,Paid,2026-03-18
730,730,Mobile Money,98756.6,Paid,2024-05-25
731,731,Card,66146.58,Paid,2024-10-03
732,732,Card,59018.14,Paid,2023-10-31
733,733,Mobile Money,59285.59,Paid,2025-08-05
734,734,Card,296646.12,Paid,2024-06-28
735,735,Card,9163.09,Paid,2024-07-19
736,736,Cash on Delivery,114460.83,Paid,2025-08-28
737,737,Card,37881.45,Paid,2024-12-30
738,738,Cash on Delivery,162281.53,Refunded,2024-10-17
739,739,Card,182565.87,Paid,2024-02-14
740,740,Cash on Delivery,77375.88,Failed,2026-05-24
741,741,Cash on Delivery,24398.06,Paid,2024-02-04
742,742,Mobile Money,96654.81,Failed,2025-02-09
743,743,Mobile Money,259775.54,Paid,2024-09-02
744,744,Cash on Delivery,109545.05,Paid,2023-03-01
745,745,Mobile Money,143866.1,Paid,2025-01-24
746,746,Cash on Delivery,73421.94,Refunded,2025-02-21
747,747,Mobile Money,98151.58,Paid,2024-10-05
748,748,Mobile Money,37353.76,Paid,2024-02-10
749,749,Mobile Money,100099.84,Paid,2023-09-21
750,750,Card,258539.08,Paid,2024-10-30
751,751,Bank Transfer,6064.4,Paid,2025-02-07
752,752,Card,340579.65,Paid,2024-10-25
753,753,Mobile Money,484714.62,Paid,2023-03-12
754,754,Mobile Money,53957.85,Paid,2026-03-10
755,755,Mobile Money,137480.78,Pending,2023-09-28
756,756,Card,55487.21,Paid,2023-11-07
757,757,Cash on Delivery,28458.35,Paid,2024-04-26
758,758,Bank Transfer,130430.91,Paid,2024-11-23
759,759,Card,165947.34,Paid,2025-10-05
760,760,Card,499172.74,Pending,2025-03-21
761,761,Mobile Money,235101.41,Paid,2025-07-07
762,762,Card,247268.53,Paid,2024-04-10
763,763,Bank Transfer,17494.04,Paid,2023-02-19
764,764,Cash on Delivery,58997.85,Pending,2025-09-07
765,765,Card,238794.44,Paid,2023-11-09
766,766,Bank Transfer,59542.88,Paid,2025-03-21
767,767,Bank Transfer,123101.43,Paid,2023-02-18
768,768,Mobile Money,376016.44,Paid,2026-04-22
769,769,Card,189388.89,Paid,2023-01-15
770,770,Cash on Delivery,116149.42,Paid,2025-11-08
771,771,Card,187402.15,Paid,2023-01-16
772,772,Cash on Delivery,69811.84,Refunded,2026-02-13
773,773,Cash on Delivery,209833.79,Paid,2026-05-29
774,774,Card,24071.26,Paid,2025-03-15
775,775,Mobile Money,45797.17,Refunded,2025-07-01
776,776,Card,289977.68,Paid,2025-04-10
777,777,Card,53706.48,Paid,2023-08-07
778,778,Mobile Money,321290.97,Failed,2024-09-03
779,779,Card,37437.3,Paid,2025-01-09
780,780,Mobile Money,105385.93,Paid,2026-03-06
781,781,Cash on Delivery,427667.44,Paid,2023-01-26
782,782,Cash on Delivery,18405.36,Paid,2024-02-27
783,783,Mobile Money,122710.05,Paid,2024-11-01
784,784,Bank Transfer,211147.63,Paid,2023-12-05
785,785,Card,165941.84,Paid,2024-05-23
786,786,Card,84754.87,Paid,2023-03-05
787,787,Mobile Money,56100.24,Paid,2023-01-01
788,788,Cash on Delivery,137284.72,Paid,2023-11-23
789,789,Cash on Delivery,198153.49,Paid,2024-01-26
790,790,Bank Transfer,97243.58,Paid,2024-07-27
791,791,Card,34717.21,Paid,2023-03-13
792,792,Card,87073.24,Pending,2024-02-24
793,793,Card,169681.14,Pending,2023-03-04
794,794,Bank Transfer,97011.15,Paid,2024-04-25
795,795,Cash on Delivery,48832.56,Paid,2026-02-15
796,796,Card,131721.26,Paid,2025-09-09
797,797,Bank Transfer,74075.41,Paid,2023-05-14
798,798,Mobile Money,490018.74,Paid,2025-10-15
799,799,Bank Transfer,221348.09,Paid,2023-01-28
800,800,Mobile Money,225722.38,Paid,2024-07-29
801,801,Mobile Money,198493.72,Paid,2023-02-19
802,802,Bank Transfer,49123.53,Paid,2025-07-06
803,803,Bank Transfer,173775.66,Paid,2025-06-10
804,804,Bank Transfer,115966.92,Paid,2023-04-07
805,805,Cash on Delivery,42782.71,Paid,2025-07-23
806,806,Mobile Money,71277.9,Paid,2025-01-30
807,807,Cash on Delivery,708131.59,Paid,2024-12-11
808,808,Cash on Delivery,179219.73,Paid,2025-08-15
809,809,Mobile Money,120605.28,Pending,2025-10-09
810,810,Card,349392.81,Paid,2023-06-27
811,811,Card,242543.24,Paid,2025-01-04
812,812,Card,80996.58,Paid,2023-12-03
813,813,Card,21451.07,Paid,2023-10-25
814,814,Bank Transfer,170720.8,Paid,2023-11-23
815,815,Cash on Delivery,111345.33,Failed,2025-03-22
816,816,Card,68196.25,Paid,2025-10-23
817,817,Mobile Money,119089.6,Paid,2023-01-09
818,818,Mobile Money,103395.24,Paid,2024-04-09
819,819,Cash on Delivery,93142.49,Paid,2025-02-03
820,820,Card,182319.44,Pending,2025-03-15
821,821,Bank Transfer,40020.27,Paid,2023-08-06
822,822,Bank Transfer,215058.44,Pending,2024-01-21
823,823,Bank Transfer,106381.41,Paid,2023-08-09
824,824,Mobile Money,133873.5,Paid,2024-09-19
825,825,Bank Transfer,196073.37,Paid,2026-01-14
826,826,Mobile Money,92254.17,Failed,2023-02-18
827,827,Bank Transfer,110529.48,Paid,2024-01-16
828,828,Card,250849.99,Paid,2025-05-14
829,829,Bank Transfer,145493.24,Paid,2026-05-08
830,830,Mobile Money,130059.77,Paid,2024-09-14
831,831,Bank Transfer,130928.23,Paid,2026-06-13
832,832,Bank Transfer,7401.55,Paid,2025-10-20
833,833,Bank Transfer,6806.73,Paid,2025-08-27
834,834,Cash on Delivery,113116.56,Paid,2025-05-15
835,835,Card,197651.41,Paid,2025-10-01
836,836,Bank Transfer,217767.62,Paid,2023-06-27
837,837,Cash on Delivery,168801.79,Failed,2024-05-17
838,838,Card,333429.62,Paid,2024-11-21
839,839,Cash on Delivery,165913.05,Paid,2024-10-23
840,840,Bank Transfer,34743.12,Paid,2024-03-19
841,841,Bank Transfer,65768.46,Paid,2023-09-20
842,842,Mobile Money,109809.69,Paid,2025-11-02
843,843,Mobile Money,149948.72,Paid,2024-07-16
844,844,Card,67125.27,Paid,2023-04-10
845,845,Mobile Money,25215.16,Pending,2025-10-02
846,846,Mobile Money,34018.31,Paid,2023-03-23
847,847,Mobile Money,86408.77,Paid,2023-11-14
848,848,Cash on Delivery,189502.16,Failed,2023-01-12
849,849,Cash on Delivery,465985.31,Paid,2023-12-28
850,850,Cash on Delivery,85325.62,Paid,2024-11-27
851,851,Bank Transfer,517265.83,Paid,2025-06-29
852,852,Cash on Delivery,109321.0,Paid,2026-05-24
853,853,Bank Transfer,53005.96,Paid,2025-05-30
854,854,Mobile Money,15555.94,Paid,2025-01-24
855,855,Card,72944.09,Paid,2023-03-10
856,856,Bank Transfer,186804.86,Paid,2023-05-18
857,857,Bank Transfer,88646.15,Paid,2025-01-02
858,858,Card,204054.48,Paid,2023-10-09
859,859,Bank Transfer,349185.14,Paid,2024-01-18
860,860,Card,199491.18,Paid,2026-02-15
861,861,Mobile Money,51088.19,Paid,2024-01-15
862,862,Cash on Delivery,96502.32,Paid,2024-04-20
863,863,Cash on Delivery,213815.9,Paid,2025-03-11
864,864,Card,334551.13,Paid,2023-08-19
865,865,Card,146398.68,Paid,2023-01-19
866,866,Card,130404.52,Paid,2024-05-14
867,867,Card,348221.09,Paid,2025-08-30
868,868,Mobile Money,385174.35,Paid,2025-03-05
869,869,Cash on Delivery,221189.79,Paid,2023-10-27
870,870,Cash on Delivery,181712.16,Paid,2023-05-20
871,871,Cash on Delivery,105191.32,Paid,2023-12-04
872,872,Card,507909.95,Paid,2025-01-10
873,873,Card,295120.48,Paid,2025-06-03
874,874,Cash on Delivery,238502.12,Paid,2023-02-26
875,875,Mobile Money,195359.74,Failed,2025-03-11
876,876,Cash on Delivery,119889.77,Paid,2023-09-18
877,877,Mobile Money,328914.7,Pending,2025-04-12
878,878,Mobile Money,39967.63,Paid,2024-05-09
879,879,Mobile Money,167397.08,Paid,2023-06-03
880,880,Mobile Money,108307.68,Paid,2026-02-24
881,881,Bank Transfer,168413.58,Paid,2023-03-23
882,882,Mobile Money,137900.91,Paid,2024-11-30
883,883,Cash on Delivery,68768.26,Paid,2024-09-23
884,884,Mobile Money,73975.1,Paid,2026-04-22
885,885,Cash on Delivery,46221.87,Refunded,2026-03-21
886,886,Cash on Delivery,81105.87,Paid,2025-09-29
887,887,Mobile Money,333656.4,Paid,2023-05-09
888,888,Card,525410.86,Paid,2024-08-14
889,889,Card,210143.29,Pending,2024-05-05
890,890,Bank Transfer,120136.9,Paid,2024-01-28
891,891,Mobile Money,49216.29,Paid,2024-06-24
892,892,Mobile Money,67348.04,Paid,2026-06-09
893,893,Cash on Delivery,83890.18,Paid,2024-01-25
894,894,Card,72064.54,Paid,2024-02-23
895,895,Mobile Money,157537.15,Paid,2024-08-19
896,896,Card,34496.3,Failed,2024-11-21
897,897,Cash on Delivery,308764.52,Paid,2025-02-06
898,898,Card,82818.52,Paid,2026-03-09
899,899,Card,52270.92,Paid,2026-05-26
900,900,Bank Transfer,75469.0,Paid,2026-02-01
901,901,Card,161180.59,Failed,2025-10-10
902,902,Mobile Money,146709.94,Refunded,2024-07-21
903,903,Cash on Delivery,132365.99,Paid,2023-04-15
904,904,Card,56931.06,Paid,2023-08-10
905,905,Card,148181.9,Paid,2023-10-14
906,906,Bank Transfer,318511.14,Paid,2023-03-26
907,907,Bank Transfer,234426.5,Paid,2024-07-03
908,908,Card,304824.87,Paid,2025-05-16
909,909,Card,732869.36,Paid,2023-05-03
910,910,Mobile Money,62079.04,Paid,2024-07-21
911,911,Mobile Money,89796.12,Paid,2026-06-20
912,912,Card,96794.35,Paid,2024-12-25
913,913,Card,116642.96,Paid,2024-10-10
914,914,Bank Transfer,105372.84,Paid,2024-02-21
915,915,Mobile Money,147667.82,Paid,2023-07-06
916,916,Bank Transfer,120280.03,Failed,2025-09-22
917,917,Bank Transfer,134441.5,Paid,2024-03-28
918,918,Card,264813.95,Paid,2024-03-27
919,919,Cash on Delivery,6761.13,Paid,2024-09-23
920,920,Card,64697.35,Paid,2025-07-02
921,921,Mobile Money,58695.62,Paid,2025-04-16
922,922,Mobile Money,77535.48,Paid,2026-06-13
923,923,Bank Transfer,196201.31,Paid,2024-02-25
924,924,Bank Transfer,155257.37,Paid,2024-12-02
925,925,Bank Transfer,553992.18,Paid,2025-03-05
926,926,Card,121957.17,Paid,2023-06-08
927,927,Card,129446.78,Paid,2023-12-11
928,928,Bank Transfer,130305.68,Paid,2025-04-09
929,929,Bank Transfer,100186.9,Paid,2025-02-16
930,930,Cash on Delivery,116359.18,Failed,2026-02-27
931,931,Mobile Money,42031.37,Paid,2023-02-14
932,932,Cash on Delivery,96358.77,Paid,2023-02-11
933,933,Cash on Delivery,256745.34,Paid,2023-07-03
934,934,Bank Transfer,59098.7,Paid,2025-01-20
935,935,Mobile Money,233527.96,Paid,2026-04-14
936,936,Card,27026.95,Paid,2023-03-16
937,937,Card,81021.2,Paid,2023-07-04
938,938,Bank Transfer,258829.3,Paid,2023-04-13
939,939,Bank Transfer,338036.29,Paid,2025-07-16
940,940,Mobile Money,90775.4,Paid,2024-07-24
941,941,Bank Transfer,60672.77,Pending,2025-12-02
942,942,Bank Transfer,299367.81,Paid,2023-04-17
943,943,Cash on Delivery,438327.33,Paid,2023-12-27
944,944,Bank Transfer,190625.13,Paid,2023-12-10
945,945,Mobile Money,160488.81,Paid,2026-05-19
946,946,Bank Transfer,164863.6,Pending,2024-01-02
947,947,Bank Transfer,118800.65,Paid,2025-01-25
948,948,Cash on Delivery,53025.61,Paid,2024-05-18
949,949,Bank Transfer,228431.88,Failed,2024-07-11
950,950,Cash on Delivery,75009.99,Paid,2023-04-27
951,951,Cash on Delivery,325632.47,Paid,2023-11-16
952,952,Mobile Money,136852.22,Paid,2026-03-21
953,953,Cash on Delivery,134962.75,Paid,2023-08-14
954,954,Bank Transfer,44122.06,Pending,2023-03-28
955,955,Bank Transfer,230024.56,Paid,2024-08-11
956,956,Mobile Money,73111.2,Paid,2025-03-19
957,957,Mobile Money,276528.79,Paid,2025-08-13
958,958,Card,123741.12,Paid,2026-03-28
959,959,Card,428147.26,Paid,2023-12-08
960,960,Mobile Money,53258.75,Paid,2024-02-28
961,961,Cash on Delivery,55264.33,Paid,2023-08-25
962,962,Cash on Delivery,6059.16,Paid,2024-09-05
963,963,Card,287259.65,Paid,2023-02-02
964,964,Card,251539.05,Failed,2023-10-29
965,965,Mobile Money,33306.39,Paid,2023-10-14
966,966,Cash on Delivery,133215.53,Paid,2023-10-19
967,967,Mobile Money,57552.26,Paid,2024-06-01
968,968,Mobile Money,380839.65,Paid,2025-01-30
969,969,Card,314087.42,Paid,2024-05-17
970,970,Mobile Money,44245.55,Paid,2024-08-28
971,971,Card,143813.27,Pending,2025-06-06
972,972,Mobile Money,84026.52,Paid,2026-02-03
973,973,Mobile Money,59621.14,Paid,2023-05-19
974,974,Bank Transfer,106450.77,Paid,2023-12-06
975,975,Bank Transfer,33329.42,Paid,2026-02-24
976,976,Mobile Money,149058.27,Paid,2025-12-03
977,977,Bank Transfer,340532.66,Paid,2026-06-09
978,978,Card,151760.02,Paid,2025-01-23
979,979,Bank Transfer,101361.24,Paid,2025-06-16
980,980,Mobile Money,200596.68,Paid,2026-01-27
981,981,Card,32670.49,Paid,2025-02-12
982,982,Cash on Delivery,118432.16,Paid,2024-07-01
983,983,Mobile Money,246230.7,Paid,2023-07-10
984,984,Mobile Money,80586.03,Paid,2023-03-27
985,985,Bank Transfer,179798.45,Paid,2024-02-03
986,986,Card,22753.2,Pending,2025-05-24
987,987,Mobile Money,158989.19,Paid,2023-01-02
988,988,Cash on Delivery,285009.17,Paid,2025-09-15
989,989,Mobile Money,39033.14,Paid,2025-10-07
990,990,Cash on Delivery,193958.13,Paid,2026-06-17
991,991,Mobile Money,65201.81,Paid,2026-03-27
992,992,Card,316446.92,Refunded,2024-11-08
993,993,Bank Transfer,434501.23,Paid,2026-04-22
994,994,Card,235504.38,Paid,2024-05-17
995,995,Cash on Delivery,267231.23,Paid,2024-07-11
996,996,Cash on Delivery,327281.32,Paid,2025-04-08
997,997,Mobile Money,127906.95,Paid,2023-08-07
998,998,Cash on Delivery,249448.66,Paid,2024-05-24
999,999,Mobile Money,683506.71,Paid,2026-01-15
1000,1000,Mobile Money,170441.35,Paid,2025-05-08
1001,1001,Cash on Delivery,190140.51,Paid,2023-11-29
1002,1002,Cash on Delivery,154906.72,Paid,2023-05-16
1003,1003,Bank Transfer,54938.03,Paid,2025-04-11
1004,1004,Mobile Money,170995.71,Paid,2024-11-14
1005,1005,Mobile Money,372819.76,Paid,2025-10-04
1006,1006,Cash on Delivery,185417.43,Paid,2024-04-26
1007,1007,Bank Transfer,70675.73,Paid,2024-11-19
1008,1008,Card,95050.93,Pending,2023-06-19
1009,1009,Bank Transfer,288199.38,Paid,2023-01-18
1010,1010,Card,118399.12,Paid,2023-11-08
1011,1011,Card,266519.43,Paid,2023-10-01
1012,1012,Mobile Money,172679.02,Failed,2025-01-01
1013,1013,Bank Transfer,1373.29,Paid,2024-11-07
1014,1014,Cash on Delivery,126026.34,Paid,2023-03-22
1015,1015,Bank Transfer,89236.58,Paid,2023-12-15
1016,1016,Bank Transfer,73371.7,Paid,2024-07-01
1017,1017,Mobile Money,89614.78,Paid,2023-05-27
1018,1018,Cash on Delivery,68526.12,Refunded,2026-05-26
1019,1019,Mobile Money,458546.85,Paid,2025-11-20
1020,1020,Card,53455.21,Paid,2024-08-04
1021,1021,Card,138953.43,Paid,2023-11-30
1022,1022,Mobile Money,122266.15,Paid,2024-09-19
1023,1023,Cash on Delivery,431755.91,Paid,2025-05-06
1024,1024,Mobile Money,75824.15,Paid,2024-10-30
1025,1025,Bank Transfer,39245.41,Paid,2023-11-14
1026,1026,Bank Transfer,188992.06,Refunded,2023-10-30
1027,1027,Cash on Delivery,56994.69,Paid,2023-05-31
1028,1028,Card,533848.51,Paid,2026-04-01
1029,1029,Mobile Money,194561.59,Paid,2023-09-09
1030,1030,Bank Transfer,145081.96,Paid,2026-04-18
1031,1031,Card,386575.64,Paid,2023-03-11
1032,1032,Cash on Delivery,270090.72,Paid,2023-05-16
1033,1033,Bank Transfer,320591.64,Paid,2025-03-08
1034,1034,Card,143274.77,Paid,2025-03-25
1035,1035,Bank Transfer,339834.16,Paid,2025-05-14
1036,1036,Cash on Delivery,68157.6,Paid,2026-03-06
1037,1037,Bank Transfer,115332.5,Paid,2024-05-28
1038,1038,Card,816386.7,Paid,2023-10-31
1039,1039,Card,220262.16,Paid,2026-05-21
1040,1040,Card,61437.77,Paid,2024-01-05
1041,1041,Mobile Money,26424.29,Paid,2025-01-08
1042,1042,Cash on Delivery,104186.14,Failed,2023-01-06
1043,1043,Mobile Money,116140.84,Refunded,2024-02-18
1044,1044,Bank Transfer,54399.33,Paid,2025-10-31
1045,1045,Bank Transfer,250892.56,Paid,2026-04-24
1046,1046,Card,468291.18,Paid,2023-03-22
1047,1047,Mobile Money,90162.35,Paid,2024-08-17
1048,1048,Card,401675.9,Paid,2024-08-05
1049,1049,Bank Transfer,49320.55,Paid,2023-05-09
1050,1050,Bank Transfer,269978.71,Paid,2026-05-31
1051,1051,Bank Transfer,18583.6,Paid,2024-04-01
1052,1052,Mobile Money,521751.68,Paid,2023-03-21
1053,1053,Bank Transfer,117455.79,Paid,2025-03-19
1054,1054,Cash on Delivery,232219.2,Paid,2024-03-30
1055,1055,Mobile Money,157701.75,Paid,2023-04-08
1056,1056,Cash on Delivery,454007.97,Paid,2026-01-24
1057,1057,Card,100882.64,Paid,2024-09-19
1058,1058,Mobile Money,182655.36,Paid,2024-03-13
1059,1059,Bank Transfer,230212.44,Paid,2023-08-26
1060,1060,Bank Transfer,59155.58,Paid,2024-11-03
1061,1061,Bank Transfer,93922.19,Pending,2025-05-29
1062,1062,Cash on Delivery,315979.4,Paid,2023-02-12
1063,1063,Cash on Delivery,209230.83,Pending,2024-06-12
1064,1064,Mobile Money,255786.17,Paid,2025-05-01
1065,1065,Cash on Delivery,103128.51,Paid,2023-12-02
1066,1066,Bank Transfer,101515.9,Paid,2024-09-25
1067,1067,Cash on Delivery,42273.67,Paid,2023-06-06
1068,1068,Cash on Delivery,64558.29,Paid,2024-05-05
1069,1069,Mobile Money,157668.92,Failed,2024-07-07
1070,1070,Card,30402.78,Paid,2023-09-06
1071,1071,Bank Transfer,174330.77,Refunded,2025-08-10
1072,1072,Card,76014.71,Paid,2024-07-23
1073,1073,Bank Transfer,210877.16,Paid,2023-12-28
1074,1074,Bank Transfer,28891.16,Paid,2023-02-07
1075,1075,Mobile Money,124456.38,Failed,2023-06-26
1076,1076,Mobile Money,164843.43,Paid,2025-12-05
1077,1077,Card,117760.34,Paid,2024-12-20
1078,1078,Cash on Delivery,63877.22,Paid,2025-06-04
1079,1079,Bank Transfer,69560.38,Paid,2024-03-10
1080,1080,Mobile Money,66825.14,Paid,2026-04-15
1081,1081,Bank Transfer,68445.42,Paid,2025-10-09
1082,1082,Bank Transfer,58910.99,Paid,2025-01-25
1083,1083,Cash on Delivery,121992.51,Paid,2024-01-21
1084,1084,Mobile Money,280001.78,Failed,2025-02-01
1085,1085,Card,437061.23,Paid,2024-10-07
1086,1086,Card,158807.71,Paid,2026-05-02
1087,1087,Card,54058.45,Paid,2023-10-06
1088,1088,Cash on Delivery,311681.78,Paid,2024-11-28
1089,1089,Mobile Money,177338.6,Paid,2024-10-11
1090,1090,Card,38599.01,Paid,2024-08-23
1091,1091,Mobile Money,183994.7,Paid,2023-10-08
1092,1092,Card,221589.52,Paid,2024-11-27
1093,1093,Cash on Delivery,63385.58,Paid,2025-01-15
1094,1094,Card,160730.46,Paid,2025-04-13
1095,1095,Bank Transfer,105597.39,Paid,2024-01-14
1096,1096,Cash on Delivery,129469.07,Paid,2026-05-19
1097,1097,Bank Transfer,183903.07,Paid,2023-07-14
1098,1098,Bank Transfer,165527.21,Paid,2024-01-10
1099,1099,Card,66111.11,Paid,2024-04-19
1100,1100,Mobile Money,110059.05,Failed,2026-01-31
1101,1101,Mobile Money,17474.2,Paid,2026-01-29
1102,1102,Mobile Money,91425.95,Paid,2026-02-05
1103,1103,Card,93119.37,Paid,2023-03-25
1104,1104,Card,61822.41,Paid,2024-11-13
1105,1105,Bank Transfer,195098.89,Paid,2023-07-13
1106,1106,Card,147274.16,Paid,2023-03-29
1107,1107,Cash on Delivery,162979.33,Paid,2023-08-07
1108,1108,Bank Transfer,242930.18,Paid,2024-05-22
1109,1109,Cash on Delivery,132753.72,Paid,2026-03-11
1110,1110,Card,138351.77,Pending,2024-03-23
1111,1111,Mobile Money,99737.99,Paid,2025-11-09
1112,1112,Card,224181.15,Pending,2025-12-07
1113,1113,Cash on Delivery,92962.61,Paid,2024-01-20
1114,1114,Mobile Money,25351.24,Paid,2024-03-08
1115,1115,Card,153297.46,Paid,2024-08-22
1116,1116,Bank Transfer,243924.21,Paid,2025-04-22
1117,1117,Cash on Delivery,149485.46,Paid,2023-09-13
1118,1118,Mobile Money,116089.91,Paid,2023-01-03
1119,1119,Mobile Money,87575.72,Pending,2024-06-02
1120,1120,Cash on Delivery,80883.45,Paid,2026-04-03
1121,1121,Cash on Delivery,230539.43,Paid,2023-03-24
1122,1122,Cash on Delivery,85029.86,Paid,2023-05-28
1123,1123,Bank Transfer,91912.15,Paid,2023-08-19
1124,1124,Card,133009.98,Paid,2023-08-15
1125,1125,Mobile Money,78760.27,Paid,2025-07-04
1126,1126,Mobile Money,71941.58,Paid,2025-01-25
1127,1127,Bank Transfer,164413.39,Paid,2025-11-28
1128,1128,Mobile Money,296440.14,Paid,2023-10-26
1129,1129,Card,478689.63,Paid,2024-05-12
1130,1130,Card,158186.81,Refunded,2023-04-11
1131,1131,Card,472482.57,Pending,2023-05-06
1132,1132,Bank Transfer,301676.06,Paid,2024-02-22
1133,1133,Cash on Delivery,155479.48,Paid,2024-08-03
1134,1134,Bank Transfer,159367.15,Paid,2025-08-27
1135,1135,Mobile Money,92905.1,Paid,2024-09-12
1136,1136,Card,89126.73,Paid,2024-07-18
1137,1137,Bank Transfer,324223.72,Paid,2025-09-10
1138,1138,Bank Transfer,68225.86,Paid,2024-04-25
1139,1139,Cash on Delivery,242392.06,Paid,2025-11-09
1140,1140,Bank Transfer,396219.77,Paid,2025-01-29
1141,1141,Mobile Money,34378.3,Paid,2025-11-23
1142,1142,Bank Transfer,224065.98,Paid,2026-03-07
1143,1143,Cash on Delivery,79804.33,Paid,2024-05-15
1144,1144,Bank Transfer,152530.41,Paid,2024-01-10
1145,1145,Card,268828.18,Paid,2023-11-02
1146,1146,Mobile Money,23891.94,Paid,2026-02-08
1147,1147,Bank Transfer,86753.15,Paid,2024-02-01
1148,1148,Cash on Delivery,51611.35,Paid,2025-05-20
1149,1149,Cash on Delivery,25712.63,Paid,2024-02-13
1150,1150,Bank Transfer,160590.33,Paid,2026-03-03
1151,1151,Bank Transfer,114360.45,Paid,2024-02-06
1152,1152,Mobile Money,55869.74,Paid,2024-12-31
1153,1153,Card,250962.38,Pending,2025-10-06
1154,1154,Card,128179.02,Paid,2023-06-06
1155,1155,Card,157180.08,Pending,2025-04-21
1156,1156,Card,91511.22,Pending,2023-05-29
1157,1157,Mobile Money,46759.51,Paid,2025-06-22
1158,1158,Bank Transfer,178766.02,Paid,2025-01-29
1159,1159,Bank Transfer,104626.16,Paid,2025-04-17
1160,1160,Bank Transfer,68012.15,Paid,2025-07-10
1161,1161,Mobile Money,181128.41,Paid,2026-06-06
1162,1162,Mobile Money,119864.31,Paid,2026-01-04
1163,1163,Bank Transfer,17064.86,Paid,2025-09-01
1164,1164,Cash on Delivery,40148.53,Paid,2023-01-14
1165,1165,Bank Transfer,71890.64,Paid,2024-11-08
1166,1166,Bank Transfer,416986.85,Paid,2026-03-24
1167,1167,Mobile Money,75535.2,Pending,2024-12-31
1168,1168,Cash on Delivery,23144.97,Paid,2023-07-19
1169,1169,Cash on Delivery,44777.26,Paid,2024-01-30
1170,1170,Mobile Money,105763.67,Paid,2023-04-03
1171,1171,Card,246889.65,Paid,2023-09-29
1172,1172,Mobile Money,232985.1,Failed,2024-04-07
1173,1173,Bank Transfer,314751.56,Paid,2024-02-23
1174,1174,Card,161827.13,Paid,2024-09-05
1175,1175,Bank Transfer,117680.8,Paid,2025-08-28
1176,1176,Mobile Money,127839.98,Paid,2025-12-27
1177,1177,Card,52661.55,Paid,2023-08-11
1178,1178,Cash on Delivery,439626.31,Paid,2023-11-11
1179,1179,Cash on Delivery,55524.0,Failed,2023-12-07
1180,1180,Card,117231.48,Paid,2025-12-23
1181,1181,Card,215632.3,Paid,2024-11-06
1182,1182,Bank Transfer,81433.55,Paid,2026-03-07
1183,1183,Bank Transfer,125313.07,Paid,2026-06-05
1184,1184,Cash on Delivery,296162.5,Paid,2024-03-14
1185,1185,Mobile Money,32450.42,Refunded,2026-01-01
1186,1186,Card,637209.65,Pending,2023-08-25
1187,1187,Cash on Delivery,569243.3,Paid,2025-12-28
1188,1188,Cash on Delivery,119892.35,Paid,2026-04-04
1189,1189,Mobile Money,312805.92,Failed,2024-04-19
1190,1190,Bank Transfer,61265.09,Paid,2026-05-27
1191,1191,Bank Transfer,22613.19,Paid,2026-02-05
1192,1192,Bank Transfer,148323.96,Paid,2024-06-15
1193,1193,Cash on Delivery,182579.94,Paid,2023-04-01
1194,1194,Card,258652.45,Refunded,2023-10-14
1195,1195,Bank Transfer,75655.67,Paid,2023-10-30
1196,1196,Card,51469.93,Paid,2026-01-24
1197,1197,Bank Transfer,318511.94,Paid,2023-12-04
1198,1198,Card,102468.39,Failed,2023-03-09
1199,1199,Bank Transfer,97712.28,Refunded,2023-02-19
1200,1200,Card,35597.53,Paid,2026-04-14
1201,1201,Bank Transfer,148129.7,Failed,2023-07-21
1202,1202,Card,392069.81,Paid,2025-01-30
1203,1203,Bank Transfer,418210.35,Paid,2023-02-22
1204,1204,Mobile Money,102546.44,Paid,2023-08-24
1205,1205,Card,209650.66,Paid,2024-06-18
1206,1206,Bank Transfer,163364.66,Paid,2026-05-14
1207,1207,Mobile Money,14777.46,Paid,2025-12-05
1208,1208,Bank Transfer,281468.61,Paid,2024-08-14
1209,1209,Card,63641.12,Paid,2025-02-16
1210,1210,Bank Transfer,222195.25,Paid,2023-02-23
1211,1211,Card,422087.73,Paid,2024-06-19
1212,1212,Bank Transfer,153144.23,Paid,2023-07-01
1213,1213,Card,335431.7,Paid,2023-11-04
1214,1214,Mobile Money,28632.26,Paid,2025-04-25
1215,1215,Bank Transfer,167611.99,Paid,2024-10-20
1216,1216,Bank Transfer,113693.77,Paid,2023-12-15
1217,1217,Cash on Delivery,256275.3,Paid,2023-03-22
1218,1218,Bank Transfer,288927.55,Failed,2024-05-07
1219,1219,Mobile Money,225723.11,Paid,2025-07-31
1220,1220,Cash on Delivery,230437.77,Paid,2025-12-12
1221,1221,Bank Transfer,54229.26,Pending,2023-04-07
1222,1222,Mobile Money,184172.83,Paid,2023-09-12
1223,1223,Card,142571.27,Refunded,2024-06-19
1224,1224,Card,289301.77,Pending,2023-12-30
1225,1225,Bank Transfer,44768.83,Paid,2025-11-22
1226,1226,Card,86055.88,Paid,2025-12-18
1227,1227,Card,221736.74,Paid,2023-11-14
1228,1228,Cash on Delivery,50310.43,Paid,2024-08-27
1229,1229,Cash on Delivery,151644.23,Paid,2024-09-21
1230,1230,Card,190463.17,Paid,2025-05-09
1231,1231,Mobile Money,181544.56,Paid,2025-06-01
1232,1232,Mobile Money,129703.63,Paid,2024-05-30
1233,1233,Card,158260.89,Pending,2024-08-20
1234,1234,Card,41431.95,Paid,2025-02-04
1235,1235,Card,88265.24,Pending,2025-04-05
1236,1236,Cash on Delivery,91690.18,Paid,2026-01-18
1237,1237,Mobile Money,720370.36,Paid,2023-02-17
1238,1238,Cash on Delivery,114449.52,Paid,2024-07-27
1239,1239,Card,48534.84,Failed,2025-10-31
1240,1240,Cash on Delivery,91899.47,Refunded,2025-01-24
1241,1241,Cash on Delivery,9028.66,Paid,2024-01-01
1242,1242,Bank Transfer,68333.57,Paid,2025-08-11
1243,1243,Mobile Money,35685.09,Refunded,2024-11-27
1244,1244,Bank Transfer,186268.91,Paid,2024-08-19
1245,1245,Card,25000.64,Pending,2024-12-28
1246,1246,Mobile Money,83636.4,Paid,2024-10-07
1247,1247,Mobile Money,106165.85,Paid,2023-07-29
1248,1248,Bank Transfer,18751.81,Pending,2025-12-13
1249,1249,Bank Transfer,36495.77,Paid,2026-01-19
1250,1250,Card,65341.6,Pending,2026-04-30
1251,1251,Cash on Delivery,100731.13,Paid,2024-03-19
1252,1252,Bank Transfer,109493.15,Paid,2023-03-22
1253,1253,Cash on Delivery,47884.47,Paid,2023-06-21
1254,1254,Mobile Money,118725.69,Paid,2024-11-01
1255,1255,Card,68995.08,Paid,2025-04-13
1256,1256,Mobile Money,210570.66,Paid,2023-01-22
1257,1257,Mobile Money,75998.15,Paid,2026-04-15
1258,1258,Bank Transfer,345261.03,Paid,2026-01-30
1259,1259,Card,220789.36,Paid,2024-05-15
1260,1260,Card,90555.5,Paid,2025-10-15
1261,1261,Cash on Delivery,199209.1,Paid,2023-09-03
1262,1262,Bank Transfer,223080.88,Pending,2024-03-13
1263,1263,Mobile Money,62313.47,Failed,2023-10-02
1264,1264,Cash on Delivery,104645.48,Paid,2023-09-10
1265,1265,Bank Transfer,72277.51,Paid,2023-08-11
1266,1266,Bank Transfer,119727.42,Failed,2025-12-21
1267,1267,Bank Transfer,260441.67,Paid,2023-10-13
1268,1268,Bank Transfer,100013.91,Paid,2023-11-19
1269,1269,Bank Transfer,40287.96,Paid,2023-05-31
1270,1270,Cash on Delivery,115080.58,Refunded,2025-05-06
1271,1271,Card,79412.57,Paid,2024-08-25
1272,1272,Card,82639.91,Paid,2023-03-29
1273,1273,Card,221547.29,Paid,2024-05-01
1274,1274,Mobile Money,115080.48,Paid,2023-04-05
1275,1275,Mobile Money,90198.76,Paid,2023-09-21
1276,1276,Mobile Money,282711.14,Paid,2024-01-31
1277,1277,Card,130364.84,Paid,2025-03-10
1278,1278,Card,86326.39,Paid,2023-02-25
1279,1279,Mobile Money,257147.52,Paid,2024-10-18
1280,1280,Card,12668.68,Paid,2024-03-23
1281,1281,Cash on Delivery,137959.09,Paid,2025-05-30
1282,1282,Mobile Money,73746.65,Refunded,2023-08-11
1283,1283,Card,77960.22,Refunded,2026-02-23
1284,1284,Bank Transfer,102504.2,Paid,2025-12-10
1285,1285,Card,10797.28,Paid,2023-08-26
1286,1286,Bank Transfer,134155.36,Paid,2025-12-16
1287,1287,Cash on Delivery,105641.62,Pending,2024-05-01
1288,1288,Cash on Delivery,21626.19,Paid,2025-12-18
1289,1289,Card,82500.79,Paid,2025-02-05
1290,1290,Bank Transfer,94257.6,Paid,2025-01-28
1291,1291,Mobile Money,102286.89,Paid,2023-04-08
1292,1292,Mobile Money,286908.15,Paid,2023-05-13
1293,1293,Cash on Delivery,168827.08,Paid,2025-07-16
1294,1294,Mobile Money,44540.76,Paid,2026-05-09
1295,1295,Bank Transfer,138016.93,Refunded,2026-03-18
1296,1296,Cash on Delivery,250344.47,Paid,2026-02-05
1297,1297,Bank Transfer,168972.2,Paid,2025-07-23
1298,1298,Cash on Delivery,192041.19,Paid,2026-01-01
1299,1299,Card,187542.5,Paid,2024-05-23
1300,1300,Cash on Delivery,264166.48,Paid,2023-02-13
1301,1301,Mobile Money,112659.17,Paid,2024-02-03
1302,1302,Mobile Money,500559.32,Paid,2024-04-01
1303,1303,Mobile Money,105725.28,Paid,2025-04-07
1304,1304,Mobile Money,36320.73,Paid,2025-04-15
1305,1305,Bank Transfer,145802.96,Refunded,2023-11-14
1306,1306,Cash on Delivery,109339.16,Paid,2025-05-05
1307,1307,Card,64958.9,Paid,2024-03-18
1308,1308,Card,266283.04,Paid,2025-11-30
1309,1309,Card,145755.31,Paid,2026-05-18
1310,1310,Mobile Money,109110.83,Paid,2023-10-11
1311,1311,Mobile Money,113662.51,Pending,2024-08-06
1312,1312,Card,83814.78,Paid,2023-08-30
1313,1313,Card,169792.96,Paid,2025-06-08
1314,1314,Cash on Delivery,256747.36,Paid,2025-04-11
1315,1315,Card,206412.59,Paid,2023-10-28
1316,1316,Cash on Delivery,186976.79,Paid,2025-02-22
1317,1317,Mobile Money,41125.47,Paid,2023-05-30
1318,1318,Mobile Money,237680.11,Paid,2023-07-21
1319,1319,Bank Transfer,315846.51,Paid,2024-10-04
1320,1320,Bank Transfer,66105.49,Paid,2023-09-04
1321,1321,Bank Transfer,434290.74,Paid,2025-03-27
1322,1322,Cash on Delivery,210402.15,Paid,2024-09-28
1323,1323,Bank Transfer,57775.95,Paid,2023-03-02
1324,1324,Mobile Money,35226.04,Failed,2023-01-14
1325,1325,Card,25849.74,Refunded,2023-05-09
1326,1326,Cash on Delivery,76950.25,Paid,2025-10-28
1327,1327,Mobile Money,101737.49,Paid,2026-06-07
1328,1328,Cash on Delivery,308491.87,Paid,2023-04-09
1329,1329,Card,245898.3,Paid,2024-07-25
1330,1330,Cash on Delivery,56429.35,Paid,2024-10-20
1331,1331,Card,187800.68,Paid,2025-12-04
1332,1332,Cash on Delivery,87226.32,Paid,2025-04-22
1333,1333,Bank Transfer,67944.75,Paid,2024-03-27
1334,1334,Cash on Delivery,37021.02,Paid,2025-06-21
1335,1335,Mobile Money,517443.3,Paid,2023-04-30
1336,1336,Cash on Delivery,81674.74,Paid,2025-04-23
1337,1337,Bank Transfer,220166.52,Paid,2026-02-11
1338,1338,Cash on Delivery,79982.41,Paid,2025-08-29
1339,1339,Card,60777.22,Paid,2026-05-17
1340,1340,Bank Transfer,145621.08,Paid,2025-03-24
1341,1341,Bank Transfer,77055.02,Paid,2024-02-04
1342,1342,Card,99072.54,Paid,2023-09-29
1343,1343,Bank Transfer,134735.44,Paid,2024-02-19
1344,1344,Mobile Money,155719.48,Paid,2025-08-14
1345,1345,Mobile Money,100438.42,Paid,2024-02-24
1346,1346,Card,171710.32,Paid,2023-12-01
1347,1347,Mobile Money,163943.37,Paid,2025-05-14
1348,1348,Bank Transfer,208676.71,Paid,2023-09-29
1349,1349,Cash on Delivery,81398.93,Paid,2025-02-09
1350,1350,Bank Transfer,172077.11,Paid,2026-01-21
1351,1351,Bank Transfer,38120.29,Paid,2023-12-12
1352,1352,Card,425061.89,Paid,2024-08-25
1353,1353,Card,49297.2,Paid,2025-06-02
1354,1354,Card,65257.09,Paid,2025-07-14
1355,1355,Card,227030.6,Failed,2025-03-26
1356,1356,Cash on Delivery,39246.15,Refunded,2025-08-06
1357,1357,Card,111947.77,Paid,2023-06-03
1358,1358,Card,97227.13,Paid,2025-10-03
1359,1359,Card,525539.93,Paid,2024-02-01
1360,1360,Mobile Money,100943.21,Paid,2023-12-18
1361,1361,Mobile Money,231488.76,Paid,2026-05-27
1362,1362,Mobile Money,158543.04,Paid,2026-01-09
1363,1363,Card,132308.81,Paid,2023-12-29
1364,1364,Bank Transfer,53911.99,Paid,2023-03-01
1365,1365,Card,108787.7,Paid,2023-02-16
1366,1366,Bank Transfer,35379.63,Paid,2025-05-27
1367,1367,Cash on Delivery,161827.3,Paid,2025-09-06
1368,1368,Card,70319.44,Paid,2024-04-28
1369,1369,Card,231684.58,Paid,2023-02-01
1370,1370,Bank Transfer,56840.58,Paid,2023-10-22
1371,1371,Mobile Money,144270.86,Paid,2024-04-03
1372,1372,Card,31942.42,Paid,2023-06-26
1373,1373,Mobile Money,270065.7,Paid,2023-01-31
1374,1374,Bank Transfer,38769.48,Paid,2024-06-26
1375,1375,Card,141344.6,Paid,2025-12-06
1376,1376,Card,109695.83,Paid,2026-03-14
1377,1377,Mobile Money,119876.4,Paid,2026-05-01
1378,1378,Mobile Money,163027.7,Paid,2024-07-03
1379,1379,Card,357628.76,Paid,2024-08-14
1380,1380,Bank Transfer,273414.14,Paid,2023-09-17
1381,1381,Bank Transfer,7791.88,Paid,2026-05-24
1382,1382,Card,91852.67,Paid,2026-05-10
1383,1383,Cash on Delivery,377133.12,Paid,2023-09-24
1384,1384,Mobile Money,135009.93,Paid,2026-06-02
1385,1385,Card,546583.22,Paid,2023-06-22
1386,1386,Cash on Delivery,142457.16,Paid,2025-11-05
1387,1387,Mobile Money,19653.16,Paid,2025-06-22
1388,1388,Cash on Delivery,186281.33,Paid,2026-01-19
1389,1389,Bank Transfer,299997.9,Paid,2026-01-09
1390,1390,Cash on Delivery,82841.22,Paid,2025-07-14
1391,1391,Mobile Money,123863.59,Paid,2023-05-11
1392,1392,Card,319135.07,Pending,2026-06-04
1393,1393,Mobile Money,310786.15,Failed,2026-03-22
1394,1394,Cash on Delivery,26763.4,Refunded,2023-09-23
1395,1395,Mobile Money,187826.07,Failed,2023-03-20
1396,1396,Cash on Delivery,156234.17,Paid,2023-01-02
1397,1397,Mobile Money,88484.46,Paid,2024-05-01
1398,1398,Cash on Delivery,338742.99,Paid,2025-01-08
1399,1399,Card,168308.16,Paid,2025-07-24
1400,1400,Mobile Money,37107.54,Paid,2023-12-10
1401,1401,Card,173025.22,Paid,2024-12-02
1402,1402,Mobile Money,89165.9,Paid,2025-03-16
1403,1403,Mobile Money,230556.73,Paid,2024-12-23
1404,1404,Bank Transfer,25709.94,Paid,2023-09-30
1405,1405,Cash on Delivery,221531.54,Paid,2025-03-12
1406,1406,Bank Transfer,31743.08,Failed,2026-03-18
1407,1407,Cash on Delivery,307016.94,Failed,2023-06-13
1408,1408,Cash on Delivery,57888.7,Paid,2025-09-16
1409,1409,Mobile Money,34692.21,Paid,2023-12-10
1410,1410,Bank Transfer,97606.53,Paid,2024-03-29
1411,1411,Cash on Delivery,60092.46,Paid,2025-01-27
1412,1412,Cash on Delivery,118394.64,Paid,2023-08-06
1413,1413,Mobile Money,405480.86,Paid,2023-02-22
1414,1414,Bank Transfer,74977.68,Pending,2026-02-18
1415,1415,Card,284161.03,Pending,2025-09-25
1416,1416,Card,87492.63,Paid,2024-02-02
1417,1417,Card,77720.15,Paid,2025-11-15
1418,1418,Card,56762.6,Paid,2025-09-12
1419,1419,Mobile Money,17485.7,Paid,2025-12-04
1420,1420,Card,239742.61,Paid,2023-06-26
1421,1421,Bank Transfer,257992.77,Paid,2024-10-28
1422,1422,Mobile Money,120246.09,Paid,2024-02-19
1423,1423,Mobile Money,28053.28,Paid,2026-06-22
1424,1424,Card,175848.3,Paid,2025-12-10
1425,1425,Card,312832.72,Paid,2024-10-11
1426,1426,Mobile Money,326545.22,Paid,2023-11-03
1427,1427,Card,226355.24,Paid,2023-06-28
1428,1428,Cash on Delivery,14924.47,Paid,2025-02-23
1429,1429,Cash on Delivery,238436.72,Pending,2026-04-26
1430,1430,Bank Transfer,84399.98,Paid,2023-09-27
1431,1431,Cash on Delivery,171325.39,Paid,2024-04-26
1432,1432,Card,43713.39,Paid,2024-12-14
1433,1433,Bank Transfer,134353.25,Paid,2026-02-15
1434,1434,Cash on Delivery,412484.83,Paid,2026-04-10
1435,1435,Card,187143.01,Paid,2026-01-08
1436,1436,Card,204464.64,Paid,2023-10-11
1437,1437,Mobile Money,89148.93,Paid,2024-07-26
1438,1438,Bank Transfer,173310.51,Paid,2025-05-14
1439,1439,Cash on Delivery,108900.3,Paid,2026-06-10
1440,1440,Bank Transfer,417993.79,Pending,2026-06-12
1441,1441,Cash on Delivery,482100.33,Paid,2025-05-26
1442,1442,Card,285486.2,Paid,2023-03-22
1443,1443,Cash on Delivery,231453.6,Pending,2024-04-15
1444,1444,Bank Transfer,60183.88,Paid,2024-04-29
1445,1445,Card,181193.19,Paid,2024-10-29
1446,1446,Bank Transfer,64347.22,Paid,2024-11-27
1447,1447,Bank Transfer,72332.32,Paid,2025-05-21
1448,1448,Mobile Money,217447.64,Paid,2024-08-04
1449,1449,Cash on Delivery,29205.17,Paid,2026-06-17
1450,1450,Bank Transfer,188051.97,Paid,2025-10-01
1451,1451,Card,303182.6,Paid,2024-03-30
1452,1452,Cash on Delivery,61397.3,Paid,2024-08-22
1453,1453,Cash on Delivery,94962.52,Paid,2023-09-23
1454,1454,Mobile Money,441291.56,Refunded,2023-12-10
1455,1455,Mobile Money,195347.39,Paid,2025-12-12
1456,1456,Bank Transfer,81705.97,Paid,2026-01-17
1457,1457,Cash on Delivery,1856.11,Paid,2023-09-16
1458,1458,Mobile Money,22522.15,Paid,2023-01-15
1459,1459,Bank Transfer,76723.52,Paid,2025-02-11
1460,1460,Bank Transfer,120984.44,Paid,2025-04-30
1461,1461,Cash on Delivery,163666.82,Paid,2026-02-06
1462,1462,Cash on Delivery,233003.29,Refunded,2025-08-23
1463,1463,Mobile Money,233742.67,Pending,2025-07-22
1464,1464,Card,207038.06,Paid,2025-09-10
1465,1465,Card,221261.7,Paid,2026-02-25
1466,1466,Mobile Money,257945.41,Paid,2023-11-13
1467,1467,Cash on Delivery,132453.52,Paid,2026-06-20
1468,1468,Mobile Money,157256.86,Paid,2025-07-17
1469,1469,Card,30243.96,Paid,2023-07-29
1470,1470,Cash on Delivery,49025.83,Paid,2025-06-19
1471,1471,Bank Transfer,61498.67,Refunded,2025-07-25
1472,1472,Cash on Delivery,243947.17,Paid,2024-03-20
1473,1473,Bank Transfer,122219.73,Paid,2023-03-01
1474,1474,Mobile Money,50648.34,Paid,2026-03-06
1475,1475,Card,169346.67,Pending,2023-07-26
1476,1476,Mobile Money,273808.37,Paid,2023-06-04
1477,1477,Card,92149.45,Paid,2023-10-22
1478,1478,Mobile Money,187327.21,Paid,2025-01-14
1479,1479,Cash on Delivery,124269.77,Paid,2024-02-21
1480,1480,Cash on Delivery,163715.41,Paid,2025-05-05
1481,1481,Cash on Delivery,177278.62,Failed,2025-10-06
1482,1482,Bank Transfer,171758.27,Paid,2024-05-21
1483,1483,Bank Transfer,296626.85,Paid,2026-03-28
1484,1484,Card,64993.0,Pending,2024-01-05
1485,1485,Mobile Money,68819.0,Paid,2025-06-17
1486,1486,Mobile Money,420714.72,Paid,2023-05-24
1487,1487,Bank Transfer,56021.96,Pending,2026-05-05
1488,1488,Cash on Delivery,157607.81,Paid,2023-08-19
1489,1489,Cash on Delivery,34582.15,Paid,2023-10-11
1490,1490,Mobile Money,46527.55,Paid,2024-05-12
1491,1491,Mobile Money,390812.95,Paid,2023-07-21
1492,1492,Bank Transfer,123898.24,Paid,2023-04-22
1493,1493,Card,156042.53,Refunded,2024-06-27
1494,1494,Cash on Delivery,142683.43,Paid,2025-08-11
1495,1495,Card,61320.96,Paid,2025-06-16
1496,1496,Card,289329.95,Pending,2025-02-01
1497,1497,Bank Transfer,46971.59,Paid,2025-12-31
1498,1498,Bank Transfer,199026.93,Paid,2023-03-24
1499,1499,Mobile Money,141842.46,Paid,2025-03-05
1500,1500,Bank Transfer,399710.34,Paid,2024-10-18
1501,1501,Bank Transfer,257821.49,Paid,2024-03-06
1502,1502,Mobile Money,33493.99,Paid,2023-02-16
1503,1503,Card,117785.37,Pending,2026-04-16
1504,1504,Mobile Money,161498.22,Paid,2024-02-12
1505,1505,Card,135186.31,Paid,2025-11-13
1506,1506,Mobile Money,131193.9,Paid,2023-01-11
1507,1507,Cash on Delivery,248313.77,Paid,2024-03-06
1508,1508,Cash on Delivery,232592.07,Failed,2023-10-25
1509,1509,Card,39424.79,Paid,2023-11-07
1510,1510,Mobile Money,202294.25,Paid,2025-07-31
1511,1511,Bank Transfer,187879.66,Paid,2023-04-20
1512,1512,Bank Transfer,274990.5,Paid,2023-07-02
1513,1513,Bank Transfer,83210.55,Paid,2023-09-23
1514,1514,Bank Transfer,135333.88,Paid,2023-03-07
1515,1515,Mobile Money,195022.43,Paid,2025-12-19
1516,1516,Mobile Money,305562.78,Paid,2024-03-14
1517,1517,Bank Transfer,261356.29,Paid,2025-02-17
1518,1518,Bank Transfer,154133.28,Paid,2024-01-02
1519,1519,Bank Transfer,320686.44,Pending,2025-12-02
1520,1520,Cash on Delivery,96409.44,Paid,2023-12-27
1521,1521,Cash on Delivery,189098.31,Paid,2025-03-19
1522,1522,Card,121287.89,Paid,2023-01-18
1523,1523,Cash on Delivery,51778.67,Paid,2026-05-06
1524,1524,Mobile Money,320243.65,Paid,2024-02-01
1525,1525,Card,36097.16,Paid,2025-02-18
1526,1526,Card,79265.41,Paid,2023-01-03
1527,1527,Mobile Money,6294.56,Paid,2024-12-08
1528,1528,Bank Transfer,566517.35,Paid,2023-02-04
1529,1529,Cash on Delivery,313275.56,Paid,2023-10-18
1530,1530,Card,202022.69,Paid,2026-01-30
1531,1531,Cash on Delivery,301285.59,Paid,2023-09-24
1532,1532,Cash on Delivery,144776.82,Paid,2023-11-16
1533,1533,Cash on Delivery,68594.76,Pending,2025-05-15
1534,1534,Bank Transfer,344055.12,Paid,2024-04-17
1535,1535,Mobile Money,210433.58,Paid,2026-05-11
1536,1536,Cash on Delivery,95846.07,Paid,2023-06-24
1537,1537,Mobile Money,33730.44,Paid,2025-04-24
1538,1538,Cash on Delivery,106199.16,Paid,2025-12-23
1539,1539,Card,77218.5,Paid,2024-10-16
1540,1540,Cash on Delivery,253304.56,Paid,2023-01-16
1541,1541,Bank Transfer,223011.25,Paid,2023-03-08
1542,1542,Bank Transfer,151263.81,Paid,2025-01-13
1543,1543,Card,105863.37,Paid,2025-07-13
1544,1544,Bank Transfer,336915.61,Paid,2026-06-29
1545,1545,Bank Transfer,183810.66,Failed,2024-12-13
1546,1546,Bank Transfer,483915.69,Refunded,2024-05-19
1547,1547,Mobile Money,80497.5,Paid,2024-05-29
1548,1548,Cash on Delivery,72652.32,Paid,2026-02-10
1549,1549,Bank Transfer,107515.91,Paid,2023-09-09
1550,1550,Cash on Delivery,48824.97,Paid,2025-04-24
1551,1551,Bank Transfer,89103.21,Paid,2024-07-19
1552,1552,Mobile Money,42462.94,Refunded,2023-03-29
1553,1553,Cash on Delivery,347921.96,Paid,2025-01-20
1554,1554,Card,39514.41,Paid,2023-08-10
1555,1555,Bank Transfer,81929.56,Paid,2024-02-05
1556,1556,Cash on Delivery,160666.5,Paid,2024-05-19
1557,1557,Card,253019.8,Paid,2023-06-13
1558,1558,Mobile Money,35833.88,Paid,2025-12-22
1559,1559,Cash on Delivery,147380.97,Paid,2023-12-25
1560,1560,Cash on Delivery,132952.14,Paid,2026-03-03
1561,1561,Cash on Delivery,63625.46,Paid,2024-12-28
1562,1562,Cash on Delivery,51084.12,Failed,2024-06-03
1563,1563,Mobile Money,44732.42,Paid,2023-01-12
1564,1564,Cash on Delivery,90541.55,Paid,2024-02-15
1565,1565,Mobile Money,283311.54,Pending,2024-06-04
1566,1566,Card,245324.55,Paid,2023-06-11
1567,1567,Cash on Delivery,97167.68,Paid,2023-10-11
1568,1568,Cash on Delivery,256951.68,Paid,2025-04-05
1569,1569,Mobile Money,153725.68,Paid,2026-04-21
1570,1570,Mobile Money,151188.12,Paid,2023-04-14
1571,1571,Mobile Money,355951.08,Paid,2023-09-12
1572,1572,Bank Transfer,70489.35,Failed,2024-06-21
1573,1573,Mobile Money,51733.54,Paid,2023-05-20
1574,1574,Cash on Delivery,31326.68,Paid,2024-07-06
1575,1575,Mobile Money,139263.96,Paid,2023-05-15
1576,1576,Cash on Delivery,107958.61,Paid,2026-06-04
1577,1577,Card,58064.47,Paid,2024-09-01
1578,1578,Mobile Money,37684.14,Paid,2025-03-19
1579,1579,Cash on Delivery,256241.72,Paid,2024-04-03
1580,1580,Mobile Money,77195.83,Paid,2025-06-18
1581,1581,Mobile Money,437043.46,Paid,2026-02-13
1582,1582,Cash on Delivery,195798.0,Paid,2023-07-23
1583,1583,Mobile Money,274259.37,Paid,2025-09-20
1584,1584,Bank Transfer,115457.1,Paid,2023-12-23
1585,1585,Card,326636.36,Paid,2025-11-21
1586,1586,Mobile Money,24268.47,Failed,2023-08-22
1587,1587,Mobile Money,94022.26,Paid,2024-06-24
1588,1588,Bank Transfer,217374.98,Paid,2023-10-13
1589,1589,Mobile Money,69268.63,Paid,2025-08-01
1590,1590,Card,81254.75,Paid,2025-04-21
1591,1591,Bank Transfer,147893.93,Failed,2023-02-26
1592,1592,Cash on Delivery,78107.63,Paid,2023-07-14
1593,1593,Bank Transfer,139726.13,Paid,2024-04-26
1594,1594,Bank Transfer,423117.28,Pending,2026-03-16
1595,1595,Mobile Money,96358.2,Paid,2026-04-12
1596,1596,Bank Transfer,239761.1,Paid,2023-06-21
1597,1597,Mobile Money,56092.44,Paid,2025-10-28
1598,1598,Cash on Delivery,250638.45,Paid,2025-11-06
1599,1599,Card,107308.47,Paid,2026-01-24
1600,1600,Bank Transfer,125209.67,Paid,2023-10-11
1601,1601,Bank Transfer,28761.87,Paid,2025-12-04
1602,1602,Cash on Delivery,163861.37,Paid,2025-06-20
1603,1603,Mobile Money,326903.67,Paid,2026-01-09
1604,1604,Bank Transfer,152083.93,Paid,2026-01-11
1605,1605,Mobile Money,40819.71,Paid,2023-07-11
1606,1606,Bank Transfer,228066.99,Paid,2023-06-24
1607,1607,Card,68513.58,Paid,2023-06-22
1608,1608,Mobile Money,131320.44,Paid,2026-04-24
1609,1609,Mobile Money,169448.81,Pending,2025-05-17
1610,1610,Mobile Money,72879.43,Paid,2025-03-14
1611,1611,Cash on Delivery,196979.08,Paid,2023-04-13
1612,1612,Cash on Delivery,394346.62,Paid,2023-08-30
1613,1613,Bank Transfer,153258.04,Paid,2025-05-17
1614,1614,Mobile Money,73018.34,Paid,2026-02-04
1615,1615,Bank Transfer,260890.73,Paid,2026-02-06
1616,1616,Bank Transfer,264407.31,Paid,2024-12-26
1617,1617,Cash on Delivery,82010.89,Paid,2025-03-26
1618,1618,Mobile Money,37813.01,Paid,2025-05-13
1619,1619,Mobile Money,209252.32,Paid,2025-02-24
1620,1620,Cash on Delivery,158688.98,Paid,2025-05-29
1621,1621,Mobile Money,59845.03,Paid,2023-11-07
1622,1622,Mobile Money,78505.76,Paid,2024-11-23
1623,1623,Card,117644.35,Paid,2026-04-02
1624,1624,Mobile Money,309259.88,Paid,2026-01-16
1625,1625,Cash on Delivery,259678.35,Failed,2024-03-30
1626,1626,Bank Transfer,65224.42,Paid,2025-10-24
1627,1627,Bank Transfer,119945.63,Refunded,2023-10-09
1628,1628,Mobile Money,251474.51,Paid,2025-12-15
1629,1629,Cash on Delivery,314146.41,Paid,2023-02-15
1630,1630,Mobile Money,233544.3,Paid,2023-06-01
1631,1631,Mobile Money,357318.54,Paid,2024-05-23
1632,1632,Mobile Money,80259.48,Refunded,2023-12-01
1633,1633,Mobile Money,96818.12,Refunded,2024-03-12
1634,1634,Bank Transfer,64585.85,Pending,2024-11-30
1635,1635,Mobile Money,127037.0,Paid,2024-10-19
1636,1636,Cash on Delivery,66371.04,Paid,2023-02-14
1637,1637,Bank Transfer,290296.29,Paid,2024-09-10
1638,1638,Card,106264.64,Paid,2023-07-19
1639,1639,Card,329869.65,Paid,2024-08-15
1640,1640,Card,66927.52,Paid,2025-04-03
1641,1641,Bank Transfer,141628.23,Pending,2023-05-14
1642,1642,Mobile Money,183693.89,Paid,2026-01-07
1643,1643,Cash on Delivery,193595.22,Refunded,2026-01-24
1644,1644,Bank Transfer,171606.8,Paid,2025-03-31
1645,1645,Card,212575.71,Paid,2024-07-10
1646,1646,Cash on Delivery,361797.92,Paid,2023-08-03
1647,1647,Cash on Delivery,140083.69,Paid,2025-03-18
1648,1648,Cash on Delivery,115409.54,Paid,2025-05-14
1649,1649,Cash on Delivery,31241.37,Paid,2026-04-06
1650,1650,Mobile Money,146167.95,Paid,2024-09-30
1651,1651,Cash on Delivery,81315.12,Paid,2023-07-04
1652,1652,Mobile Money,175956.49,Paid,2023-04-11
1653,1653,Bank Transfer,9941.07,Failed,2026-05-11
1654,1654,Mobile Money,223737.8,Pending,2025-09-05
1655,1655,Cash on Delivery,62216.87,Paid,2023-04-02
1656,1656,Bank Transfer,176879.27,Refunded,2025-05-15
1657,1657,Cash on Delivery,182156.1,Pending,2026-02-11
1658,1658,Bank Transfer,79948.49,Paid,2025-04-21
1659,1659,Cash on Delivery,211880.64,Paid,2024-06-16
1660,1660,Card,225447.59,Paid,2025-09-21
1661,1661,Card,460992.45,Paid,2026-03-18
1662,1662,Cash on Delivery,215099.24,Paid,2026-04-03
1663,1663,Bank Transfer,220808.07,Paid,2025-02-07
1664,1664,Mobile Money,315688.96,Paid,2026-06-10
1665,1665,Bank Transfer,122683.92,Paid,2024-10-31
1666,1666,Mobile Money,168689.54,Paid,2024-10-06
1667,1667,Bank Transfer,108940.84,Paid,2025-06-26
1668,1668,Mobile Money,64146.8,Paid,2025-07-11
1669,1669,Card,116062.16,Paid,2024-01-29
1670,1670,Bank Transfer,227844.61,Paid,2023-09-25
1671,1671,Bank Transfer,322868.63,Paid,2025-04-08
1672,1672,Bank Transfer,136648.13,Failed,2024-01-13
1673,1673,Mobile Money,356724.39,Paid,2023-08-11
1674,1674,Mobile Money,55293.08,Paid,2024-12-11
1675,1675,Mobile Money,143134.79,Paid,2025-05-21
1676,1676,Cash on Delivery,92118.11,Paid,2023-11-08
1677,1677,Mobile Money,195029.03,Paid,2025-05-26
1678,1678,Bank Transfer,265484.6,Paid,2025-04-01
1679,1679,Mobile Money,415496.48,Refunded,2025-03-10
1680,1680,Cash on Delivery,18130.9,Paid,2023-07-24
1681,1681,Cash on Delivery,174303.32,Paid,2024-05-29
1682,1682,Card,400314.6,Failed,2023-05-03
1683,1683,Mobile Money,35062.81,Paid,2023-08-10
1684,1684,Cash on Delivery,343333.32,Paid,2025-10-09
1685,1685,Bank Transfer,77771.37,Paid,2023-12-21
1686,1686,Cash on Delivery,153498.55,Paid,2025-06-28
1687,1687,Cash on Delivery,50463.62,Paid,2023-10-04
1688,1688,Bank Transfer,360181.58,Paid,2025-05-20
1689,1689,Card,160755.17,Paid,2023-04-20
1690,1690,Mobile Money,265685.62,Paid,2025-09-07
1691,1691,Bank Transfer,260811.28,Paid,2026-04-20
1692,1692,Mobile Money,81223.97,Pending,2025-08-02
1693,1693,Card,355970.56,Paid,2023-12-12
1694,1694,Card,264614.49,Paid,2023-12-25
1695,1695,Bank Transfer,62933.68,Paid,2024-04-21
1696,1696,Bank Transfer,64803.03,Paid,2024-07-03
1697,1697,Card,265222.34,Refunded,2024-06-05
1698,1698,Bank Transfer,276224.13,Paid,2025-08-14
1699,1699,Card,76207.97,Paid,2023-06-07
1700,1700,Cash on Delivery,157494.23,Refunded,2025-07-05
1701,1701,Cash on Delivery,158655.59,Paid,2025-10-03
1702,1702,Mobile Money,266528.24,Paid,2025-06-16
1703,1703,Cash on Delivery,140757.81,Paid,2024-08-24
1704,1704,Cash on Delivery,287039.83,Paid,2025-09-29
1705,1705,Mobile Money,218116.77,Paid,2026-01-08
1706,1706,Card,46734.57,Paid,2025-08-30
1707,1707,Mobile Money,29177.85,Failed,2023-05-05
1708,1708,Bank Transfer,233811.83,Paid,2023-03-27
1709,1709,Bank Transfer,78546.66,Paid,2023-03-09
1710,1710,Mobile Money,198952.4,Refunded,2024-10-27
1711,1711,Bank Transfer,24820.79,Paid,2024-04-14
1712,1712,Mobile Money,102193.23,Paid,2023-01-25
1713,1713,Mobile Money,41539.79,Paid,2023-08-01
1714,1714,Mobile Money,54304.27,Paid,2025-06-21
1715,1715,Bank Transfer,126020.31,Paid,2025-05-20
1716,1716,Card,141227.78,Paid,2024-06-04
1717,1717,Cash on Delivery,24094.48,Paid,2025-12-24
1718,1718,Bank Transfer,96641.72,Pending,2023-05-16
1719,1719,Card,52837.81,Paid,2026-02-05
1720,1720,Bank Transfer,153379.26,Paid,2024-10-18
1721,1721,Card,32847.78,Paid,2026-01-04
1722,1722,Mobile Money,168585.27,Paid,2024-06-07
1723,1723,Card,556460.4,Paid,2026-03-09
1724,1724,Bank Transfer,48491.29,Paid,2025-11-19
1725,1725,Cash on Delivery,195804.49,Pending,2026-05-11
1726,1726,Bank Transfer,126045.45,Paid,2026-03-31
1727,1727,Card,27155.5,Paid,2025-07-09
1728,1728,Cash on Delivery,164135.59,Paid,2023-07-03
1729,1729,Cash on Delivery,78287.69,Pending,2024-06-01
1730,1730,Cash on Delivery,64128.09,Paid,2026-02-14
1731,1731,Mobile Money,230484.92,Refunded,2025-12-03
1732,1732,Mobile Money,236618.59,Paid,2023-11-06
1733,1733,Bank Transfer,75002.41,Paid,2025-10-20
1734,1734,Card,145589.84,Paid,2026-03-06
1735,1735,Mobile Money,88872.26,Paid,2023-04-12
1736,1736,Mobile Money,96190.18,Paid,2023-10-26
1737,1737,Cash on Delivery,136107.78,Paid,2024-01-15
1738,1738,Card,391811.57,Paid,2023-05-10
1739,1739,Mobile Money,191084.18,Paid,2023-08-23
1740,1740,Mobile Money,290494.51,Paid,2026-05-07
1741,1741,Card,112579.0,Paid,2025-03-02
1742,1742,Cash on Delivery,490866.98,Paid,2024-01-23
1743,1743,Mobile Money,17245.06,Paid,2023-05-07
1744,1744,Bank Transfer,236836.12,Paid,2024-05-14
1745,1745,Mobile Money,163751.84,Paid,2023-04-08
1746,1746,Bank Transfer,66695.68,Paid,2026-02-01
1747,1747,Bank Transfer,357435.5,Paid,2025-04-16
1748,1748,Mobile Money,191745.02,Paid,2023-03-13
1749,1749,Cash on Delivery,334293.88,Paid,2025-07-25
1750,1750,Cash on Delivery,88679.36,Paid,2024-07-25
1751,1751,Cash on Delivery,32014.59,Refunded,2025-06-15
1752,1752,Cash on Delivery,70559.06,Paid,2023-04-05
1753,1753,Bank Transfer,4834.23,Paid,2025-03-09
1754,1754,Bank Transfer,145036.86,Paid,2025-03-15
1755,1755,Card,67690.04,Paid,2023-07-04
1756,1756,Cash on Delivery,66159.82,Paid,2026-01-14
1757,1757,Card,217011.52,Paid,2024-07-04
1758,1758,Cash on Delivery,102987.28,Paid,2023-01-31
1759,1759,Mobile Money,82430.13,Paid,2025-05-30
1760,1760,Mobile Money,247986.14,Paid,2023-10-16
1761,1761,Bank Transfer,102201.83,Paid,2026-06-27
1762,1762,Cash on Delivery,118195.15,Paid,2023-02-01
1763,1763,Bank Transfer,153018.13,Paid,2026-02-11
1764,1764,Mobile Money,102945.17,Paid,2025-08-25
1765,1765,Mobile Money,79519.02,Paid,2025-09-20
1766,1766,Bank Transfer,105093.13,Paid,2026-04-26
1767,1767,Bank Transfer,224394.72,Paid,2026-03-12
1768,1768,Mobile Money,306446.66,Pending,2026-05-02
1769,1769,Card,194725.22,Paid,2023-09-29
1770,1770,Bank Transfer,291152.92,Paid,2025-07-19
1771,1771,Card,264777.1,Paid,2025-02-17
1772,1772,Mobile Money,66072.18,Pending,2023-01-12
1773,1773,Mobile Money,24272.91,Paid,2025-08-02
1774,1774,Cash on Delivery,269048.2,Paid,2025-08-01
1775,1775,Mobile Money,475787.64,Paid,2023-10-10
1776,1776,Mobile Money,74290.62,Paid,2023-06-02
1777,1777,Bank Transfer,38024.11,Paid,2026-02-03
1778,1778,Card,15760.3,Paid,2026-04-27
1779,1779,Mobile Money,71504.28,Paid,2023-12-29
1780,1780,Card,303005.06,Paid,2024-11-15
1781,1781,Mobile Money,236276.53,Paid,2024-06-25
1782,1782,Cash on Delivery,90999.78,Refunded,2026-02-07
1783,1783,Cash on Delivery,44338.11,Paid,2023-04-03
1784,1784,Bank Transfer,115365.91,Paid,2023-01-06
1785,1785,Mobile Money,315395.2,Paid,2025-10-14
1786,1786,Bank Transfer,88139.47,Paid,2023-04-12
1787,1787,Cash on Delivery,32011.84,Paid,2024-12-01
1788,1788,Cash on Delivery,55857.48,Refunded,2023-12-18
1789,1789,Cash on Delivery,226789.1,Paid,2023-12-30
1790,1790,Cash on Delivery,146888.5,Paid,2024-11-02
1791,1791,Bank Transfer,306575.5,Paid,2025-12-01
1792,1792,Mobile Money,180320.46,Paid,2024-01-10
1793,1793,Mobile Money,31578.24,Paid,2024-05-07
1794,1794,Mobile Money,65453.36,Paid,2025-03-08
1795,1795,Cash on Delivery,122553.66,Paid,2025-02-03
1796,1796,Bank Transfer,48382.76,Paid,2026-02-25
1797,1797,Mobile Money,115693.93,Paid,2023-07-07
1798,1798,Card,287667.76,Paid,2026-06-04
1799,1799,Bank Transfer,467261.54,Paid,2023-06-26
1800,1800,Bank Transfer,110652.48,Paid,2023-03-31
1801,1801,Cash on Delivery,73822.2,Paid,2023-04-20
1802,1802,Bank Transfer,56853.5,Paid,2025-08-04
1803,1803,Card,196264.21,Paid,2023-01-31
1804,1804,Mobile Money,122489.83,Failed,2023-06-27
1805,1805,Bank Transfer,141147.72,Paid,2024-11-01
1806,1806,Mobile Money,122968.38,Failed,2026-03-08
1807,1807,Cash on Delivery,367400.52,Paid,2026-03-19
1808,1808,Card,166448.66,Paid,2023-09-27
1809,1809,Mobile Money,216597.82,Paid,2023-08-25
1810,1810,Cash on Delivery,400463.99,Paid,2025-11-20
1811,1811,Mobile Money,184462.25,Paid,2026-01-07
1812,1812,Card,43297.35,Paid,2023-05-25
1813,1813,Mobile Money,139333.09,Paid,2024-12-21
1814,1814,Bank Transfer,174829.16,Paid,2024-01-11
1815,1815,Cash on Delivery,89868.76,Paid,2025-01-07
1816,1816,Bank Transfer,258877.43,Paid,2024-11-21
1817,1817,Bank Transfer,98874.04,Paid,2024-07-13
1818,1818,Card,57550.15,Paid,2025-07-06
1819,1819,Card,35278.27,Paid,2024-05-29
1820,1820,Bank Transfer,263364.57,Paid,2026-01-25
1821,1821,Bank Transfer,68866.52,Paid,2025-02-22
1822,1822,Bank Transfer,222664.44,Paid,2023-10-10
1823,1823,Mobile Money,313719.3,Paid,2025-07-01
1824,1824,Card,194454.97,Paid,2025-03-16
1825,1825,Bank Transfer,224882.59,Paid,2023-06-13
1826,1826,Cash on Delivery,37021.94,Paid,2026-03-02
1827,1827,Bank Transfer,173230.0,Paid,2023-03-11
1828,1828,Card,94493.54,Paid,2024-10-26
1829,1829,Cash on Delivery,151179.91,Pending,2024-09-25
1830,1830,Mobile Money,80400.6,Paid,2024-04-23
1831,1831,Card,132854.69,Paid,2025-11-05
1832,1832,Bank Transfer,22167.37,Paid,2023-10-19
1833,1833,Cash on Delivery,149478.09,Paid,2025-03-07
1834,1834,Cash on Delivery,205053.37,Paid,2023-02-18
1835,1835,Cash on Delivery,78107.75,Paid,2024-10-07
1836,1836,Bank Transfer,112170.1,Paid,2023-12-29
1837,1837,Cash on Delivery,59771.72,Paid,2024-01-09
1838,1838,Card,188193.08,Paid,2025-01-01
1839,1839,Cash on Delivery,96936.01,Paid,2023-04-14
1840,1840,Mobile Money,262817.1,Paid,2024-01-10
1841,1841,Card,92493.52,Paid,2026-04-19
1842,1842,Cash on Delivery,31709.36,Paid,2024-11-26
1843,1843,Cash on Delivery,279400.58,Pending,2023-07-24
1844,1844,Cash on Delivery,45028.18,Paid,2025-08-07
1845,1845,Mobile Money,131328.92,Paid,2026-04-23
1846,1846,Bank Transfer,114831.83,Paid,2023-05-15
1847,1847,Card,160063.17,Paid,2026-06-27
1848,1848,Bank Transfer,78456.96,Paid,2023-01-25
1849,1849,Bank Transfer,193192.66,Paid,2023-01-07
1850,1850,Card,96386.96,Pending,2024-03-15
1851,1851,Cash on Delivery,89813.34,Paid,2024-08-05
1852,1852,Card,115958.04,Paid,2026-06-10
1853,1853,Cash on Delivery,370872.42,Paid,2026-06-14
1854,1854,Card,115206.97,Paid,2025-01-05
1855,1855,Card,70692.28,Paid,2026-03-07
1856,1856,Card,64308.6,Paid,2023-05-25
1857,1857,Bank Transfer,211867.58,Paid,2026-03-12
1858,1858,Card,53468.76,Paid,2026-03-15
1859,1859,Card,26822.57,Paid,2023-05-01
1860,1860,Cash on Delivery,75072.52,Paid,2025-09-04
1861,1861,Mobile Money,39803.4,Refunded,2025-09-07
1862,1862,Card,159834.91,Paid,2024-03-22
1863,1863,Mobile Money,116620.28,Paid,2026-04-04
1864,1864,Mobile Money,46134.32,Failed,2025-03-15
1865,1865,Mobile Money,204283.4,Paid,2024-11-15
1866,1866,Cash on Delivery,41972.88,Paid,2024-12-13
1867,1867,Mobile Money,112303.63,Paid,2024-10-03
1868,1868,Card,87961.73,Paid,2024-08-08
1869,1869,Bank Transfer,336078.41,Paid,2026-04-07
1870,1870,Card,185343.94,Paid,2023-11-03
1871,1871,Bank Transfer,75264.21,Paid,2023-07-15
1872,1872,Cash on Delivery,268050.15,Failed,2026-03-16
1873,1873,Card,131867.09,Paid,2023-04-06
1874,1874,Mobile Money,366496.8,Pending,2026-01-12
1875,1875,Card,31411.41,Paid,2024-05-12
1876,1876,Cash on Delivery,101772.85,Paid,2023-07-01
1877,1877,Bank Transfer,281241.19,Paid,2026-06-16
1878,1878,Bank Transfer,64341.03,Failed,2025-07-23
1879,1879,Bank Transfer,190769.0,Paid,2026-01-17
1880,1880,Card,62693.09,Paid,2023-06-29
1881,1881,Bank Transfer,133126.6,Paid,2025-05-17
1882,1882,Card,129523.82,Paid,2024-05-07
1883,1883,Mobile Money,183463.59,Paid,2023-01-18
1884,1884,Card,125651.36,Paid,2024-01-18
1885,1885,Mobile Money,229297.77,Paid,2026-05-05
1886,1886,Card,335102.29,Pending,2023-07-06
1887,1887,Cash on Delivery,31811.82,Paid,2026-02-01
1888,1888,Cash on Delivery,93422.14,Paid,2023-12-11
1889,1889,Cash on Delivery,211924.08,Paid,2023-12-17
1890,1890,Mobile Money,147571.33,Paid,2023-09-12
1891,1891,Bank Transfer,139103.42,Paid,2023-01-09
1892,1892,Cash on Delivery,110402.73,Paid,2023-08-18
1893,1893,Card,65237.41,Refunded,2024-11-11
1894,1894,Bank Transfer,50138.99,Paid,2024-10-02
1895,1895,Mobile Money,248444.66,Paid,2023-12-09
1896,1896,Bank Transfer,19622.43,Failed,2023-04-14
1897,1897,Mobile Money,104595.93,Paid,2026-05-21
1898,1898,Card,68348.16,Refunded,2023-11-13
1899,1899,Mobile Money,228996.99,Paid,2025-11-08
1900,1900,Mobile Money,65618.68,Paid,2023-04-20
1901,1901,Bank Transfer,353441.5,Paid,2023-12-11
1902,1902,Cash on Delivery,58944.41,Paid,2026-02-02
1903,1903,Cash on Delivery,162671.93,Paid,2024-04-13
1904,1904,Card,76096.87,Paid,2024-05-31
1905,1905,Bank Transfer,105574.94,Paid,2024-03-08
1906,1906,Bank Transfer,41602.7,Paid,2023-08-13
1907,1907,Mobile Money,122613.18,Refunded,2026-03-28
1908,1908,Bank Transfer,168444.78,Paid,2023-09-17
1909,1909,Mobile Money,90368.62,Failed,2024-03-01
1910,1910,Bank Transfer,233187.42,Paid,2023-11-02
1911,1911,Card,82791.96,Paid,2025-06-17
1912,1912,Bank Transfer,81166.63,Paid,2023-07-31
1913,1913,Cash on Delivery,86842.97,Paid,2023-09-25
1914,1914,Cash on Delivery,344609.99,Paid,2025-04-13
1915,1915,Cash on Delivery,157592.85,Paid,2023-04-28
1916,1916,Cash on Delivery,60385.2,Paid,2025-06-20
1917,1917,Card,40632.48,Pending,2023-07-16
1918,1918,Card,94500.36,Paid,2023-05-26
1919,1919,Mobile Money,127098.36,Paid,2025-05-01
1920,1920,Cash on Delivery,39581.2,Paid,2023-03-25
1921,1921,Bank Transfer,152603.37,Paid,2024-03-22
1922,1922,Card,240261.16,Paid,2024-05-22
1923,1923,Cash on Delivery,124479.72,Paid,2025-03-03
1924,1924,Cash on Delivery,154805.55,Paid,2024-02-20
1925,1925,Cash on Delivery,46533.79,Paid,2023-04-25
1926,1926,Bank Transfer,147540.97,Paid,2025-05-05
1927,1927,Cash on Delivery,78343.14,Paid,2025-02-23
1928,1928,Bank Transfer,57403.54,Paid,2023-06-22
1929,1929,Card,215483.14,Paid,2025-01-10
1930,1930,Bank Transfer,63598.01,Paid,2024-06-05
1931,1931,Card,211765.34,Paid,2025-03-12
1932,1932,Mobile Money,82413.7,Paid,2024-01-22
1933,1933,Cash on Delivery,176654.58,Paid,2024-09-11
1934,1934,Card,152688.41,Paid,2024-01-24
1935,1935,Bank Transfer,36544.83,Paid,2025-06-07
1936,1936,Card,85803.65,Paid,2024-06-07
1937,1937,Cash on Delivery,371654.65,Failed,2024-12-04
1938,1938,Mobile Money,87381.05,Paid,2023-11-06
1939,1939,Card,166742.22,Paid,2023-03-22
1940,1940,Card,126872.55,Paid,2026-06-19
1941,1941,Bank Transfer,33383.49,Paid,2023-10-30
1942,1942,Cash on Delivery,101275.55,Paid,2023-06-23
1943,1943,Mobile Money,62256.31,Paid,2024-06-23
1944,1944,Cash on Delivery,82007.71,Paid,2023-10-02
1945,1945,Cash on Delivery,10719.02,Paid,2025-01-18
1946,1946,Bank Transfer,92085.05,Paid,2024-05-17
1947,1947,Card,187234.24,Paid,2024-05-08
1948,1948,Card,117249.04,Failed,2025-12-19
1949,1949,Cash on Delivery,318361.67,Paid,2024-06-30
1950,1950,Mobile Money,358041.7,Paid,2025-03-10
1951,1951,Bank Transfer,331830.42,Paid,2025-07-17
1952,1952,Bank Transfer,73783.93,Failed,2024-07-03
1953,1953,Bank Transfer,92499.01,Failed,2024-05-06
1954,1954,Card,148852.91,Paid,2025-03-15
1955,1955,Mobile Money,174737.13,Failed,2025-10-26
1956,1956,Cash on Delivery,112349.29,Paid,2024-03-03
1957,1957,Mobile Money,115753.0,Paid,2024-08-07
1958,1958,Bank Transfer,62550.18,Paid,2026-03-18
1959,1959,Bank Transfer,37432.36,Paid,2024-09-19
1960,1960,Card,203443.52,Paid,2025-03-28
1961,1961,Card,382978.23,Paid,2026-03-25
1962,1962,Card,233057.24,Paid,2024-01-08
1963,1963,Card,27787.52,Paid,2025-07-17
1964,1964,Bank Transfer,77351.76,Paid,2026-04-20
1965,1965,Mobile Money,329504.35,Paid,2024-08-08
1966,1966,Card,46742.33,Pending,2026-01-20
1967,1967,Mobile Money,56319.57,Paid,2025-04-30
1968,1968,Bank Transfer,273633.0,Paid,2024-03-13
1969,1969,Cash on Delivery,124671.05,Failed,2025-07-26
1970,1970,Bank Transfer,199892.82,Paid,2023-02-07
1971,1971,Card,94165.13,Refunded,2023-09-07
1972,1972,Mobile Money,147677.37,Refunded,2023-12-09
1973,1973,Bank Transfer,245568.04,Failed,2026-01-29
1974,1974,Cash on Delivery,27225.59,Paid,2024-07-29
1975,1975,Card,73596.97,Paid,2024-07-26
1976,1976,Cash on Delivery,129183.84,Paid,2025-08-01
1977,1977,Bank Transfer,70154.77,Paid,2025-10-17
1978,1978,Mobile Money,268554.55,Paid,2023-12-02
1979,1979,Mobile Money,117890.0,Paid,2025-12-19
1980,1980,Cash on Delivery,428610.71,Paid,2023-10-30
1981,1981,Bank Transfer,328381.55,Paid,2023-09-28
1982,1982,Bank Transfer,112481.46,Paid,2025-04-12
1983,1983,Card,251543.62,Paid,2024-07-24
1984,1984,Mobile Money,44036.97,Paid,2025-01-01
1985,1985,Card,229732.73,Paid,2023-05-09
1986,1986,Mobile Money,32654.08,Paid,2025-11-29
1987,1987,Card,385316.55,Pending,2023-11-08
1988,1988,Mobile Money,158949.38,Paid,2023-09-20
1989,1989,Card,29808.27,Paid,2024-02-04
1990,1990,Card,426497.9,Paid,2024-04-09
1991,1991,Cash on Delivery,60512.24,Paid,2024-03-21
1992,1992,Bank Transfer,149230.38,Paid,2023-06-27
1993,1993,Bank Transfer,104683.82,Paid,2024-02-11
1994,1994,Cash on Delivery,106095.74,Paid,2024-12-19
1995,1995,Cash on Delivery,86124.73,Paid,2023-02-24
1996,1996,Mobile Money,35751.17,Paid,2025-09-19
1997,1997,Bank Transfer,135100.03,Paid,2026-06-14
1998,1998,Bank Transfer,388970.75,Paid,2024-03-12
1999,1999,Cash on Delivery,695103.23,Failed,2025-06-25
2000,2000,Mobile Money,130565.18,Paid,2026-05-20
2001,2001,Bank Transfer,110747.82,Paid,2025-08-28
2002,2002,Cash on Delivery,77752.21,Paid,2024-04-09
2003,2003,Cash on Delivery,159068.03,Paid,2023-03-13
2004,2004,Card,229365.94,Paid,2026-02-02
2005,2005,Cash on Delivery,567261.86,Paid,2026-05-28
2006,2006,Card,482221.9,Paid,2025-11-01
2007,2007,Cash on Delivery,30920.67,Paid,2023-03-21
2008,2008,Cash on Delivery,488336.02,Paid,2025-03-22
2009,2009,Card,495831.21,Paid,2024-03-31
2010,2010,Cash on Delivery,139794.63,Paid,2023-07-03
2011,2011,Bank Transfer,109408.04,Paid,2025-06-09
2012,2012,Card,70535.47,Failed,2025-04-04
2013,2013,Cash on Delivery,11659.44,Paid,2024-06-21
2014,2014,Card,467824.48,Paid,2023-11-09
2015,2015,Mobile Money,166015.1,Paid,2025-11-07
2016,2016,Bank Transfer,300569.57,Paid,2024-08-21
2017,2017,Card,167472.45,Refunded,2026-03-05
2018,2018,Cash on Delivery,142650.89,Paid,2024-01-13
2019,2019,Bank Transfer,254743.73,Failed,2023-04-28
2020,2020,Cash on Delivery,103859.35,Paid,2024-11-22
2021,2021,Card,493204.78,Paid,2024-05-11
2022,2022,Bank Transfer,12019.94,Paid,2023-05-17
2023,2023,Mobile Money,118831.8,Paid,2025-03-23
2024,2024,Bank Transfer,113569.7,Paid,2023-01-13
2025,2025,Cash on Delivery,377026.22,Refunded,2024-09-16
2026,2026,Card,270803.29,Paid,2023-01-28
2027,2027,Bank Transfer,266379.68,Paid,2025-04-01
2028,2028,Mobile Money,46225.23,Paid,2025-03-28
2029,2029,Card,173972.71,Paid,2025-01-18
2030,2030,Card,285343.18,Paid,2025-09-02
2031,2031,Cash on Delivery,147014.97,Paid,2023-05-29
2032,2032,Mobile Money,274247.67,Paid,2025-01-24
2033,2033,Mobile Money,200883.6,Paid,2023-05-28
2034,2034,Bank Transfer,233785.08,Paid,2024-12-01
2035,2035,Card,170735.68,Paid,2023-07-07
2036,2036,Card,222463.93,Paid,2026-04-25
2037,2037,Card,117455.9,Paid,2024-01-14
2038,2038,Cash on Delivery,103663.29,Pending,2023-02-07
2039,2039,Cash on Delivery,113968.24,Paid,2023-01-31
2040,2040,Card,49214.74,Paid,2023-07-16
2041,2041,Card,136597.46,Paid,2024-09-21
2042,2042,Card,180433.02,Refunded,2025-05-30
2043,2043,Bank Transfer,124201.94,Paid,2025-07-18
2044,2044,Mobile Money,59829.47,Paid,2025-08-29
2045,2045,Cash on Delivery,158071.47,Paid,2025-09-17
2046,2046,Mobile Money,47433.05,Paid,2024-01-15
2047,2047,Cash on Delivery,96904.98,Pending,2023-02-27
2048,2048,Mobile Money,400296.55,Paid,2025-12-22
2049,2049,Mobile Money,93654.37,Paid,2025-05-10
2050,2050,Cash on Delivery,81605.54,Paid,2026-03-16
2051,2051,Cash on Delivery,25462.88,Paid,2025-02-21
2052,2052,Cash on Delivery,96196.78,Paid,2026-03-30
2053,2053,Cash on Delivery,35119.85,Failed,2023-10-24
2054,2054,Cash on Delivery,22362.95,Paid,2024-12-21
2055,2055,Mobile Money,179032.23,Paid,2024-07-11
2056,2056,Card,468777.41,Paid,2025-09-09
2057,2057,Cash on Delivery,290847.08,Paid,2025-05-11
2058,2058,Bank Transfer,140514.71,Failed,2026-01-20
2059,2059,Cash on Delivery,71906.6,Paid,2025-07-06
2060,2060,Mobile Money,255010.24,Paid,2025-05-09
2061,2061,Bank Transfer,79732.76,Pending,2023-03-11
2062,2062,Bank Transfer,367773.0,Paid,2025-04-12
2063,2063,Cash on Delivery,87299.81,Failed,2025-08-21
2064,2064,Mobile Money,155984.23,Paid,2024-07-11
2065,2065,Mobile Money,215319.64,Paid,2025-06-22
2066,2066,Mobile Money,68657.46,Paid,2025-01-03
2067,2067,Cash on Delivery,25324.29,Paid,2024-10-19
2068,2068,Cash on Delivery,30508.97,Pending,2025-08-12
2069,2069,Mobile Money,78123.44,Paid,2023-11-27
2070,2070,Card,75193.5,Paid,2024-02-27
2071,2071,Bank Transfer,24518.17,Paid,2026-06-11
2072,2072,Cash on Delivery,16576.33,Failed,2026-03-13
2073,2073,Cash on Delivery,92085.5,Paid,2025-04-27
2074,2074,Cash on Delivery,156964.67,Paid,2024-06-20
2075,2075,Mobile Money,60112.63,Paid,2024-06-11
2076,2076,Mobile Money,153129.66,Paid,2023-09-06
2077,2077,Mobile Money,120120.55,Paid,2024-05-15
2078,2078,Bank Transfer,318822.1,Pending,2024-07-18
2079,2079,Mobile Money,86256.37,Paid,2024-07-06
2080,2080,Bank Transfer,271419.38,Paid,2026-02-23
2081,2081,Card,277226.88,Paid,2024-11-03
2082,2082,Mobile Money,200552.39,Failed,2025-09-03
2083,2083,Cash on Delivery,245402.7,Paid,2025-12-05
2084,2084,Card,105178.87,Paid,2024-05-25
2085,2085,Cash on Delivery,50119.32,Paid,2026-03-15
2086,2086,Mobile Money,58916.1,Paid,2023-08-24
2087,2087,Card,251673.72,Paid,2024-09-09
2088,2088,Cash on Delivery,77194.66,Paid,2025-04-25
2089,2089,Cash on Delivery,69771.08,Paid,2023-09-28
2090,2090,Card,57703.45,Paid,2024-09-10
2091,2091,Cash on Delivery,142254.14,Paid,2025-02-20
2092,2092,Bank Transfer,65012.69,Paid,2026-03-06
2093,2093,Mobile Money,82794.11,Refunded,2024-12-29
2094,2094,Card,88573.13,Paid,2025-08-03
2095,2095,Card,366914.88,Paid,2025-12-18
2096,2096,Mobile Money,279294.47,Paid,2024-11-21
2097,2097,Card,118279.93,Paid,2026-02-11
2098,2098,Bank Transfer,48027.23,Paid,2026-06-02
2099,2099,Mobile Money,11701.27,Paid,2025-01-08
2100,2100,Bank Transfer,63019.8,Refunded,2024-11-01
2101,2101,Card,84277.93,Paid,2024-04-01
2102,2102,Mobile Money,17488.76,Paid,2024-08-30
2103,2103,Mobile Money,13144.48,Paid,2023-10-05
2104,2104,Bank Transfer,157232.96,Paid,2025-07-25
2105,2105,Card,41080.41,Paid,2023-08-09
2106,2106,Card,79700.82,Paid,2026-04-01
2107,2107,Mobile Money,387277.54,Failed,2025-03-22
2108,2108,Cash on Delivery,34756.59,Paid,2024-10-04
2109,2109,Bank Transfer,98630.13,Paid,2026-04-08
2110,2110,Card,86158.05,Refunded,2023-07-03
2111,2111,Bank Transfer,32583.85,Paid,2024-08-08
2112,2112,Mobile Money,43757.56,Paid,2024-09-10
2113,2113,Mobile Money,145418.19,Pending,2024-04-12
2114,2114,Bank Transfer,167375.65,Refunded,2023-04-07
2115,2115,Cash on Delivery,62022.19,Pending,2024-07-28
2116,2116,Card,31548.15,Paid,2024-11-20
2117,2117,Card,250337.81,Paid,2023-11-10
2118,2118,Bank Transfer,91308.22,Paid,2023-02-03
2119,2119,Cash on Delivery,227991.06,Refunded,2024-03-17
2120,2120,Mobile Money,23247.66,Paid,2024-03-25
2121,2121,Cash on Delivery,97748.29,Paid,2023-05-19
2122,2122,Bank Transfer,156237.51,Paid,2025-01-17
2123,2123,Mobile Money,82951.66,Paid,2025-09-06
2124,2124,Card,73444.6,Paid,2024-05-25
2125,2125,Bank Transfer,31531.57,Paid,2024-03-07
2126,2126,Card,287606.47,Paid,2024-04-17
2127,2127,Cash on Delivery,28455.71,Paid,2023-12-16
2128,2128,Bank Transfer,206315.73,Paid,2023-09-27
2129,2129,Card,387478.53,Paid,2023-05-20
2130,2130,Card,340285.0,Failed,2023-02-03
2131,2131,Mobile Money,119063.9,Paid,2023-09-29
2132,2132,Mobile Money,124479.5,Paid,2025-06-18
2133,2133,Bank Transfer,97518.85,Paid,2026-01-24
2134,2134,Card,126382.25,Paid,2025-09-02
2135,2135,Card,20730.08,Paid,2024-06-17
2136,2136,Mobile Money,154686.7,Paid,2024-01-10
2137,2137,Mobile Money,544648.63,Paid,2026-01-14
2138,2138,Card,201615.78,Paid,2023-11-12
2139,2139,Bank Transfer,269170.79,Paid,2023-05-12
2140,2140,Card,77525.02,Paid,2026-04-12
2141,2141,Bank Transfer,355039.21,Paid,2024-07-31
2142,2142,Card,50700.18,Paid,2023-10-29
2143,2143,Bank Transfer,64826.54,Paid,2025-07-13
2144,2144,Card,131836.18,Paid,2023-07-24
2145,2145,Card,175250.42,Paid,2025-12-23
2146,2146,Card,102528.42,Paid,2024-12-10
2147,2147,Cash on Delivery,498900.22,Paid,2026-06-11
2148,2148,Bank Transfer,216783.84,Paid,2025-07-19
2149,2149,Cash on Delivery,131273.72,Paid,2023-03-15
2150,2150,Bank Transfer,415525.9,Paid,2024-12-22
2151,2151,Bank Transfer,122277.88,Paid,2024-05-30
2152,2152,Bank Transfer,54322.18,Paid,2023-08-13
2153,2153,Card,36530.82,Paid,2025-10-05
2154,2154,Mobile Money,15527.47,Paid,2026-02-15
2155,2155,Bank Transfer,48478.11,Pending,2024-08-15
2156,2156,Bank Transfer,63644.88,Paid,2025-02-10
2157,2157,Cash on Delivery,70667.72,Paid,2025-02-22
2158,2158,Mobile Money,355287.42,Paid,2023-01-04
2159,2159,Card,11438.93,Paid,2024-08-25
2160,2160,Bank Transfer,239465.37,Refunded,2024-09-16
2161,2161,Mobile Money,160225.22,Paid,2026-05-12
2162,2162,Mobile Money,76841.78,Paid,2025-08-09
2163,2163,Card,64522.16,Paid,2026-06-11
2164,2164,Card,82190.3,Paid,2023-05-27
2165,2165,Cash on Delivery,76143.01,Paid,2025-07-06
2166,2166,Cash on Delivery,72475.95,Paid,2025-03-24
2167,2167,Cash on Delivery,168114.66,Pending,2026-05-09
2168,2168,Bank Transfer,152419.93,Paid,2025-07-15
2169,2169,Cash on Delivery,384463.34,Paid,2023-11-24
2170,2170,Mobile Money,45216.14,Paid,2023-06-14
2171,2171,Cash on Delivery,209783.89,Paid,2026-05-23
2172,2172,Cash on Delivery,165790.54,Paid,2023-11-19
2173,2173,Cash on Delivery,117776.45,Paid,2024-10-22
2174,2174,Cash on Delivery,37993.49,Paid,2024-10-12
2175,2175,Cash on Delivery,386798.99,Pending,2025-04-03
2176,2176,Cash on Delivery,125213.97,Paid,2023-11-12
2177,2177,Card,80709.33,Paid,2024-08-30
2178,2178,Mobile Money,232805.2,Paid,2024-11-17
2179,2179,Cash on Delivery,78480.67,Paid,2026-02-02
2180,2180,Cash on Delivery,13271.2,Paid,2023-08-08
2181,2181,Bank Transfer,74808.49,Paid,2023-03-31
2182,2182,Mobile Money,552732.72,Paid,2023-11-18
2183,2183,Cash on Delivery,168563.54,Paid,2023-11-07
2184,2184,Card,51159.71,Refunded,2025-02-01
2185,2185,Bank Transfer,106611.95,Paid,2025-02-01
2186,2186,Card,114070.51,Paid,2025-05-04
2187,2187,Card,92872.55,Paid,2023-01-18
2188,2188,Mobile Money,322145.5,Paid,2024-10-31
2189,2189,Cash on Delivery,551428.99,Paid,2024-09-25
2190,2190,Mobile Money,356851.19,Pending,2023-01-02
2191,2191,Bank Transfer,66272.28,Paid,2025-10-26
2192,2192,Cash on Delivery,102284.49,Paid,2024-05-15
2193,2193,Bank Transfer,74082.43,Paid,2025-03-05
2194,2194,Bank Transfer,75566.52,Paid,2024-09-28
2195,2195,Card,166531.19,Paid,2024-03-21
2196,2196,Card,126620.41,Paid,2023-10-16
2197,2197,Cash on Delivery,201546.92,Paid,2024-01-31
2198,2198,Cash on Delivery,261367.0,Paid,2023-04-04
2199,2199,Card,608259.82,Paid,2024-03-20
2200,2200,Mobile Money,142178.1,Refunded,2026-03-09
2201,2201,Bank Transfer,119905.14,Pending,2025-07-03
2202,2202,Card,68166.14,Refunded,2026-06-02
2203,2203,Cash on Delivery,462095.68,Pending,2025-12-14
2204,2204,Cash on Delivery,116309.74,Paid,2024-02-12
2205,2205,Mobile Money,90440.4,Refunded,2024-03-25
2206,2206,Card,65536.24,Paid,2023-12-11
2207,2207,Cash on Delivery,231739.32,Paid,2023-11-27
2208,2208,Cash on Delivery,161117.82,Failed,2024-01-22
2209,2209,Mobile Money,93772.9,Paid,2024-10-30
2210,2210,Mobile Money,84035.11,Paid,2024-04-26
2211,2211,Mobile Money,14289.16,Paid,2026-02-06
2212,2212,Mobile Money,127284.72,Paid,2023-12-17
2213,2213,Bank Transfer,139521.18,Paid,2025-07-12
2214,2214,Cash on Delivery,182493.94,Failed,2025-07-25
2215,2215,Card,320971.0,Paid,2023-12-30
2216,2216,Cash on Delivery,88342.9,Paid,2026-06-02
2217,2217,Bank Transfer,102365.21,Paid,2024-03-15
2218,2218,Card,136929.3,Paid,2025-11-01
2219,2219,Cash on Delivery,23543.37,Paid,2026-01-15
2220,2220,Mobile Money,456065.37,Paid,2024-05-22
2221,2221,Mobile Money,134691.48,Paid,2023-08-11
2222,2222,Card,16803.64,Paid,2025-11-01
2223,2223,Mobile Money,89090.97,Paid,2026-05-31
2224,2224,Cash on Delivery,325371.28,Paid,2024-04-03
2225,2225,Mobile Money,147053.89,Paid,2026-05-13
2226,2226,Card,207602.24,Paid,2023-02-10
2227,2227,Cash on Delivery,297722.89,Pending,2025-02-28
2228,2228,Mobile Money,57076.61,Paid,2025-01-28
2229,2229,Cash on Delivery,63151.23,Paid,2025-12-06
2230,2230,Bank Transfer,98422.36,Paid,2024-05-21
2231,2231,Bank Transfer,333428.55,Paid,2025-06-29
2232,2232,Bank Transfer,68065.76,Paid,2023-08-15
2233,2233,Bank Transfer,81351.16,Paid,2025-12-28
2234,2234,Bank Transfer,106821.57,Paid,2024-12-17
2235,2235,Mobile Money,62909.59,Paid,2023-11-05
2236,2236,Card,345964.96,Paid,2025-12-29
2237,2237,Cash on Delivery,100117.99,Paid,2026-03-23
2238,2238,Cash on Delivery,224747.14,Paid,2024-09-22
2239,2239,Mobile Money,40657.68,Refunded,2024-12-04
2240,2240,Cash on Delivery,59269.77,Paid,2025-06-10
2241,2241,Mobile Money,43149.0,Paid,2024-09-02
2242,2242,Mobile Money,57908.16,Paid,2025-06-30
2243,2243,Card,57678.21,Paid,2026-06-18
2244,2244,Card,347512.29,Paid,2025-06-15
2245,2245,Bank Transfer,61725.52,Paid,2026-02-25
2246,2246,Card,90270.59,Paid,2024-09-20
2247,2247,Mobile Money,112280.22,Pending,2026-06-19
2248,2248,Cash on Delivery,222789.99,Paid,2025-11-08
2249,2249,Card,204441.05,Paid,2024-09-11
2250,2250,Bank Transfer,54375.43,Paid,2025-07-27
2251,2251,Cash on Delivery,62398.2,Paid,2025-03-27
2252,2252,Mobile Money,48438.28,Paid,2025-02-18
2253,2253,Card,363461.44,Refunded,2024-06-27
2254,2254,Bank Transfer,107560.32,Paid,2023-12-08
2255,2255,Bank Transfer,237255.26,Refunded,2024-10-31
2256,2256,Mobile Money,479452.37,Paid,2023-12-02
2257,2257,Bank Transfer,61187.05,Paid,2025-03-23
2258,2258,Bank Transfer,317366.52,Paid,2023-02-07
2259,2259,Bank Transfer,31551.92,Paid,2025-01-04
2260,2260,Bank Transfer,20017.53,Paid,2026-02-13
2261,2261,Card,157805.03,Paid,2023-03-26
2262,2262,Cash on Delivery,64280.35,Paid,2026-02-02
2263,2263,Bank Transfer,121774.98,Paid,2024-06-20
2264,2264,Mobile Money,133566.18,Paid,2023-01-30
2265,2265,Cash on Delivery,204780.54,Paid,2023-01-27
2266,2266,Cash on Delivery,49521.55,Paid,2024-12-07
2267,2267,Mobile Money,67855.16,Paid,2026-04-27
2268,2268,Mobile Money,269306.5,Paid,2025-01-02
2269,2269,Bank Transfer,95972.04,Paid,2026-03-03
2270,2270,Cash on Delivery,364044.0,Paid,2024-08-25
2271,2271,Mobile Money,69893.25,Paid,2025-09-09
2272,2272,Cash on Delivery,45500.29,Paid,2023-11-28
2273,2273,Mobile Money,108207.27,Pending,2023-03-05
2274,2274,Card,108008.7,Paid,2025-02-01
2275,2275,Card,126940.94,Refunded,2024-09-12
2276,2276,Card,195672.53,Paid,2025-03-16
2277,2277,Cash on Delivery,59298.49,Paid,2026-02-18
2278,2278,Card,188672.78,Paid,2024-09-08
2279,2279,Cash on Delivery,130727.04,Refunded,2023-09-16
2280,2280,Mobile Money,219751.8,Paid,2026-05-08
2281,2281,Mobile Money,259347.1,Paid,2025-05-21
2282,2282,Mobile Money,89614.48,Paid,2023-09-13
2283,2283,Mobile Money,31114.28,Paid,2024-08-26
2284,2284,Cash on Delivery,58814.12,Paid,2024-09-21
2285,2285,Bank Transfer,25345.46,Paid,2024-08-13
2286,2286,Mobile Money,196870.87,Paid,2025-06-14
2287,2287,Card,32410.7,Paid,2025-12-30
2288,2288,Card,252342.56,Paid,2023-10-08
2289,2289,Mobile Money,281731.58,Refunded,2023-07-28
2290,2290,Mobile Money,80017.16,Paid,2023-04-26
2291,2291,Cash on Delivery,154144.29,Pending,2024-01-14
2292,2292,Cash on Delivery,251554.52,Paid,2025-08-25
2293,2293,Cash on Delivery,31134.65,Paid,2025-08-06
2294,2294,Mobile Money,371686.44,Paid,2026-01-02
2295,2295,Card,135414.62,Paid,2024-12-10
2296,2296,Bank Transfer,181396.41,Paid,2026-02-08
2297,2297,Mobile Money,74788.72,Paid,2024-09-17
2298,2298,Bank Transfer,103860.99,Paid,2024-10-02
2299,2299,Bank Transfer,108288.54,Paid,2025-09-28
2300,2300,Cash on Delivery,164139.5,Paid,2023-04-23
2301,2301,Cash on Delivery,107370.86,Paid,2023-04-07
2302,2302,Cash on Delivery,111302.54,Paid,2025-07-06
2303,2303,Mobile Money,269823.83,Paid,2025-01-19
2304,2304,Mobile Money,24561.9,Paid,2024-09-01
2305,2305,Mobile Money,102297.4,Failed,2024-08-28
2306,2306,Bank Transfer,126802.11,Paid,2023-09-01
2307,2307,Bank Transfer,116964.1,Failed,2025-07-29
2308,2308,Card,279899.35,Paid,2024-02-21
2309,2309,Card,47587.93,Failed,2025-12-30
2310,2310,Bank Transfer,128637.81,Paid,2024-03-21
2311,2311,Mobile Money,85689.89,Paid,2024-02-16
2312,2312,Mobile Money,150726.37,Refunded,2024-01-09
2313,2313,Mobile Money,43059.55,Paid,2025-11-02
2314,2314,Card,13626.06,Paid,2023-05-20
2315,2315,Card,65060.8,Pending,2025-08-31
2316,2316,Cash on Delivery,155302.55,Paid,2025-06-09
2317,2317,Bank Transfer,133338.56,Paid,2024-01-07
2318,2318,Mobile Money,203002.13,Paid,2024-10-31
2319,2319,Bank Transfer,105143.9,Pending,2025-09-15
2320,2320,Bank Transfer,433726.93,Paid,2023-08-08
2321,2321,Card,104221.62,Paid,2024-08-22
2322,2322,Card,43767.83,Paid,2025-09-08
2323,2323,Mobile Money,147001.15,Pending,2026-04-28
2324,2324,Cash on Delivery,61677.62,Paid,2024-04-04
2325,2325,Card,93933.34,Paid,2026-05-23
2326,2326,Cash on Delivery,70829.35,Paid,2025-05-30
2327,2327,Bank Transfer,90589.43,Failed,2026-06-02
2328,2328,Cash on Delivery,174622.99,Paid,2023-03-17
2329,2329,Bank Transfer,98477.26,Paid,2024-11-27
2330,2330,Card,30684.55,Paid,2024-04-24
2331,2331,Cash on Delivery,293712.25,Paid,2026-01-11
2332,2332,Card,24625.97,Paid,2024-08-11
2333,2333,Bank Transfer,151685.09,Refunded,2025-11-19
2334,2334,Card,86462.36,Paid,2026-06-13
2335,2335,Bank Transfer,143855.03,Paid,2026-02-23
2336,2336,Mobile Money,67353.14,Refunded,2024-11-03
2337,2337,Card,36816.26,Paid,2025-11-30
2338,2338,Bank Transfer,114289.6,Paid,2026-04-28
2339,2339,Card,324181.39,Paid,2026-04-10
2340,2340,Cash on Delivery,83524.63,Paid,2023-06-01
2341,2341,Mobile Money,90466.07,Paid,2026-05-31
2342,2342,Bank Transfer,211577.55,Paid,2024-11-03
2343,2343,Cash on Delivery,139834.86,Paid,2024-11-04
2344,2344,Mobile Money,260404.47,Paid,2025-05-21
2345,2345,Card,315445.11,Paid,2025-03-12
2346,2346,Mobile Money,162108.24,Pending,2024-03-21
2347,2347,Bank Transfer,186295.16,Paid,2024-11-30
2348,2348,Bank Transfer,136859.29,Paid,2023-06-17
2349,2349,Mobile Money,191298.7,Paid,2023-06-13
2350,2350,Cash on Delivery,30024.88,Pending,2023-01-24
2351,2351,Mobile Money,184300.8,Paid,2026-03-19
2352,2352,Mobile Money,11979.8,Paid,2025-06-30
2353,2353,Bank Transfer,169926.38,Paid,2023-10-30
2354,2354,Card,581610.54,Paid,2026-04-13
2355,2355,Card,56103.89,Paid,2023-07-03
2356,2356,Mobile Money,86665.37,Paid,2025-10-30
2357,2357,Bank Transfer,112212.85,Paid,2025-08-09
2358,2358,Cash on Delivery,57845.47,Paid,2024-02-04
2359,2359,Cash on Delivery,131752.91,Paid,2023-09-06
2360,2360,Mobile Money,492960.07,Failed,2023-06-13
2361,2361,Bank Transfer,227369.76,Paid,2023-09-15
2362,2362,Bank Transfer,69592.64,Paid,2024-10-07
2363,2363,Bank Transfer,30286.62,Paid,2023-03-28
2364,2364,Card,219301.42,Paid,2025-12-31
2365,2365,Mobile Money,128417.22,Pending,2023-03-29
2366,2366,Bank Transfer,21973.54,Refunded,2024-09-05
2367,2367,Cash on Delivery,67832.73,Paid,2023-05-23
2368,2368,Mobile Money,161367.14,Paid,2025-10-13
2369,2369,Bank Transfer,73622.69,Paid,2025-06-19
2370,2370,Mobile Money,38490.72,Paid,2026-05-12
2371,2371,Card,223404.67,Refunded,2024-05-10
2372,2372,Cash on Delivery,89469.96,Paid,2024-11-14
2373,2373,Mobile Money,103941.25,Paid,2025-05-31
2374,2374,Mobile Money,73387.74,Paid,2025-07-11
2375,2375,Cash on Delivery,129804.46,Paid,2025-02-08
2376,2376,Bank Transfer,30639.7,Pending,2025-01-01
2377,2377,Mobile Money,249909.78,Paid,2025-02-16
2378,2378,Cash on Delivery,53443.99,Paid,2026-06-10
2379,2379,Cash on Delivery,26698.24,Paid,2024-05-06
2380,2380,Card,331655.63,Paid,2023-11-21
2381,2381,Cash on Delivery,108494.43,Paid,2025-02-13
2382,2382,Mobile Money,16359.91,Paid,2024-08-27
2383,2383,Bank Transfer,91352.91,Pending,2024-06-09
2384,2384,Card,63425.88,Paid,2023-06-06
2385,2385,Mobile Money,41146.08,Pending,2025-08-03
2386,2386,Bank Transfer,143362.98,Paid,2026-01-01
2387,2387,Bank Transfer,229634.4,Paid,2023-03-29
2388,2388,Cash on Delivery,250273.08,Paid,2026-02-21
2389,2389,Cash on Delivery,304949.83,Paid,2023-01-17
2390,2390,Mobile Money,204283.72,Paid,2025-05-14
2391,2391,Bank Transfer,563555.62,Paid,2024-06-23
2392,2392,Cash on Delivery,118977.33,Paid,2023-08-26
2393,2393,Card,208668.65,Paid,2024-10-11
2394,2394,Mobile Money,301427.18,Paid,2026-03-23
2395,2395,Bank Transfer,288821.84,Paid,2026-05-27
2396,2396,Bank Transfer,401218.87,Failed,2026-03-12
2397,2397,Cash on Delivery,63271.5,Paid,2024-07-23
2398,2398,Bank Transfer,65697.44,Paid,2024-10-17
2399,2399,Cash on Delivery,224675.94,Refunded,2024-11-04
2400,2400,Mobile Money,333994.12,Paid,2025-10-02
2401,2401,Cash on Delivery,150715.92,Paid,2023-02-13
2402,2402,Bank Transfer,169930.28,Paid,2026-02-20
2403,2403,Cash on Delivery,339065.82,Pending,2024-07-08
2404,2404,Cash on Delivery,427066.87,Paid,2026-04-24
2405,2405,Cash on Delivery,244657.26,Paid,2025-11-04
2406,2406,Bank Transfer,112140.48,Paid,2025-01-05
2407,2407,Cash on Delivery,17026.76,Paid,2025-04-08
2408,2408,Cash on Delivery,201586.57,Pending,2024-05-29
2409,2409,Card,175418.32,Paid,2023-01-26
2410,2410,Cash on Delivery,318599.52,Paid,2024-01-31
2411,2411,Mobile Money,92142.05,Paid,2023-02-17
2412,2412,Mobile Money,236804.09,Paid,2024-12-15
2413,2413,Mobile Money,38489.14,Paid,2024-06-20
2414,2414,Bank Transfer,96352.62,Paid,2023-06-24
2415,2415,Bank Transfer,241028.15,Pending,2025-07-11
2416,2416,Card,71659.33,Paid,2024-07-26
2417,2417,Mobile Money,337930.11,Failed,2025-10-10
2418,2418,Card,668293.08,Paid,2026-03-03
2419,2419,Card,164435.44,Paid,2024-05-06
2420,2420,Cash on Delivery,128738.04,Paid,2025-09-15
2421,2421,Mobile Money,96955.02,Paid,2023-10-23
2422,2422,Bank Transfer,16076.08,Paid,2023-02-27
2423,2423,Card,151353.08,Paid,2023-11-06
2424,2424,Cash on Delivery,93245.97,Paid,2025-04-13
2425,2425,Mobile Money,187262.1,Paid,2025-10-12
2426,2426,Cash on Delivery,73627.75,Paid,2023-01-29
2427,2427,Card,217993.72,Paid,2024-03-14
2428,2428,Card,302907.8,Paid,2026-06-27
2429,2429,Mobile Money,76897.89,Paid,2025-12-12
2430,2430,Card,93771.27,Paid,2023-04-13
2431,2431,Card,257124.23,Paid,2025-07-07
2432,2432,Card,192204.6,Refunded,2023-03-13
2433,2433,Cash on Delivery,581797.42,Paid,2025-03-11
2434,2434,Card,282063.53,Paid,2025-01-08
2435,2435,Bank Transfer,98988.79,Paid,2023-03-05
2436,2436,Mobile Money,219555.94,Paid,2024-10-03
2437,2437,Bank Transfer,210946.01,Paid,2023-10-07
2438,2438,Card,128343.42,Paid,2023-02-23
2439,2439,Cash on Delivery,18324.68,Paid,2024-01-24
2440,2440,Bank Transfer,356562.25,Paid,2023-07-11
2441,2441,Cash on Delivery,100667.7,Paid,2026-03-05
2442,2442,Mobile Money,151188.86,Paid,2025-03-09
2443,2443,Bank Transfer,321657.47,Paid,2024-06-03
2444,2444,Mobile Money,51217.55,Refunded,2024-07-26
2445,2445,Card,330661.73,Paid,2026-03-12
2446,2446,Cash on Delivery,25659.61,Paid,2025-08-28
2447,2447,Card,600392.58,Paid,2025-04-13
2448,2448,Bank Transfer,110078.21,Paid,2024-09-09
2449,2449,Mobile Money,87145.65,Paid,2024-01-12
2450,2450,Card,130843.44,Paid,2023-02-01
2451,2451,Bank Transfer,519512.8,Paid,2024-07-06
2452,2452,Card,361804.67,Paid,2023-02-04
2453,2453,Card,357556.59,Paid,2025-08-29
2454,2454,Card,99279.3,Paid,2024-01-10
2455,2455,Cash on Delivery,355597.38,Pending,2023-07-13
2456,2456,Mobile Money,89723.32,Paid,2023-06-11
2457,2457,Bank Transfer,10360.07,Paid,2026-02-15
2458,2458,Cash on Delivery,228712.05,Paid,2024-07-07
2459,2459,Cash on Delivery,118167.12,Paid,2026-01-11
2460,2460,Bank Transfer,549027.11,Paid,2023-08-05
2461,2461,Cash on Delivery,209442.62,Paid,2026-01-04
2462,2462,Cash on Delivery,140582.98,Paid,2025-05-30
2463,2463,Cash on Delivery,15931.07,Pending,2024-08-07
2464,2464,Cash on Delivery,195147.14,Paid,2024-06-06
2465,2465,Cash on Delivery,218000.29,Paid,2025-05-12
2466,2466,Bank Transfer,122277.34,Pending,2023-01-20
2467,2467,Bank Transfer,112292.66,Paid,2024-06-14
2468,2468,Cash on Delivery,242709.0,Paid,2026-02-15
2469,2469,Bank Transfer,16382.46,Pending,2023-03-08
2470,2470,Cash on Delivery,155087.63,Paid,2023-09-25
2471,2471,Bank Transfer,65901.28,Paid,2025-04-06
2472,2472,Card,85722.33,Paid,2024-02-17
2473,2473,Card,245814.56,Pending,2023-09-19
2474,2474,Cash on Delivery,137370.31,Paid,2026-01-11
2475,2475,Card,109859.06,Paid,2023-03-22
2476,2476,Bank Transfer,254864.83,Paid,2025-12-16
2477,2477,Cash on Delivery,33738.37,Paid,2023-10-31
2478,2478,Cash on Delivery,200539.61,Paid,2025-10-03
2479,2479,Card,90658.93,Paid,2023-01-04
2480,2480,Cash on Delivery,343998.43,Paid,2023-02-12
2481,2481,Card,260670.36,Paid,2024-08-20
2482,2482,Cash on Delivery,56306.11,Paid,2026-06-07
2483,2483,Mobile Money,160912.64,Paid,2026-03-09
2484,2484,Bank Transfer,144237.72,Paid,2023-01-06
2485,2485,Mobile Money,427324.84,Paid,2025-02-26
2486,2486,Mobile Money,183787.64,Paid,2024-04-26
2487,2487,Card,78710.77,Pending,2026-04-06
2488,2488,Bank Transfer,228805.11,Paid,2025-07-30
2489,2489,Card,24764.55,Failed,2024-11-20
2490,2490,Mobile Money,311928.72,Pending,2026-01-26
2491,2491,Cash on Delivery,193808.7,Paid,2024-05-16
2492,2492,Cash on Delivery,76666.91,Paid,2026-04-22
2493,2493,Bank Transfer,79096.24,Paid,2025-06-08
2494,2494,Mobile Money,177084.37,Paid,2025-07-01
2495,2495,Mobile Money,148415.53,Paid,2024-10-13
2496,2496,Mobile Money,84647.89,Paid,2025-01-26
2497,2497,Mobile Money,65153.04,Paid,2026-03-20
2498,2498,Cash on Delivery,72422.87,Paid,2024-06-16
2499,2499,Mobile Money,145015.6,Paid,2024-05-04
2500,2500,Bank Transfer,117527.95,Paid,2024-10-20
2501,2501,Cash on Delivery,75582.85,Paid,2024-05-27
2502,2502,Mobile Money,138539.47,Paid,2025-04-08
2503,2503,Mobile Money,237893.14,Paid,2023-07-15
2504,2504,Card,304377.17,Paid,2023-02-02
2505,2505,Mobile Money,189316.89,Paid,2025-11-04
2506,2506,Bank Transfer,19752.5,Paid,2025-11-17
2507,2507,Bank Transfer,41170.36,Paid,2023-01-03
2508,2508,Bank Transfer,258671.55,Paid,2023-03-10
2509,2509,Cash on Delivery,68706.58,Paid,2025-10-14
2510,2510,Bank Transfer,231165.56,Failed,2025-08-15
2511,2511,Cash on Delivery,165300.32,Paid,2024-01-30
2512,2512,Cash on Delivery,25407.13,Paid,2024-12-06
2513,2513,Bank Transfer,86782.43,Paid,2023-11-23
2514,2514,Bank Transfer,29437.07,Paid,2023-10-13
2515,2515,Mobile Money,74913.37,Paid,2023-08-26
2516,2516,Card,295617.49,Paid,2024-11-01
2517,2517,Bank Transfer,305451.6,Paid,2025-03-25
2518,2518,Card,91916.85,Paid,2026-05-17
2519,2519,Bank Transfer,34497.2,Failed,2025-04-16
2520,2520,Mobile Money,59881.11,Paid,2024-05-11
2521,2521,Mobile Money,103139.34,Paid,2023-07-03
2522,2522,Card,97744.98,Refunded,2026-03-08
2523,2523,Card,209597.61,Paid,2023-09-14
2524,2524,Mobile Money,191178.72,Paid,2025-02-05
2525,2525,Bank Transfer,210171.88,Paid,2024-10-27
2526,2526,Bank Transfer,577316.18,Pending,2024-06-13
2527,2527,Cash on Delivery,164227.56,Paid,2023-12-30
2528,2528,Card,142191.58,Paid,2024-09-06
2529,2529,Bank Transfer,304433.9,Paid,2026-06-27
2530,2530,Cash on Delivery,166489.5,Paid,2025-10-19
2531,2531,Card,269583.3,Paid,2024-09-25
2532,2532,Cash on Delivery,127252.69,Paid,2024-12-17
2533,2533,Cash on Delivery,133822.26,Paid,2025-04-19
2534,2534,Cash on Delivery,110711.17,Paid,2023-07-27
2535,2535,Bank Transfer,146671.23,Paid,2025-03-18
2536,2536,Card,96252.92,Paid,2025-05-06
2537,2537,Mobile Money,31407.98,Paid,2025-03-30
2538,2538,Card,300939.56,Paid,2026-06-26
2539,2539,Mobile Money,29996.05,Pending,2025-06-24
2540,2540,Mobile Money,48132.55,Paid,2024-08-23
2541,2541,Mobile Money,160969.63,Paid,2023-11-23
2542,2542,Card,135693.6,Pending,2023-01-31
2543,2543,Mobile Money,98759.68,Paid,2025-11-11
2544,2544,Bank Transfer,16035.1,Paid,2023-10-26
2545,2545,Mobile Money,218805.63,Paid,2024-03-05
2546,2546,Cash on Delivery,32145.53,Pending,2025-02-13
2547,2547,Card,230670.75,Paid,2023-06-27
2548,2548,Bank Transfer,87110.35,Pending,2026-05-23
2549,2549,Mobile Money,103537.18,Paid,2023-12-19
2550,2550,Cash on Delivery,110767.78,Paid,2024-07-20
2551,2551,Mobile Money,50255.96,Paid,2023-09-11
2552,2552,Card,75041.9,Paid,2024-02-05
2553,2553,Cash on Delivery,163757.21,Paid,2025-08-07
2554,2554,Cash on Delivery,379197.3,Paid,2024-04-23
2555,2555,Cash on Delivery,78240.91,Paid,2024-08-11
2556,2556,Mobile Money,40499.17,Paid,2023-05-13
2557,2557,Mobile Money,60280.1,Paid,2026-01-04
2558,2558,Bank Transfer,169532.05,Paid,2023-02-07
2559,2559,Card,172105.31,Paid,2023-03-31
2560,2560,Mobile Money,130499.42,Paid,2024-09-28
2561,2561,Mobile Money,69174.08,Paid,2024-01-17
2562,2562,Card,47735.48,Failed,2025-04-02
2563,2563,Card,70658.35,Paid,2025-05-18
2564,2564,Mobile Money,70942.04,Paid,2023-10-19
2565,2565,Cash on Delivery,220980.81,Paid,2025-02-27
2566,2566,Card,89159.79,Pending,2023-05-08
2567,2567,Cash on Delivery,38241.2,Paid,2026-04-27
2568,2568,Card,187137.46,Paid,2023-06-14
2569,2569,Cash on Delivery,21141.66,Paid,2024-03-05
2570,2570,Mobile Money,73512.03,Paid,2024-05-07
2571,2571,Bank Transfer,89897.09,Paid,2023-07-22
2572,2572,Cash on Delivery,236297.37,Paid,2026-02-10
2573,2573,Mobile Money,64394.72,Paid,2025-03-05
2574,2574,Bank Transfer,155819.73,Paid,2026-06-17
2575,2575,Card,80888.84,Paid,2026-04-06
2576,2576,Cash on Delivery,45216.85,Pending,2025-12-08
2577,2577,Card,230775.85,Paid,2023-09-04
2578,2578,Mobile Money,161470.8,Pending,2024-04-02
2579,2579,Mobile Money,66483.78,Paid,2023-02-16
2580,2580,Mobile Money,128519.4,Refunded,2025-06-27
2581,2581,Card,37423.37,Failed,2025-08-16
2582,2582,Mobile Money,301441.31,Paid,2025-08-16
2583,2583,Mobile Money,12840.5,Paid,2023-02-26
2584,2584,Cash on Delivery,286778.8,Refunded,2026-06-14
2585,2585,Mobile Money,326521.88,Paid,2024-02-20
2586,2586,Bank Transfer,126707.13,Paid,2025-02-25
2587,2587,Cash on Delivery,141269.99,Paid,2026-01-01
2588,2588,Bank Transfer,70832.11,Paid,2023-03-24
2589,2589,Bank Transfer,21865.23,Paid,2023-01-15
2590,2590,Card,392233.52,Pending,2026-01-29
2591,2591,Bank Transfer,108329.16,Failed,2023-03-06
2592,2592,Bank Transfer,126713.19,Pending,2024-08-23
2593,2593,Bank Transfer,116265.85,Failed,2025-03-20
2594,2594,Bank Transfer,91856.75,Paid,2025-03-11
2595,2595,Bank Transfer,145666.64,Paid,2025-02-22
2596,2596,Cash on Delivery,31378.61,Paid,2025-03-26
2597,2597,Mobile Money,116020.53,Refunded,2024-12-31
2598,2598,Cash on Delivery,265164.5,Paid,2024-05-18
2599,2599,Cash on Delivery,316139.24,Paid,2023-10-18
2600,2600,Bank Transfer,210111.81,Paid,2025-04-12
2601,2601,Card,162623.22,Refunded,2023-01-10
2602,2602,Mobile Money,83841.8,Paid,2025-01-15
2603,2603,Cash on Delivery,80667.52,Failed,2025-12-06
2604,2604,Bank Transfer,138948.67,Paid,2024-03-09
2605,2605,Mobile Money,127318.67,Refunded,2026-03-29
2606,2606,Cash on Delivery,118410.23,Paid,2025-10-27
2607,2607,Card,31885.58,Paid,2023-08-08
2608,2608,Bank Transfer,304715.12,Paid,2023-02-01
2609,2609,Bank Transfer,209837.0,Pending,2023-07-26
2610,2610,Bank Transfer,81384.22,Paid,2025-01-16
2611,2611,Mobile Money,224171.04,Paid,2025-04-07
2612,2612,Card,88718.13,Paid,2024-11-06
2613,2613,Card,122260.17,Paid,2023-01-07
2614,2614,Card,72712.98,Paid,2024-07-19
2615,2615,Cash on Delivery,98643.88,Paid,2025-10-01
2616,2616,Bank Transfer,110342.5,Refunded,2023-09-08
2617,2617,Cash on Delivery,25460.83,Paid,2024-10-19
2618,2618,Bank Transfer,10086.27,Paid,2025-07-08
2619,2619,Card,151731.65,Paid,2024-04-24
2620,2620,Card,104089.56,Paid,2025-11-03
2621,2621,Mobile Money,177649.89,Refunded,2025-02-09
2622,2622,Mobile Money,134434.05,Paid,2025-08-03
2623,2623,Bank Transfer,107976.46,Paid,2023-11-11
2624,2624,Cash on Delivery,268469.36,Paid,2025-01-27
2625,2625,Bank Transfer,245452.96,Paid,2023-10-17
2626,2626,Bank Transfer,73688.68,Paid,2023-02-25
2627,2627,Bank Transfer,153283.4,Paid,2025-08-07
2628,2628,Card,15255.19,Paid,2025-09-11
2629,2629,Mobile Money,198614.04,Paid,2025-09-12
2630,2630,Cash on Delivery,66820.55,Paid,2024-09-20
2631,2631,Mobile Money,522341.96,Paid,2025-06-24
2632,2632,Cash on Delivery,136472.94,Paid,2025-10-27
2633,2633,Bank Transfer,117450.71,Paid,2025-02-24
2634,2634,Cash on Delivery,259317.41,Failed,2024-06-15
2635,2635,Cash on Delivery,70414.73,Paid,2025-07-12
2636,2636,Bank Transfer,211078.12,Paid,2023-04-04
2637,2637,Mobile Money,57600.52,Paid,2023-01-22
2638,2638,Bank Transfer,187241.19,Paid,2024-02-28
2639,2639,Bank Transfer,158867.11,Paid,2024-02-27
2640,2640,Cash on Delivery,206720.35,Paid,2025-09-01
2641,2641,Card,109284.58,Failed,2023-09-14
2642,2642,Bank Transfer,83126.8,Paid,2025-10-29
2643,2643,Mobile Money,213401.38,Refunded,2023-03-03
2644,2644,Card,69637.15,Refunded,2025-03-16
2645,2645,Mobile Money,269912.91,Paid,2024-11-16
2646,2646,Cash on Delivery,299319.69,Paid,2024-12-11
2647,2647,Card,230103.06,Paid,2023-10-24
2648,2648,Bank Transfer,276561.04,Paid,2023-06-21
2649,2649,Bank Transfer,110481.84,Paid,2024-06-11
2650,2650,Cash on Delivery,67421.19,Paid,2024-10-20
2651,2651,Mobile Money,113142.18,Paid,2025-10-21
2652,2652,Cash on Delivery,61972.38,Failed,2024-11-25
2653,2653,Mobile Money,84263.89,Paid,2026-04-16
2654,2654,Mobile Money,294736.06,Paid,2024-06-15
2655,2655,Mobile Money,392862.13,Paid,2025-04-04
2656,2656,Bank Transfer,117006.64,Paid,2023-05-03
2657,2657,Mobile Money,24806.18,Paid,2025-09-14
2658,2658,Card,40606.92,Paid,2025-01-29
2659,2659,Mobile Money,150989.12,Paid,2023-09-05
2660,2660,Cash on Delivery,67427.16,Paid,2024-08-26
2661,2661,Cash on Delivery,123678.27,Paid,2023-08-22
2662,2662,Card,97007.27,Paid,2026-03-27
2663,2663,Card,116367.38,Paid,2023-08-01
2664,2664,Card,365669.28,Paid,2026-04-12
2665,2665,Cash on Delivery,307762.63,Paid,2025-04-26
2666,2666,Mobile Money,36480.98,Paid,2024-06-29
2667,2667,Card,173599.94,Paid,2023-06-08
2668,2668,Card,62424.1,Paid,2025-07-11
2669,2669,Card,78072.64,Paid,2024-03-18
2670,2670,Card,76717.17,Paid,2023-03-22
2671,2671,Card,617658.02,Paid,2024-08-19
2672,2672,Mobile Money,120176.14,Pending,2025-07-28
2673,2673,Card,165069.28,Paid,2026-03-28
2674,2674,Cash on Delivery,126217.56,Paid,2023-11-24
2675,2675,Mobile Money,61725.62,Paid,2024-05-09
2676,2676,Bank Transfer,183975.03,Paid,2023-03-08
2677,2677,Cash on Delivery,113272.46,Refunded,2023-05-05
2678,2678,Bank Transfer,125950.98,Failed,2026-06-08
2679,2679,Card,76226.42,Paid,2024-03-24
2680,2680,Bank Transfer,158910.38,Paid,2023-11-20
2681,2681,Mobile Money,495309.49,Paid,2023-11-24
2682,2682,Cash on Delivery,101106.88,Paid,2024-12-13
2683,2683,Mobile Money,45361.77,Paid,2026-02-27
2684,2684,Card,178923.53,Paid,2025-05-09
2685,2685,Mobile Money,277255.89,Paid,2025-07-18
2686,2686,Cash on Delivery,62425.0,Paid,2024-02-25
2687,2687,Mobile Money,106405.39,Paid,2026-04-15
2688,2688,Card,222862.0,Paid,2025-11-01
2689,2689,Mobile Money,68436.6,Pending,2025-05-07
2690,2690,Cash on Delivery,79552.66,Paid,2023-02-14
2691,2691,Bank Transfer,151206.84,Paid,2023-07-31
2692,2692,Bank Transfer,57723.33,Paid,2026-05-03
2693,2693,Cash on Delivery,108697.1,Pending,2025-01-30
2694,2694,Mobile Money,115944.23,Paid,2023-03-08
2695,2695,Mobile Money,129378.67,Pending,2026-04-12
2696,2696,Mobile Money,59700.76,Paid,2024-01-30
2697,2697,Cash on Delivery,50647.94,Paid,2024-05-16
2698,2698,Bank Transfer,56186.22,Paid,2024-11-09
2699,2699,Cash on Delivery,153060.55,Paid,2026-06-20
2700,2700,Mobile Money,50925.43,Paid,2023-03-10
2701,2701,Card,155334.37,Paid,2026-02-09
2702,2702,Card,133715.62,Paid,2024-02-01
2703,2703,Bank Transfer,42135.93,Paid,2024-05-19
2704,2704,Bank Transfer,108402.0,Paid,2023-09-28
2705,2705,Card,215863.45,Paid,2026-03-01
2706,2706,Mobile Money,118366.07,Paid,2023-09-16
2707,2707,Mobile Money,220508.13,Paid,2026-04-02
2708,2708,Cash on Delivery,90330.53,Paid,2026-05-10
2709,2709,Bank Transfer,95598.29,Paid,2026-05-16
2710,2710,Bank Transfer,56187.15,Paid,2023-10-20
2711,2711,Cash on Delivery,142338.41,Paid,2023-06-04
2712,2712,Card,23625.08,Paid,2024-07-23
2713,2713,Bank Transfer,307528.55,Paid,2024-01-09
2714,2714,Card,122521.83,Paid,2023-07-10
2715,2715,Cash on Delivery,174142.19,Pending,2026-06-28
2716,2716,Cash on Delivery,77393.95,Paid,2025-07-03
2717,2717,Cash on Delivery,513680.2,Paid,2025-02-01
2718,2718,Card,140788.4,Failed,2024-07-15
2719,2719,Cash on Delivery,595075.22,Paid,2025-03-27
2720,2720,Cash on Delivery,219863.55,Paid,2023-02-22
2721,2721,Cash on Delivery,56931.08,Paid,2024-04-13
2722,2722,Card,164835.73,Paid,2025-12-27
2723,2723,Card,63385.8,Pending,2023-05-06
2724,2724,Bank Transfer,197153.17,Paid,2024-12-25
2725,2725,Bank Transfer,117832.76,Paid,2024-10-12
2726,2726,Bank Transfer,109885.49,Paid,2023-10-13
2727,2727,Mobile Money,100024.87,Paid,2024-05-01
2728,2728,Bank Transfer,75440.8,Paid,2026-04-25
2729,2729,Card,224273.24,Paid,2026-05-24
2730,2730,Card,64658.67,Paid,2023-09-26
2731,2731,Mobile Money,79792.43,Refunded,2024-04-28
2732,2732,Card,75363.36,Paid,2026-01-10
2733,2733,Bank Transfer,152898.49,Paid,2024-09-11
2734,2734,Mobile Money,197403.29,Paid,2025-10-06
2735,2735,Cash on Delivery,190173.89,Paid,2024-03-03
2736,2736,Mobile Money,106116.3,Paid,2026-02-17
2737,2737,Bank Transfer,291082.82,Failed,2023-04-28
2738,2738,Card,35450.17,Paid,2024-08-16
2739,2739,Mobile Money,77107.92,Failed,2024-11-14
2740,2740,Card,197335.42,Paid,2025-12-15
2741,2741,Cash on Delivery,82839.54,Paid,2023-12-18
2742,2742,Card,126451.31,Paid,2023-10-04
2743,2743,Cash on Delivery,107703.58,Paid,2025-11-06
2744,2744,Card,120370.17,Paid,2026-04-12
2745,2745,Card,37814.25,Paid,2024-10-15
2746,2746,Bank Transfer,119192.08,Paid,2023-12-12
2747,2747,Bank Transfer,70933.03,Paid,2023-01-18
2748,2748,Cash on Delivery,119853.79,Refunded,2025-04-10
2749,2749,Bank Transfer,39143.3,Paid,2023-12-19
2750,2750,Bank Transfer,489460.41,Paid,2024-05-30
2751,2751,Card,49706.42,Paid,2023-11-29
2752,2752,Card,188144.96,Paid,2026-03-12
2753,2753,Bank Transfer,225938.38,Paid,2026-05-25
2754,2754,Cash on Delivery,190228.5,Paid,2025-06-27
2755,2755,Bank Transfer,99416.68,Paid,2024-06-21
2756,2756,Bank Transfer,92555.55,Paid,2025-01-09
2757,2757,Card,135450.8,Paid,2024-08-06
2758,2758,Mobile Money,199548.81,Paid,2026-06-12
2759,2759,Card,102038.16,Paid,2026-03-23
2760,2760,Cash on Delivery,267486.17,Paid,2026-01-08
2761,2761,Card,91091.03,Paid,2025-08-07
2762,2762,Bank Transfer,135416.16,Paid,2025-02-21
2763,2763,Cash on Delivery,200746.52,Paid,2025-12-19
2764,2764,Mobile Money,109168.38,Paid,2024-10-18
2765,2765,Mobile Money,119661.38,Paid,2025-05-06
2766,2766,Mobile Money,110679.53,Paid,2025-03-11
2767,2767,Cash on Delivery,137994.21,Paid,2024-12-25
2768,2768,Bank Transfer,295225.11,Paid,2025-08-06
2769,2769,Bank Transfer,132279.61,Paid,2025-06-29
2770,2770,Cash on Delivery,25693.62,Paid,2023-08-16
2771,2771,Card,80970.77,Failed,2025-04-20
2772,2772,Card,117881.24,Failed,2024-06-14
2773,2773,Cash on Delivery,54416.36,Paid,2024-09-05
2774,2774,Cash on Delivery,271043.49,Paid,2025-03-07
2775,2775,Mobile Money,32349.44,Paid,2023-08-27
2776,2776,Mobile Money,270039.95,Paid,2025-03-06
2777,2777,Mobile Money,206357.57,Paid,2023-03-06
2778,2778,Card,154610.01,Paid,2026-05-22
2779,2779,Cash on Delivery,91691.7,Paid,2024-07-22
2780,2780,Card,42261.26,Paid,2024-11-27
2781,2781,Mobile Money,136210.28,Paid,2023-06-27
2782,2782,Bank Transfer,322158.23,Paid,2023-12-20
2783,2783,Mobile Money,42513.52,Paid,2024-08-10
2784,2784,Cash on Delivery,133075.8,Paid,2024-07-01
2785,2785,Bank Transfer,189634.71,Pending,2024-07-04
2786,2786,Bank Transfer,88826.78,Paid,2025-10-23
2787,2787,Card,46762.91,Paid,2023-01-23
2788,2788,Bank Transfer,133075.64,Paid,2026-01-02
2789,2789,Mobile Money,172873.96,Paid,2023-10-08
2790,2790,Cash on Delivery,29752.91,Paid,2025-08-15
2791,2791,Card,173277.42,Paid,2024-06-29
2792,2792,Bank Transfer,247327.87,Paid,2026-05-04
2793,2793,Card,52020.28,Paid,2024-10-02
2794,2794,Mobile Money,156468.26,Paid,2023-07-07
2795,2795,Cash on Delivery,41593.43,Paid,2026-04-23
2796,2796,Card,185855.71,Paid,2026-04-06
2797,2797,Card,174789.77,Paid,2025-05-25
2798,2798,Bank Transfer,346961.19,Paid,2025-04-20
2799,2799,Cash on Delivery,322947.01,Paid,2025-12-06
2800,2800,Bank Transfer,164899.78,Paid,2025-03-22
2801,2801,Card,106842.8,Paid,2024-12-20
2802,2802,Mobile Money,9384.81,Paid,2023-09-27
2803,2803,Bank Transfer,220980.81,Paid,2023-05-18
2804,2804,Mobile Money,43699.51,Paid,2023-06-28
2805,2805,Bank Transfer,225296.91,Paid,2026-06-01
2806,2806,Mobile Money,434023.59,Paid,2025-07-16
2807,2807,Cash on Delivery,61169.91,Paid,2023-08-14
2808,2808,Bank Transfer,61666.23,Paid,2023-03-25
2809,2809,Cash on Delivery,79154.98,Paid,2025-02-27
2810,2810,Cash on Delivery,90700.58,Paid,2025-04-23
2811,2811,Bank Transfer,345359.29,Paid,2024-04-11
2812,2812,Cash on Delivery,173719.01,Paid,2026-04-27
2813,2813,Mobile Money,189478.27,Paid,2025-09-16
2814,2814,Bank Transfer,258085.71,Paid,2025-04-08
2815,2815,Cash on Delivery,332942.77,Paid,2026-01-27
2816,2816,Card,181031.64,Paid,2025-04-20
2817,2817,Card,24867.07,Paid,2023-06-16
2818,2818,Cash on Delivery,130940.1,Paid,2025-11-06
2819,2819,Card,79714.28,Paid,2025-10-25
2820,2820,Card,55322.18,Paid,2025-03-04
2821,2821,Mobile Money,94856.06,Paid,2024-02-23
2822,2822,Cash on Delivery,225840.03,Paid,2025-11-20
2823,2823,Bank Transfer,236577.28,Paid,2025-09-13
2824,2824,Cash on Delivery,68107.01,Paid,2024-10-22
2825,2825,Card,532189.87,Paid,2026-03-15
2826,2826,Mobile Money,86269.79,Paid,2025-07-21
2827,2827,Bank Transfer,223373.2,Paid,2025-05-15
2828,2828,Mobile Money,270645.05,Paid,2025-06-25
2829,2829,Cash on Delivery,129312.99,Refunded,2023-05-06
2830,2830,Mobile Money,390277.98,Paid,2023-01-31
2831,2831,Card,303655.36,Paid,2026-04-05
2832,2832,Cash on Delivery,22275.57,Paid,2023-06-14
2833,2833,Bank Transfer,249041.2,Paid,2025-10-01
2834,2834,Card,375896.69,Paid,2024-10-23
2835,2835,Bank Transfer,92893.5,Paid,2023-07-05
2836,2836,Card,251141.34,Paid,2025-12-29
2837,2837,Cash on Delivery,253488.07,Paid,2024-06-21
2838,2838,Mobile Money,155681.3,Paid,2023-03-03
2839,2839,Bank Transfer,122069.36,Refunded,2024-04-25
2840,2840,Mobile Money,143129.38,Refunded,2024-09-11
2841,2841,Mobile Money,318728.38,Paid,2024-08-01
2842,2842,Bank Transfer,56208.42,Paid,2025-07-09
2843,2843,Card,143881.13,Paid,2023-05-11
2844,2844,Card,366698.05,Paid,2024-01-24
2845,2845,Bank Transfer,110957.66,Refunded,2023-11-29
2846,2846,Mobile Money,131509.11,Pending,2024-07-23
2847,2847,Bank Transfer,62113.54,Paid,2023-10-28
2848,2848,Cash on Delivery,299996.23,Paid,2025-04-28
2849,2849,Bank Transfer,48371.86,Pending,2025-03-02
2850,2850,Bank Transfer,263774.35,Refunded,2024-03-30
2851,2851,Card,27073.92,Paid,2026-04-02
2852,2852,Mobile Money,153232.99,Paid,2026-04-04
2853,2853,Mobile Money,399151.8,Paid,2025-11-12
2854,2854,Mobile Money,374253.81,Paid,2023-04-05
2855,2855,Cash on Delivery,137037.04,Paid,2023-11-16
2856,2856,Cash on Delivery,57018.16,Refunded,2023-04-09
2857,2857,Bank Transfer,373775.53,Paid,2023-03-06
2858,2858,Card,82124.91,Paid,2025-07-19
2859,2859,Bank Transfer,58167.55,Paid,2026-05-15
2860,2860,Bank Transfer,76296.15,Paid,2024-08-29
2861,2861,Mobile Money,97582.08,Paid,2023-03-03
2862,2862,Bank Transfer,262344.72,Paid,2026-04-01
2863,2863,Mobile Money,278528.84,Paid,2025-08-14
2864,2864,Cash on Delivery,174095.2,Paid,2026-01-10
2865,2865,Cash on Delivery,55050.95,Paid,2023-08-19
2866,2866,Cash on Delivery,147431.08,Failed,2023-12-18
2867,2867,Cash on Delivery,175425.67,Failed,2026-02-15
2868,2868,Cash on Delivery,95392.65,Paid,2024-05-06
2869,2869,Cash on Delivery,301125.13,Paid,2023-12-25
2870,2870,Mobile Money,61549.11,Refunded,2024-07-28
2871,2871,Card,166860.86,Paid,2025-02-20
2872,2872,Cash on Delivery,231201.89,Paid,2024-11-15
2873,2873,Bank Transfer,33036.14,Paid,2023-01-13
2874,2874,Cash on Delivery,109726.9,Paid,2024-08-27
2875,2875,Mobile Money,4836.15,Paid,2025-02-04
2876,2876,Bank Transfer,22365.16,Paid,2023-07-04
2877,2877,Bank Transfer,52716.76,Paid,2024-05-24
2878,2878,Bank Transfer,328680.17,Paid,2026-03-13
2879,2879,Bank Transfer,53153.95,Paid,2023-05-01
2880,2880,Cash on Delivery,263729.22,Paid,2025-07-08
2881,2881,Cash on Delivery,142674.41,Paid,2024-05-11
2882,2882,Mobile Money,248526.4,Paid,2024-09-23
2883,2883,Bank Transfer,161256.07,Paid,2025-05-20
2884,2884,Bank Transfer,85337.05,Paid,2025-12-27
2885,2885,Card,103162.74,Paid,2023-02-03
2886,2886,Cash on Delivery,36086.7,Failed,2024-07-11
2887,2887,Card,42192.07,Paid,2026-03-13
2888,2888,Bank Transfer,141615.84,Paid,2025-01-26
2889,2889,Card,96105.17,Paid,2023-11-08
2890,2890,Mobile Money,137152.9,Paid,2023-03-20
2891,2891,Mobile Money,65579.97,Refunded,2025-12-19
2892,2892,Card,319053.0,Refunded,2025-02-02
2893,2893,Card,144410.68,Paid,2023-12-23
2894,2894,Card,86574.85,Paid,2024-01-16
2895,2895,Cash on Delivery,85846.55,Paid,2025-04-21
2896,2896,Bank Transfer,306666.6,Paid,2025-05-03
2897,2897,Card,35811.93,Paid,2026-04-09
2898,2898,Cash on Delivery,165193.4,Paid,2025-02-11
2899,2899,Card,72194.66,Paid,2023-11-13
2900,2900,Card,80916.88,Paid,2026-01-27
2901,2901,Card,148962.27,Failed,2025-09-04
2902,2902,Mobile Money,117706.3,Paid,2025-10-11
2903,2903,Card,76812.1,Paid,2025-06-07
2904,2904,Cash on Delivery,196766.78,Paid,2025-12-11
2905,2905,Bank Transfer,23653.96,Refunded,2026-05-30
2906,2906,Cash on Delivery,267930.16,Paid,2025-12-17
2907,2907,Mobile Money,160184.28,Paid,2023-11-13
2908,2908,Card,149958.6,Paid,2023-05-17
2909,2909,Bank Transfer,75209.62,Paid,2025-08-13
2910,2910,Cash on Delivery,23176.9,Pending,2023-05-18
2911,2911,Cash on Delivery,80502.0,Paid,2023-03-11
2912,2912,Mobile Money,103226.63,Paid,2024-03-21
2913,2913,Mobile Money,38400.66,Pending,2026-03-23
2914,2914,Cash on Delivery,467594.45,Paid,2026-01-18
2915,2915,Mobile Money,200907.86,Paid,2026-01-11
2916,2916,Bank Transfer,187825.71,Paid,2025-02-24
2917,2917,Card,37977.13,Paid,2023-10-05
2918,2918,Bank Transfer,14170.53,Paid,2023-11-06
2919,2919,Bank Transfer,87766.14,Pending,2024-04-20
2920,2920,Bank Transfer,190480.36,Paid,2025-05-26
2921,2921,Cash on Delivery,137163.13,Paid,2024-06-18
2922,2922,Bank Transfer,18672.2,Paid,2026-03-10
2923,2923,Cash on Delivery,116770.0,Paid,2025-01-27
2924,2924,Bank Transfer,150065.01,Paid,2023-06-24
2925,2925,Mobile Money,257822.56,Paid,2023-01-06
2926,2926,Bank Transfer,142184.67,Pending,2025-12-13
2927,2927,Bank Transfer,66959.44,Paid,2024-08-17
2928,2928,Card,267556.32,Paid,2025-10-02
2929,2929,Cash on Delivery,416410.39,Paid,2024-04-06
2930,2930,Mobile Money,178166.08,Paid,2026-06-21
2931,2931,Bank Transfer,133057.36,Paid,2023-04-17
2932,2932,Cash on Delivery,144949.97,Pending,2023-12-14
2933,2933,Mobile Money,33392.68,Paid,2023-05-08
2934,2934,Bank Transfer,50954.74,Paid,2024-01-03
2935,2935,Card,294167.86,Paid,2026-04-10
2936,2936,Mobile Money,34095.05,Paid,2025-11-22
2937,2937,Cash on Delivery,45720.41,Paid,2024-01-24
2938,2938,Card,169712.63,Paid,2024-09-27
2939,2939,Cash on Delivery,44123.86,Paid,2026-06-01
2940,2940,Cash on Delivery,27221.08,Pending,2023-02-22
2941,2941,Mobile Money,286044.85,Paid,2023-09-21
2942,2942,Card,48168.54,Paid,2025-08-21
2943,2943,Card,146826.0,Paid,2026-05-30
2944,2944,Bank Transfer,104046.31,Paid,2026-02-15
2945,2945,Bank Transfer,178011.5,Failed,2023-12-07
2946,2946,Cash on Delivery,164859.04,Paid,2024-12-21
2947,2947,Mobile Money,264989.39,Paid,2026-05-24
2948,2948,Mobile Money,37964.85,Paid,2023-01-03
2949,2949,Cash on Delivery,70300.08,Paid,2023-07-15
2950,2950,Mobile Money,135727.34,Paid,2024-07-09
2951,2951,Card,67746.07,Paid,2026-05-18
2952,2952,Cash on Delivery,22838.54,Refunded,2025-10-04
2953,2953,Mobile Money,505983.49,Paid,2026-04-18
2954,2954,Card,257405.08,Paid,2024-09-29
2955,2955,Cash on Delivery,110397.8,Paid,2024-07-19
2956,2956,Mobile Money,232881.35,Paid,2026-01-23
2957,2957,Card,50434.33,Pending,2023-02-19
2958,2958,Card,39747.29,Paid,2023-11-25
2959,2959,Cash on Delivery,124335.74,Paid,2026-02-09
2960,2960,Cash on Delivery,119061.61,Paid,2023-02-13
2961,2961,Card,66273.37,Refunded,2025-03-13
2962,2962,Mobile Money,59059.1,Paid,2023-07-05
2963,2963,Card,260143.09,Paid,2026-05-14
2964,2964,Card,262836.76,Paid,2024-12-02
2965,2965,Cash on Delivery,273149.99,Paid,2026-05-23
2966,2966,Cash on Delivery,238425.22,Paid,2025-10-27
2967,2967,Cash on Delivery,121311.3,Paid,2025-06-03
2968,2968,Card,205125.12,Paid,2026-02-17
2969,2969,Card,102614.2,Paid,2023-12-11
2970,2970,Cash on Delivery,340061.23,Failed,2026-05-12
2971,2971,Mobile Money,129478.67,Refunded,2024-07-31
2972,2972,Mobile Money,96390.75,Paid,2023-10-25
2973,2973,Card,96934.09,Paid,2026-01-05
2974,2974,Card,403116.99,Paid,2024-12-03
2975,2975,Cash on Delivery,52469.92,Paid,2023-09-02
2976,2976,Bank Transfer,82261.26,Paid,2024-08-27
2977,2977,Card,401275.2,Paid,2023-10-28
2978,2978,Card,102825.98,Paid,2023-01-15
2979,2979,Cash on Delivery,75015.33,Paid,2024-07-24
2980,2980,Card,320505.27,Paid,2025-12-25
2981,2981,Mobile Money,16111.41,Refunded,2023-06-13
2982,2982,Mobile Money,153049.22,Paid,2023-05-31
2983,2983,Bank Transfer,48808.34,Refunded,2026-03-26
2984,2984,Bank Transfer,496064.95,Paid,2025-03-04
2985,2985,Bank Transfer,149322.05,Paid,2024-05-23
2986,2986,Mobile Money,41507.69,Paid,2023-01-06
2987,2987,Bank Transfer,75998.26,Paid,2025-02-26
2988,2988,Card,71263.0,Pending,2023-09-23
2989,2989,Bank Transfer,143813.01,Paid,2023-01-13
2990,2990,Bank Transfer,32403.95,Paid,2023-04-10
2991,2991,Bank Transfer,37928.46,Refunded,2024-04-29
2992,2992,Card,157705.45,Paid,2023-01-18
2993,2993,Cash on Delivery,397257.87,Paid,2023-06-29
2994,2994,Cash on Delivery,30687.71,Paid,2026-01-21
2995,2995,Mobile Money,221774.85,Paid,2026-04-16
2996,2996,Mobile Money,198770.59,Paid,2024-04-30
2997,2997,Card,117747.94,Paid,2023-02-17
2998,2998,Card,38832.64,Paid,2024-02-14
2999,2999,Cash on Delivery,22743.84,Pending,2026-05-08
3000,3000,Mobile Money,46645.82,Paid,2024-01-18
3001,3001,Mobile Money,212142.11,Paid,2025-12-28
3002,3002,Bank Transfer,75940.7,Paid,2024-12-15
3003,3003,Mobile Money,57135.7,Paid,2024-06-11
3004,3004,Card,117199.44,Paid,2023-03-31
3005,3005,Mobile Money,405690.22,Paid,2024-07-30
3006,3006,Card,275675.99,Paid,2023-07-05
3007,3007,Cash on Delivery,30233.27,Paid,2023-09-05
3008,3008,Cash on Delivery,29780.72,Paid,2024-12-18
3009,3009,Mobile Money,187912.4,Paid,2024-11-07
3010,3010,Mobile Money,260520.82,Paid,2026-05-07
3011,3011,Mobile Money,147440.7,Paid,2025-10-10
3012,3012,Card,519366.85,Paid,2023-01-25
3013,3013,Mobile Money,167380.57,Paid,2025-05-10
3014,3014,Bank Transfer,380554.66,Paid,2025-07-05
3015,3015,Cash on Delivery,365858.04,Paid,2023-11-12
3016,3016,Mobile Money,284652.21,Paid,2023-09-26
3017,3017,Card,155223.61,Paid,2025-10-29
3018,3018,Card,172473.53,Refunded,2023-01-09
3019,3019,Mobile Money,39782.6,Pending,2023-07-04
3020,3020,Mobile Money,336097.0,Paid,2025-05-16
3021,3021,Card,44970.66,Paid,2023-05-07
3022,3022,Bank Transfer,173264.06,Paid,2023-06-03
3023,3023,Bank Transfer,27387.19,Paid,2025-06-24
3024,3024,Bank Transfer,99709.01,Refunded,2024-06-25
3025,3025,Cash on Delivery,169531.88,Paid,2025-08-15
3026,3026,Cash on Delivery,108049.75,Paid,2023-09-10
3027,3027,Mobile Money,257184.39,Paid,2025-12-10
3028,3028,Mobile Money,215147.94,Paid,2024-09-07
3029,3029,Cash on Delivery,549829.71,Pending,2025-03-06
3030,3030,Card,57963.32,Paid,2026-05-28
3031,3031,Mobile Money,296493.76,Paid,2025-07-31
3032,3032,Card,209328.95,Paid,2025-08-17
3033,3033,Cash on Delivery,47552.02,Refunded,2025-09-06
3034,3034,Card,93389.96,Paid,2024-06-27
3035,3035,Bank Transfer,35735.32,Paid,2023-07-25
3036,3036,Bank Transfer,109836.51,Pending,2025-01-07
3037,3037,Card,290036.12,Paid,2023-10-22
3038,3038,Card,177490.69,Paid,2023-09-30
3039,3039,Cash on Delivery,370897.66,Paid,2024-08-15
3040,3040,Bank Transfer,12629.94,Paid,2023-10-01
3041,3041,Bank Transfer,207847.63,Paid,2025-07-31
3042,3042,Mobile Money,34778.18,Paid,2024-01-18
3043,3043,Card,81126.62,Paid,2026-06-27
3044,3044,Card,61460.47,Paid,2023-10-16
3045,3045,Bank Transfer,225283.01,Paid,2023-02-14
3046,3046,Mobile Money,206102.68,Paid,2023-05-14
3047,3047,Card,331241.86,Paid,2023-12-25
3048,3048,Mobile Money,74658.86,Pending,2024-08-31
3049,3049,Bank Transfer,223225.04,Paid,2025-12-11
3050,3050,Card,40183.65,Paid,2025-09-16
3051,3051,Mobile Money,155579.49,Paid,2024-11-03
3052,3052,Mobile Money,196031.85,Paid,2023-04-28
3053,3053,Bank Transfer,281479.77,Pending,2026-06-01
3054,3054,Cash on Delivery,206821.29,Failed,2023-09-12
3055,3055,Bank Transfer,26002.65,Paid,2024-08-05
3056,3056,Cash on Delivery,56979.16,Refunded,2025-06-04
3057,3057,Bank Transfer,132901.75,Paid,2025-10-06
3058,3058,Mobile Money,278789.36,Paid,2023-06-04
3059,3059,Bank Transfer,44688.09,Paid,2023-03-11
3060,3060,Card,209243.79,Paid,2025-09-06
3061,3061,Cash on Delivery,160012.88,Paid,2024-02-29
3062,3062,Cash on Delivery,115854.97,Paid,2023-03-12
3063,3063,Mobile Money,136977.2,Pending,2025-10-28
3064,3064,Mobile Money,239014.25,Refunded,2023-03-18
3065,3065,Bank Transfer,168664.86,Paid,2023-04-20
3066,3066,Mobile Money,471498.55,Paid,2025-06-08
3067,3067,Bank Transfer,282220.07,Paid,2023-12-09
3068,3068,Cash on Delivery,33514.43,Paid,2026-03-11
3069,3069,Bank Transfer,206005.45,Pending,2023-01-29
3070,3070,Card,259278.5,Paid,2025-11-07
3071,3071,Mobile Money,11149.7,Paid,2024-06-21
3072,3072,Mobile Money,110513.94,Paid,2025-07-06
3073,3073,Mobile Money,169859.27,Paid,2026-04-15
3074,3074,Card,132996.91,Paid,2026-04-17
3075,3075,Cash on Delivery,474926.85,Paid,2026-01-14
3076,3076,Bank Transfer,73803.27,Paid,2024-06-11
3077,3077,Bank Transfer,80423.28,Paid,2023-03-12
3078,3078,Card,216094.22,Paid,2024-10-04
3079,3079,Card,72884.82,Paid,2024-03-01
3080,3080,Mobile Money,35593.52,Paid,2024-08-30
3081,3081,Mobile Money,36971.39,Paid,2026-04-24
3082,3082,Mobile Money,410392.52,Pending,2023-07-26
3083,3083,Bank Transfer,200223.97,Paid,2025-12-28
3084,3084,Mobile Money,178781.08,Paid,2024-11-05
3085,3085,Card,87316.52,Paid,2024-04-11
3086,3086,Cash on Delivery,88505.8,Pending,2024-01-09
3087,3087,Cash on Delivery,101874.9,Paid,2023-10-09
3088,3088,Card,179938.48,Paid,2024-09-14
3089,3089,Card,135027.16,Paid,2023-11-27
3090,3090,Mobile Money,54860.17,Paid,2025-10-29
3091,3091,Cash on Delivery,182061.42,Paid,2025-10-23
3092,3092,Card,291302.8,Paid,2024-02-24
3093,3093,Mobile Money,134446.8,Paid,2025-09-16
3094,3094,Cash on Delivery,58972.32,Paid,2023-05-19
3095,3095,Card,144825.24,Paid,2023-06-07
3096,3096,Cash on Delivery,136245.74,Paid,2025-01-27
3097,3097,Mobile Money,153523.63,Paid,2026-05-12
3098,3098,Bank Transfer,42555.86,Paid,2025-03-12
3099,3099,Card,286725.2,Paid,2025-05-27
3100,3100,Cash on Delivery,478968.5,Paid,2025-03-03
3101,3101,Cash on Delivery,217360.66,Paid,2023-01-08
3102,3102,Bank Transfer,115232.26,Pending,2024-02-17
3103,3103,Bank Transfer,26811.71,Paid,2023-05-02
3104,3104,Bank Transfer,164673.82,Paid,2025-02-25
3105,3105,Bank Transfer,131663.69,Pending,2024-10-22
3106,3106,Card,103295.09,Paid,2025-11-03
3107,3107,Bank Transfer,180835.52,Paid,2025-12-06
3108,3108,Cash on Delivery,58997.43,Paid,2025-01-04
3109,3109,Bank Transfer,94689.65,Paid,2024-06-05
3110,3110,Mobile Money,468170.52,Paid,2023-04-18
3111,3111,Bank Transfer,431942.86,Paid,2025-04-29
3112,3112,Cash on Delivery,78471.91,Paid,2023-04-28
3113,3113,Card,23740.15,Paid,2024-06-06
3114,3114,Card,338427.65,Pending,2024-09-11
3115,3115,Bank Transfer,218011.35,Paid,2026-06-06
3116,3116,Card,92231.46,Refunded,2024-02-18
3117,3117,Card,33129.51,Paid,2025-05-22
3118,3118,Card,47088.68,Paid,2025-08-20
3119,3119,Cash on Delivery,254529.49,Paid,2024-05-17
3120,3120,Cash on Delivery,382239.56,Paid,2024-09-02
3121,3121,Card,48087.38,Pending,2025-04-22
3122,3122,Card,28123.98,Paid,2024-11-12
3123,3123,Card,128898.54,Pending,2024-04-02
3124,3124,Bank Transfer,121701.47,Paid,2023-05-22
3125,3125,Bank Transfer,222118.23,Paid,2026-04-10
3126,3126,Card,160886.34,Paid,2025-09-01
3127,3127,Card,89364.74,Paid,2025-09-24
3128,3128,Bank Transfer,117806.3,Paid,2026-02-11
3129,3129,Card,163626.08,Paid,2026-06-02
3130,3130,Bank Transfer,223468.7,Paid,2023-03-28
3131,3131,Card,42090.4,Refunded,2025-02-12
3132,3132,Mobile Money,119841.11,Paid,2026-03-19
3133,3133,Bank Transfer,146612.87,Paid,2026-03-19
3134,3134,Cash on Delivery,36167.44,Refunded,2026-04-12
3135,3135,Bank Transfer,59413.91,Paid,2025-06-04
3136,3136,Mobile Money,76945.63,Paid,2024-07-07
3137,3137,Mobile Money,360799.99,Paid,2024-04-22
3138,3138,Card,33301.37,Paid,2023-10-14
3139,3139,Mobile Money,58873.79,Paid,2025-08-17
3140,3140,Card,275008.85,Paid,2024-04-10
3141,3141,Card,87227.95,Paid,2025-07-30
3142,3142,Cash on Delivery,57855.17,Paid,2025-01-12
3143,3143,Mobile Money,87751.15,Paid,2024-09-24
3144,3144,Bank Transfer,117944.04,Paid,2024-07-01
3145,3145,Card,106093.45,Paid,2025-10-22
3146,3146,Bank Transfer,293832.6,Pending,2024-10-17
3147,3147,Cash on Delivery,299163.82,Paid,2025-11-19
3148,3148,Bank Transfer,190369.05,Paid,2024-05-16
3149,3149,Bank Transfer,47512.35,Paid,2023-03-05
3150,3150,Mobile Money,62346.43,Paid,2026-06-29
3151,3151,Cash on Delivery,83929.4,Refunded,2024-08-22
3152,3152,Mobile Money,205389.97,Paid,2024-01-30
3153,3153,Bank Transfer,421674.82,Paid,2024-03-13
3154,3154,Card,355046.02,Refunded,2023-06-27
3155,3155,Mobile Money,301040.75,Paid,2023-07-04
3156,3156,Bank Transfer,112252.71,Refunded,2023-10-28
3157,3157,Bank Transfer,107457.82,Paid,2026-02-27
3158,3158,Card,322131.24,Paid,2023-02-17
3159,3159,Bank Transfer,4854.12,Paid,2025-07-31
3160,3160,Cash on Delivery,224613.88,Paid,2025-07-11
3161,3161,Card,331375.4,Paid,2023-11-07
3162,3162,Bank Transfer,83455.02,Paid,2023-04-26
3163,3163,Card,118752.32,Paid,2025-05-27
3164,3164,Card,144005.05,Paid,2026-01-15
3165,3165,Card,315376.45,Failed,2026-02-04
3166,3166,Card,55280.18,Paid,2024-10-23
3167,3167,Bank Transfer,50893.18,Paid,2025-05-11
3168,3168,Card,406090.31,Paid,2025-12-10
3169,3169,Cash on Delivery,107947.24,Refunded,2026-01-12
3170,3170,Card,107408.77,Paid,2024-03-06
3171,3171,Bank Transfer,66249.2,Refunded,2023-05-13
3172,3172,Mobile Money,375523.92,Paid,2026-04-04
3173,3173,Bank Transfer,230975.79,Paid,2025-03-10
3174,3174,Mobile Money,66419.46,Paid,2025-11-01
3175,3175,Card,106454.0,Paid,2024-02-25
3176,3176,Cash on Delivery,98177.73,Paid,2025-09-07
3177,3177,Mobile Money,359838.52,Paid,2025-03-28
3178,3178,Bank Transfer,44061.59,Paid,2026-05-19
3179,3179,Cash on Delivery,236872.84,Paid,2023-06-30
3180,3180,Bank Transfer,114075.9,Paid,2023-11-13
3181,3181,Mobile Money,173377.99,Paid,2025-03-03
3182,3182,Bank Transfer,14770.69,Paid,2023-10-02
3183,3183,Mobile Money,165174.43,Paid,2025-04-02
3184,3184,Mobile Money,148562.71,Paid,2023-03-17
3185,3185,Cash on Delivery,96650.69,Paid,2024-03-25
3186,3186,Mobile Money,80305.35,Failed,2023-10-22
3187,3187,Cash on Delivery,140318.23,Paid,2024-04-03
3188,3188,Cash on Delivery,98595.21,Paid,2025-06-13
3189,3189,Mobile Money,639510.0,Failed,2024-05-11
3190,3190,Mobile Money,138889.03,Paid,2025-07-31
3191,3191,Mobile Money,157214.04,Paid,2024-04-06
3192,3192,Cash on Delivery,91099.52,Paid,2023-01-28
3193,3193,Cash on Delivery,346971.22,Paid,2023-12-16
3194,3194,Card,364948.02,Paid,2024-10-23
3195,3195,Card,54984.06,Paid,2024-10-13
3196,3196,Card,36942.66,Paid,2023-09-18
3197,3197,Cash on Delivery,154571.99,Paid,2026-05-20
3198,3198,Bank Transfer,309661.77,Refunded,2024-06-23
3199,3199,Card,166692.42,Paid,2024-03-04
3200,3200,Cash on Delivery,71449.47,Paid,2024-09-23
3201,3201,Card,281030.46,Paid,2023-07-29
3202,3202,Card,65032.47,Pending,2023-04-11
3203,3203,Card,49121.2,Paid,2024-10-26
3204,3204,Card,244605.72,Paid,2025-12-29
3205,3205,Cash on Delivery,191695.48,Paid,2025-06-15
3206,3206,Cash on Delivery,108888.78,Paid,2023-10-19
3207,3207,Card,94899.66,Paid,2024-06-30
3208,3208,Bank Transfer,248958.46,Paid,2025-04-23
3209,3209,Bank Transfer,96386.65,Pending,2024-04-19
3210,3210,Bank Transfer,63924.47,Paid,2023-02-14
3211,3211,Card,194559.47,Paid,2026-06-09
3212,3212,Card,72190.74,Pending,2025-11-02
3213,3213,Card,47541.52,Paid,2025-10-17
3214,3214,Card,137548.73,Paid,2026-05-16
3215,3215,Mobile Money,64315.97,Paid,2025-11-08
3216,3216,Bank Transfer,165278.01,Paid,2024-03-02
3217,3217,Cash on Delivery,74353.01,Paid,2024-11-09
3218,3218,Mobile Money,117532.48,Pending,2024-09-15
3219,3219,Bank Transfer,190696.37,Paid,2024-04-09
3220,3220,Bank Transfer,112489.36,Paid,2025-02-02
3221,3221,Bank Transfer,706909.81,Paid,2024-06-04
3222,3222,Bank Transfer,208270.4,Paid,2023-02-19
3223,3223,Bank Transfer,142355.5,Paid,2025-02-26
3224,3224,Mobile Money,337143.35,Paid,2023-09-08
3225,3225,Bank Transfer,143116.45,Paid,2026-01-20
3226,3226,Cash on Delivery,38755.73,Paid,2025-09-24
3227,3227,Bank Transfer,135729.06,Paid,2023-08-24
3228,3228,Mobile Money,47832.08,Failed,2023-01-27
3229,3229,Bank Transfer,78339.07,Paid,2023-07-12
3230,3230,Cash on Delivery,157773.27,Paid,2024-08-10
3231,3231,Card,162227.59,Paid,2024-07-14
3232,3232,Bank Transfer,84393.37,Refunded,2026-04-24
3233,3233,Card,468515.94,Paid,2025-09-24
3234,3234,Cash on Delivery,182165.66,Paid,2026-04-26
3235,3235,Card,238348.0,Paid,2024-05-09
3236,3236,Mobile Money,128322.13,Paid,2025-05-19
3237,3237,Mobile Money,48960.92,Paid,2023-03-02
3238,3238,Bank Transfer,65557.21,Refunded,2024-01-19
3239,3239,Card,80440.1,Pending,2025-02-11
3240,3240,Cash on Delivery,50787.89,Paid,2025-02-12
3241,3241,Mobile Money,107531.28,Paid,2023-01-04
3242,3242,Mobile Money,344110.79,Paid,2024-05-07
3243,3243,Card,118622.43,Paid,2023-10-03
3244,3244,Bank Transfer,353601.12,Paid,2024-07-04
3245,3245,Cash on Delivery,226583.86,Paid,2024-03-03
3246,3246,Cash on Delivery,280137.36,Paid,2025-05-12
3247,3247,Cash on Delivery,156055.24,Paid,2023-07-12
3248,3248,Bank Transfer,362887.53,Paid,2024-11-01
3249,3249,Mobile Money,136101.35,Refunded,2023-09-04
3250,3250,Mobile Money,56835.97,Paid,2024-03-08
3251,3251,Mobile Money,117292.39,Paid,2025-07-26
3252,3252,Bank Transfer,154187.36,Paid,2025-06-08
3253,3253,Bank Transfer,12900.05,Paid,2023-04-18
3254,3254,Bank Transfer,101753.74,Paid,2023-09-20
3255,3255,Bank Transfer,145350.96,Paid,2024-12-31
3256,3256,Card,188161.8,Paid,2024-11-16
3257,3257,Mobile Money,81001.81,Paid,2024-01-10
3258,3258,Cash on Delivery,78129.6,Failed,2023-07-09
3259,3259,Card,529235.12,Paid,2026-01-26
3260,3260,Mobile Money,129256.82,Paid,2024-11-16
3261,3261,Mobile Money,117872.43,Paid,2024-07-09
3262,3262,Bank Transfer,150318.1,Paid,2025-03-28
3263,3263,Bank Transfer,477302.2,Paid,2024-04-13
3264,3264,Card,105031.23,Paid,2024-05-08
3265,3265,Mobile Money,375957.41,Paid,2024-07-19
3266,3266,Mobile Money,133506.02,Paid,2025-02-04
3267,3267,Mobile Money,90834.98,Failed,2023-11-01
3268,3268,Bank Transfer,380638.31,Paid,2026-04-19
3269,3269,Bank Transfer,107122.87,Paid,2024-10-10
3270,3270,Card,203446.36,Paid,2023-01-17
3271,3271,Card,35172.11,Paid,2024-05-14
3272,3272,Mobile Money,46278.69,Paid,2023-07-14
3273,3273,Bank Transfer,137499.01,Paid,2025-02-04
3274,3274,Card,92106.11,Paid,2026-01-02
3275,3275,Cash on Delivery,99308.08,Paid,2024-02-27
3276,3276,Cash on Delivery,217267.48,Paid,2024-05-27
3277,3277,Bank Transfer,100512.52,Paid,2023-12-16
3278,3278,Bank Transfer,79299.63,Refunded,2025-09-22
3279,3279,Bank Transfer,85398.83,Paid,2023-04-03
3280,3280,Card,52232.33,Paid,2024-10-17
3281,3281,Mobile Money,82203.8,Pending,2025-07-19
3282,3282,Card,159719.37,Paid,2023-01-05
3283,3283,Cash on Delivery,73565.84,Paid,2024-02-10
3284,3284,Mobile Money,37772.4,Paid,2025-02-01
3285,3285,Card,38952.12,Paid,2023-01-26
3286,3286,Card,70885.35,Paid,2023-04-22
3287,3287,Card,82202.04,Paid,2024-11-17
3288,3288,Bank Transfer,137583.03,Paid,2023-12-11
3289,3289,Bank Transfer,111043.7,Refunded,2023-11-11
3290,3290,Cash on Delivery,52915.8,Paid,2023-07-31
3291,3291,Mobile Money,363079.09,Paid,2026-04-20
3292,3292,Cash on Delivery,167763.37,Paid,2025-05-19
3293,3293,Card,75880.95,Paid,2023-10-16
3294,3294,Mobile Money,389801.84,Paid,2023-03-18
3295,3295,Mobile Money,69922.94,Paid,2023-09-25
3296,3296,Mobile Money,42214.47,Paid,2025-02-12
3297,3297,Card,159561.1,Paid,2026-06-11
3298,3298,Mobile Money,266833.39,Paid,2024-03-01
3299,3299,Cash on Delivery,122438.16,Paid,2026-03-25
3300,3300,Card,167488.1,Paid,2025-01-14
3301,3301,Mobile Money,61587.1,Paid,2024-03-15
3302,3302,Mobile Money,106707.57,Paid,2024-11-18
3303,3303,Card,81624.02,Paid,2024-03-19
3304,3304,Card,251697.53,Paid,2024-09-02
3305,3305,Cash on Delivery,273927.74,Paid,2023-12-21
3306,3306,Card,131434.18,Pending,2024-01-31
3307,3307,Bank Transfer,279002.56,Paid,2026-04-09
3308,3308,Cash on Delivery,187586.22,Paid,2025-08-27
3309,3309,Cash on Delivery,46859.29,Paid,2024-07-20
3310,3310,Mobile Money,89641.48,Paid,2023-12-30
3311,3311,Mobile Money,92948.3,Paid,2025-04-08
3312,3312,Cash on Delivery,55410.59,Paid,2025-04-07
3313,3313,Mobile Money,100931.68,Refunded,2024-07-01
3314,3314,Bank Transfer,410099.72,Paid,2025-01-27
3315,3315,Bank Transfer,114337.42,Paid,2026-06-22
3316,3316,Card,253182.67,Paid,2025-08-26
3317,3317,Cash on Delivery,44378.52,Paid,2025-01-29
3318,3318,Bank Transfer,87963.61,Paid,2024-07-08
3319,3319,Mobile Money,141734.38,Pending,2024-04-22
3320,3320,Cash on Delivery,238083.98,Paid,2025-04-15
3321,3321,Card,255150.84,Paid,2026-03-26
3322,3322,Mobile Money,443075.46,Paid,2023-11-12
3323,3323,Card,86896.71,Paid,2025-03-06
3324,3324,Card,203387.55,Paid,2023-07-31
3325,3325,Bank Transfer,33346.98,Paid,2025-07-26
3326,3326,Cash on Delivery,54268.43,Paid,2026-01-25
3327,3327,Bank Transfer,101505.59,Paid,2024-08-09
3328,3328,Bank Transfer,265423.32,Paid,2025-05-28
3329,3329,Mobile Money,117567.08,Pending,2023-07-27
3330,3330,Card,247081.77,Paid,2026-03-04
3331,3331,Card,23718.84,Paid,2026-05-31
3332,3332,Card,33958.19,Paid,2023-07-16
3333,3333,Bank Transfer,430221.09,Paid,2023-06-20
3334,3334,Cash on Delivery,154263.23,Refunded,2024-02-07
3335,3335,Card,78431.41,Failed,2025-10-15
3336,3336,Mobile Money,197335.16,Paid,2025-08-23
3337,3337,Cash on Delivery,157615.72,Paid,2023-07-15
3338,3338,Card,109430.4,Paid,2026-02-08
3339,3339,Bank Transfer,167569.92,Pending,2024-07-17
3340,3340,Bank Transfer,212989.04,Pending,2024-08-07
3341,3341,Cash on Delivery,181156.57,Paid,2024-09-01
3342,3342,Bank Transfer,136386.31,Paid,2024-07-23
3343,3343,Mobile Money,297467.92,Refunded,2023-12-03
3344,3344,Bank Transfer,121280.46,Paid,2025-04-10
3345,3345,Cash on Delivery,209789.17,Paid,2023-08-11
3346,3346,Bank Transfer,106545.97,Pending,2026-04-20
3347,3347,Card,28107.5,Paid,2025-03-20
3348,3348,Mobile Money,46088.96,Paid,2023-06-13
3349,3349,Bank Transfer,54186.79,Pending,2025-02-23
3350,3350,Mobile Money,269622.93,Paid,2025-04-19
3351,3351,Card,106682.6,Paid,2026-02-01
3352,3352,Mobile Money,126982.27,Paid,2023-08-16
3353,3353,Bank Transfer,409582.18,Pending,2023-12-14
3354,3354,Card,113567.73,Paid,2023-08-21
3355,3355,Card,94981.71,Paid,2026-05-17
3356,3356,Bank Transfer,157781.48,Paid,2023-06-16
3357,3357,Mobile Money,385194.88,Paid,2024-03-17
3358,3358,Mobile Money,102606.35,Paid,2024-02-25
3359,3359,Bank Transfer,204998.45,Pending,2023-04-04
3360,3360,Cash on Delivery,38231.44,Paid,2023-07-01
3361,3361,Mobile Money,148747.23,Paid,2025-10-07
3362,3362,Bank Transfer,96023.48,Paid,2026-01-19
3363,3363,Card,287501.28,Paid,2026-03-30
3364,3364,Mobile Money,137612.77,Paid,2023-06-20
3365,3365,Cash on Delivery,134835.53,Paid,2023-11-27
3366,3366,Mobile Money,36784.48,Pending,2025-05-04
3367,3367,Cash on Delivery,40016.87,Paid,2023-05-29
3368,3368,Cash on Delivery,64621.56,Paid,2023-10-23
3369,3369,Bank Transfer,39637.28,Paid,2024-06-12
3370,3370,Bank Transfer,182502.3,Paid,2024-09-11
3371,3371,Card,109575.03,Paid,2024-03-05
3372,3372,Mobile Money,50631.46,Paid,2025-09-06
3373,3373,Card,350509.17,Paid,2026-04-26
3374,3374,Mobile Money,39042.59,Paid,2023-05-01
3375,3375,Mobile Money,281432.12,Paid,2023-06-26
3376,3376,Cash on Delivery,86770.95,Paid,2023-07-20
3377,3377,Card,144134.34,Paid,2023-10-05
3378,3378,Card,161264.36,Pending,2023-11-27
3379,3379,Mobile Money,168012.1,Paid,2024-08-15
3380,3380,Bank Transfer,92487.73,Paid,2025-07-29
3381,3381,Card,308861.9,Paid,2023-06-03
3382,3382,Cash on Delivery,12716.52,Paid,2025-11-10
3383,3383,Bank Transfer,232090.58,Paid,2024-01-20
3384,3384,Mobile Money,72623.35,Paid,2023-03-18
3385,3385,Mobile Money,306845.76,Paid,2025-02-15
3386,3386,Card,140757.84,Paid,2024-05-25
3387,3387,Mobile Money,16568.72,Refunded,2023-04-09
3388,3388,Cash on Delivery,522645.62,Paid,2024-03-22
3389,3389,Cash on Delivery,113051.08,Paid,2025-06-06
3390,3390,Mobile Money,189094.72,Paid,2024-06-02
3391,3391,Bank Transfer,150748.55,Paid,2025-10-14
3392,3392,Cash on Delivery,88848.86,Paid,2025-01-14
3393,3393,Card,268718.07,Paid,2025-08-13
3394,3394,Card,472061.1,Paid,2024-07-19
3395,3395,Bank Transfer,76266.8,Paid,2025-05-22
3396,3396,Mobile Money,56627.45,Paid,2026-05-09
3397,3397,Card,268260.87,Paid,2023-08-06
3398,3398,Cash on Delivery,48979.87,Failed,2024-11-28
3399,3399,Card,14897.88,Paid,2025-04-03
3400,3400,Card,99853.69,Failed,2024-08-29
3401,3401,Cash on Delivery,146158.51,Paid,2023-06-26
3402,3402,Cash on Delivery,244293.36,Paid,2025-01-10
3403,3403,Card,67217.81,Paid,2023-01-17
3404,3404,Bank Transfer,97833.0,Paid,2024-08-25
3405,3405,Cash on Delivery,262473.39,Paid,2023-01-11
3406,3406,Card,396275.84,Paid,2024-01-04
3407,3407,Cash on Delivery,100946.92,Paid,2025-06-30
3408,3408,Bank Transfer,27996.58,Paid,2025-04-23
3409,3409,Cash on Delivery,248141.2,Paid,2024-07-10
3410,3410,Mobile Money,137859.56,Paid,2023-01-16
3411,3411,Mobile Money,588572.95,Paid,2023-08-16
3412,3412,Card,125685.6,Paid,2023-11-27
3413,3413,Mobile Money,147632.96,Paid,2024-01-06
3414,3414,Bank Transfer,134816.73,Pending,2026-01-02
3415,3415,Bank Transfer,185541.8,Refunded,2025-12-13
3416,3416,Cash on Delivery,186336.24,Paid,2026-05-04
3417,3417,Mobile Money,50997.59,Paid,2023-03-21
3418,3418,Mobile Money,115009.5,Paid,2024-04-12
3419,3419,Cash on Delivery,257108.29,Paid,2023-08-25
3420,3420,Cash on Delivery,77501.61,Paid,2024-10-05
3421,3421,Card,55890.34,Paid,2023-10-26
3422,3422,Card,226060.11,Paid,2023-09-26
3423,3423,Mobile Money,291568.31,Pending,2023-08-29
3424,3424,Bank Transfer,62453.01,Paid,2025-09-29
3425,3425,Card,49319.11,Paid,2025-08-09
3426,3426,Mobile Money,17077.8,Paid,2023-02-05
3427,3427,Cash on Delivery,125490.7,Paid,2026-06-27
3428,3428,Mobile Money,300557.07,Paid,2024-05-11
3429,3429,Mobile Money,54474.94,Paid,2023-09-16
3430,3430,Card,44097.76,Paid,2024-06-21
3431,3431,Bank Transfer,90826.25,Paid,2024-08-12
3432,3432,Card,94101.89,Paid,2023-06-24
3433,3433,Bank Transfer,87959.72,Paid,2024-04-02
3434,3434,Card,447280.3,Paid,2025-10-16
3435,3435,Bank Transfer,300177.15,Paid,2024-04-10
3436,3436,Cash on Delivery,155669.67,Paid,2023-10-26
3437,3437,Card,431805.18,Paid,2025-06-29
3438,3438,Cash on Delivery,407896.4,Paid,2025-04-04
3439,3439,Mobile Money,28940.61,Paid,2026-02-05
3440,3440,Bank Transfer,79677.16,Refunded,2025-02-01
3441,3441,Cash on Delivery,107004.64,Refunded,2023-02-12
3442,3442,Bank Transfer,17580.65,Paid,2023-01-02
3443,3443,Cash on Delivery,95212.69,Paid,2023-04-11
3444,3444,Mobile Money,240332.0,Paid,2026-05-29
3445,3445,Bank Transfer,199327.22,Paid,2023-04-10
3446,3446,Mobile Money,105210.08,Paid,2024-04-23
3447,3447,Mobile Money,95987.04,Paid,2023-03-30
3448,3448,Card,131261.8,Paid,2025-04-28
3449,3449,Bank Transfer,150266.64,Refunded,2026-02-21
3450,3450,Cash on Delivery,74706.35,Paid,2023-04-30
3451,3451,Cash on Delivery,152853.5,Paid,2025-11-14
3452,3452,Cash on Delivery,108904.51,Refunded,2026-06-15
3453,3453,Bank Transfer,121677.96,Paid,2024-08-28
3454,3454,Card,104094.3,Paid,2024-01-05
3455,3455,Bank Transfer,106686.32,Paid,2025-12-24
3456,3456,Cash on Delivery,502183.05,Paid,2023-10-16
3457,3457,Card,81976.89,Paid,2023-01-10
3458,3458,Card,286727.79,Paid,2023-09-16
3459,3459,Bank Transfer,59721.66,Paid,2024-05-20
3460,3460,Card,41264.58,Paid,2024-11-23
3461,3461,Mobile Money,315487.93,Paid,2023-02-28
3462,3462,Bank Transfer,189377.05,Paid,2025-02-14
3463,3463,Bank Transfer,179064.57,Paid,2025-07-15
3464,3464,Mobile Money,29279.44,Paid,2024-03-29
3465,3465,Card,23685.16,Failed,2026-05-13
3466,3466,Mobile Money,291931.0,Pending,2023-06-19
3467,3467,Bank Transfer,213455.58,Paid,2025-12-11
3468,3468,Mobile Money,187692.18,Paid,2023-10-14
3469,3469,Bank Transfer,135727.4,Paid,2026-06-18
3470,3470,Mobile Money,120682.32,Paid,2025-09-21
3471,3471,Mobile Money,263422.28,Paid,2023-09-26
3472,3472,Bank Transfer,119489.35,Paid,2026-01-14
3473,3473,Cash on Delivery,21951.38,Paid,2024-05-08
3474,3474,Card,476448.26,Paid,2026-05-22
3475,3475,Mobile Money,300297.46,Paid,2025-03-22
3476,3476,Card,171104.45,Paid,2023-03-09
3477,3477,Bank Transfer,560596.11,Paid,2023-11-18
3478,3478,Bank Transfer,95808.64,Paid,2025-01-03
3479,3479,Bank Transfer,60364.55,Paid,2023-07-15
3480,3480,Mobile Money,249520.2,Paid,2024-05-13
3481,3481,Mobile Money,48463.12,Paid,2026-05-22
3482,3482,Mobile Money,238662.0,Paid,2023-04-30
3483,3483,Bank Transfer,190086.92,Paid,2024-11-30
3484,3484,Cash on Delivery,183425.6,Paid,2024-11-28
3485,3485,Cash on Delivery,150481.55,Paid,2025-10-05
3486,3486,Bank Transfer,135334.4,Paid,2026-05-13
3487,3487,Cash on Delivery,37686.93,Paid,2026-06-27
3488,3488,Card,147685.98,Paid,2024-12-05
3489,3489,Cash on Delivery,163095.18,Paid,2025-02-27
3490,3490,Card,23491.76,Paid,2023-06-04
3491,3491,Card,69507.07,Paid,2024-08-12
3492,3492,Card,27272.57,Paid,2023-08-31
3493,3493,Cash on Delivery,230838.4,Paid,2024-02-06
3494,3494,Card,99753.53,Paid,2025-07-13
3495,3495,Cash on Delivery,416087.52,Paid,2025-05-26
3496,3496,Mobile Money,73650.81,Paid,2025-08-22
3497,3497,Cash on Delivery,71425.41,Paid,2023-09-14
3498,3498,Mobile Money,318855.51,Paid,2023-06-27
3499,3499,Card,68780.46,Paid,2025-04-13
3500,3500,Bank Transfer,31152.94,Paid,2023-11-16
3501,3501,Bank Transfer,2746.58,Paid,2025-03-11
3502,3502,Bank Transfer,113948.25,Paid,2023-02-19
3503,3503,Card,90131.83,Paid,2025-05-25
3504,3504,Bank Transfer,118126.78,Paid,2024-02-11
3505,3505,Card,57325.77,Paid,2023-11-15
3506,3506,Mobile Money,276144.61,Paid,2025-11-24
3507,3507,Bank Transfer,128686.1,Failed,2024-03-27
3508,3508,Mobile Money,252902.8,Paid,2026-05-26
3509,3509,Mobile Money,63972.8,Paid,2024-05-16
3510,3510,Bank Transfer,90730.27,Paid,2026-03-12
3511,3511,Mobile Money,29158.89,Paid,2024-05-13
3512,3512,Cash on Delivery,260237.18,Paid,2024-12-06
3513,3513,Bank Transfer,125103.65,Paid,2025-02-17
3514,3514,Cash on Delivery,83641.59,Paid,2026-01-01
3515,3515,Card,235203.26,Paid,2024-02-18
3516,3516,Cash on Delivery,64854.71,Paid,2024-11-29
3517,3517,Cash on Delivery,65667.7,Failed,2023-07-13
3518,3518,Cash on Delivery,59859.44,Paid,2025-03-05
3519,3519,Cash on Delivery,73921.0,Paid,2024-08-22
3520,3520,Mobile Money,61164.82,Paid,2025-01-25
3521,3521,Card,33113.3,Paid,2024-07-26
3522,3522,Mobile Money,63338.62,Paid,2025-09-28
3523,3523,Mobile Money,335597.32,Paid,2025-03-01
3524,3524,Card,67457.4,Paid,2025-12-19
3525,3525,Card,194274.38,Paid,2023-11-24
3526,3526,Mobile Money,69841.5,Paid,2024-08-12
3527,3527,Cash on Delivery,101610.39,Paid,2025-04-13
3528,3528,Cash on Delivery,243141.93,Paid,2026-03-30
3529,3529,Card,242350.49,Paid,2025-02-23
3530,3530,Mobile Money,103946.2,Paid,2023-10-20
3531,3531,Bank Transfer,83381.69,Paid,2025-07-05
3532,3532,Card,68947.33,Pending,2024-04-18
3533,3533,Bank Transfer,31976.33,Paid,2026-04-11
3534,3534,Cash on Delivery,127507.96,Paid,2023-10-11
3535,3535,Cash on Delivery,25380.1,Paid,2025-06-14
3536,3536,Mobile Money,84128.35,Paid,2023-10-29
3537,3537,Cash on Delivery,26878.69,Pending,2026-01-31
3538,3538,Card,289062.43,Paid,2026-03-07
3539,3539,Mobile Money,218121.92,Paid,2023-08-27
3540,3540,Mobile Money,175912.88,Paid,2025-07-28
3541,3541,Mobile Money,48549.01,Refunded,2025-12-20
3542,3542,Card,37159.51,Paid,2023-10-22
3543,3543,Bank Transfer,85018.74,Paid,2023-11-16
3544,3544,Mobile Money,216972.85,Paid,2024-07-06
3545,3545,Bank Transfer,501336.0,Paid,2025-09-26
3546,3546,Mobile Money,179925.83,Failed,2025-03-20
3547,3547,Bank Transfer,461637.41,Paid,2023-10-15
3548,3548,Card,484530.62,Paid,2023-05-18
3549,3549,Card,219734.27,Failed,2023-02-25
3550,3550,Mobile Money,323141.41,Paid,2025-11-26
3551,3551,Card,72992.36,Failed,2025-03-05
3552,3552,Bank Transfer,55301.96,Paid,2024-02-21
3553,3553,Card,126544.23,Paid,2025-07-13
3554,3554,Cash on Delivery,89401.85,Paid,2023-12-07
3555,3555,Card,297526.08,Paid,2023-06-25
3556,3556,Bank Transfer,241541.26,Paid,2024-06-02
3557,3557,Cash on Delivery,101504.63,Pending,2026-05-12
3558,3558,Card,161316.95,Paid,2024-07-27
3559,3559,Bank Transfer,272697.9,Paid,2024-01-20
3560,3560,Bank Transfer,48495.67,Paid,2023-07-11
3561,3561,Cash on Delivery,44275.44,Paid,2023-01-02
3562,3562,Card,189527.85,Paid,2025-03-12
3563,3563,Bank Transfer,123875.66,Paid,2023-05-03
3564,3564,Mobile Money,74643.47,Paid,2025-11-09
3565,3565,Bank Transfer,149937.02,Paid,2023-03-15
3566,3566,Mobile Money,92990.77,Pending,2024-07-31
3567,3567,Bank Transfer,390517.66,Paid,2025-04-10
3568,3568,Mobile Money,42261.32,Paid,2024-03-13
3569,3569,Bank Transfer,142351.76,Paid,2023-07-31
3570,3570,Card,131292.48,Paid,2024-09-27
3571,3571,Mobile Money,408864.07,Paid,2024-02-08
3572,3572,Mobile Money,132207.36,Paid,2025-04-05
3573,3573,Cash on Delivery,175735.14,Paid,2025-07-05
3574,3574,Bank Transfer,311922.16,Paid,2026-01-29
3575,3575,Cash on Delivery,261197.42,Paid,2023-03-18
3576,3576,Card,143403.66,Paid,2023-07-30
3577,3577,Mobile Money,48656.3,Paid,2026-02-18
3578,3578,Mobile Money,131988.77,Paid,2023-07-30
3579,3579,Card,37692.6,Pending,2025-03-08
3580,3580,Cash on Delivery,235972.41,Paid,2023-08-20
3581,3581,Mobile Money,226365.61,Paid,2025-06-17
3582,3582,Cash on Delivery,126702.24,Pending,2024-02-18
3583,3583,Mobile Money,167014.17,Paid,2023-03-27
3584,3584,Cash on Delivery,330279.8,Paid,2024-02-29
3585,3585,Card,15721.84,Paid,2026-01-09
3586,3586,Cash on Delivery,162599.68,Paid,2025-06-19
3587,3587,Card,21588.46,Paid,2024-05-05
3588,3588,Card,181482.93,Paid,2025-11-08
3589,3589,Cash on Delivery,298592.11,Paid,2023-10-18
3590,3590,Mobile Money,185957.16,Pending,2025-09-14
3591,3591,Cash on Delivery,34476.05,Paid,2024-11-07
3592,3592,Mobile Money,397039.6,Refunded,2025-05-26
3593,3593,Mobile Money,74913.78,Refunded,2023-01-09
3594,3594,Cash on Delivery,100241.77,Paid,2024-11-29
3595,3595,Cash on Delivery,165717.85,Paid,2024-01-02
3596,3596,Cash on Delivery,57728.09,Paid,2026-02-21
3597,3597,Bank Transfer,209515.64,Paid,2025-01-29
3598,3598,Bank Transfer,96517.56,Failed,2025-01-29
3599,3599,Bank Transfer,216098.98,Paid,2023-01-10
3600,3600,Cash on Delivery,229371.68,Paid,2026-01-01
3601,3601,Bank Transfer,63223.77,Paid,2023-01-17
3602,3602,Cash on Delivery,307094.96,Paid,2026-02-11
3603,3603,Mobile Money,46489.85,Paid,2025-08-18
3604,3604,Cash on Delivery,30742.4,Paid,2023-08-26
3605,3605,Card,173726.25,Pending,2023-10-15
3606,3606,Mobile Money,131092.06,Paid,2025-10-29
3607,3607,Bank Transfer,141003.13,Paid,2023-05-06
3608,3608,Card,204232.75,Paid,2023-05-30
3609,3609,Cash on Delivery,71955.99,Refunded,2023-10-16
3610,3610,Mobile Money,59401.17,Pending,2024-03-19
3611,3611,Bank Transfer,442630.16,Refunded,2025-07-04
3612,3612,Bank Transfer,40127.04,Paid,2025-05-24
3613,3613,Cash on Delivery,112486.32,Paid,2025-08-30
3614,3614,Card,176989.06,Paid,2025-06-08
3615,3615,Card,638275.94,Paid,2025-07-21
3616,3616,Mobile Money,363816.47,Failed,2025-02-12
3617,3617,Card,61136.1,Paid,2024-06-28
3618,3618,Mobile Money,74555.97,Paid,2023-11-08
3619,3619,Cash on Delivery,236995.8,Paid,2023-10-11
3620,3620,Bank Transfer,29163.08,Paid,2025-07-28
3621,3621,Mobile Money,110870.98,Paid,2023-09-18
3622,3622,Mobile Money,36946.72,Paid,2024-05-14
3623,3623,Bank Transfer,363739.49,Failed,2025-01-11
3624,3624,Bank Transfer,97249.07,Paid,2023-04-13
3625,3625,Card,127702.06,Paid,2026-04-16
3626,3626,Mobile Money,330103.25,Paid,2023-03-18
3627,3627,Bank Transfer,27392.59,Paid,2023-11-07
3628,3628,Bank Transfer,212787.98,Paid,2023-10-03
3629,3629,Mobile Money,44439.08,Paid,2024-03-03
3630,3630,Mobile Money,210179.45,Paid,2026-05-09
3631,3631,Mobile Money,205405.53,Paid,2024-03-27
3632,3632,Mobile Money,264907.78,Paid,2024-02-28
3633,3633,Bank Transfer,13273.91,Paid,2024-01-18
3634,3634,Bank Transfer,339030.24,Refunded,2026-03-13
3635,3635,Cash on Delivery,55439.32,Paid,2025-10-31
3636,3636,Card,52672.87,Paid,2024-05-06
3637,3637,Card,74793.47,Paid,2025-10-10
3638,3638,Mobile Money,63967.43,Refunded,2025-01-17
3639,3639,Bank Transfer,169890.32,Paid,2025-03-15
3640,3640,Mobile Money,93507.96,Paid,2023-12-07
3641,3641,Cash on Delivery,62204.16,Paid,2023-03-22
3642,3642,Cash on Delivery,235399.76,Failed,2023-10-17
3643,3643,Mobile Money,69295.91,Failed,2023-06-26
3644,3644,Cash on Delivery,191264.88,Paid,2024-10-16
3645,3645,Card,105945.42,Paid,2024-11-23
3646,3646,Mobile Money,178254.23,Paid,2023-08-23
3647,3647,Bank Transfer,134639.13,Paid,2023-04-27
3648,3648,Mobile Money,142978.49,Paid,2024-10-17
3649,3649,Card,503331.73,Paid,2025-02-20
3650,3650,Card,34907.46,Paid,2023-01-27
3651,3651,Card,131031.21,Paid,2023-03-19
3652,3652,Card,128983.1,Pending,2026-04-20
3653,3653,Card,132604.08,Paid,2023-08-22
3654,3654,Bank Transfer,84678.71,Paid,2023-04-02
3655,3655,Mobile Money,194784.6,Paid,2024-11-18
3656,3656,Bank Transfer,398834.8,Paid,2024-01-04
3657,3657,Mobile Money,74041.42,Paid,2024-04-16
3658,3658,Bank Transfer,52430.32,Paid,2025-06-27
3659,3659,Bank Transfer,89169.18,Paid,2025-05-05
3660,3660,Cash on Delivery,567851.69,Paid,2023-02-20
3661,3661,Mobile Money,222005.92,Paid,2023-10-08
3662,3662,Card,94203.54,Paid,2026-03-17
3663,3663,Cash on Delivery,15297.7,Paid,2024-06-09
3664,3664,Mobile Money,56843.76,Pending,2024-03-27
3665,3665,Card,105121.64,Paid,2023-03-16
3666,3666,Mobile Money,123927.55,Pending,2024-05-15
3667,3667,Mobile Money,30385.77,Paid,2024-02-20
3668,3668,Cash on Delivery,421036.12,Paid,2023-10-13
3669,3669,Bank Transfer,25173.62,Paid,2024-09-23
3670,3670,Mobile Money,186103.94,Pending,2025-08-29
3671,3671,Mobile Money,170754.88,Paid,2023-02-28
3672,3672,Mobile Money,184525.35,Paid,2025-09-07
3673,3673,Card,139909.7,Paid,2023-09-14
3674,3674,Bank Transfer,292082.22,Paid,2025-04-17
3675,3675,Mobile Money,202177.99,Paid,2025-01-02
3676,3676,Card,157163.51,Paid,2023-11-27
3677,3677,Bank Transfer,85503.96,Paid,2023-11-22
3678,3678,Cash on Delivery,80373.74,Paid,2025-11-20
3679,3679,Mobile Money,163534.91,Paid,2024-02-03
3680,3680,Cash on Delivery,151253.94,Paid,2024-10-27
3681,3681,Card,74080.9,Paid,2026-05-18
3682,3682,Mobile Money,155475.56,Paid,2024-08-19
3683,3683,Card,221168.42,Pending,2026-03-04
3684,3684,Bank Transfer,253616.27,Paid,2026-06-28
3685,3685,Card,179552.06,Paid,2024-10-22
3686,3686,Cash on Delivery,104195.09,Paid,2023-02-21
3687,3687,Mobile Money,58406.76,Paid,2025-01-26
3688,3688,Bank Transfer,15323.65,Paid,2024-08-18
3689,3689,Mobile Money,146029.55,Paid,2025-03-04
3690,3690,Card,97144.96,Paid,2026-03-16
3691,3691,Card,72715.96,Paid,2024-12-22
3692,3692,Mobile Money,102097.27,Paid,2025-12-27
3693,3693,Bank Transfer,94209.24,Paid,2025-12-12
3694,3694,Cash on Delivery,77453.13,Paid,2025-01-09
3695,3695,Bank Transfer,225474.24,Paid,2024-06-20
3696,3696,Cash on Delivery,426125.42,Paid,2025-12-06
3697,3697,Mobile Money,99952.13,Paid,2024-12-16
3698,3698,Bank Transfer,54319.95,Paid,2024-04-22
3699,3699,Bank Transfer,158026.85,Paid,2024-02-06
3700,3700,Cash on Delivery,133343.76,Paid,2024-11-27
3701,3701,Cash on Delivery,110799.6,Paid,2025-03-12
3702,3702,Card,117552.07,Paid,2026-03-16
3703,3703,Card,185072.16,Paid,2024-12-06
3704,3704,Cash on Delivery,166150.2,Paid,2024-01-23
3705,3705,Bank Transfer,92473.11,Paid,2026-02-22
3706,3706,Cash on Delivery,338487.6,Pending,2023-01-28
3707,3707,Bank Transfer,106630.34,Failed,2024-06-19
3708,3708,Mobile Money,85571.32,Paid,2025-05-17
3709,3709,Cash on Delivery,159069.0,Pending,2025-07-13
3710,3710,Mobile Money,168220.86,Paid,2024-08-13
3711,3711,Bank Transfer,95595.0,Paid,2023-07-08
3712,3712,Bank Transfer,75502.46,Paid,2026-05-08
3713,3713,Card,100316.95,Paid,2025-10-12
3714,3714,Cash on Delivery,231920.63,Paid,2025-10-06
3715,3715,Cash on Delivery,112006.91,Paid,2025-02-02
3716,3716,Cash on Delivery,59269.72,Pending,2024-07-28
3717,3717,Card,33325.38,Paid,2026-01-03
3718,3718,Mobile Money,339994.4,Paid,2024-02-11
3719,3719,Cash on Delivery,33728.82,Paid,2026-02-24
3720,3720,Cash on Delivery,147230.64,Paid,2026-01-25
3721,3721,Bank Transfer,307326.27,Paid,2025-10-09
3722,3722,Cash on Delivery,141527.68,Paid,2025-11-26
3723,3723,Mobile Money,324354.57,Failed,2025-08-01
3724,3724,Card,371323.04,Refunded,2025-11-06
3725,3725,Mobile Money,164017.86,Paid,2025-04-16
3726,3726,Bank Transfer,143259.87,Paid,2024-05-30
3727,3727,Card,21476.91,Paid,2025-05-31
3728,3728,Mobile Money,64270.89,Paid,2023-03-06
3729,3729,Bank Transfer,13800.88,Paid,2024-10-15
3730,3730,Cash on Delivery,45693.04,Paid,2026-05-05
3731,3731,Mobile Money,125672.86,Paid,2023-12-05
3732,3732,Mobile Money,109268.9,Paid,2023-12-19
3733,3733,Cash on Delivery,150320.42,Paid,2025-08-15
3734,3734,Card,179976.66,Paid,2023-10-18
3735,3735,Card,205036.19,Paid,2023-01-10
3736,3736,Mobile Money,87528.35,Paid,2025-05-13
3737,3737,Cash on Delivery,472440.42,Paid,2024-12-26
3738,3738,Card,41728.14,Paid,2023-01-10
3739,3739,Cash on Delivery,384132.85,Paid,2024-01-14
3740,3740,Bank Transfer,107839.34,Paid,2024-04-09
3741,3741,Bank Transfer,293736.13,Refunded,2024-06-26
3742,3742,Cash on Delivery,48440.28,Failed,2026-06-24
3743,3743,Card,107163.71,Paid,2023-07-25
3744,3744,Bank Transfer,227800.66,Paid,2026-03-25
3745,3745,Bank Transfer,63759.66,Paid,2025-04-01
3746,3746,Bank Transfer,321470.43,Paid,2023-11-02
3747,3747,Cash on Delivery,66857.51,Paid,2024-01-11
3748,3748,Card,272099.79,Paid,2025-01-14
3749,3749,Mobile Money,93490.0,Paid,2024-12-17
3750,3750,Card,59740.88,Paid,2024-06-15
3751,3751,Mobile Money,151590.46,Paid,2023-06-15
3752,3752,Bank Transfer,20857.16,Paid,2025-09-03
3753,3753,Card,83520.8,Paid,2024-03-26
3754,3754,Card,23711.63,Paid,2025-05-05
3755,3755,Cash on Delivery,168606.9,Paid,2025-05-01
3756,3756,Bank Transfer,130733.36,Paid,2025-02-28
3757,3757,Card,140630.3,Paid,2024-10-12
3758,3758,Bank Transfer,77321.36,Paid,2023-12-08
3759,3759,Mobile Money,200933.77,Paid,2025-05-18
3760,3760,Cash on Delivery,76434.73,Paid,2025-11-12
3761,3761,Bank Transfer,273912.52,Refunded,2026-04-21
3762,3762,Card,51584.52,Paid,2024-04-24
3763,3763,Cash on Delivery,116323.48,Paid,2023-02-11
3764,3764,Cash on Delivery,62438.89,Paid,2023-06-01
3765,3765,Mobile Money,98137.61,Paid,2024-09-28
3766,3766,Mobile Money,249187.81,Paid,2026-06-14
3767,3767,Mobile Money,94151.31,Paid,2025-05-07
3768,3768,Bank Transfer,62293.3,Paid,2023-12-21
3769,3769,Bank Transfer,95711.98,Paid,2025-12-23
3770,3770,Mobile Money,151089.87,Paid,2025-10-25
3771,3771,Mobile Money,142830.76,Paid,2024-08-20
3772,3772,Cash on Delivery,110399.19,Paid,2026-05-29
3773,3773,Bank Transfer,137415.71,Paid,2023-10-24
3774,3774,Bank Transfer,45090.32,Pending,2023-08-08
3775,3775,Bank Transfer,455343.91,Paid,2025-01-29
3776,3776,Cash on Delivery,88344.74,Paid,2026-06-02
3777,3777,Bank Transfer,176357.16,Paid,2026-04-24
3778,3778,Mobile Money,174074.13,Paid,2024-02-02
3779,3779,Cash on Delivery,24378.49,Paid,2024-09-04
3780,3780,Bank Transfer,535073.17,Paid,2024-04-05
3781,3781,Mobile Money,92862.76,Pending,2023-11-18
3782,3782,Bank Transfer,108888.78,Paid,2023-08-08
3783,3783,Bank Transfer,70929.01,Paid,2026-04-12
3784,3784,Cash on Delivery,113241.64,Paid,2026-05-23
3785,3785,Card,75748.05,Paid,2023-05-12
3786,3786,Cash on Delivery,22101.61,Paid,2023-08-17
3787,3787,Mobile Money,126626.74,Failed,2023-04-20
3788,3788,Card,197504.22,Paid,2023-11-15
3789,3789,Bank Transfer,19577.08,Paid,2025-03-24
3790,3790,Card,135163.93,Paid,2025-06-25
3791,3791,Cash on Delivery,75392.0,Paid,2025-09-18
3792,3792,Bank Transfer,97847.7,Paid,2026-03-02
3793,3793,Cash on Delivery,237575.42,Paid,2025-06-24
3794,3794,Cash on Delivery,169798.86,Paid,2026-06-21
3795,3795,Cash on Delivery,178714.73,Paid,2024-06-04
3796,3796,Mobile Money,46906.58,Paid,2023-01-13
3797,3797,Card,92727.84,Paid,2025-12-02
3798,3798,Card,38540.11,Paid,2023-03-12
3799,3799,Mobile Money,112895.79,Paid,2024-12-10
3800,3800,Mobile Money,214620.56,Paid,2025-03-29
3801,3801,Card,64773.91,Refunded,2023-04-08
3802,3802,Card,88888.24,Paid,2024-02-26
3803,3803,Card,35210.98,Paid,2024-12-13
3804,3804,Cash on Delivery,224344.23,Refunded,2023-10-27
3805,3805,Card,259915.73,Paid,2023-07-17
3806,3806,Bank Transfer,339749.62,Paid,2023-09-28
3807,3807,Bank Transfer,140370.78,Paid,2024-10-04
3808,3808,Card,119309.58,Paid,2023-05-04
3809,3809,Cash on Delivery,30342.7,Refunded,2023-01-06
3810,3810,Card,78260.45,Paid,2023-12-13
3811,3811,Mobile Money,125341.49,Paid,2026-01-31
3812,3812,Card,109528.3,Refunded,2025-03-03
3813,3813,Mobile Money,131344.47,Paid,2025-04-21
3814,3814,Cash on Delivery,120433.07,Paid,2026-01-05
3815,3815,Card,276264.1,Refunded,2025-09-07
3816,3816,Mobile Money,327497.24,Paid,2025-08-12
3817,3817,Bank Transfer,37270.8,Paid,2025-09-22
3818,3818,Card,85559.48,Paid,2023-02-17
3819,3819,Bank Transfer,144540.22,Refunded,2023-07-24
3820,3820,Mobile Money,104473.11,Paid,2025-07-24
3821,3821,Cash on Delivery,261847.17,Paid,2025-01-17
3822,3822,Cash on Delivery,117107.34,Paid,2026-05-27
3823,3823,Bank Transfer,84952.55,Paid,2023-01-14
3824,3824,Cash on Delivery,212512.74,Paid,2026-04-11
3825,3825,Mobile Money,501692.84,Paid,2024-09-14
3826,3826,Card,443775.14,Paid,2026-05-25
3827,3827,Card,53756.97,Paid,2024-11-24
3828,3828,Card,366672.36,Paid,2025-07-17
3829,3829,Mobile Money,73887.26,Pending,2025-07-02
3830,3830,Mobile Money,168218.18,Paid,2025-10-21
3831,3831,Card,249909.41,Paid,2024-05-07
3832,3832,Card,162321.17,Paid,2025-04-02
3833,3833,Cash on Delivery,119563.99,Paid,2024-03-24
3834,3834,Bank Transfer,131415.89,Refunded,2025-07-28
3835,3835,Card,46741.18,Paid,2025-09-05
3836,3836,Card,385198.92,Refunded,2023-10-14
3837,3837,Cash on Delivery,168937.84,Paid,2024-08-14
3838,3838,Card,121112.74,Paid,2025-03-11
3839,3839,Cash on Delivery,46382.18,Paid,2024-03-23
3840,3840,Card,135215.64,Paid,2023-05-27
3841,3841,Bank Transfer,180246.83,Paid,2024-09-02
3842,3842,Card,81765.84,Paid,2024-01-16
3843,3843,Mobile Money,423730.02,Paid,2025-03-23
3844,3844,Cash on Delivery,258944.46,Paid,2024-06-20
3845,3845,Mobile Money,133125.28,Paid,2024-10-03
3846,3846,Bank Transfer,16697.07,Paid,2026-04-29
3847,3847,Cash on Delivery,106155.8,Paid,2024-03-19
3848,3848,Cash on Delivery,291437.99,Paid,2023-01-07
3849,3849,Bank Transfer,43328.85,Paid,2026-05-20
3850,3850,Bank Transfer,106198.13,Pending,2023-06-11
3851,3851,Cash on Delivery,113705.48,Paid,2023-10-24
3852,3852,Bank Transfer,213544.53,Paid,2025-09-15
3853,3853,Card,129485.58,Paid,2024-07-27
3854,3854,Mobile Money,45994.7,Paid,2025-02-11
3855,3855,Bank Transfer,117772.22,Paid,2025-07-14
3856,3856,Bank Transfer,103235.26,Paid,2025-09-09
3857,3857,Card,61410.67,Paid,2026-01-03
3858,3858,Mobile Money,380300.47,Paid,2025-03-31
3859,3859,Mobile Money,416791.79,Paid,2024-11-16
3860,3860,Cash on Delivery,196140.08,Paid,2025-12-02
3861,3861,Cash on Delivery,272733.67,Paid,2024-08-06
3862,3862,Card,298055.28,Paid,2023-04-27
3863,3863,Card,72015.22,Paid,2023-08-07
3864,3864,Bank Transfer,225825.98,Paid,2025-04-18
3865,3865,Bank Transfer,486293.41,Paid,2023-07-14
3866,3866,Card,78749.47,Paid,2023-01-20
3867,3867,Cash on Delivery,114687.15,Paid,2024-10-03
3868,3868,Cash on Delivery,262249.95,Refunded,2024-02-14
3869,3869,Cash on Delivery,73446.11,Paid,2024-12-22
3870,3870,Cash on Delivery,160692.6,Pending,2025-04-28
3871,3871,Bank Transfer,77912.74,Paid,2025-04-20
3872,3872,Bank Transfer,283146.88,Paid,2023-05-26
3873,3873,Bank Transfer,187952.74,Paid,2025-12-12
3874,3874,Card,70692.88,Paid,2023-04-20
3875,3875,Cash on Delivery,151408.84,Paid,2023-04-07
3876,3876,Mobile Money,144714.48,Paid,2025-10-20
3877,3877,Bank Transfer,89064.86,Paid,2024-01-22
3878,3878,Card,67623.07,Paid,2024-02-03
3879,3879,Bank Transfer,241774.42,Paid,2023-06-07
3880,3880,Bank Transfer,121613.85,Paid,2024-07-02
3881,3881,Mobile Money,98039.67,Paid,2024-09-27
3882,3882,Card,183838.45,Paid,2023-12-01
3883,3883,Bank Transfer,252864.69,Paid,2025-11-22
3884,3884,Bank Transfer,103507.46,Pending,2025-05-12
3885,3885,Card,206714.68,Paid,2026-01-27
3886,3886,Mobile Money,114877.08,Paid,2024-03-22
3887,3887,Card,48040.01,Paid,2024-12-01
3888,3888,Bank Transfer,176023.87,Paid,2026-05-14
3889,3889,Cash on Delivery,341106.2,Paid,2024-06-04
3890,3890,Bank Transfer,176779.77,Paid,2023-08-06
3891,3891,Mobile Money,12973.68,Paid,2023-09-06
3892,3892,Card,408551.5,Paid,2024-06-18
3893,3893,Mobile Money,55825.02,Paid,2026-02-10
3894,3894,Bank Transfer,27840.17,Paid,2025-03-08
3895,3895,Cash on Delivery,191683.65,Paid,2023-01-18
3896,3896,Card,170866.24,Paid,2024-11-22
3897,3897,Card,214257.55,Paid,2024-09-18
3898,3898,Card,310875.43,Paid,2025-08-09
3899,3899,Cash on Delivery,395870.33,Paid,2023-03-07
3900,3900,Mobile Money,18438.82,Refunded,2023-12-27
3901,3901,Bank Transfer,8550.84,Paid,2024-01-21
3902,3902,Card,367727.06,Paid,2025-05-07
3903,3903,Mobile Money,47747.38,Paid,2024-03-17
3904,3904,Mobile Money,51994.35,Paid,2025-07-16
3905,3905,Cash on Delivery,344341.28,Pending,2025-09-07
3906,3906,Mobile Money,136850.85,Paid,2024-01-05
3907,3907,Card,6648.01,Paid,2023-12-16
3908,3908,Mobile Money,276654.46,Paid,2024-04-15
3909,3909,Cash on Delivery,143658.99,Paid,2024-01-14
3910,3910,Cash on Delivery,65751.44,Paid,2023-07-12
3911,3911,Cash on Delivery,98354.04,Paid,2024-08-17
3912,3912,Mobile Money,215820.16,Paid,2024-07-08
3913,3913,Bank Transfer,137947.87,Paid,2023-11-19
3914,3914,Card,238889.79,Paid,2025-01-23
3915,3915,Card,46319.93,Paid,2025-04-22
3916,3916,Mobile Money,62279.08,Paid,2023-08-30
3917,3917,Mobile Money,222256.17,Paid,2025-05-03
3918,3918,Mobile Money,59218.87,Paid,2024-08-06
3919,3919,Cash on Delivery,58623.85,Paid,2026-06-25
3920,3920,Mobile Money,131511.83,Pending,2025-08-15
3921,3921,Mobile Money,50513.01,Paid,2023-10-02
3922,3922,Card,76726.21,Paid,2023-04-25
3923,3923,Mobile Money,125786.59,Refunded,2023-06-05
3924,3924,Card,375874.68,Paid,2025-02-24
3925,3925,Bank Transfer,74937.3,Paid,2026-03-29
3926,3926,Cash on Delivery,16809.49,Refunded,2023-12-24
3927,3927,Card,78134.42,Pending,2025-06-05
3928,3928,Mobile Money,372402.14,Paid,2023-12-21
3929,3929,Card,234262.85,Paid,2026-01-05
3930,3930,Cash on Delivery,72870.96,Paid,2023-05-14
3931,3931,Mobile Money,247235.6,Paid,2024-01-28
3932,3932,Mobile Money,130774.07,Paid,2024-04-17
3933,3933,Bank Transfer,96695.7,Paid,2023-11-01
3934,3934,Mobile Money,140911.53,Failed,2023-12-30
3935,3935,Mobile Money,151110.07,Paid,2024-01-27
3936,3936,Bank Transfer,92038.83,Failed,2026-01-08
3937,3937,Mobile Money,310158.94,Pending,2024-03-03
3938,3938,Mobile Money,186528.1,Paid,2025-12-14
3939,3939,Bank Transfer,199633.48,Paid,2023-03-18
3940,3940,Bank Transfer,208513.5,Refunded,2024-08-12
3941,3941,Bank Transfer,106063.93,Paid,2023-12-28
3942,3942,Card,126649.76,Failed,2026-02-09
3943,3943,Cash on Delivery,154794.95,Paid,2024-02-23
3944,3944,Bank Transfer,193282.21,Paid,2024-12-12
3945,3945,Bank Transfer,329754.11,Paid,2025-12-07
3946,3946,Cash on Delivery,234665.33,Paid,2025-09-09
3947,3947,Bank Transfer,201828.35,Paid,2025-05-24
3948,3948,Card,97624.71,Paid,2024-10-31
3949,3949,Card,157474.1,Paid,2025-04-09
3950,3950,Bank Transfer,192844.83,Paid,2026-01-30
3951,3951,Bank Transfer,303357.08,Paid,2026-04-27
3952,3952,Card,24892.23,Paid,2025-11-07
3953,3953,Bank Transfer,216268.3,Paid,2026-06-04
3954,3954,Cash on Delivery,165538.09,Paid,2025-06-07
3955,3955,Card,190874.92,Paid,2026-04-01
3956,3956,Bank Transfer,194807.5,Paid,2023-08-07
3957,3957,Mobile Money,252007.82,Paid,2023-02-15
3958,3958,Card,312724.32,Paid,2026-06-26
3959,3959,Mobile Money,142975.92,Failed,2024-03-16
3960,3960,Card,42466.46,Pending,2025-07-06
3961,3961,Cash on Delivery,77484.6,Paid,2025-05-07
3962,3962,Mobile Money,102083.88,Paid,2024-11-24
3963,3963,Bank Transfer,302875.55,Paid,2023-02-10
3964,3964,Mobile Money,91165.82,Pending,2024-06-18
3965,3965,Mobile Money,74370.92,Paid,2024-02-23
3966,3966,Mobile Money,331829.49,Failed,2026-06-04
3967,3967,Bank Transfer,59639.8,Paid,2024-11-02
3968,3968,Card,144891.76,Paid,2024-10-25
3969,3969,Bank Transfer,21329.96,Paid,2025-04-16
3970,3970,Bank Transfer,107543.78,Paid,2024-12-03
3971,3971,Bank Transfer,86433.28,Paid,2024-06-25
3972,3972,Card,60187.96,Paid,2025-08-23
3973,3973,Cash on Delivery,240828.03,Paid,2025-07-01
3974,3974,Bank Transfer,246973.36,Paid,2024-11-07
3975,3975,Card,68799.07,Paid,2026-01-08
3976,3976,Mobile Money,58743.27,Pending,2023-12-20
3977,3977,Card,175273.06,Paid,2023-05-27
3978,3978,Card,74788.72,Paid,2025-11-25
3979,3979,Cash on Delivery,146145.25,Paid,2025-04-13
3980,3980,Bank Transfer,271638.04,Paid,2024-02-06
3981,3981,Cash on Delivery,336795.14,Paid,2023-06-23
3982,3982,Bank Transfer,71065.58,Paid,2023-10-17
3983,3983,Bank Transfer,101777.51,Paid,2024-11-13
3984,3984,Mobile Money,211354.27,Paid,2024-03-02
3985,3985,Bank Transfer,187863.11,Paid,2025-01-25
3986,3986,Bank Transfer,256081.35,Paid,2025-09-29
3987,3987,Cash on Delivery,33653.99,Paid,2025-08-30
3988,3988,Cash on Delivery,10275.56,Paid,2025-04-29
3989,3989,Cash on Delivery,116594.05,Paid,2025-05-15
3990,3990,Mobile Money,86761.31,Paid,2024-03-08
3991,3991,Card,117671.05,Paid,2026-05-09
3992,3992,Card,235157.8,Paid,2024-04-21
3993,3993,Mobile Money,253204.18,Paid,2024-02-06
3994,3994,Bank Transfer,117417.54,Paid,2023-07-01
3995,3995,Cash on Delivery,85430.53,Paid,2025-07-07
3996,3996,Bank Transfer,71343.96,Paid,2024-09-09
3997,3997,Bank Transfer,366110.6,Paid,2025-05-26
3998,3998,Mobile Money,164072.36,Paid,2025-03-05
3999,3999,Mobile Money,521645.18,Paid,2024-10-03
4000,4000,Cash on Delivery,39208.74,Pending,2026-05-24
4001,4001,Card,165227.62,Paid,2025-02-05
4002,4002,Card,17412.26,Paid,2024-05-05
4003,4003,Card,122128.32,Paid,2023-10-11
4004,4004,Cash on Delivery,69784.56,Paid,2025-07-30
4005,4005,Cash on Delivery,216732.69,Refunded,2024-05-06
4006,4006,Mobile Money,38302.5,Paid,2025-08-31
4007,4007,Card,318594.36,Paid,2023-02-16
4008,4008,Bank Transfer,283519.85,Paid,2024-09-23
4009,4009,Card,192445.15,Paid,2023-06-30
4010,4010,Bank Transfer,127755.6,Paid,2024-03-01
4011,4011,Bank Transfer,76997.93,Paid,2026-04-19
4012,4012,Cash on Delivery,112269.72,Paid,2023-04-06
4013,4013,Cash on Delivery,146638.77,Paid,2025-04-17
4014,4014,Mobile Money,131652.09,Paid,2023-11-04
4015,4015,Bank Transfer,314624.16,Paid,2024-12-04
4016,4016,Mobile Money,71233.29,Paid,2025-05-15
4017,4017,Card,427381.92,Paid,2024-02-15
4018,4018,Mobile Money,382039.52,Pending,2023-01-28
4019,4019,Cash on Delivery,121294.84,Paid,2023-06-11
4020,4020,Card,186778.48,Paid,2026-04-12
4021,4021,Bank Transfer,468156.15,Paid,2026-05-13
4022,4022,Cash on Delivery,362710.15,Paid,2025-03-28
4023,4023,Cash on Delivery,255042.6,Paid,2023-07-28
4024,4024,Mobile Money,322990.99,Paid,2024-07-20
4025,4025,Bank Transfer,121127.36,Paid,2024-09-19
4026,4026,Card,188859.27,Paid,2025-11-11
4027,4027,Cash on Delivery,32614.0,Paid,2025-09-24
4028,4028,Cash on Delivery,98369.4,Paid,2026-04-10
4029,4029,Cash on Delivery,320687.74,Paid,2026-01-26
4030,4030,Cash on Delivery,300925.94,Paid,2025-02-02
4031,4031,Card,150373.65,Paid,2026-04-15
4032,4032,Cash on Delivery,293026.35,Paid,2023-05-19
4033,4033,Cash on Delivery,77530.04,Paid,2024-04-19
4034,4034,Bank Transfer,142926.56,Paid,2024-01-16
4035,4035,Card,215958.8,Paid,2024-10-08
4036,4036,Card,193227.61,Paid,2026-06-30
4037,4037,Mobile Money,95125.52,Paid,2023-05-18
4038,4038,Card,168853.48,Paid,2023-06-30
4039,4039,Bank Transfer,184629.86,Paid,2025-09-19
4040,4040,Card,92902.51,Paid,2026-02-04
4041,4041,Bank Transfer,448775.85,Paid,2025-10-21
4042,4042,Mobile Money,505958.87,Paid,2024-09-11
4043,4043,Card,320418.83,Paid,2024-06-21
4044,4044,Mobile Money,233387.13,Paid,2023-12-07
4045,4045,Bank Transfer,148255.36,Paid,2024-04-07
4046,4046,Bank Transfer,56429.46,Failed,2025-04-12
4047,4047,Bank Transfer,126899.3,Paid,2025-09-08
4048,4048,Cash on Delivery,274763.35,Paid,2025-01-20
4049,4049,Cash on Delivery,30639.7,Paid,2023-10-17
4050,4050,Bank Transfer,130793.19,Failed,2025-05-06
4051,4051,Bank Transfer,114546.5,Paid,2024-03-06
4052,4052,Cash on Delivery,33242.15,Paid,2025-01-16
4053,4053,Bank Transfer,68322.0,Pending,2026-02-01
4054,4054,Bank Transfer,89695.28,Paid,2026-06-23
4055,4055,Mobile Money,314729.4,Paid,2023-06-05
4056,4056,Card,615888.68,Pending,2024-11-07
4057,4057,Cash on Delivery,422282.7,Paid,2025-02-10
4058,4058,Card,87714.36,Pending,2024-03-16
4059,4059,Bank Transfer,19478.08,Failed,2026-04-18
4060,4060,Mobile Money,300747.95,Paid,2023-07-07
4061,4061,Mobile Money,225917.78,Paid,2023-04-24
4062,4062,Cash on Delivery,48478.43,Paid,2025-02-27
4063,4063,Mobile Money,169691.3,Paid,2023-12-21
4064,4064,Card,162749.1,Paid,2026-05-30
4065,4065,Card,347956.69,Pending,2023-04-17
4066,4066,Bank Transfer,363142.59,Pending,2023-05-10
4067,4067,Cash on Delivery,377911.3,Paid,2024-08-27
4068,4068,Cash on Delivery,110501.09,Paid,2025-04-02
4069,4069,Cash on Delivery,109746.63,Paid,2024-12-30
4070,4070,Bank Transfer,28815.28,Paid,2024-10-18
4071,4071,Cash on Delivery,85509.52,Pending,2024-08-30
4072,4072,Cash on Delivery,43043.11,Paid,2023-07-24
4073,4073,Card,220954.85,Paid,2025-04-14
4074,4074,Card,51718.69,Paid,2024-10-02
4075,4075,Mobile Money,276996.47,Paid,2025-06-04
4076,4076,Mobile Money,89739.48,Paid,2024-09-13
4077,4077,Bank Transfer,195588.18,Paid,2026-05-08
4078,4078,Cash on Delivery,27525.66,Paid,2026-05-09
4079,4079,Cash on Delivery,229652.71,Paid,2024-09-20
4080,4080,Card,222862.53,Paid,2023-07-30
4081,4081,Mobile Money,101484.03,Paid,2025-02-22
4082,4082,Bank Transfer,47329.29,Paid,2023-02-05
4083,4083,Bank Transfer,111416.53,Pending,2025-12-14
4084,4084,Mobile Money,140907.41,Paid,2023-10-02
4085,4085,Cash on Delivery,182215.85,Paid,2025-10-28
4086,4086,Card,648013.58,Paid,2025-10-19
4087,4087,Card,209083.81,Paid,2025-02-19
4088,4088,Mobile Money,373386.92,Paid,2023-03-04
4089,4089,Cash on Delivery,484218.39,Paid,2026-03-19
4090,4090,Bank Transfer,84887.18,Paid,2026-03-10
4091,4091,Bank Transfer,60917.27,Paid,2024-12-21
4092,4092,Bank Transfer,23282.38,Paid,2025-07-22
4093,4093,Mobile Money,200302.92,Paid,2023-03-04
4094,4094,Bank Transfer,134794.54,Paid,2024-07-01
4095,4095,Bank Transfer,263026.42,Pending,2023-09-21
4096,4096,Mobile Money,353742.89,Paid,2023-09-08
4097,4097,Bank Transfer,150776.18,Paid,2024-11-16
4098,4098,Mobile Money,215635.45,Refunded,2024-11-09
4099,4099,Card,100947.68,Refunded,2023-02-17
4100,4100,Bank Transfer,33942.81,Paid,2025-03-29
4101,4101,Mobile Money,174013.45,Paid,2026-02-05
4102,4102,Mobile Money,240031.68,Paid,2024-06-20
4103,4103,Card,33984.22,Paid,2025-09-04
4104,4104,Cash on Delivery,92456.65,Paid,2026-05-28
4105,4105,Cash on Delivery,283573.88,Paid,2024-06-10
4106,4106,Card,72135.82,Paid,2026-04-11
4107,4107,Bank Transfer,384837.04,Paid,2024-06-15
4108,4108,Cash on Delivery,105965.76,Paid,2024-11-05
4109,4109,Cash on Delivery,120736.53,Failed,2024-03-27
4110,4110,Card,140004.76,Refunded,2025-11-11
4111,4111,Bank Transfer,96268.42,Paid,2025-05-21
4112,4112,Cash on Delivery,23245.86,Paid,2024-02-26
4113,4113,Mobile Money,32557.56,Paid,2023-09-20
4114,4114,Card,183720.47,Paid,2023-07-20
4115,4115,Card,75970.02,Paid,2025-09-14
4116,4116,Cash on Delivery,161314.14,Paid,2023-06-13
4117,4117,Bank Transfer,140861.6,Paid,2023-02-04
4118,4118,Bank Transfer,349514.0,Paid,2024-06-09
4119,4119,Card,93014.59,Paid,2024-05-18
4120,4120,Bank Transfer,306530.76,Paid,2024-08-16
4121,4121,Mobile Money,435333.13,Paid,2023-09-07
4122,4122,Cash on Delivery,139218.22,Paid,2023-04-08
4123,4123,Bank Transfer,22531.07,Paid,2026-02-22
4124,4124,Card,27620.33,Paid,2025-04-17
4125,4125,Bank Transfer,90253.73,Paid,2024-11-09
4126,4126,Card,72428.97,Paid,2025-10-07
4127,4127,Card,116254.43,Paid,2025-11-24
4128,4128,Cash on Delivery,529948.5,Paid,2025-04-27
4129,4129,Cash on Delivery,32364.0,Failed,2026-04-29
4130,4130,Bank Transfer,229921.12,Pending,2025-12-31
4131,4131,Bank Transfer,274290.03,Paid,2023-12-04
4132,4132,Cash on Delivery,66925.65,Refunded,2023-08-15
4133,4133,Cash on Delivery,355719.44,Paid,2024-03-05
4134,4134,Bank Transfer,79160.27,Paid,2024-12-03
4135,4135,Bank Transfer,310270.02,Paid,2025-05-15
4136,4136,Bank Transfer,196163.17,Paid,2025-10-25
4137,4137,Mobile Money,296661.75,Paid,2024-10-25
4138,4138,Card,111720.94,Paid,2024-07-28
4139,4139,Bank Transfer,206106.57,Paid,2024-11-16
4140,4140,Bank Transfer,72886.34,Paid,2024-02-15
4141,4141,Bank Transfer,235952.83,Refunded,2024-11-06
4142,4142,Cash on Delivery,82023.4,Paid,2026-06-29
4143,4143,Cash on Delivery,100889.52,Pending,2024-07-20
4144,4144,Card,37916.82,Paid,2024-08-19
4145,4145,Cash on Delivery,11594.39,Refunded,2025-05-27
4146,4146,Bank Transfer,223702.36,Paid,2023-08-30
4147,4147,Cash on Delivery,53997.13,Paid,2024-11-16
4148,4148,Cash on Delivery,366400.4,Paid,2024-10-13
4149,4149,Bank Transfer,173564.86,Pending,2025-06-11
4150,4150,Card,16195.35,Paid,2025-06-21
4151,4151,Mobile Money,41342.82,Paid,2023-01-17
4152,4152,Card,488006.57,Paid,2025-10-29
4153,4153,Card,113179.81,Paid,2024-01-28
4154,4154,Card,122243.31,Paid,2026-03-24
4155,4155,Mobile Money,323491.16,Refunded,2024-07-29
4156,4156,Card,269355.01,Paid,2026-01-13
4157,4157,Card,546220.71,Paid,2023-12-09
4158,4158,Cash on Delivery,336506.55,Paid,2026-03-08
4159,4159,Bank Transfer,164926.46,Paid,2023-04-11
4160,4160,Card,68893.5,Pending,2023-03-10
4161,4161,Mobile Money,28058.56,Paid,2024-09-06
4162,4162,Mobile Money,255283.53,Paid,2024-03-24
4163,4163,Cash on Delivery,69735.44,Paid,2025-03-28
4164,4164,Card,15568.07,Paid,2024-12-09
4165,4165,Cash on Delivery,134535.95,Paid,2024-12-07
4166,4166,Card,441847.76,Paid,2023-03-25
4167,4167,Card,284192.93,Paid,2025-04-05
4168,4168,Card,58820.62,Paid,2023-04-09
4169,4169,Cash on Delivery,333601.59,Paid,2024-09-04
4170,4170,Bank Transfer,82993.8,Paid,2023-11-10
4171,4171,Mobile Money,68138.06,Paid,2025-06-29
4172,4172,Cash on Delivery,56332.13,Paid,2025-01-16
4173,4173,Cash on Delivery,139217.45,Refunded,2024-10-19
4174,4174,Cash on Delivery,64273.08,Refunded,2024-05-18
4175,4175,Mobile Money,85493.84,Paid,2024-10-17
4176,4176,Mobile Money,26484.86,Paid,2025-03-02
4177,4177,Mobile Money,316661.8,Paid,2025-01-29
4178,4178,Cash on Delivery,109337.07,Paid,2024-08-13
4179,4179,Mobile Money,158065.6,Paid,2023-02-15
4180,4180,Mobile Money,12316.77,Paid,2026-02-26
4181,4181,Cash on Delivery,77509.41,Paid,2023-05-13
4182,4182,Cash on Delivery,178143.34,Paid,2023-11-10
4183,4183,Cash on Delivery,176605.35,Pending,2023-07-16
4184,4184,Card,215988.2,Paid,2024-02-26
4185,4185,Bank Transfer,127804.38,Paid,2026-01-13
4186,4186,Mobile Money,86196.05,Pending,2024-05-15
4187,4187,Cash on Delivery,164178.46,Failed,2026-03-14
4188,4188,Mobile Money,182469.35,Paid,2024-12-18
4189,4189,Card,140015.62,Paid,2025-09-12
4190,4190,Mobile Money,171363.73,Paid,2026-06-08
4191,4191,Bank Transfer,189886.8,Paid,2024-09-18
4192,4192,Mobile Money,26488.88,Refunded,2025-08-22
4193,4193,Card,127573.0,Paid,2026-02-28
4194,4194,Mobile Money,150505.16,Paid,2026-04-07
4195,4195,Card,97826.22,Paid,2025-09-24
4196,4196,Bank Transfer,278276.81,Paid,2024-09-03
4197,4197,Card,139265.01,Paid,2025-08-07
4198,4198,Cash on Delivery,34823.21,Paid,2023-04-08
4199,4199,Card,70212.36,Paid,2024-05-31
4200,4200,Card,94130.35,Paid,2024-08-12
4201,4201,Card,114829.11,Paid,2023-05-27
4202,4202,Mobile Money,14848.19,Paid,2023-12-21
4203,4203,Mobile Money,370779.39,Paid,2024-11-20
4204,4204,Card,19589.7,Paid,2024-07-07
4205,4205,Mobile Money,398046.1,Paid,2024-09-24
4206,4206,Cash on Delivery,175250.6,Paid,2025-02-05
4207,4207,Card,644473.42,Paid,2023-11-07
4208,4208,Cash on Delivery,91709.78,Paid,2025-02-02
4209,4209,Cash on Delivery,202522.91,Paid,2026-04-07
4210,4210,Card,230727.79,Paid,2025-09-26
4211,4211,Card,45072.22,Paid,2025-04-17
4212,4212,Bank Transfer,100939.9,Paid,2024-06-21
4213,4213,Cash on Delivery,191975.47,Paid,2025-04-20
4214,4214,Mobile Money,358945.9,Paid,2024-09-10
4215,4215,Card,128946.16,Paid,2023-07-28
4216,4216,Mobile Money,219394.79,Paid,2023-07-16
4217,4217,Mobile Money,198282.11,Paid,2026-04-23
4218,4218,Mobile Money,109585.5,Paid,2024-05-17
4219,4219,Cash on Delivery,85894.27,Pending,2024-10-16
4220,4220,Card,48146.36,Paid,2024-03-19
4221,4221,Card,234037.02,Paid,2025-04-04
4222,4222,Bank Transfer,198668.65,Paid,2026-05-31
4223,4223,Cash on Delivery,41518.05,Failed,2024-12-13
4224,4224,Mobile Money,63967.74,Pending,2023-08-03
4225,4225,Bank Transfer,112983.93,Paid,2025-07-31
4226,4226,Mobile Money,84103.29,Paid,2023-03-10
4227,4227,Card,224701.71,Paid,2023-12-31
4228,4228,Mobile Money,67248.78,Paid,2025-03-25
4229,4229,Card,279149.36,Refunded,2026-03-30
4230,4230,Card,203142.03,Paid,2025-05-18
4231,4231,Cash on Delivery,305918.45,Paid,2024-02-10
4232,4232,Bank Transfer,308806.5,Failed,2024-12-30
4233,4233,Cash on Delivery,230325.95,Paid,2023-04-29
4234,4234,Card,332634.96,Failed,2024-03-15
4235,4235,Mobile Money,80060.45,Paid,2024-04-17
4236,4236,Bank Transfer,28389.09,Paid,2026-06-07
4237,4237,Cash on Delivery,70766.75,Paid,2026-05-21
4238,4238,Mobile Money,35528.1,Paid,2025-10-05
4239,4239,Card,58910.04,Paid,2025-06-04
4240,4240,Cash on Delivery,323510.65,Paid,2024-10-04
4241,4241,Bank Transfer,18886.58,Pending,2025-04-27
4242,4242,Card,158395.25,Paid,2024-07-02
4243,4243,Bank Transfer,185282.93,Paid,2023-01-23
4244,4244,Mobile Money,63822.95,Paid,2024-04-12
4245,4245,Card,169679.69,Paid,2026-02-22
4246,4246,Cash on Delivery,80899.85,Paid,2023-12-23
4247,4247,Mobile Money,241856.08,Paid,2024-04-30
4248,4248,Mobile Money,160820.03,Paid,2023-05-20
4249,4249,Mobile Money,44675.29,Paid,2025-12-07
4250,4250,Mobile Money,106651.33,Paid,2023-07-01
4251,4251,Cash on Delivery,134460.51,Paid,2023-12-07
4252,4252,Bank Transfer,83265.32,Paid,2024-10-22
4253,4253,Bank Transfer,43666.58,Paid,2026-04-14
4254,4254,Bank Transfer,332584.15,Paid,2023-10-28
4255,4255,Mobile Money,246487.71,Paid,2025-03-18
4256,4256,Mobile Money,103016.32,Paid,2024-07-12
4257,4257,Card,209606.33,Paid,2024-01-06
4258,4258,Cash on Delivery,161196.75,Paid,2024-08-09
4259,4259,Cash on Delivery,154193.91,Paid,2025-12-26
4260,4260,Cash on Delivery,148585.19,Paid,2024-01-20
4261,4261,Card,321268.82,Paid,2023-10-23
4262,4262,Bank Transfer,113442.44,Paid,2026-01-10
4263,4263,Mobile Money,93146.55,Pending,2025-05-28
4264,4264,Bank Transfer,526280.85,Paid,2024-07-26
4265,4265,Mobile Money,171036.06,Paid,2023-10-03
4266,4266,Bank Transfer,165986.39,Refunded,2025-12-05
4267,4267,Card,43737.31,Pending,2023-05-03
4268,4268,Mobile Money,257991.45,Paid,2026-01-14
4269,4269,Card,153201.68,Paid,2023-01-04
4270,4270,Card,44429.98,Pending,2024-08-19
4271,4271,Cash on Delivery,30164.73,Paid,2026-03-19
4272,4272,Card,26250.4,Paid,2025-09-16
4273,4273,Cash on Delivery,33694.88,Paid,2025-08-10
4274,4274,Cash on Delivery,198224.61,Paid,2023-01-06
4275,4275,Cash on Delivery,29063.9,Paid,2023-05-15
4276,4276,Bank Transfer,131506.37,Paid,2025-10-18
4277,4277,Cash on Delivery,53264.76,Paid,2025-11-23
4278,4278,Mobile Money,126808.14,Paid,2023-07-30
4279,4279,Card,107042.73,Paid,2023-04-02
4280,4280,Bank Transfer,96258.7,Pending,2025-03-03
4281,4281,Cash on Delivery,357876.64,Paid,2024-06-09
4282,4282,Cash on Delivery,68769.0,Paid,2026-04-20
4283,4283,Mobile Money,21107.36,Paid,2024-04-17
4284,4284,Cash on Delivery,39872.92,Paid,2026-03-11
4285,4285,Card,135665.22,Paid,2025-09-23
4286,4286,Bank Transfer,139636.28,Paid,2024-11-19
4287,4287,Card,33691.05,Paid,2023-04-19
4288,4288,Cash on Delivery,81809.88,Paid,2026-02-18
4289,4289,Cash on Delivery,98501.45,Paid,2023-10-19
4290,4290,Cash on Delivery,18099.87,Paid,2025-08-04
4291,4291,Mobile Money,27185.53,Paid,2024-05-20
4292,4292,Cash on Delivery,303524.08,Paid,2023-10-11
4293,4293,Cash on Delivery,130818.98,Pending,2023-10-15
4294,4294,Mobile Money,35438.29,Paid,2023-02-21
4295,4295,Bank Transfer,61237.83,Pending,2024-07-19
4296,4296,Card,39110.63,Paid,2024-04-19
4297,4297,Mobile Money,201662.8,Paid,2024-04-17
4298,4298,Cash on Delivery,203576.75,Pending,2026-06-26
4299,4299,Mobile Money,156418.19,Paid,2025-07-07
4300,4300,Cash on Delivery,27453.88,Paid,2025-09-10
4301,4301,Bank Transfer,76442.61,Paid,2026-03-21
4302,4302,Mobile Money,190655.43,Failed,2023-09-08
4303,4303,Bank Transfer,120216.09,Paid,2024-09-15
4304,4304,Mobile Money,124634.32,Paid,2023-11-05
4305,4305,Cash on Delivery,50637.07,Paid,2024-11-07
4306,4306,Mobile Money,270549.42,Paid,2025-09-14
4307,4307,Card,84571.87,Paid,2024-11-25
4308,4308,Mobile Money,90278.91,Failed,2023-06-16
4309,4309,Cash on Delivery,42754.56,Paid,2024-12-08
4310,4310,Card,141270.61,Paid,2026-03-19
4311,4311,Card,109974.64,Paid,2025-02-21
4312,4312,Bank Transfer,753646.55,Paid,2024-06-02
4313,4313,Bank Transfer,66465.76,Paid,2026-02-11
4314,4314,Card,80064.57,Paid,2025-02-27
4315,4315,Bank Transfer,91698.44,Paid,2025-07-17
4316,4316,Mobile Money,473923.22,Paid,2025-06-11
4317,4317,Bank Transfer,66762.55,Pending,2024-09-27
4318,4318,Bank Transfer,203198.79,Refunded,2026-04-17
4319,4319,Mobile Money,90905.45,Paid,2023-06-13
4320,4320,Mobile Money,57045.24,Refunded,2023-04-02
4321,4321,Bank Transfer,148728.46,Paid,2025-05-10
4322,4322,Cash on Delivery,367225.18,Paid,2024-06-24
4323,4323,Cash on Delivery,106821.57,Paid,2026-01-16
4324,4324,Cash on Delivery,290508.49,Paid,2026-04-16
4325,4325,Cash on Delivery,144481.53,Paid,2024-03-20
4326,4326,Bank Transfer,42747.85,Failed,2023-02-10
4327,4327,Cash on Delivery,37018.2,Paid,2023-04-16
4328,4328,Mobile Money,548972.99,Paid,2025-01-07
4329,4329,Bank Transfer,261798.6,Paid,2025-04-26
4330,4330,Cash on Delivery,168793.4,Paid,2026-03-25
4331,4331,Card,177562.99,Paid,2025-01-11
4332,4332,Mobile Money,234880.14,Paid,2024-11-30
4333,4333,Mobile Money,89877.26,Paid,2023-11-07
4334,4334,Card,122706.66,Paid,2024-08-29
4335,4335,Mobile Money,232934.47,Paid,2023-02-20
4336,4336,Cash on Delivery,32150.84,Paid,2024-06-12
4337,4337,Mobile Money,160729.56,Paid,2025-05-03
4338,4338,Mobile Money,140842.14,Paid,2026-04-23
4339,4339,Mobile Money,153243.42,Paid,2025-04-15
4340,4340,Mobile Money,221349.48,Paid,2026-01-27
4341,4341,Mobile Money,168020.81,Paid,2025-06-21
4342,4342,Cash on Delivery,57478.45,Paid,2023-03-25
4343,4343,Mobile Money,321489.9,Pending,2023-10-23
4344,4344,Card,18031.53,Paid,2024-01-12
4345,4345,Bank Transfer,14652.09,Paid,2023-04-23
4346,4346,Cash on Delivery,107849.73,Pending,2023-09-24
4347,4347,Cash on Delivery,10889.33,Paid,2023-03-08
4348,4348,Card,92725.86,Paid,2023-12-10
4349,4349,Cash on Delivery,83125.0,Paid,2024-05-10
4350,4350,Card,107938.91,Paid,2026-04-22
4351,4351,Cash on Delivery,295895.21,Paid,2025-04-01
4352,4352,Mobile Money,115084.6,Failed,2026-03-05
4353,4353,Cash on Delivery,73823.9,Paid,2025-03-27
4354,4354,Mobile Money,319992.66,Paid,2024-11-29
4355,4355,Card,435832.74,Paid,2023-10-15
4356,4356,Card,60332.92,Pending,2024-12-04
4357,4357,Card,64101.74,Refunded,2023-03-09
4358,4358,Bank Transfer,262253.29,Paid,2025-12-23
4359,4359,Card,67884.08,Pending,2024-11-28
4360,4360,Card,71794.35,Paid,2025-12-01
4361,4361,Mobile Money,88467.36,Failed,2024-09-28
4362,4362,Mobile Money,164442.82,Paid,2024-05-22
4363,4363,Bank Transfer,159508.02,Paid,2025-01-17
4364,4364,Bank Transfer,107682.18,Paid,2025-05-18
4365,4365,Bank Transfer,32687.55,Paid,2026-01-19
4366,4366,Bank Transfer,225038.41,Paid,2024-04-13
4367,4367,Cash on Delivery,538764.71,Paid,2024-05-25
4368,4368,Bank Transfer,134418.48,Paid,2026-06-26
4369,4369,Card,111315.28,Paid,2024-03-03
4370,4370,Mobile Money,317573.89,Paid,2026-01-10
4371,4371,Card,427089.32,Paid,2023-11-23
4372,4372,Mobile Money,64557.88,Paid,2023-06-06
4373,4373,Cash on Delivery,96914.49,Paid,2026-03-08
4374,4374,Bank Transfer,85636.95,Pending,2023-08-20
4375,4375,Bank Transfer,148623.41,Paid,2024-09-26
4376,4376,Card,83626.4,Paid,2024-02-03
4377,4377,Cash on Delivery,192177.25,Refunded,2025-08-22
4378,4378,Mobile Money,87090.05,Paid,2023-03-26
4379,4379,Mobile Money,450741.47,Paid,2023-06-12
4380,4380,Bank Transfer,231266.29,Paid,2023-11-23
4381,4381,Mobile Money,44689.42,Paid,2025-09-28
4382,4382,Cash on Delivery,224852.79,Paid,2023-05-17
4383,4383,Card,128629.16,Paid,2023-10-09
4384,4384,Cash on Delivery,96495.09,Pending,2024-07-05
4385,4385,Bank Transfer,12085.48,Refunded,2024-10-16
4386,4386,Cash on Delivery,147282.23,Paid,2024-12-29
4387,4387,Card,78074.73,Paid,2025-07-05
4388,4388,Cash on Delivery,162846.55,Paid,2024-04-15
4389,4389,Bank Transfer,485548.97,Paid,2024-11-30
4390,4390,Card,8938.9,Paid,2024-02-18
4391,4391,Card,191705.17,Pending,2025-10-07
4392,4392,Cash on Delivery,268765.38,Paid,2024-03-18
4393,4393,Mobile Money,244293.7,Refunded,2025-05-22
4394,4394,Card,137730.04,Paid,2024-11-18
4395,4395,Mobile Money,82868.32,Paid,2023-10-03
4396,4396,Card,120138.46,Paid,2025-12-24
4397,4397,Bank Transfer,53686.38,Paid,2025-07-31
4398,4398,Card,245729.56,Paid,2023-08-07
4399,4399,Bank Transfer,83125.81,Pending,2023-09-28
4400,4400,Cash on Delivery,81639.42,Pending,2026-03-16
4401,4401,Card,144668.82,Paid,2023-11-13
4402,4402,Mobile Money,198805.83,Paid,2024-05-02
4403,4403,Bank Transfer,85667.44,Paid,2025-07-10
4404,4404,Bank Transfer,249251.81,Paid,2024-02-09
4405,4405,Bank Transfer,208180.23,Paid,2026-04-30
4406,4406,Mobile Money,14791.2,Refunded,2025-01-31
4407,4407,Cash on Delivery,309593.58,Paid,2024-03-08
4408,4408,Bank Transfer,199621.4,Paid,2026-05-16
4409,4409,Card,43988.07,Paid,2024-11-15
4410,4410,Mobile Money,102392.11,Paid,2024-09-26
4411,4411,Card,263774.35,Paid,2024-05-02
4412,4412,Cash on Delivery,190102.57,Paid,2024-12-09
4413,4413,Card,40992.97,Paid,2024-05-01
4414,4414,Cash on Delivery,27667.3,Paid,2025-08-20
4415,4415,Mobile Money,204917.95,Paid,2025-06-08
4416,4416,Card,390442.97,Paid,2024-06-12
4417,4417,Card,207101.4,Paid,2024-12-02
4418,4418,Mobile Money,481923.13,Paid,2025-10-11
4419,4419,Bank Transfer,40857.93,Failed,2025-01-11
4420,4420,Mobile Money,52824.2,Paid,2024-09-21
4421,4421,Card,368448.3,Paid,2023-03-30
4422,4422,Cash on Delivery,335193.88,Paid,2024-04-08
4423,4423,Card,331663.0,Paid,2024-08-30
4424,4424,Cash on Delivery,131572.55,Paid,2023-04-14
4425,4425,Card,59159.86,Paid,2024-08-10
4426,4426,Mobile Money,104117.02,Paid,2024-12-26
4427,4427,Card,172335.58,Paid,2024-08-12
4428,4428,Cash on Delivery,260752.24,Paid,2023-10-11
4429,4429,Bank Transfer,31245.94,Paid,2023-03-09
4430,4430,Bank Transfer,201738.35,Paid,2023-04-19
4431,4431,Cash on Delivery,278816.4,Paid,2023-05-01
4432,4432,Bank Transfer,115062.53,Failed,2024-05-10
4433,4433,Card,136526.92,Paid,2025-07-31
4434,4434,Mobile Money,268063.44,Refunded,2023-05-15
4435,4435,Cash on Delivery,26777.07,Paid,2025-05-12
4436,4436,Mobile Money,83312.18,Paid,2023-05-15
4437,4437,Card,170513.76,Pending,2024-04-01
4438,4438,Cash on Delivery,123562.73,Paid,2024-07-12
4439,4439,Cash on Delivery,75934.37,Paid,2026-03-24
4440,4440,Cash on Delivery,119916.57,Paid,2024-10-23
4441,4441,Card,135397.39,Paid,2025-09-12
4442,4442,Bank Transfer,175041.9,Paid,2024-05-25
4443,4443,Card,76319.83,Refunded,2025-06-02
4444,4444,Card,160441.83,Paid,2024-04-28
4445,4445,Mobile Money,185779.14,Paid,2024-02-20
4446,4446,Card,113826.96,Paid,2023-03-19
4447,4447,Card,264100.07,Paid,2025-04-12
4448,4448,Bank Transfer,103302.94,Paid,2024-09-08
4449,4449,Mobile Money,281773.3,Paid,2024-10-27
4450,4450,Mobile Money,26371.07,Paid,2024-08-04
4451,4451,Cash on Delivery,144884.74,Paid,2026-06-22
4452,4452,Card,439551.83,Paid,2023-05-06
4453,4453,Cash on Delivery,133163.78,Paid,2026-03-15
4454,4454,Cash on Delivery,385549.48,Paid,2026-03-22
4455,4455,Card,290252.02,Paid,2024-03-10
4456,4456,Mobile Money,266751.77,Paid,2024-12-11
4457,4457,Cash on Delivery,350841.73,Paid,2024-03-31
4458,4458,Card,60824.68,Paid,2023-07-21
4459,4459,Mobile Money,72436.41,Paid,2024-04-21
4460,4460,Bank Transfer,97432.39,Paid,2024-03-02
4461,4461,Bank Transfer,46599.26,Paid,2024-09-27
4462,4462,Card,32752.28,Refunded,2025-09-01
4463,4463,Bank Transfer,111988.96,Paid,2025-02-05
4464,4464,Card,39383.13,Paid,2023-04-23
4465,4465,Bank Transfer,73250.56,Paid,2023-05-29
4466,4466,Mobile Money,71283.75,Paid,2024-10-30
4467,4467,Cash on Delivery,144888.1,Paid,2023-07-03
4468,4468,Bank Transfer,115644.5,Paid,2025-10-18
4469,4469,Cash on Delivery,101696.94,Failed,2023-04-18
4470,4470,Cash on Delivery,66914.71,Paid,2024-09-04
4471,4471,Card,69384.53,Paid,2026-04-30
4472,4472,Mobile Money,106198.12,Paid,2023-06-29
4473,4473,Cash on Delivery,471600.38,Paid,2025-09-22
4474,4474,Cash on Delivery,280140.05,Paid,2024-12-08
4475,4475,Bank Transfer,24012.91,Paid,2024-09-27
4476,4476,Card,408085.23,Paid,2023-05-21
4477,4477,Bank Transfer,101760.04,Paid,2024-11-13
4478,4478,Mobile Money,91863.91,Paid,2025-10-13
4479,4479,Mobile Money,185201.74,Refunded,2024-04-17
4480,4480,Cash on Delivery,142250.85,Paid,2023-09-27
4481,4481,Card,108806.0,Failed,2023-09-04
4482,4482,Cash on Delivery,29808.03,Paid,2026-01-03
4483,4483,Bank Transfer,336346.68,Paid,2025-06-04
4484,4484,Card,90895.8,Paid,2023-01-02
4485,4485,Cash on Delivery,51627.64,Paid,2023-03-27
4486,4486,Bank Transfer,84909.69,Paid,2026-02-25
4487,4487,Card,115888.55,Paid,2025-05-10
4488,4488,Card,170352.96,Paid,2024-09-18
4489,4489,Cash on Delivery,251414.69,Paid,2023-02-19
4490,4490,Cash on Delivery,32319.6,Paid,2023-03-19
4491,4491,Card,71812.45,Paid,2025-05-05
4492,4492,Card,109298.22,Paid,2026-05-13
4493,4493,Bank Transfer,204870.05,Paid,2025-10-22
4494,4494,Bank Transfer,213924.71,Paid,2023-03-20
4495,4495,Card,307948.13,Paid,2023-08-23
4496,4496,Mobile Money,137848.27,Paid,2023-08-22
4497,4497,Card,12024.09,Paid,2026-01-02
4498,4498,Cash on Delivery,276079.51,Paid,2024-12-24
4499,4499,Card,115352.66,Paid,2023-03-14
4500,4500,Mobile Money,217062.39,Failed,2026-02-14
4501,4501,Cash on Delivery,147899.41,Paid,2023-12-27
4502,4502,Bank Transfer,291413.4,Paid,2025-09-26
4503,4503,Mobile Money,188290.46,Paid,2026-02-08
4504,4504,Cash on Delivery,184301.56,Paid,2025-07-05
4505,4505,Bank Transfer,176943.2,Paid,2024-12-21
4506,4506,Cash on Delivery,374987.71,Paid,2024-04-02
4507,4507,Mobile Money,127983.13,Paid,2025-03-30
4508,4508,Cash on Delivery,94358.09,Paid,2026-05-10
4509,4509,Cash on Delivery,107615.93,Paid,2023-07-31
4510,4510,Bank Transfer,31770.37,Failed,2026-01-28
4511,4511,Card,81342.41,Paid,2024-06-16
4512,4512,Card,269816.89,Paid,2025-06-09
4513,4513,Cash on Delivery,65935.4,Paid,2025-07-09
4514,4514,Bank Transfer,423100.27,Paid,2025-10-03
4515,4515,Cash on Delivery,107728.61,Paid,2025-06-01
4516,4516,Mobile Money,134977.64,Paid,2025-04-03
4517,4517,Mobile Money,225952.12,Paid,2023-07-03
4518,4518,Bank Transfer,140984.16,Paid,2025-06-17
4519,4519,Card,96565.52,Paid,2023-03-08
4520,4520,Card,129311.9,Paid,2025-05-27
4521,4521,Card,230633.26,Paid,2025-08-19
4522,4522,Cash on Delivery,272743.28,Paid,2024-02-14
4523,4523,Cash on Delivery,67493.83,Failed,2025-09-12
4524,4524,Cash on Delivery,112235.46,Paid,2023-08-09
4525,4525,Mobile Money,281561.25,Paid,2023-11-11
4526,4526,Bank Transfer,304693.79,Paid,2023-04-28
4527,4527,Mobile Money,229533.04,Paid,2024-11-21
4528,4528,Cash on Delivery,104117.66,Pending,2024-08-28
4529,4529,Bank Transfer,74837.84,Refunded,2023-03-16
4530,4530,Bank Transfer,50187.84,Paid,2026-03-09
4531,4531,Card,50088.63,Paid,2025-12-01
4532,4532,Card,137882.84,Paid,2023-07-19
4533,4533,Bank Transfer,367751.24,Paid,2024-07-31
4534,4534,Card,229712.66,Paid,2023-05-02
4535,4535,Cash on Delivery,247549.19,Paid,2024-04-02
4536,4536,Bank Transfer,47641.98,Pending,2024-04-07
4537,4537,Mobile Money,284491.82,Paid,2024-07-23
4538,4538,Bank Transfer,329215.64,Paid,2025-04-25
4539,4539,Card,61443.77,Paid,2025-03-04
4540,4540,Bank Transfer,96569.82,Refunded,2024-02-03
4541,4541,Cash on Delivery,9712.24,Paid,2023-11-18
4542,4542,Cash on Delivery,24471.79,Paid,2024-11-01
4543,4543,Cash on Delivery,465957.84,Paid,2023-09-18
4544,4544,Cash on Delivery,274194.94,Paid,2023-03-21
4545,4545,Bank Transfer,160656.24,Refunded,2023-07-29
4546,4546,Card,113605.15,Paid,2025-11-28
4547,4547,Bank Transfer,173893.83,Paid,2023-07-29
4548,4548,Bank Transfer,166711.27,Refunded,2025-11-04
4549,4549,Mobile Money,265397.71,Paid,2025-06-02
4550,4550,Mobile Money,170021.54,Paid,2024-01-04
4551,4551,Cash on Delivery,100684.78,Paid,2026-02-07
4552,4552,Cash on Delivery,114382.16,Paid,2026-06-11
4553,4553,Card,69128.31,Paid,2025-05-02
4554,4554,Bank Transfer,173001.29,Paid,2026-06-06
4555,4555,Card,31077.61,Paid,2024-09-12
4556,4556,Mobile Money,293637.57,Pending,2024-06-15
4557,4557,Bank Transfer,80293.72,Pending,2025-03-15
4558,4558,Mobile Money,46814.3,Paid,2024-04-25
4559,4559,Card,166900.28,Paid,2024-04-08
4560,4560,Card,107842.01,Paid,2025-12-27
4561,4561,Mobile Money,271976.46,Refunded,2025-02-18
4562,4562,Bank Transfer,383536.0,Paid,2023-09-06
4563,4563,Card,191184.33,Paid,2025-04-17
4564,4564,Card,64038.2,Paid,2025-07-19
4565,4565,Mobile Money,172376.38,Paid,2023-09-12
4566,4566,Bank Transfer,201877.05,Paid,2023-09-14
4567,4567,Cash on Delivery,106058.86,Paid,2026-05-12
4568,4568,Card,265170.51,Paid,2025-04-18
4569,4569,Card,179439.55,Paid,2024-08-15
4570,4570,Mobile Money,116196.22,Paid,2023-06-10
4571,4571,Bank Transfer,163277.08,Paid,2025-11-22
4572,4572,Mobile Money,41563.35,Paid,2023-08-01
4573,4573,Mobile Money,306864.19,Paid,2024-04-19
4574,4574,Bank Transfer,30776.23,Paid,2026-04-17
4575,4575,Cash on Delivery,106790.76,Failed,2025-10-25
4576,4576,Mobile Money,178106.99,Paid,2024-07-16
4577,4577,Card,225468.17,Paid,2025-07-17
4578,4578,Mobile Money,54469.97,Pending,2025-07-28
4579,4579,Mobile Money,129582.4,Paid,2023-08-03
4580,4580,Cash on Delivery,27379.71,Paid,2025-03-09
4581,4581,Card,145252.72,Paid,2023-11-09
4582,4582,Cash on Delivery,102137.75,Paid,2024-07-04
4583,4583,Mobile Money,145845.36,Paid,2024-03-31
4584,4584,Mobile Money,74045.69,Paid,2024-06-27
4585,4585,Card,194505.34,Refunded,2025-12-11
4586,4586,Mobile Money,347481.24,Paid,2024-05-20
4587,4587,Bank Transfer,46978.42,Paid,2026-06-13
4588,4588,Mobile Money,137587.75,Paid,2025-04-08
4589,4589,Cash on Delivery,270971.41,Paid,2023-02-04
4590,4590,Mobile Money,32814.01,Pending,2024-12-19
4591,4591,Mobile Money,64032.44,Paid,2026-02-13
4592,4592,Cash on Delivery,35849.86,Paid,2024-05-09
4593,4593,Card,103340.08,Pending,2023-02-24
4594,4594,Cash on Delivery,24983.12,Paid,2024-08-27
4595,4595,Card,48567.05,Paid,2024-04-07
4596,4596,Card,90832.65,Paid,2023-02-13
4597,4597,Bank Transfer,99269.1,Paid,2025-03-30
4598,4598,Card,102390.26,Paid,2025-02-14
4599,4599,Bank Transfer,59620.19,Paid,2026-04-25
4600,4600,Bank Transfer,110734.93,Paid,2025-08-15
4601,4601,Cash on Delivery,100673.78,Failed,2023-08-07
4602,4602,Card,108396.06,Paid,2025-08-17
4603,4603,Card,53006.41,Refunded,2024-03-30
4604,4604,Mobile Money,139275.2,Refunded,2026-05-04
4605,4605,Card,74377.37,Paid,2025-06-28
4606,4606,Bank Transfer,98350.75,Paid,2025-06-24
4607,4607,Card,219303.12,Paid,2023-04-17
4608,4608,Mobile Money,312097.66,Paid,2023-07-10
4609,4609,Bank Transfer,236343.12,Paid,2024-11-15
4610,4610,Mobile Money,27669.44,Paid,2024-04-20
4611,4611,Bank Transfer,37859.19,Paid,2026-03-02
4612,4612,Cash on Delivery,118904.62,Refunded,2025-02-05
4613,4613,Card,117358.89,Paid,2023-02-24
4614,4614,Mobile Money,219473.58,Pending,2023-01-03
4615,4615,Bank Transfer,220136.96,Paid,2026-04-10
4616,4616,Card,162521.13,Failed,2024-03-15
4617,4617,Bank Transfer,140811.49,Failed,2026-06-10
4618,4618,Card,32114.45,Refunded,2023-08-01
4619,4619,Cash on Delivery,101154.19,Paid,2025-05-25
4620,4620,Card,40022.6,Paid,2023-11-08
4621,4621,Card,205179.85,Paid,2024-12-15
4622,4622,Mobile Money,39439.1,Paid,2024-05-13
4623,4623,Mobile Money,256690.49,Refunded,2025-03-05
4624,4624,Cash on Delivery,184839.21,Paid,2023-06-10
4625,4625,Mobile Money,385889.88,Paid,2025-09-13
4626,4626,Cash on Delivery,454718.81,Paid,2025-05-31
4627,4627,Bank Transfer,204931.6,Paid,2023-07-27
4628,4628,Mobile Money,228358.98,Paid,2025-08-05
4629,4629,Card,343289.21,Refunded,2023-09-06
4630,4630,Card,284557.72,Paid,2026-04-18
4631,4631,Bank Transfer,187296.8,Paid,2024-06-22
4632,4632,Mobile Money,73818.68,Paid,2025-12-31
4633,4633,Mobile Money,127585.18,Paid,2024-11-02
4634,4634,Cash on Delivery,120029.94,Paid,2026-05-12
4635,4635,Card,127287.69,Paid,2023-07-22
4636,4636,Cash on Delivery,71906.45,Paid,2026-04-09
4637,4637,Mobile Money,157284.39,Refunded,2023-04-23
4638,4638,Mobile Money,149593.33,Paid,2025-03-08
4639,4639,Bank Transfer,59190.99,Paid,2023-08-16
4640,4640,Card,411978.35,Paid,2023-06-01
4641,4641,Cash on Delivery,81760.02,Paid,2024-01-30
4642,4642,Mobile Money,73449.3,Refunded,2026-06-30
4643,4643,Cash on Delivery,153373.86,Paid,2024-04-18
4644,4644,Bank Transfer,208177.57,Paid,2025-11-14
4645,4645,Card,101543.82,Paid,2024-09-12
4646,4646,Mobile Money,96116.63,Paid,2026-02-22
4647,4647,Bank Transfer,49695.17,Refunded,2024-03-22
4648,4648,Mobile Money,113506.74,Refunded,2025-12-19
4649,4649,Bank Transfer,250833.38,Refunded,2024-05-16
4650,4650,Bank Transfer,110739.92,Paid,2024-10-11
4651,4651,Mobile Money,23415.56,Paid,2023-05-28
4652,4652,Bank Transfer,168268.48,Paid,2023-02-12
4653,4653,Card,95310.7,Paid,2025-03-25
4654,4654,Bank Transfer,189665.67,Paid,2024-04-02
4655,4655,Bank Transfer,87959.72,Paid,2023-08-27
4656,4656,Cash on Delivery,474636.76,Paid,2025-11-03
4657,4657,Mobile Money,88865.93,Paid,2026-04-25
4658,4658,Card,35654.6,Refunded,2024-07-14
4659,4659,Cash on Delivery,230482.6,Paid,2026-03-28
4660,4660,Mobile Money,47450.73,Paid,2024-01-03
4661,4661,Mobile Money,69681.66,Paid,2023-11-02
4662,4662,Card,144154.19,Paid,2023-07-28
4663,4663,Card,15868.8,Paid,2025-08-02
4664,4664,Mobile Money,87474.71,Paid,2026-03-08
4665,4665,Bank Transfer,236267.31,Paid,2024-10-03
4666,4666,Bank Transfer,124596.52,Paid,2024-06-10
4667,4667,Card,154469.25,Paid,2024-05-23
4668,4668,Bank Transfer,372329.55,Paid,2026-01-15
4669,4669,Bank Transfer,211462.21,Paid,2023-06-02
4670,4670,Card,113788.14,Paid,2023-04-05
4671,4671,Bank Transfer,50026.44,Paid,2025-11-30
4672,4672,Card,43212.87,Paid,2023-06-24
4673,4673,Mobile Money,274813.6,Paid,2023-04-25
4674,4674,Card,48085.14,Paid,2025-09-13
4675,4675,Mobile Money,245209.97,Paid,2023-12-18
4676,4676,Card,314629.01,Paid,2023-02-02
4677,4677,Bank Transfer,60495.5,Paid,2025-08-16
4678,4678,Card,73829.67,Paid,2025-03-23
4679,4679,Card,211581.12,Paid,2024-01-25
4680,4680,Mobile Money,86722.08,Refunded,2023-01-14
4681,4681,Cash on Delivery,297722.89,Paid,2026-06-22
4682,4682,Card,59196.36,Paid,2024-04-10
4683,4683,Bank Transfer,123230.45,Paid,2024-02-05
4684,4684,Cash on Delivery,103744.37,Paid,2024-10-08
4685,4685,Mobile Money,164501.0,Paid,2023-10-27
4686,4686,Card,127783.62,Paid,2023-06-24
4687,4687,Mobile Money,43825.24,Refunded,2025-03-12
4688,4688,Cash on Delivery,50617.5,Paid,2025-05-21
4689,4689,Mobile Money,145881.74,Paid,2025-08-06
4690,4690,Bank Transfer,101672.29,Paid,2026-02-11
4691,4691,Card,114333.03,Paid,2024-03-01
4692,4692,Mobile Money,572530.15,Refunded,2025-01-10
4693,4693,Card,83834.17,Paid,2025-11-06
4694,4694,Bank Transfer,93358.82,Paid,2024-06-01
4695,4695,Card,289614.05,Paid,2024-04-02
4696,4696,Mobile Money,294517.74,Paid,2025-12-04
4697,4697,Bank Transfer,116798.04,Refunded,2025-06-22
4698,4698,Cash on Delivery,101044.99,Refunded,2024-08-18
4699,4699,Cash on Delivery,226279.39,Paid,2025-08-24
4700,4700,Bank Transfer,43429.62,Paid,2023-02-16
4701,4701,Bank Transfer,73401.17,Paid,2024-06-02
4702,4702,Cash on Delivery,177949.03,Pending,2025-09-30
4703,4703,Bank Transfer,68969.05,Paid,2025-03-21
4704,4704,Card,384007.24,Pending,2024-11-01
4705,4705,Cash on Delivery,56747.73,Refunded,2023-02-09
4706,4706,Card,104939.01,Paid,2023-03-08
4707,4707,Card,125605.85,Paid,2026-01-06
4708,4708,Bank Transfer,256711.93,Refunded,2023-12-21
4709,4709,Cash on Delivery,86810.5,Paid,2025-05-06
4710,4710,Bank Transfer,335815.71,Paid,2024-05-07
4711,4711,Card,140227.2,Paid,2025-12-19
4712,4712,Bank Transfer,126459.72,Paid,2024-07-10
4713,4713,Mobile Money,243258.03,Paid,2024-02-09
4714,4714,Bank Transfer,76456.06,Paid,2023-08-23
4715,4715,Card,186311.54,Paid,2023-03-03
4716,4716,Cash on Delivery,213626.93,Failed,2025-03-22
4717,4717,Card,199212.1,Paid,2026-06-07
4718,4718,Cash on Delivery,148987.4,Paid,2024-09-17
4719,4719,Card,317758.33,Paid,2024-06-04
4720,4720,Cash on Delivery,100366.9,Paid,2023-02-08
4721,4721,Cash on Delivery,146903.22,Pending,2026-04-03
4722,4722,Cash on Delivery,203028.17,Paid,2024-08-11
4723,4723,Cash on Delivery,770450.57,Paid,2023-02-26
4724,4724,Bank Transfer,299715.75,Paid,2025-09-30
4725,4725,Mobile Money,69985.43,Paid,2023-12-15
4726,4726,Mobile Money,159093.27,Paid,2023-07-16
4727,4727,Cash on Delivery,55112.06,Paid,2026-06-02
4728,4728,Cash on Delivery,111768.44,Paid,2023-07-22
4729,4729,Mobile Money,213966.78,Paid,2024-11-09
4730,4730,Mobile Money,213779.54,Paid,2023-11-30
4731,4731,Bank Transfer,250916.1,Paid,2024-10-26
4732,4732,Bank Transfer,272958.49,Pending,2025-06-30
4733,4733,Card,199066.9,Paid,2023-04-28
4734,4734,Bank Transfer,143895.56,Paid,2024-11-27
4735,4735,Mobile Money,40066.0,Paid,2023-08-07
4736,4736,Card,97181.95,Paid,2023-11-22
4737,4737,Card,119622.69,Paid,2024-01-07
4738,4738,Card,558995.72,Paid,2026-01-07
4739,4739,Card,233490.15,Paid,2025-06-30
4740,4740,Cash on Delivery,117643.08,Paid,2023-02-10
4741,4741,Cash on Delivery,377229.02,Paid,2025-11-05
4742,4742,Mobile Money,109416.76,Pending,2023-08-30
4743,4743,Card,49438.47,Paid,2023-09-26
4744,4744,Cash on Delivery,60814.27,Paid,2025-01-23
4745,4745,Card,172781.01,Paid,2025-01-16
4746,4746,Cash on Delivery,420602.24,Paid,2024-12-23
4747,4747,Card,160228.36,Pending,2025-10-12
4748,4748,Mobile Money,232986.83,Paid,2023-08-08
4749,4749,Cash on Delivery,116979.86,Paid,2024-04-02
4750,4750,Card,34707.69,Paid,2025-08-15
4751,4751,Bank Transfer,43299.67,Paid,2024-10-27
4752,4752,Cash on Delivery,187158.57,Paid,2026-01-30
4753,4753,Cash on Delivery,413711.43,Paid,2025-12-22
4754,4754,Bank Transfer,149557.82,Paid,2023-08-12
4755,4755,Card,94185.7,Paid,2024-01-07
4756,4756,Card,15494.73,Paid,2025-12-04
4757,4757,Card,208963.58,Pending,2025-11-18
4758,4758,Bank Transfer,100989.14,Refunded,2023-05-25
4759,4759,Card,261326.88,Refunded,2025-11-23
4760,4760,Cash on Delivery,127400.98,Paid,2025-10-12
4761,4761,Card,98763.4,Refunded,2023-08-28
4762,4762,Mobile Money,550099.53,Refunded,2025-09-08
4763,4763,Card,192543.78,Paid,2023-09-17
4764,4764,Mobile Money,170526.28,Paid,2025-03-17
4765,4765,Bank Transfer,276564.85,Paid,2024-03-08
4766,4766,Cash on Delivery,71042.65,Paid,2025-11-29
4767,4767,Cash on Delivery,216649.79,Paid,2025-01-18
4768,4768,Cash on Delivery,236492.01,Paid,2025-11-14
4769,4769,Bank Transfer,222701.73,Paid,2024-06-12
4770,4770,Mobile Money,89817.87,Refunded,2024-05-12
4771,4771,Bank Transfer,589561.11,Failed,2023-01-18
4772,4772,Card,147853.36,Paid,2026-04-17
4773,4773,Cash on Delivery,76643.85,Refunded,2024-08-31
4774,4774,Card,53293.88,Paid,2024-06-01
4775,4775,Bank Transfer,78091.82,Paid,2025-07-14
4776,4776,Card,84784.47,Paid,2025-05-22
4777,4777,Mobile Money,88437.56,Paid,2024-08-06
4778,4778,Card,50967.53,Paid,2024-12-27
4779,4779,Mobile Money,50099.4,Paid,2024-06-14
4780,4780,Bank Transfer,212973.11,Refunded,2024-03-04
4781,4781,Cash on Delivery,40203.99,Paid,2026-03-08
4782,4782,Cash on Delivery,464502.13,Paid,2026-03-18
4783,4783,Mobile Money,90900.37,Paid,2025-07-11
4784,4784,Cash on Delivery,105056.26,Paid,2025-10-14
4785,4785,Mobile Money,74630.48,Paid,2023-05-28
4786,4786,Card,132266.75,Paid,2024-09-19
4787,4787,Card,141385.79,Paid,2024-03-07
4788,4788,Cash on Delivery,113404.45,Paid,2023-07-20
4789,4789,Cash on Delivery,223390.73,Pending,2024-01-31
4790,4790,Mobile Money,293825.97,Paid,2023-01-06
4791,4791,Cash on Delivery,164095.62,Paid,2026-04-10
4792,4792,Card,92025.58,Paid,2025-10-23
4793,4793,Bank Transfer,481516.07,Paid,2025-04-17
4794,4794,Bank Transfer,65330.05,Paid,2026-02-09
4795,4795,Mobile Money,230128.34,Refunded,2024-01-19
4796,4796,Cash on Delivery,203901.48,Refunded,2025-03-15
4797,4797,Mobile Money,118086.09,Paid,2024-10-04
4798,4798,Mobile Money,85851.57,Paid,2025-07-11
4799,4799,Cash on Delivery,119833.88,Paid,2024-01-21
4800,4800,Cash on Delivery,104512.68,Paid,2025-09-14
4801,4801,Cash on Delivery,129087.33,Pending,2024-11-06
4802,4802,Mobile Money,228312.23,Paid,2024-10-04
4803,4803,Mobile Money,83198.04,Paid,2023-11-01
4804,4804,Cash on Delivery,54121.22,Paid,2024-05-30
4805,4805,Cash on Delivery,85404.17,Paid,2024-06-27
4806,4806,Bank Transfer,173971.76,Paid,2025-03-13
4807,4807,Cash on Delivery,339141.23,Paid,2026-02-28
4808,4808,Cash on Delivery,63304.81,Paid,2023-10-30
4809,4809,Card,620672.94,Paid,2025-05-07
4810,4810,Card,67338.36,Paid,2023-07-31
4811,4811,Bank Transfer,55543.04,Paid,2024-04-30
4812,4812,Mobile Money,70768.31,Paid,2025-03-01
4813,4813,Card,414704.47,Paid,2024-12-23
4814,4814,Bank Transfer,104760.46,Paid,2025-01-29
4815,4815,Cash on Delivery,75732.0,Pending,2026-04-04
4816,4816,Cash on Delivery,161317.66,Paid,2024-03-10
4817,4817,Card,305831.15,Paid,2025-09-24
4818,4818,Card,35794.76,Failed,2024-03-19
4819,4819,Cash on Delivery,200584.21,Paid,2024-01-28
4820,4820,Bank Transfer,147484.38,Paid,2025-04-21
4821,4821,Bank Transfer,292771.58,Paid,2024-05-15
4822,4822,Bank Transfer,113404.21,Paid,2023-10-19
4823,4823,Cash on Delivery,419162.16,Paid,2024-01-12
4824,4824,Mobile Money,381928.13,Paid,2025-02-06
4825,4825,Card,25421.3,Refunded,2025-07-26
4826,4826,Card,261687.73,Paid,2023-02-18
4827,4827,Mobile Money,74278.66,Paid,2023-12-20
4828,4828,Card,305352.41,Paid,2024-06-01
4829,4829,Cash on Delivery,159814.61,Paid,2026-05-12
4830,4830,Cash on Delivery,214461.92,Paid,2025-02-22
4831,4831,Bank Transfer,165362.06,Failed,2024-02-01
4832,4832,Bank Transfer,95294.95,Paid,2026-04-19
4833,4833,Bank Transfer,103817.75,Paid,2026-05-06
4834,4834,Card,3533.64,Paid,2026-06-02
4835,4835,Cash on Delivery,164718.37,Paid,2024-04-04
4836,4836,Cash on Delivery,11381.65,Paid,2025-05-05
4837,4837,Bank Transfer,95693.31,Paid,2023-09-15
4838,4838,Cash on Delivery,35805.72,Paid,2025-06-29
4839,4839,Cash on Delivery,412992.86,Paid,2024-10-08
4840,4840,Card,183605.63,Paid,2026-01-13
4841,4841,Mobile Money,398490.25,Paid,2026-01-26
4842,4842,Cash on Delivery,105360.28,Paid,2023-11-22
4843,4843,Mobile Money,91096.65,Paid,2023-02-22
4844,4844,Card,231858.55,Failed,2026-03-27
4845,4845,Card,211964.16,Paid,2025-05-01
4846,4846,Card,113053.37,Paid,2023-10-09
4847,4847,Cash on Delivery,73003.56,Paid,2025-05-03
4848,4848,Cash on Delivery,387459.77,Paid,2025-06-20
4849,4849,Cash on Delivery,22062.89,Paid,2023-12-29
4850,4850,Bank Transfer,68477.38,Refunded,2025-08-11
4851,4851,Bank Transfer,154157.53,Paid,2024-06-18
4852,4852,Cash on Delivery,243019.45,Paid,2026-05-26
4853,4853,Bank Transfer,368596.8,Paid,2025-07-27
4854,4854,Mobile Money,175702.28,Paid,2026-06-13
4855,4855,Bank Transfer,240268.0,Paid,2026-01-22
4856,4856,Card,55518.25,Paid,2026-05-11
4857,4857,Bank Transfer,132346.72,Paid,2023-05-26
4858,4858,Bank Transfer,224683.6,Paid,2025-06-15
4859,4859,Mobile Money,172116.84,Paid,2023-06-02
4860,4860,Cash on Delivery,71092.37,Paid,2024-11-16
4861,4861,Card,23102.61,Pending,2025-11-21
4862,4862,Cash on Delivery,119794.35,Pending,2025-04-02
4863,4863,Card,216202.39,Paid,2025-01-23
4864,4864,Mobile Money,39621.08,Paid,2025-12-08
4865,4865,Bank Transfer,36480.98,Paid,2024-06-21
4866,4866,Cash on Delivery,94076.22,Pending,2025-02-03
4867,4867,Card,87870.89,Paid,2023-06-23
4868,4868,Bank Transfer,122239.04,Paid,2024-06-19
4869,4869,Cash on Delivery,479040.07,Paid,2023-08-31
4870,4870,Bank Transfer,154972.01,Paid,2025-03-30
4871,4871,Cash on Delivery,146854.73,Paid,2023-12-16
4872,4872,Cash on Delivery,80296.21,Paid,2023-04-23
4873,4873,Mobile Money,150757.43,Paid,2024-04-08
4874,4874,Mobile Money,143930.45,Paid,2025-02-02
4875,4875,Card,79299.7,Paid,2023-11-07
4876,4876,Mobile Money,73970.63,Paid,2023-04-20
4877,4877,Cash on Delivery,296940.33,Paid,2026-03-14
4878,4878,Mobile Money,41152.07,Paid,2023-08-06
4879,4879,Bank Transfer,43245.7,Paid,2023-12-28
4880,4880,Bank Transfer,105690.02,Refunded,2024-08-14
4881,4881,Cash on Delivery,283491.15,Paid,2024-04-15
4882,4882,Card,80731.73,Paid,2023-12-19
4883,4883,Card,268389.28,Paid,2026-05-20
4884,4884,Cash on Delivery,253686.42,Paid,2024-11-14
4885,4885,Cash on Delivery,446240.64,Paid,2024-10-20
4886,4886,Cash on Delivery,113897.12,Paid,2024-09-25
4887,4887,Mobile Money,185300.91,Pending,2023-11-06
4888,4888,Cash on Delivery,21791.86,Paid,2024-06-12
4889,4889,Cash on Delivery,414720.44,Failed,2025-04-08
4890,4890,Bank Transfer,233833.6,Paid,2024-03-08
4891,4891,Cash on Delivery,185720.21,Paid,2025-01-20
4892,4892,Card,67839.57,Paid,2025-07-28
4893,4893,Mobile Money,131259.7,Failed,2025-05-17
4894,4894,Cash on Delivery,165131.79,Failed,2026-05-30
4895,4895,Cash on Delivery,104311.07,Paid,2025-02-10
4896,4896,Bank Transfer,323934.35,Paid,2025-10-13
4897,4897,Bank Transfer,161612.33,Paid,2026-05-11
4898,4898,Mobile Money,46522.32,Paid,2024-09-02
4899,4899,Card,512828.11,Paid,2023-06-11
4900,4900,Bank Transfer,120430.39,Paid,2025-11-21
4901,4901,Card,150763.53,Paid,2025-10-27
4902,4902,Mobile Money,50695.34,Paid,2024-12-29
4903,4903,Bank Transfer,55116.71,Paid,2026-03-02
4904,4904,Cash on Delivery,112603.92,Paid,2024-01-10
4905,4905,Bank Transfer,170003.66,Failed,2023-10-25
4906,4906,Cash on Delivery,34940.77,Pending,2023-08-27
4907,4907,Bank Transfer,76972.56,Paid,2025-11-27
4908,4908,Cash on Delivery,101127.11,Paid,2025-12-30
4909,4909,Mobile Money,7260.53,Paid,2026-06-02
4910,4910,Bank Transfer,202277.08,Paid,2026-05-06
4911,4911,Bank Transfer,132667.95,Paid,2025-01-01
4912,4912,Mobile Money,235048.6,Paid,2024-03-05
4913,4913,Mobile Money,127173.12,Paid,2024-02-11
4914,4914,Mobile Money,71163.24,Paid,2023-01-18
4915,4915,Mobile Money,65904.01,Paid,2025-05-07
4916,4916,Card,51846.04,Paid,2023-10-02
4917,4917,Card,99590.3,Paid,2026-01-24
4918,4918,Cash on Delivery,161236.89,Paid,2026-01-27
4919,4919,Cash on Delivery,442894.56,Paid,2024-07-31
4920,4920,Mobile Money,102148.93,Paid,2026-01-10
4921,4921,Card,71181.13,Paid,2024-08-26
4922,4922,Card,124730.74,Paid,2023-08-01
4923,4923,Cash on Delivery,259732.64,Paid,2025-08-29
4924,4924,Cash on Delivery,215963.61,Paid,2025-07-27
4925,4925,Card,124794.27,Paid,2024-07-09
4926,4926,Mobile Money,668750.69,Paid,2025-05-17
4927,4927,Bank Transfer,33467.29,Paid,2026-06-23
4928,4928,Bank Transfer,71974.58,Paid,2026-04-22
4929,4929,Mobile Money,237578.15,Paid,2024-11-08
4930,4930,Card,69100.15,Paid,2025-07-14
4931,4931,Bank Transfer,198422.36,Failed,2023-01-09
4932,4932,Bank Transfer,258128.76,Paid,2026-04-05
4933,4933,Card,37523.51,Paid,2024-11-03
4934,4934,Card,190520.69,Paid,2024-11-12
4935,4935,Card,59990.19,Failed,2024-05-29
4936,4936,Bank Transfer,373250.01,Paid,2023-02-25
4937,4937,Bank Transfer,138745.45,Paid,2024-08-09
4938,4938,Cash on Delivery,84969.7,Paid,2024-12-16
4939,4939,Card,40739.34,Paid,2025-01-07
4940,4940,Mobile Money,9650.62,Paid,2023-09-28
4941,4941,Bank Transfer,281853.74,Paid,2023-02-27
4942,4942,Bank Transfer,138862.45,Paid,2025-11-27
4943,4943,Mobile Money,129995.5,Failed,2023-07-29
4944,4944,Cash on Delivery,568460.22,Paid,2025-07-09
4945,4945,Bank Transfer,248732.23,Paid,2023-04-19
4946,4946,Mobile Money,84404.45,Paid,2023-12-27
4947,4947,Card,132578.76,Paid,2023-05-19
4948,4948,Mobile Money,154094.4,Paid,2024-08-05
4949,4949,Bank Transfer,96969.88,Paid,2025-05-06
4950,4950,Mobile Money,107037.44,Paid,2023-09-24
4951,4951,Card,140681.18,Pending,2023-01-30
4952,4952,Cash on Delivery,144683.06,Paid,2025-09-26
4953,4953,Bank Transfer,44380.88,Pending,2025-05-02
4954,4954,Card,124042.05,Paid,2024-12-11
4955,4955,Card,141088.91,Paid,2025-04-01
4956,4956,Card,179298.78,Pending,2024-08-30
4957,4957,Bank Transfer,39392.48,Paid,2026-02-02
4958,4958,Card,95016.81,Paid,2023-12-17
4959,4959,Bank Transfer,51615.63,Paid,2026-04-11
4960,4960,Mobile Money,60532.97,Paid,2024-07-12
4961,4961,Mobile Money,184583.73,Paid,2025-12-13
4962,4962,Card,155653.14,Paid,2025-12-26
4963,4963,Mobile Money,302667.69,Paid,2023-11-12
4964,4964,Bank Transfer,116579.88,Paid,2023-12-10
4965,4965,Bank Transfer,85440.51,Paid,2023-07-06
4966,4966,Card,85694.48,Paid,2024-03-01
4967,4967,Cash on Delivery,129738.81,Paid,2024-08-23
4968,4968,Card,261348.5,Paid,2025-09-11
4969,4969,Card,140713.18,Paid,2024-11-23
4970,4970,Cash on Delivery,36834.66,Paid,2025-02-14
4971,4971,Card,113432.76,Paid,2025-11-01
4972,4972,Mobile Money,227878.18,Paid,2025-06-15
4973,4973,Cash on Delivery,81803.42,Pending,2024-01-08
4974,4974,Cash on Delivery,40102.03,Paid,2024-12-11
4975,4975,Bank Transfer,70699.34,Paid,2024-12-01
4976,4976,Bank Transfer,126663.41,Paid,2023-09-22
4977,4977,Cash on Delivery,115294.01,Paid,2023-03-16
4978,4978,Cash on Delivery,429962.89,Paid,2025-12-22
4979,4979,Card,128773.78,Refunded,2023-05-05
4980,4980,Mobile Money,263182.29,Paid,2023-09-17
4981,4981,Card,205907.35,Paid,2023-02-16
4982,4982,Bank Transfer,687460.85,Paid,2023-03-27
4983,4983,Bank Transfer,136152.8,Paid,2025-04-20
4984,4984,Mobile Money,156883.72,Paid,2024-04-01
4985,4985,Mobile Money,48071.36,Paid,2023-03-21
4986,4986,Bank Transfer,16043.39,Paid,2026-02-16
4987,4987,Bank Transfer,49147.91,Paid,2026-04-10
4988,4988,Cash on Delivery,85116.52,Paid,2025-03-29
4989,4989,Bank Transfer,61485.49,Paid,2024-12-04
4990,4990,Bank Transfer,239776.38,Paid,2025-11-20
4991,4991,Mobile Money,176715.4,Paid,2024-04-12
4992,4992,Cash on Delivery,40386.47,Paid,2023-05-25
4993,4993,Bank Transfer,316538.7,Paid,2024-12-22
4994,4994,Cash on Delivery,32546.12,Paid,2023-03-01
4995,4995,Card,127473.16,Paid,2024-05-04
4996,4996,Mobile Money,69931.31,Paid,2026-04-29
4997,4997,Bank Transfer,390737.14,Paid,2023-03-07
4998,4998,Cash on Delivery,229219.26,Paid,2026-05-02
4999,4999,Bank Transfer,186539.26,Refunded,2023-04-07
5000,5000,Card,113217.68,Paid,2025-11-13
5001,5001,Mobile Money,61920.55,Paid,2025-10-30
5002,5002,Mobile Money,24368.88,Paid,2023-10-22
5003,5003,Mobile Money,267939.86,Paid,2026-01-30
5004,5004,Card,83043.54,Pending,2023-06-05
5005,5005,Card,152366.44,Paid,2025-01-19
5006,5006,Bank Transfer,56879.25,Paid,2024-10-29
5007,5007,Bank Transfer,169638.66,Paid,2025-07-10
5008,5008,Bank Transfer,13970.86,Paid,2023-05-26
5009,5009,Cash on Delivery,140590.63,Paid,2025-06-02
5010,5010,Cash on Delivery,174365.99,Failed,2024-08-28
5011,5011,Bank Transfer,56012.89,Paid,2024-12-03
5012,5012,Bank Transfer,350522.12,Paid,2023-02-22
5013,5013,Card,103388.89,Paid,2025-03-03
5014,5014,Mobile Money,334077.39,Paid,2025-06-26
5015,5015,Cash on Delivery,572868.8,Pending,2023-06-02
5016,5016,Card,142249.31,Paid,2024-10-02
5017,5017,Cash on Delivery,153597.84,Paid,2023-10-21
5018,5018,Bank Transfer,156002.06,Paid,2025-12-20
5019,5019,Mobile Money,100277.74,Paid,2023-06-02
5020,5020,Mobile Money,251370.1,Paid,2026-06-03
5021,5021,Mobile Money,57360.38,Paid,2025-02-05
5022,5022,Mobile Money,23194.01,Paid,2023-11-02
5023,5023,Card,359502.1,Paid,2023-10-05
5024,5024,Bank Transfer,84222.72,Paid,2024-06-20
5025,5025,Mobile Money,158109.52,Paid,2026-01-25
5026,5026,Mobile Money,382077.36,Paid,2025-01-12
5027,5027,Card,89875.73,Paid,2023-12-12
5028,5028,Card,132484.64,Failed,2023-12-21
5029,5029,Bank Transfer,42492.25,Paid,2024-04-23
5030,5030,Bank Transfer,65550.44,Paid,2026-03-25
5031,5031,Card,271108.36,Paid,2023-07-01
5032,5032,Cash on Delivery,101271.32,Pending,2023-12-04
5033,5033,Cash on Delivery,4230.49,Paid,2026-03-09
5034,5034,Mobile Money,152202.95,Paid,2026-05-29
5035,5035,Cash on Delivery,398841.7,Refunded,2024-04-29
5036,5036,Cash on Delivery,104984.3,Paid,2023-06-26
5037,5037,Bank Transfer,20126.23,Paid,2024-02-22
5038,5038,Card,354351.2,Failed,2024-06-20
5039,5039,Card,194065.8,Refunded,2024-02-18
5040,5040,Bank Transfer,165939.85,Failed,2025-06-04
5041,5041,Card,190102.57,Paid,2025-05-01
5042,5042,Mobile Money,267281.9,Paid,2023-09-21
5043,5043,Card,243711.31,Paid,2023-12-05
5044,5044,Card,107718.99,Paid,2024-02-22
5045,5045,Card,127477.43,Paid,2023-07-08
5046,5046,Card,92807.4,Paid,2023-03-12
5047,5047,Card,113565.01,Paid,2023-04-14
5048,5048,Card,312548.46,Paid,2023-05-24
5049,5049,Cash on Delivery,175386.25,Paid,2025-01-08
5050,5050,Card,110760.38,Paid,2023-08-09
5051,5051,Card,190409.14,Refunded,2023-11-12
5052,5052,Card,225502.65,Paid,2025-03-14
5053,5053,Card,154568.76,Paid,2023-07-12
5054,5054,Mobile Money,52206.17,Paid,2025-06-01
5055,5055,Mobile Money,89716.79,Paid,2023-05-22
5056,5056,Bank Transfer,166566.08,Paid,2024-03-21
5057,5057,Mobile Money,168816.35,Pending,2023-08-24
5058,5058,Bank Transfer,138370.0,Paid,2023-03-15
5059,5059,Bank Transfer,55211.61,Failed,2024-05-04
5060,5060,Card,113043.76,Paid,2024-05-24
5061,5061,Bank Transfer,126481.22,Refunded,2025-01-23
5062,5062,Bank Transfer,240417.21,Paid,2024-06-08
5063,5063,Card,244440.3,Paid,2023-04-29
5064,5064,Card,174800.93,Paid,2023-11-11
5065,5065,Card,83908.09,Paid,2023-11-08
5066,5066,Card,65187.0,Paid,2024-03-03
5067,5067,Cash on Delivery,220450.57,Paid,2025-10-15
5068,5068,Mobile Money,323761.21,Paid,2023-04-23
5069,5069,Bank Transfer,83871.11,Paid,2025-06-19
5070,5070,Mobile Money,429258.25,Paid,2026-06-07
5071,5071,Bank Transfer,96648.08,Paid,2025-05-19
5072,5072,Card,99200.66,Failed,2024-12-08
5073,5073,Cash on Delivery,221349.01,Paid,2025-03-23
5074,5074,Mobile Money,55711.81,Failed,2023-10-08
5075,5075,Cash on Delivery,46598.44,Paid,2023-03-01
5076,5076,Bank Transfer,414663.35,Paid,2025-12-06
5077,5077,Card,32587.08,Paid,2023-05-15
5078,5078,Card,200286.12,Failed,2024-02-10
5079,5079,Cash on Delivery,76823.58,Paid,2023-03-04
5080,5080,Card,23928.73,Paid,2025-10-02
5081,5081,Mobile Money,400985.48,Pending,2025-12-13
5082,5082,Cash on Delivery,118000.48,Paid,2023-12-17
5083,5083,Mobile Money,140657.07,Paid,2023-01-11
5084,5084,Mobile Money,35408.06,Paid,2024-10-27
5085,5085,Mobile Money,232561.85,Paid,2025-02-04
5086,5086,Cash on Delivery,329231.0,Paid,2024-12-30
5087,5087,Cash on Delivery,118856.63,Paid,2026-06-24
5088,5088,Card,208254.58,Refunded,2023-02-19
5089,5089,Cash on Delivery,122259.66,Paid,2024-04-26
5090,5090,Bank Transfer,160902.03,Paid,2026-01-26
5091,5091,Card,18506.77,Paid,2024-01-30
5092,5092,Mobile Money,635388.86,Failed,2023-03-08
5093,5093,Bank Transfer,162451.28,Paid,2025-06-18
5094,5094,Card,83298.54,Paid,2024-07-14
5095,5095,Bank Transfer,136852.22,Paid,2024-06-28
5096,5096,Card,259716.52,Paid,2023-06-30
5097,5097,Cash on Delivery,40517.57,Paid,2025-07-25
5098,5098,Mobile Money,504739.48,Paid,2025-06-24
5099,5099,Bank Transfer,360868.5,Paid,2025-01-03
5100,5100,Mobile Money,98679.77,Paid,2023-08-16
5101,5101,Cash on Delivery,135438.92,Paid,2025-06-18
5102,5102,Bank Transfer,435473.7,Paid,2024-03-14
5103,5103,Cash on Delivery,258322.03,Paid,2026-01-08
5104,5104,Mobile Money,33299.62,Paid,2023-03-05
5105,5105,Bank Transfer,85999.92,Paid,2025-11-23
5106,5106,Bank Transfer,89949.78,Refunded,2023-02-15
5107,5107,Card,118783.1,Paid,2024-07-06
5108,5108,Bank Transfer,158091.34,Failed,2023-12-26
5109,5109,Card,173441.56,Paid,2025-11-03
5110,5110,Mobile Money,78384.48,Paid,2024-04-19
5111,5111,Card,170995.38,Paid,2024-02-11
5112,5112,Cash on Delivery,51289.05,Paid,2024-10-06
5113,5113,Mobile Money,308017.64,Paid,2024-12-26
5114,5114,Card,228205.95,Paid,2024-04-17
5115,5115,Bank Transfer,224054.66,Failed,2025-04-27
5116,5116,Bank Transfer,50502.61,Paid,2023-11-03
5117,5117,Cash on Delivery,20792.04,Paid,2025-08-23
5118,5118,Bank Transfer,115698.75,Paid,2025-06-30
5119,5119,Bank Transfer,43760.94,Paid,2025-12-31
5120,5120,Bank Transfer,73275.34,Paid,2026-04-04
5121,5121,Card,256966.23,Paid,2023-02-13
5122,5122,Card,191883.86,Paid,2026-05-23
5123,5123,Mobile Money,210224.75,Failed,2023-03-09
5124,5124,Cash on Delivery,106865.82,Paid,2024-06-15
5125,5125,Bank Transfer,211291.59,Paid,2024-05-30
5126,5126,Cash on Delivery,225586.0,Paid,2025-08-28
5127,5127,Cash on Delivery,86071.02,Paid,2023-12-20
5128,5128,Card,202602.21,Paid,2026-03-26
5129,5129,Bank Transfer,168550.28,Paid,2024-01-07
5130,5130,Card,138101.17,Paid,2026-06-09
5131,5131,Bank Transfer,64918.11,Paid,2023-10-11
5132,5132,Card,70401.41,Paid,2025-09-01
5133,5133,Mobile Money,317962.44,Paid,2024-12-03
5134,5134,Bank Transfer,112536.09,Paid,2023-08-18
5135,5135,Card,159140.88,Refunded,2023-05-17
5136,5136,Cash on Delivery,217417.67,Paid,2024-09-18
5137,5137,Bank Transfer,80550.37,Pending,2024-10-15
5138,5138,Cash on Delivery,162332.95,Paid,2023-08-29
5139,5139,Card,12858.5,Paid,2023-11-29
5140,5140,Cash on Delivery,143272.94,Paid,2026-05-26
5141,5141,Bank Transfer,105524.09,Paid,2023-04-05
5142,5142,Bank Transfer,404376.84,Paid,2026-02-13
5143,5143,Card,60236.93,Paid,2024-08-04
5144,5144,Cash on Delivery,96005.15,Refunded,2023-06-03
5145,5145,Bank Transfer,110734.69,Paid,2026-03-05
5146,5146,Cash on Delivery,143949.51,Failed,2024-08-13
5147,5147,Bank Transfer,18600.49,Refunded,2024-05-17
5148,5148,Cash on Delivery,481899.75,Paid,2026-01-14
5149,5149,Cash on Delivery,243797.8,Paid,2025-12-31
5150,5150,Card,128073.34,Paid,2025-10-04
5151,5151,Card,140341.79,Paid,2024-03-02
5152,5152,Cash on Delivery,430578.02,Paid,2025-02-13
5153,5153,Card,42512.06,Paid,2025-08-25
5154,5154,Card,46369.18,Pending,2026-02-21
5155,5155,Cash on Delivery,215891.37,Pending,2025-12-10
5156,5156,Bank Transfer,286607.1,Paid,2026-05-02
5157,5157,Card,6067.23,Paid,2025-09-25
5158,5158,Mobile Money,347479.21,Paid,2023-06-05
5159,5159,Cash on Delivery,235820.78,Paid,2025-02-20
5160,5160,Cash on Delivery,204150.76,Failed,2025-10-30
5161,5161,Bank Transfer,145713.22,Pending,2025-01-13
5162,5162,Card,104951.71,Paid,2025-09-29
5163,5163,Mobile Money,218979.23,Paid,2025-11-23
5164,5164,Card,271326.95,Paid,2024-01-14
5165,5165,Mobile Money,153850.11,Paid,2025-09-15
5166,5166,Bank Transfer,73958.9,Paid,2025-10-11
5167,5167,Bank Transfer,238256.34,Paid,2026-02-21
5168,5168,Mobile Money,11294.49,Paid,2023-12-20
5169,5169,Bank Transfer,90778.68,Paid,2026-02-10
5170,5170,Card,356140.96,Paid,2023-12-06
5171,5171,Card,89366.48,Paid,2023-05-04
5172,5172,Mobile Money,111534.81,Failed,2023-02-09
5173,5173,Cash on Delivery,113992.93,Paid,2024-02-21
5174,5174,Cash on Delivery,41830.09,Paid,2025-01-09
5175,5175,Bank Transfer,272610.43,Pending,2025-12-20
5176,5176,Bank Transfer,113601.26,Paid,2023-01-03
5177,5177,Mobile Money,35735.63,Refunded,2023-01-20
5178,5178,Bank Transfer,13903.9,Paid,2023-04-06
5179,5179,Mobile Money,89127.19,Paid,2025-12-16
5180,5180,Card,25628.7,Paid,2025-06-09
5181,5181,Bank Transfer,205515.43,Paid,2023-03-13
5182,5182,Cash on Delivery,305659.51,Paid,2024-04-25
5183,5183,Mobile Money,25331.47,Pending,2025-06-10
5184,5184,Bank Transfer,111359.95,Paid,2025-04-18
5185,5185,Bank Transfer,180306.07,Failed,2025-08-30
5186,5186,Cash on Delivery,195526.68,Paid,2025-03-19
5187,5187,Mobile Money,49829.11,Paid,2025-03-20
5188,5188,Card,265927.59,Paid,2026-05-09
5189,5189,Mobile Money,179311.55,Paid,2026-04-15
5190,5190,Mobile Money,172786.95,Paid,2023-01-08
5191,5191,Bank Transfer,114021.35,Pending,2023-09-29
5192,5192,Bank Transfer,96646.62,Paid,2025-03-24
5193,5193,Mobile Money,52077.18,Refunded,2024-03-19
5194,5194,Card,38991.12,Paid,2024-06-07
5195,5195,Card,280521.67,Paid,2025-06-26
5196,5196,Mobile Money,115979.93,Paid,2023-03-09
5197,5197,Card,46567.17,Paid,2023-03-22
5198,5198,Card,102364.77,Paid,2025-11-20
5199,5199,Cash on Delivery,114829.11,Paid,2025-08-10
5200,5200,Bank Transfer,104919.7,Failed,2023-09-14
5201,5201,Mobile Money,315631.53,Paid,2026-03-23
5202,5202,Bank Transfer,81870.03,Paid,2025-01-03
5203,5203,Mobile Money,178761.03,Paid,2025-04-15
5204,5204,Cash on Delivery,233937.8,Paid,2025-10-05
5205,5205,Card,134405.02,Paid,2023-11-03
5206,5206,Mobile Money,74242.39,Paid,2023-11-23
5207,5207,Mobile Money,275201.3,Paid,2025-10-15
5208,5208,Card,113388.97,Paid,2024-03-01
5209,5209,Card,326299.78,Paid,2025-08-23
5210,5210,Card,9910.9,Paid,2024-10-01
5211,5211,Card,184872.83,Paid,2024-02-23
5212,5212,Bank Transfer,81746.23,Paid,2024-04-22
5213,5213,Mobile Money,236091.83,Paid,2026-01-05
5214,5214,Mobile Money,87382.24,Paid,2025-03-27
5215,5215,Card,309825.8,Paid,2025-01-07
5216,5216,Bank Transfer,9786.8,Paid,2023-01-26
5217,5217,Mobile Money,310523.35,Paid,2026-04-28
5218,5218,Cash on Delivery,69661.22,Paid,2025-01-31
5219,5219,Card,400774.7,Paid,2025-02-28
5220,5220,Cash on Delivery,76952.84,Paid,2025-03-01
5221,5221,Cash on Delivery,34076.46,Paid,2024-09-21
5222,5222,Card,210412.13,Failed,2023-07-16
5223,5223,Card,219570.07,Paid,2024-03-31
5224,5224,Mobile Money,101416.52,Paid,2024-08-15
5225,5225,Mobile Money,441476.54,Paid,2025-07-11
5226,5226,Bank Transfer,98829.11,Failed,2025-05-27
5227,5227,Mobile Money,89713.98,Paid,2024-06-22
5228,5228,Mobile Money,87498.38,Paid,2026-03-17
5229,5229,Bank Transfer,71238.65,Paid,2026-05-28
5230,5230,Card,200353.77,Refunded,2025-11-26
5231,5231,Cash on Delivery,40329.99,Paid,2025-02-01
5232,5232,Card,128238.4,Paid,2025-11-10
5233,5233,Mobile Money,65315.17,Paid,2025-05-11
5234,5234,Cash on Delivery,114839.46,Paid,2023-03-03
5235,5235,Card,271534.09,Paid,2025-06-08
5236,5236,Bank Transfer,217809.26,Paid,2023-03-17
5237,5237,Card,56114.29,Failed,2025-10-09
5238,5238,Card,217538.21,Paid,2026-03-09
5239,5239,Card,279166.53,Paid,2023-10-19
5240,5240,Bank Transfer,101532.2,Paid,2023-07-02
5241,5241,Cash on Delivery,339027.3,Paid,2024-09-27
5242,5242,Mobile Money,70272.65,Refunded,2023-11-09
5243,5243,Mobile Money,306413.03,Paid,2025-03-31
5244,5244,Cash on Delivery,331150.89,Paid,2024-02-26
5245,5245,Bank Transfer,44322.26,Paid,2026-05-06
5246,5246,Card,42462.7,Paid,2024-08-14
5247,5247,Bank Transfer,133176.56,Pending,2024-10-18
5248,5248,Bank Transfer,258280.36,Refunded,2025-01-23
5249,5249,Mobile Money,130177.37,Paid,2025-10-01
5250,5250,Bank Transfer,20705.07,Paid,2023-07-06
5251,5251,Mobile Money,12911.48,Paid,2024-02-22
5252,5252,Bank Transfer,238791.46,Paid,2023-12-10
5253,5253,Cash on Delivery,30831.36,Pending,2024-02-24
5254,5254,Mobile Money,24733.74,Paid,2024-08-06
5255,5255,Card,77438.65,Refunded,2026-05-10
5256,5256,Mobile Money,335993.95,Pending,2023-07-16
5257,5257,Card,302283.18,Paid,2024-09-11
5258,5258,Cash on Delivery,463570.99,Paid,2023-02-16
5259,5259,Card,65258.15,Paid,2023-11-12
5260,5260,Cash on Delivery,86147.77,Refunded,2025-07-05
5261,5261,Cash on Delivery,78706.68,Paid,2024-02-09
5262,5262,Mobile Money,110257.24,Pending,2024-07-26
5263,5263,Bank Transfer,144756.26,Paid,2026-06-16
5264,5264,Bank Transfer,305020.45,Paid,2025-04-29
5265,5265,Mobile Money,90925.46,Paid,2025-01-19
5266,5266,Card,103127.81,Paid,2024-08-07
5267,5267,Mobile Money,25036.83,Paid,2024-07-10
5268,5268,Cash on Delivery,36049.14,Pending,2024-06-06
5269,5269,Mobile Money,274388.06,Paid,2026-01-10
5270,5270,Mobile Money,73753.62,Paid,2024-10-28
5271,5271,Mobile Money,181494.56,Paid,2024-11-10
5272,5272,Cash on Delivery,400604.6,Paid,2026-02-06
5273,5273,Mobile Money,114021.99,Paid,2025-07-09
5274,5274,Cash on Delivery,414831.46,Paid,2026-01-10
5275,5275,Cash on Delivery,103078.83,Paid,2024-05-17
5276,5276,Bank Transfer,198412.1,Paid,2025-11-06
5277,5277,Bank Transfer,282438.78,Paid,2025-03-20
5278,5278,Cash on Delivery,56767.75,Paid,2024-05-05
5279,5279,Card,125778.18,Paid,2026-04-26
5280,5280,Bank Transfer,80400.6,Paid,2023-12-05
5281,5281,Cash on Delivery,28328.54,Refunded,2024-04-20
5282,5282,Bank Transfer,391782.08,Paid,2024-11-06
5283,5283,Cash on Delivery,25969.84,Paid,2024-12-29
5284,5284,Bank Transfer,86206.19,Paid,2025-07-14
5285,5285,Cash on Delivery,66489.89,Failed,2024-03-05
5286,5286,Cash on Delivery,15435.34,Failed,2024-08-18
5287,5287,Mobile Money,309583.44,Paid,2026-04-18
5288,5288,Mobile Money,229872.66,Paid,2025-06-22
5289,5289,Cash on Delivery,373675.12,Paid,2023-09-08
5290,5290,Cash on Delivery,114438.71,Paid,2023-06-16
5291,5291,Card,417322.21,Pending,2023-04-01
5292,5292,Card,282297.54,Paid,2025-04-09
5293,5293,Bank Transfer,391644.26,Paid,2025-10-26
5294,5294,Card,272268.81,Refunded,2023-04-01
5295,5295,Bank Transfer,137849.44,Paid,2024-10-04
5296,5296,Cash on Delivery,128452.54,Paid,2025-02-02
5297,5297,Card,8645.96,Failed,2025-04-01
5298,5298,Card,60234.8,Paid,2024-10-04
5299,5299,Mobile Money,42360.21,Paid,2023-12-09
5300,5300,Bank Transfer,174081.85,Paid,2024-01-31
5301,5301,Mobile Money,103422.9,Paid,2023-05-21
5302,5302,Cash on Delivery,233157.02,Paid,2025-08-11
5303,5303,Card,201152.18,Paid,2026-02-18
5304,5304,Bank Transfer,207105.44,Paid,2023-07-05
5305,5305,Mobile Money,144543.7,Paid,2026-03-30
5306,5306,Cash on Delivery,145558.5,Failed,2025-02-04
5307,5307,Cash on Delivery,43057.7,Paid,2026-03-24
5308,5308,Cash on Delivery,124574.73,Paid,2024-03-31
5309,5309,Mobile Money,316068.03,Paid,2025-10-24
5310,5310,Mobile Money,114291.61,Paid,2025-09-16
5311,5311,Bank Transfer,127809.72,Paid,2026-06-03
5312,5312,Mobile Money,71544.69,Paid,2023-11-30
5313,5313,Card,131221.18,Pending,2023-02-05
5314,5314,Mobile Money,118302.24,Paid,2026-05-14
5315,5315,Card,140581.41,Paid,2024-03-26
5316,5316,Bank Transfer,118286.92,Paid,2024-02-03
5317,5317,Cash on Delivery,105267.36,Paid,2023-03-28
5318,5318,Cash on Delivery,64671.87,Paid,2024-06-27
5319,5319,Bank Transfer,98239.64,Paid,2025-09-05
5320,5320,Card,190241.79,Paid,2025-01-13
5321,5321,Card,261284.61,Refunded,2025-07-08
5322,5322,Cash on Delivery,192597.7,Paid,2023-08-06
5323,5323,Mobile Money,100658.26,Paid,2025-04-28
5324,5324,Cash on Delivery,296559.47,Paid,2023-05-02
5325,5325,Card,18808.25,Paid,2023-05-31
5326,5326,Cash on Delivery,80000.56,Paid,2023-12-11
5327,5327,Card,132615.3,Paid,2023-05-10
5328,5328,Bank Transfer,279951.54,Paid,2023-09-27
5329,5329,Cash on Delivery,58295.8,Paid,2026-06-12
5330,5330,Bank Transfer,285549.57,Paid,2024-01-08
5331,5331,Card,86002.99,Paid,2025-11-06
5332,5332,Card,295563.52,Paid,2023-05-02
5333,5333,Bank Transfer,44993.52,Refunded,2024-08-05
5334,5334,Bank Transfer,36069.42,Paid,2025-10-31
5335,5335,Mobile Money,164255.48,Paid,2023-02-11
5336,5336,Mobile Money,66219.79,Paid,2026-03-14
5337,5337,Bank Transfer,181237.62,Paid,2025-01-05
5338,5338,Bank Transfer,386849.87,Paid,2023-10-16
5339,5339,Cash on Delivery,265530.75,Paid,2023-01-13
5340,5340,Mobile Money,166398.39,Paid,2023-07-31
5341,5341,Mobile Money,512425.55,Paid,2025-04-13
5342,5342,Card,105301.47,Paid,2026-06-05
5343,5343,Card,103388.74,Paid,2026-02-04
5344,5344,Mobile Money,158641.68,Paid,2024-06-23
5345,5345,Cash on Delivery,50433.55,Paid,2025-04-07
5346,5346,Mobile Money,323368.12,Pending,2024-11-11
5347,5347,Cash on Delivery,91980.68,Paid,2025-07-24
5348,5348,Card,34000.32,Paid,2026-02-15
5349,5349,Card,39590.0,Paid,2024-12-14
5350,5350,Mobile Money,102406.13,Paid,2023-10-18
5351,5351,Mobile Money,168484.66,Pending,2023-10-21
5352,5352,Bank Transfer,215861.79,Paid,2025-01-05
5353,5353,Card,347617.85,Paid,2025-06-01
5354,5354,Card,348823.34,Paid,2025-12-28
5355,5355,Bank Transfer,31158.66,Paid,2026-05-23
5356,5356,Mobile Money,72128.95,Paid,2024-02-04
5357,5357,Mobile Money,115406.04,Pending,2025-10-11
5358,5358,Bank Transfer,54676.51,Paid,2023-09-10
5359,5359,Cash on Delivery,405101.13,Paid,2025-02-07
5360,5360,Cash on Delivery,324202.7,Paid,2023-10-03
5361,5361,Cash on Delivery,42322.94,Paid,2025-03-05
5362,5362,Cash on Delivery,199803.48,Paid,2023-10-08
5363,5363,Cash on Delivery,76899.93,Paid,2024-01-24
5364,5364,Cash on Delivery,190935.36,Paid,2025-03-30
5365,5365,Cash on Delivery,52226.12,Refunded,2025-04-25
5366,5366,Bank Transfer,190692.27,Paid,2025-01-26
5367,5367,Mobile Money,54833.47,Paid,2025-10-02
5368,5368,Mobile Money,122907.28,Failed,2025-10-15
5369,5369,Mobile Money,92420.4,Paid,2024-10-22
5370,5370,Bank Transfer,175291.65,Paid,2024-11-27
5371,5371,Mobile Money,162277.29,Refunded,2023-03-11
5372,5372,Card,20497.37,Paid,2026-06-22
5373,5373,Mobile Money,170325.99,Paid,2025-07-15
5374,5374,Mobile Money,108793.54,Paid,2024-11-26
5375,5375,Card,129483.84,Paid,2024-04-11
5376,5376,Card,122846.25,Refunded,2023-09-01
5377,5377,Cash on Delivery,137523.05,Paid,2023-02-04
5378,5378,Mobile Money,170076.53,Paid,2024-04-15
5379,5379,Card,128545.29,Paid,2023-09-17
5380,5380,Cash on Delivery,189992.82,Paid,2026-03-31
5381,5381,Cash on Delivery,87057.4,Paid,2024-04-08
5382,5382,Mobile Money,47931.12,Paid,2023-06-03
5383,5383,Card,283029.82,Paid,2025-09-21
5384,5384,Cash on Delivery,45860.49,Paid,2025-08-11
5385,5385,Bank Transfer,150013.45,Paid,2024-09-14
5386,5386,Card,28101.88,Failed,2025-05-24
5387,5387,Card,71141.15,Paid,2025-10-04
5388,5388,Mobile Money,90792.51,Paid,2025-11-24
5389,5389,Card,90656.28,Paid,2023-03-29
5390,5390,Card,86107.8,Paid,2023-11-30
5391,5391,Card,51301.3,Paid,2026-06-16
5392,5392,Mobile Money,286407.76,Paid,2025-01-10
5393,5393,Bank Transfer,151731.39,Paid,2024-12-11
5394,5394,Card,65192.6,Paid,2024-09-07
5395,5395,Card,109234.71,Paid,2024-02-05
5396,5396,Mobile Money,16343.44,Paid,2024-09-28
5397,5397,Bank Transfer,35942.21,Paid,2024-10-21
5398,5398,Cash on Delivery,448028.77,Paid,2025-12-14
5399,5399,Bank Transfer,336998.81,Refunded,2024-11-09
5400,5400,Bank Transfer,231104.55,Paid,2025-01-18
5401,5401,Cash on Delivery,232394.71,Paid,2025-11-12
5402,5402,Mobile Money,118492.7,Paid,2025-03-23
5403,5403,Cash on Delivery,334400.82,Failed,2023-04-01
5404,5404,Mobile Money,96362.2,Paid,2024-09-04
5405,5405,Card,23599.17,Refunded,2025-07-03
5406,5406,Bank Transfer,65543.85,Paid,2025-08-25
5407,5407,Mobile Money,95699.12,Paid,2025-03-09
5408,5408,Mobile Money,457734.31,Paid,2025-01-30
5409,5409,Bank Transfer,322720.22,Paid,2023-03-12
5410,5410,Card,217619.88,Failed,2024-06-10
5411,5411,Card,48728.54,Paid,2023-02-01
5412,5412,Card,248651.27,Paid,2024-12-29
5413,5413,Bank Transfer,312935.26,Paid,2025-02-21
5414,5414,Card,41512.44,Paid,2024-07-09
5415,5415,Bank Transfer,323696.85,Paid,2025-09-07
5416,5416,Bank Transfer,20985.17,Paid,2024-04-09
5417,5417,Cash on Delivery,173671.25,Paid,2026-04-04
5418,5418,Bank Transfer,222997.19,Paid,2025-08-15
5419,5419,Cash on Delivery,172844.13,Paid,2024-02-26
5420,5420,Cash on Delivery,366642.31,Paid,2026-05-13
5421,5421,Cash on Delivery,140410.54,Paid,2026-01-16
5422,5422,Card,93536.42,Paid,2023-05-21
5423,5423,Mobile Money,56193.58,Paid,2025-11-14
5424,5424,Mobile Money,13315.65,Paid,2023-08-25
5425,5425,Cash on Delivery,82640.38,Paid,2026-05-28
5426,5426,Card,287871.83,Failed,2025-11-20
5427,5427,Card,87073.24,Paid,2023-04-03
5428,5428,Cash on Delivery,256856.26,Refunded,2024-01-17
5429,5429,Mobile Money,337535.21,Paid,2026-02-14
5430,5430,Card,141941.71,Paid,2024-08-16
5431,5431,Cash on Delivery,84822.4,Paid,2025-12-11
5432,5432,Mobile Money,359626.93,Paid,2024-09-26
5433,5433,Mobile Money,98725.95,Paid,2024-06-07
5434,5434,Card,159130.2,Paid,2025-02-27
5435,5435,Card,75577.2,Paid,2025-04-03
5436,5436,Cash on Delivery,52521.68,Paid,2025-02-12
5437,5437,Cash on Delivery,94305.71,Paid,2023-09-04
5438,5438,Bank Transfer,328552.1,Pending,2023-09-18
5439,5439,Mobile Money,72566.64,Pending,2025-10-28
5440,5440,Mobile Money,287506.8,Paid,2025-09-11
5441,5441,Cash on Delivery,123135.81,Paid,2023-10-01
5442,5442,Cash on Delivery,170821.19,Paid,2026-05-11
5443,5443,Bank Transfer,142049.82,Paid,2025-01-07
5444,5444,Cash on Delivery,140021.9,Paid,2026-03-13
5445,5445,Mobile Money,107899.74,Paid,2025-04-01
5446,5446,Cash on Delivery,320510.69,Paid,2024-12-22
5447,5447,Bank Transfer,20252.31,Paid,2024-06-25
5448,5448,Mobile Money,431723.58,Paid,2024-07-21
5449,5449,Card,232109.38,Paid,2023-08-19
5450,5450,Bank Transfer,63974.88,Failed,2024-12-20
5451,5451,Card,249160.98,Paid,2023-08-31
5452,5452,Mobile Money,139668.49,Paid,2025-08-15
5453,5453,Cash on Delivery,141941.48,Pending,2023-02-08
5454,5454,Card,217845.09,Paid,2025-02-09
5455,5455,Bank Transfer,86433.3,Pending,2023-06-20
5456,5456,Mobile Money,348435.46,Paid,2025-01-10
5457,5457,Cash on Delivery,407965.03,Paid,2026-03-18
5458,5458,Bank Transfer,224864.52,Paid,2025-10-20
5459,5459,Bank Transfer,13466.42,Paid,2024-03-03
5460,5460,Bank Transfer,7405.75,Paid,2024-11-20
5461,5461,Card,57683.82,Paid,2025-08-02
5462,5462,Bank Transfer,80931.24,Paid,2025-01-19
5463,5463,Bank Transfer,14578.62,Paid,2025-05-20
5464,5464,Bank Transfer,108136.72,Paid,2023-07-02
5465,5465,Bank Transfer,128602.33,Paid,2026-04-12
5466,5466,Cash on Delivery,49486.76,Paid,2023-02-18
5467,5467,Bank Transfer,153383.23,Paid,2024-01-02
5468,5468,Bank Transfer,244994.83,Paid,2024-01-29
5469,5469,Card,63387.1,Paid,2025-09-30
5470,5470,Mobile Money,205405.53,Paid,2023-03-09
5471,5471,Bank Transfer,91440.65,Paid,2023-08-06
5472,5472,Bank Transfer,129827.25,Paid,2024-09-22
5473,5473,Cash on Delivery,194324.0,Pending,2024-05-29
5474,5474,Cash on Delivery,181013.25,Paid,2024-06-19
5475,5475,Card,44303.67,Refunded,2025-12-10
5476,5476,Bank Transfer,159958.1,Paid,2024-05-27
5477,5477,Mobile Money,166698.07,Failed,2026-05-19
5478,5478,Mobile Money,95237.15,Paid,2024-04-04
5479,5479,Cash on Delivery,192084.04,Paid,2025-07-19
5480,5480,Cash on Delivery,174396.76,Paid,2024-04-18
5481,5481,Card,57274.03,Paid,2025-03-18
5482,5482,Mobile Money,181243.36,Paid,2024-02-01
5483,5483,Cash on Delivery,108146.63,Paid,2023-12-22
5484,5484,Cash on Delivery,236217.64,Paid,2026-03-08
5485,5485,Card,58358.09,Paid,2025-01-13
5486,5486,Bank Transfer,89068.02,Paid,2025-01-15
5487,5487,Bank Transfer,26659.46,Paid,2024-02-05
5488,5488,Mobile Money,17189.21,Paid,2023-01-15
5489,5489,Bank Transfer,131119.3,Paid,2026-06-20
5490,5490,Bank Transfer,337014.98,Paid,2025-10-19
5491,5491,Card,103201.64,Paid,2025-04-27
5492,5492,Card,54182.47,Pending,2025-11-06
5493,5493,Bank Transfer,87428.26,Paid,2026-01-02
5494,5494,Bank Transfer,131876.53,Paid,2023-05-09
5495,5495,Cash on Delivery,186987.76,Paid,2026-05-23
5496,5496,Cash on Delivery,126669.7,Paid,2025-02-14
5497,5497,Mobile Money,89043.14,Paid,2024-08-23
5498,5498,Bank Transfer,47476.55,Paid,2025-04-21
5499,5499,Card,33099.92,Failed,2023-12-11
5500,5500,Bank Transfer,58473.08,Refunded,2025-10-06
5501,5501,Mobile Money,103317.43,Failed,2024-12-19
5502,5502,Card,86455.99,Paid,2024-11-16
5503,5503,Card,162495.38,Refunded,2025-02-27
5504,5504,Bank Transfer,459209.41,Paid,2024-06-26
5505,5505,Mobile Money,239739.52,Paid,2024-05-03
5506,5506,Cash on Delivery,87563.98,Paid,2024-10-16
5507,5507,Bank Transfer,202500.02,Paid,2024-06-02
5508,5508,Mobile Money,375216.55,Failed,2025-10-11
5509,5509,Bank Transfer,127142.45,Paid,2024-07-12
5510,5510,Mobile Money,163005.96,Paid,2024-06-13
5511,5511,Mobile Money,56385.28,Paid,2024-12-16
5512,5512,Bank Transfer,47375.14,Paid,2025-09-14
5513,5513,Cash on Delivery,125029.03,Paid,2024-03-18
5514,5514,Card,97372.23,Paid,2026-04-03
5515,5515,Cash on Delivery,104005.88,Paid,2024-05-22
5516,5516,Cash on Delivery,340028.81,Paid,2025-12-10
5517,5517,Cash on Delivery,121433.74,Paid,2023-03-01
5518,5518,Bank Transfer,184971.23,Paid,2024-07-16
5519,5519,Bank Transfer,195003.21,Paid,2024-03-23
5520,5520,Mobile Money,212073.23,Paid,2023-03-02
5521,5521,Card,118930.34,Paid,2023-10-17
5522,5522,Mobile Money,220627.23,Paid,2025-07-14
5523,5523,Mobile Money,58071.92,Paid,2024-08-19
5524,5524,Mobile Money,232541.35,Paid,2024-06-29
5525,5525,Bank Transfer,445440.83,Paid,2024-05-22
5526,5526,Cash on Delivery,50533.42,Paid,2025-09-21
5527,5527,Cash on Delivery,60997.72,Paid,2025-08-29
5528,5528,Mobile Money,324256.38,Paid,2023-04-20
5529,5529,Mobile Money,86061.35,Paid,2023-04-20
5530,5530,Bank Transfer,49030.35,Paid,2025-06-12
5531,5531,Cash on Delivery,466832.94,Paid,2026-05-06
5532,5532,Cash on Delivery,176021.43,Paid,2024-06-21
5533,5533,Card,199131.27,Refunded,2025-08-19
5534,5534,Mobile Money,382971.1,Paid,2025-05-24
5535,5535,Card,187514.44,Paid,2025-07-04
5536,5536,Cash on Delivery,408695.56,Paid,2025-12-17
5537,5537,Bank Transfer,123484.35,Paid,2024-12-05
5538,5538,Card,55693.5,Paid,2024-01-16
5539,5539,Cash on Delivery,118313.1,Failed,2025-08-21
5540,5540,Mobile Money,64735.62,Paid,2025-09-11
5541,5541,Bank Transfer,458893.7,Paid,2026-01-14
5542,5542,Cash on Delivery,179716.24,Pending,2024-05-04
5543,5543,Cash on Delivery,55816.6,Paid,2026-03-13
5544,5544,Card,250058.06,Paid,2024-06-03
5545,5545,Mobile Money,343902.45,Paid,2024-09-01
5546,5546,Card,57774.72,Paid,2024-05-23
5547,5547,Cash on Delivery,108084.07,Paid,2023-01-19
5548,5548,Cash on Delivery,46594.84,Paid,2023-01-24
5549,5549,Mobile Money,190173.18,Paid,2025-04-08
5550,5550,Bank Transfer,143895.54,Paid,2025-05-25
5551,5551,Card,178775.44,Paid,2025-12-16
5552,5552,Card,191524.38,Paid,2024-09-09
5553,5553,Bank Transfer,377562.81,Paid,2024-02-06
5554,5554,Bank Transfer,57369.28,Pending,2024-12-20
5555,5555,Bank Transfer,184809.81,Paid,2024-08-06
5556,5556,Bank Transfer,39236.76,Paid,2026-06-24
5557,5557,Mobile Money,431844.24,Refunded,2026-06-12
5558,5558,Card,106655.6,Paid,2026-02-08
5559,5559,Bank Transfer,254451.82,Paid,2024-06-08
5560,5560,Mobile Money,85941.52,Paid,2025-10-05
5561,5561,Mobile Money,103923.65,Pending,2024-06-30
5562,5562,Mobile Money,373785.92,Pending,2026-02-02
5563,5563,Cash on Delivery,282294.97,Paid,2026-04-18
5564,5564,Card,69717.09,Paid,2023-03-10
5565,5565,Card,71265.46,Failed,2023-01-11
5566,5566,Cash on Delivery,107395.32,Paid,2023-04-21
5567,5567,Card,27859.47,Paid,2023-03-19
5568,5568,Mobile Money,60654.25,Paid,2026-06-28
5569,5569,Cash on Delivery,36184.48,Paid,2026-05-14
5570,5570,Bank Transfer,145073.9,Paid,2024-12-23
5571,5571,Cash on Delivery,282968.48,Paid,2025-06-20
5572,5572,Card,134831.52,Paid,2024-07-17
5573,5573,Cash on Delivery,535712.15,Paid,2024-03-02
5574,5574,Card,356343.45,Paid,2026-06-01
5575,5575,Card,267609.0,Paid,2023-01-09
5576,5576,Cash on Delivery,389364.47,Paid,2025-12-24
5577,5577,Card,141552.28,Paid,2025-02-26
5578,5578,Bank Transfer,530481.83,Paid,2024-09-08
5579,5579,Mobile Money,108978.07,Paid,2023-03-08
5580,5580,Cash on Delivery,169850.75,Paid,2024-12-10
5581,5581,Cash on Delivery,28699.4,Paid,2024-03-21
5582,5582,Mobile Money,157878.35,Paid,2026-05-13
5583,5583,Cash on Delivery,206334.3,Paid,2023-11-04
5584,5584,Bank Transfer,125359.99,Paid,2024-11-01
5585,5585,Card,238285.84,Paid,2023-06-23
5586,5586,Card,57701.52,Paid,2024-01-20
5587,5587,Cash on Delivery,177982.29,Paid,2023-09-27
5588,5588,Mobile Money,189218.42,Failed,2025-10-30
5589,5589,Bank Transfer,252575.49,Paid,2025-08-14
5590,5590,Bank Transfer,34274.05,Paid,2023-06-12
5591,5591,Card,148724.2,Paid,2024-05-14
5592,5592,Cash on Delivery,40717.53,Paid,2025-05-16
5593,5593,Cash on Delivery,471233.89,Paid,2025-10-24
5594,5594,Mobile Money,140708.77,Paid,2023-01-31
5595,5595,Bank Transfer,128793.86,Paid,2023-08-24
5596,5596,Bank Transfer,77918.09,Paid,2023-10-06
5597,5597,Bank Transfer,217332.8,Paid,2024-08-17
5598,5598,Mobile Money,169735.29,Paid,2025-06-27
5599,5599,Bank Transfer,97122.56,Paid,2024-12-22
5600,5600,Bank Transfer,96407.9,Paid,2025-01-24
5601,5601,Card,68440.17,Paid,2025-11-05
5602,5602,Cash on Delivery,223281.36,Paid,2024-11-06
5603,5603,Card,90678.55,Pending,2025-10-14
5604,5604,Card,156199.96,Paid,2025-01-27
5605,5605,Mobile Money,126623.42,Paid,2024-03-20
5606,5606,Card,363978.75,Paid,2026-04-16
5607,5607,Card,231902.26,Paid,2023-03-20
5608,5608,Mobile Money,128574.43,Paid,2024-11-08
5609,5609,Bank Transfer,84003.88,Paid,2024-09-27
5610,5610,Mobile Money,17615.76,Paid,2024-06-27
5611,5611,Card,31897.77,Refunded,2026-02-28
5612,5612,Mobile Money,58328.59,Paid,2023-08-29
5613,5613,Bank Transfer,102295.94,Paid,2024-12-04
5614,5614,Card,170263.16,Paid,2025-06-01
5615,5615,Cash on Delivery,83008.15,Pending,2025-02-08
5616,5616,Cash on Delivery,44698.42,Failed,2023-11-10
5617,5617,Cash on Delivery,87139.75,Failed,2025-01-08
5618,5618,Cash on Delivery,80756.61,Paid,2025-01-23
5619,5619,Cash on Delivery,160613.39,Paid,2023-07-31
5620,5620,Bank Transfer,44785.56,Paid,2023-04-25
5621,5621,Mobile Money,50548.46,Paid,2026-02-12
5622,5622,Card,57573.83,Paid,2026-06-28
5623,5623,Bank Transfer,174450.18,Paid,2024-01-19
5624,5624,Mobile Money,165213.69,Paid,2024-03-15
5625,5625,Card,67865.56,Paid,2025-09-17
5626,5626,Mobile Money,162796.17,Paid,2026-06-08
5627,5627,Card,51213.28,Paid,2026-04-03
5628,5628,Bank Transfer,39609.24,Paid,2023-04-15
5629,5629,Cash on Delivery,121426.24,Failed,2025-01-28
5630,5630,Card,181524.1,Paid,2023-11-21
5631,5631,Card,96342.3,Paid,2026-04-09
5632,5632,Bank Transfer,50028.79,Pending,2023-04-05
5633,5633,Cash on Delivery,156966.5,Paid,2025-05-10
5634,5634,Cash on Delivery,106688.49,Paid,2025-11-02
5635,5635,Bank Transfer,256337.74,Paid,2023-06-30
5636,5636,Card,123652.97,Failed,2026-02-04
5637,5637,Card,202745.45,Paid,2025-01-26
5638,5638,Card,131876.18,Paid,2024-08-06
5639,5639,Card,105556.77,Paid,2024-05-01
5640,5640,Card,252522.89,Pending,2025-10-20
5641,5641,Mobile Money,365298.08,Paid,2024-04-28
5642,5642,Cash on Delivery,76688.93,Paid,2023-12-14
5643,5643,Cash on Delivery,258045.63,Paid,2025-12-26
5644,5644,Cash on Delivery,80203.15,Paid,2025-07-10
5645,5645,Card,208971.87,Refunded,2025-07-16
5646,5646,Card,97914.65,Paid,2023-10-04
5647,5647,Bank Transfer,67017.28,Paid,2023-07-09
5648,5648,Mobile Money,140377.39,Paid,2025-04-08
5649,5649,Card,119392.96,Paid,2025-04-25
5650,5650,Bank Transfer,135198.72,Paid,2025-08-06
5651,5651,Card,25182.36,Paid,2023-12-07
5652,5652,Cash on Delivery,239933.63,Pending,2024-05-05
5653,5653,Mobile Money,317499.88,Paid,2025-11-27
5654,5654,Mobile Money,227436.04,Paid,2025-06-27
5655,5655,Bank Transfer,152991.92,Paid,2024-09-29
5656,5656,Mobile Money,108208.49,Paid,2024-09-18
5657,5657,Card,89104.93,Paid,2026-03-11
5658,5658,Card,65843.37,Paid,2024-10-31
5659,5659,Bank Transfer,253309.22,Paid,2023-10-23
5660,5660,Card,24526.97,Paid,2025-02-14
5661,5661,Cash on Delivery,75438.87,Paid,2026-03-03
5662,5662,Bank Transfer,176344.35,Paid,2025-03-06
5663,5663,Card,213372.41,Refunded,2023-05-11
5664,5664,Mobile Money,302573.95,Paid,2023-10-12
5665,5665,Cash on Delivery,55359.42,Paid,2023-10-07
5666,5666,Cash on Delivery,30728.91,Paid,2024-01-16
5667,5667,Bank Transfer,177481.4,Paid,2025-09-22
5668,5668,Card,63628.28,Paid,2023-05-12
5669,5669,Card,122055.74,Paid,2025-12-02
5670,5670,Mobile Money,515851.0,Paid,2024-06-27
5671,5671,Bank Transfer,56567.86,Paid,2024-10-28
5672,5672,Bank Transfer,237846.78,Refunded,2025-01-31
5673,5673,Cash on Delivery,292191.91,Paid,2023-01-05
5674,5674,Bank Transfer,111907.68,Refunded,2023-09-27
5675,5675,Cash on Delivery,125351.33,Failed,2025-05-19
5676,5676,Bank Transfer,146161.13,Paid,2024-06-24
5677,5677,Cash on Delivery,154996.55,Paid,2023-12-06
5678,5678,Cash on Delivery,215189.27,Paid,2024-06-06
5679,5679,Bank Transfer,30659.33,Failed,2024-06-02
5680,5680,Mobile Money,39936.9,Paid,2023-06-29
5681,5681,Card,46308.7,Paid,2023-07-24
5682,5682,Mobile Money,314901.85,Paid,2023-06-19
5683,5683,Bank Transfer,155648.97,Paid,2024-12-12
5684,5684,Card,168640.94,Paid,2025-02-05
5685,5685,Bank Transfer,402601.22,Paid,2026-01-25
5686,5686,Cash on Delivery,298207.95,Paid,2024-06-22
5687,5687,Card,61280.89,Paid,2026-02-26
5688,5688,Mobile Money,219871.14,Paid,2025-04-21
5689,5689,Cash on Delivery,222637.76,Refunded,2026-04-25
5690,5690,Cash on Delivery,164603.53,Failed,2024-02-23
5691,5691,Card,246291.62,Paid,2025-11-01
5692,5692,Cash on Delivery,63469.79,Paid,2023-03-30
5693,5693,Bank Transfer,32287.83,Paid,2023-06-16
5694,5694,Mobile Money,42993.91,Paid,2024-08-28
5695,5695,Card,396813.36,Paid,2026-06-19
5696,5696,Cash on Delivery,60014.47,Paid,2025-08-26
5697,5697,Mobile Money,361850.93,Pending,2026-06-24
5698,5698,Mobile Money,50213.1,Paid,2024-03-17
5699,5699,Card,24537.61,Paid,2023-04-02
5700,5700,Cash on Delivery,224185.22,Paid,2025-09-18
5701,5701,Cash on Delivery,36133.83,Paid,2025-01-20
5702,5702,Bank Transfer,215641.21,Paid,2023-01-23
5703,5703,Mobile Money,158219.26,Paid,2023-08-11
5704,5704,Cash on Delivery,136553.56,Paid,2024-11-25
5705,5705,Mobile Money,57705.42,Pending,2025-07-04
5706,5706,Mobile Money,125824.08,Paid,2024-08-03
5707,5707,Mobile Money,204745.96,Failed,2024-07-31
5708,5708,Mobile Money,112558.55,Failed,2025-05-20
5709,5709,Cash on Delivery,167687.19,Paid,2023-12-26
5710,5710,Card,125495.05,Paid,2024-12-29
5711,5711,Card,82754.11,Paid,2023-10-26
5712,5712,Bank Transfer,95448.13,Paid,2023-11-03
5713,5713,Card,185571.49,Paid,2024-05-10
5714,5714,Bank Transfer,297139.06,Failed,2023-04-28
5715,5715,Cash on Delivery,76784.88,Paid,2023-01-16
5716,5716,Cash on Delivery,109351.47,Paid,2025-06-13
5717,5717,Card,292310.34,Paid,2023-01-06
5718,5718,Mobile Money,64229.28,Paid,2023-05-26
5719,5719,Card,25427.35,Paid,2025-02-23
5720,5720,Cash on Delivery,136754.78,Paid,2024-01-05
5721,5721,Cash on Delivery,38528.44,Paid,2026-03-22
5722,5722,Bank Transfer,116765.44,Paid,2023-02-04
5723,5723,Bank Transfer,52769.13,Paid,2024-07-31
5724,5724,Mobile Money,277212.51,Paid,2025-05-07
5725,5725,Cash on Delivery,96213.43,Paid,2026-04-06
5726,5726,Cash on Delivery,145936.36,Paid,2025-12-17
5727,5727,Mobile Money,78798.49,Paid,2025-03-21
5728,5728,Bank Transfer,136595.75,Failed,2024-11-08
5729,5729,Card,364252.2,Pending,2023-03-12
5730,5730,Mobile Money,50015.08,Paid,2023-05-13
5731,5731,Cash on Delivery,142443.26,Paid,2023-03-09
5732,5732,Mobile Money,174300.84,Pending,2024-01-25
5733,5733,Bank Transfer,187229.78,Paid,2024-05-22
5734,5734,Cash on Delivery,491122.06,Paid,2024-05-02
5735,5735,Card,59597.86,Paid,2025-01-24
5736,5736,Mobile Money,196643.53,Paid,2023-01-06
5737,5737,Cash on Delivery,125454.65,Paid,2023-09-02
5738,5738,Bank Transfer,240694.17,Paid,2025-07-12
5739,5739,Bank Transfer,136796.79,Paid,2023-07-16
5740,5740,Card,120232.08,Paid,2024-07-06
5741,5741,Card,255464.57,Paid,2024-11-29
5742,5742,Cash on Delivery,229543.22,Paid,2024-04-03
5743,5743,Mobile Money,229087.75,Paid,2025-08-21
5744,5744,Bank Transfer,120149.55,Paid,2025-02-05
5745,5745,Card,79984.21,Paid,2026-05-24
5746,5746,Cash on Delivery,232640.66,Paid,2023-07-13
5747,5747,Mobile Money,121158.27,Failed,2026-02-26
5748,5748,Mobile Money,124570.96,Paid,2023-04-28
5749,5749,Bank Transfer,133864.71,Paid,2023-06-21
5750,5750,Mobile Money,294344.11,Paid,2024-05-21
5751,5751,Cash on Delivery,133901.23,Paid,2025-02-08
5752,5752,Cash on Delivery,128179.02,Paid,2026-05-18
5753,5753,Mobile Money,70271.29,Paid,2024-12-18
5754,5754,Cash on Delivery,46398.73,Refunded,2023-11-02
5755,5755,Bank Transfer,166000.98,Paid,2025-08-14
5756,5756,Mobile Money,271642.13,Paid,2025-01-25
5757,5757,Mobile Money,161056.73,Paid,2023-01-26
5758,5758,Mobile Money,48792.03,Refunded,2025-05-21
5759,5759,Card,113859.15,Paid,2025-07-10
5760,5760,Card,87127.24,Paid,2025-04-21
5761,5761,Cash on Delivery,30553.67,Paid,2025-02-23
5762,5762,Cash on Delivery,97436.71,Paid,2023-02-10
5763,5763,Card,144606.48,Refunded,2025-06-11
5764,5764,Card,117149.04,Refunded,2024-07-24
5765,5765,Card,123977.38,Paid,2025-08-15
5766,5766,Cash on Delivery,57425.79,Failed,2025-10-20
5767,5767,Bank Transfer,43483.86,Paid,2024-12-06
5768,5768,Card,67230.25,Failed,2025-10-12
5769,5769,Cash on Delivery,228158.65,Paid,2025-08-08
5770,5770,Mobile Money,96790.04,Paid,2023-07-25
5771,5771,Card,733197.95,Paid,2026-05-13
5772,5772,Cash on Delivery,71521.35,Paid,2025-07-09
5773,5773,Mobile Money,114410.62,Paid,2025-01-11
5774,5774,Card,92423.67,Paid,2023-08-18
5775,5775,Mobile Money,67884.08,Paid,2024-12-26
5776,5776,Mobile Money,108256.07,Paid,2024-05-06
5777,5777,Cash on Delivery,109947.35,Paid,2024-08-01
5778,5778,Card,151899.25,Paid,2024-12-21
5779,5779,Card,272406.72,Paid,2025-05-19
5780,5780,Bank Transfer,81265.26,Paid,2025-12-11
5781,5781,Bank Transfer,25498.76,Paid,2026-01-13
5782,5782,Cash on Delivery,324187.39,Paid,2025-09-30
5783,5783,Bank Transfer,227228.22,Paid,2025-10-19
5784,5784,Cash on Delivery,125043.35,Paid,2026-06-29
5785,5785,Cash on Delivery,597648.31,Failed,2026-01-04
5786,5786,Cash on Delivery,206535.24,Paid,2026-04-23
5787,5787,Bank Transfer,96187.82,Pending,2023-10-24
5788,5788,Bank Transfer,213306.48,Paid,2023-05-07
5789,5789,Bank Transfer,226712.23,Paid,2026-03-29
5790,5790,Card,77190.27,Paid,2023-08-18
5791,5791,Card,53774.81,Paid,2026-03-24
5792,5792,Bank Transfer,60145.9,Paid,2023-03-18
5793,5793,Bank Transfer,133061.88,Paid,2026-02-10
5794,5794,Mobile Money,205961.89,Paid,2025-03-16
5795,5795,Cash on Delivery,183544.81,Paid,2025-09-04
5796,5796,Mobile Money,124141.44,Pending,2023-12-31
5797,5797,Card,143459.55,Paid,2026-05-10
5798,5798,Card,73525.18,Paid,2024-06-03
5799,5799,Cash on Delivery,29153.31,Paid,2026-02-17
5800,5800,Mobile Money,64515.41,Paid,2026-04-21
5801,5801,Card,175213.96,Paid,2025-07-14
5802,5802,Mobile Money,122982.16,Paid,2023-10-09
5803,5803,Bank Transfer,232876.58,Paid,2025-07-31
5804,5804,Card,134524.78,Paid,2024-05-15
5805,5805,Mobile Money,28690.34,Refunded,2025-06-18
5806,5806,Cash on Delivery,320058.99,Paid,2023-04-24
5807,5807,Card,164927.45,Paid,2025-10-10
5808,5808,Card,193802.47,Paid,2025-07-28
5809,5809,Card,212887.22,Paid,2024-09-08
5810,5810,Bank Transfer,29350.52,Paid,2024-12-17
5811,5811,Mobile Money,123935.73,Paid,2023-05-21
5812,5812,Bank Transfer,31152.31,Refunded,2023-10-16
5813,5813,Mobile Money,273965.46,Paid,2025-11-21
5814,5814,Card,441427.12,Paid,2026-04-26
5815,5815,Mobile Money,37305.03,Paid,2024-01-17
5816,5816,Cash on Delivery,179914.72,Paid,2023-07-25
5817,5817,Bank Transfer,28866.66,Paid,2023-01-10
5818,5818,Mobile Money,153650.25,Paid,2025-03-29
5819,5819,Bank Transfer,321336.56,Paid,2026-04-01
5820,5820,Card,207970.69,Failed,2023-05-04
5821,5821,Cash on Delivery,36658.35,Paid,2026-04-29
5822,5822,Card,209836.55,Paid,2024-07-24
5823,5823,Cash on Delivery,113423.37,Paid,2023-08-07
5824,5824,Mobile Money,280176.64,Paid,2026-06-13
5825,5825,Card,235586.03,Paid,2023-08-21
5826,5826,Bank Transfer,111299.0,Paid,2026-04-15
5827,5827,Bank Transfer,57661.78,Paid,2024-03-06
5828,5828,Mobile Money,104778.31,Paid,2023-06-08
5829,5829,Mobile Money,177245.74,Paid,2023-03-18
5830,5830,Cash on Delivery,32393.44,Paid,2023-04-19
5831,5831,Cash on Delivery,181496.21,Paid,2024-08-09
5832,5832,Bank Transfer,283859.53,Paid,2024-10-24
5833,5833,Bank Transfer,49128.15,Pending,2023-12-31
5834,5834,Card,161114.07,Failed,2024-05-28
5835,5835,Mobile Money,96429.31,Paid,2023-10-23
5836,5836,Cash on Delivery,177734.42,Pending,2023-06-20
5837,5837,Card,269739.47,Pending,2024-07-19
5838,5838,Card,87360.36,Pending,2024-11-28
5839,5839,Bank Transfer,26629.89,Paid,2023-04-14
5840,5840,Cash on Delivery,44837.84,Failed,2026-03-14
5841,5841,Bank Transfer,162487.82,Failed,2025-06-23
5842,5842,Bank Transfer,253087.54,Paid,2025-03-12
5843,5843,Card,163410.56,Paid,2023-06-24
5844,5844,Bank Transfer,138951.61,Paid,2024-08-19
5845,5845,Card,136204.03,Paid,2023-05-18
5846,5846,Mobile Money,11412.22,Paid,2024-11-22
5847,5847,Mobile Money,391037.66,Pending,2025-12-18
5848,5848,Mobile Money,203228.45,Paid,2024-02-08
5849,5849,Mobile Money,312192.96,Pending,2023-10-15
5850,5850,Mobile Money,216543.58,Paid,2023-05-18
5851,5851,Bank Transfer,62070.09,Paid,2024-10-16
5852,5852,Bank Transfer,42174.22,Paid,2023-07-22
5853,5853,Mobile Money,47110.58,Paid,2026-03-04
5854,5854,Card,330121.74,Failed,2024-09-14
5855,5855,Bank Transfer,137811.18,Failed,2023-08-26
5856,5856,Bank Transfer,108653.95,Paid,2023-11-24
5857,5857,Mobile Money,301956.91,Paid,2025-10-28
5858,5858,Cash on Delivery,77308.12,Paid,2023-06-22
5859,5859,Cash on Delivery,21790.35,Paid,2025-03-23
5860,5860,Card,195264.74,Paid,2024-08-05
5861,5861,Cash on Delivery,265431.02,Paid,2023-09-05
5862,5862,Bank Transfer,93838.54,Paid,2025-07-11
5863,5863,Mobile Money,33324.53,Paid,2026-06-22
5864,5864,Mobile Money,199247.97,Paid,2025-06-11
5865,5865,Card,210625.27,Paid,2025-03-11
5866,5866,Mobile Money,195402.55,Paid,2023-06-01
5867,5867,Cash on Delivery,217233.87,Paid,2023-09-13
5868,5868,Card,447874.99,Paid,2024-10-31
5869,5869,Card,77191.27,Paid,2024-10-01
5870,5870,Card,221511.05,Paid,2024-10-03
5871,5871,Bank Transfer,221263.12,Refunded,2026-02-20
5872,5872,Card,104472.35,Paid,2024-01-26
5873,5873,Mobile Money,53391.51,Paid,2024-03-21
5874,5874,Mobile Money,359793.25,Paid,2023-12-16
5875,5875,Cash on Delivery,126095.26,Pending,2023-01-26
5876,5876,Card,53868.14,Paid,2024-05-30
5877,5877,Bank Transfer,82265.63,Paid,2023-06-17
5878,5878,Card,407569.25,Paid,2023-01-21
5879,5879,Mobile Money,181528.89,Paid,2024-06-02
5880,5880,Bank Transfer,130944.3,Paid,2023-03-22
5881,5881,Bank Transfer,83236.28,Paid,2023-10-03
5882,5882,Card,261612.33,Paid,2026-04-23
5883,5883,Bank Transfer,19046.54,Refunded,2025-03-20
5884,5884,Mobile Money,31360.42,Paid,2025-10-19
5885,5885,Card,102230.65,Pending,2025-07-08
5886,5886,Cash on Delivery,230954.78,Paid,2023-04-17
5887,5887,Mobile Money,285354.75,Refunded,2023-03-15
5888,5888,Cash on Delivery,36483.46,Paid,2026-05-10
5889,5889,Mobile Money,146855.05,Paid,2025-08-04
5890,5890,Bank Transfer,156668.11,Refunded,2024-12-10
5891,5891,Cash on Delivery,93897.19,Paid,2025-12-25
5892,5892,Mobile Money,368151.53,Refunded,2025-09-21
5893,5893,Bank Transfer,77046.71,Failed,2024-04-24
5894,5894,Mobile Money,47788.78,Paid,2024-03-25
5895,5895,Card,131157.95,Failed,2023-12-13
5896,5896,Mobile Money,52767.53,Pending,2024-01-28
5897,5897,Card,156362.51,Paid,2026-01-29
5898,5898,Card,115240.06,Paid,2023-03-23
5899,5899,Mobile Money,127581.56,Paid,2024-12-22
5900,5900,Bank Transfer,74561.4,Paid,2025-12-03
5901,5901,Cash on Delivery,34473.37,Paid,2023-05-25
5902,5902,Mobile Money,227668.92,Paid,2026-04-29
5903,5903,Cash on Delivery,64028.76,Paid,2024-10-14
5904,5904,Bank Transfer,152301.98,Paid,2023-04-27
5905,5905,Card,13322.09,Paid,2023-01-07
5906,5906,Mobile Money,100801.7,Refunded,2026-02-17
5907,5907,Cash on Delivery,95914.94,Paid,2026-03-05
5908,5908,Cash on Delivery,217830.82,Pending,2025-03-29
5909,5909,Card,111624.92,Paid,2025-10-30
5910,5910,Mobile Money,264099.54,Paid,2023-05-25
5911,5911,Mobile Money,73668.31,Pending,2026-03-31
5912,5912,Mobile Money,259551.02,Refunded,2026-02-05
5913,5913,Mobile Money,31083.56,Paid,2023-12-17
5914,5914,Cash on Delivery,154332.02,Paid,2024-11-20
5915,5915,Cash on Delivery,92277.0,Paid,2023-03-12
5916,5916,Mobile Money,109462.26,Refunded,2023-07-17
5917,5917,Card,306424.78,Paid,2024-12-26
5918,5918,Bank Transfer,45177.39,Paid,2023-02-23
5919,5919,Cash on Delivery,226152.8,Paid,2023-08-08
5920,5920,Card,232577.23,Paid,2024-04-14
5921,5921,Bank Transfer,144067.3,Paid,2023-01-21
5922,5922,Card,142106.37,Pending,2025-10-03
5923,5923,Bank Transfer,150298.57,Paid,2023-10-16
5924,5924,Cash on Delivery,136216.93,Refunded,2025-09-24
5925,5925,Bank Transfer,31382.94,Paid,2024-02-11
5926,5926,Bank Transfer,48825.27,Paid,2023-08-18
5927,5927,Cash on Delivery,173156.92,Paid,2025-12-13
5928,5928,Cash on Delivery,204490.3,Paid,2024-04-16
5929,5929,Cash on Delivery,18881.48,Paid,2025-06-26
5930,5930,Card,80535.78,Refunded,2023-05-25
5931,5931,Mobile Money,160480.22,Paid,2025-05-16
5932,5932,Bank Transfer,126351.39,Paid,2023-05-25
5933,5933,Cash on Delivery,112093.18,Paid,2024-05-03
5934,5934,Card,19728.4,Paid,2025-04-04
5935,5935,Card,23339.0,Paid,2024-11-15
5936,5936,Bank Transfer,454705.86,Paid,2023-02-24
5937,5937,Mobile Money,138113.27,Paid,2025-11-09
5938,5938,Mobile Money,57680.62,Paid,2026-01-25
5939,5939,Cash on Delivery,119046.21,Pending,2023-04-02
5940,5940,Cash on Delivery,208707.44,Paid,2023-06-05
5941,5941,Card,213962.07,Paid,2023-04-04
5942,5942,Bank Transfer,46992.59,Refunded,2023-05-09
5943,5943,Card,86713.61,Paid,2025-07-01
5944,5944,Cash on Delivery,225563.31,Paid,2023-05-12
5945,5945,Mobile Money,25575.55,Paid,2023-01-23
5946,5946,Cash on Delivery,352783.4,Paid,2024-07-27
5947,5947,Bank Transfer,172381.87,Paid,2024-06-07
5948,5948,Cash on Delivery,335344.59,Paid,2023-09-23
5949,5949,Card,56484.7,Paid,2023-04-03
5950,5950,Bank Transfer,193049.79,Refunded,2023-05-15
5951,5951,Card,303366.97,Refunded,2023-09-07
5952,5952,Cash on Delivery,145226.55,Paid,2025-07-21
5953,5953,Cash on Delivery,49620.57,Paid,2025-08-25
5954,5954,Bank Transfer,58730.37,Failed,2024-04-20
5955,5955,Mobile Money,221069.6,Paid,2025-08-08
5956,5956,Cash on Delivery,79752.04,Paid,2023-06-07
5957,5957,Cash on Delivery,247469.2,Paid,2026-02-19
5958,5958,Card,292483.44,Paid,2025-07-18
5959,5959,Mobile Money,245902.2,Pending,2025-01-29
5960,5960,Card,284749.41,Paid,2023-06-06
5961,5961,Bank Transfer,9103.28,Pending,2023-06-22
5962,5962,Bank Transfer,47158.52,Paid,2025-07-23
5963,5963,Card,60576.43,Paid,2024-07-22
5964,5964,Mobile Money,62052.62,Paid,2025-01-09
5965,5965,Mobile Money,61232.06,Paid,2025-10-23
5966,5966,Card,221547.29,Paid,2025-07-23
5967,5967,Card,239298.93,Paid,2023-03-04
5968,5968,Cash on Delivery,227076.12,Paid,2025-04-04
5969,5969,Card,165694.72,Paid,2023-08-08
5970,5970,Bank Transfer,75063.51,Paid,2025-11-10
5971,5971,Card,306973.51,Paid,2023-08-06
5972,5972,Mobile Money,131549.06,Paid,2025-03-12
5973,5973,Mobile Money,94185.7,Paid,2024-09-18
5974,5974,Cash on Delivery,152328.57,Paid,2024-01-10
5975,5975,Mobile Money,253453.12,Paid,2024-05-30
5976,5976,Bank Transfer,177934.12,Paid,2024-10-05
5977,5977,Cash on Delivery,167692.38,Paid,2023-04-22
5978,5978,Mobile Money,128468.55,Paid,2024-12-28
5979,5979,Card,73778.69,Failed,2024-01-16
5980,5980,Cash on Delivery,67304.62,Paid,2024-12-14
5981,5981,Card,332465.76,Paid,2024-06-30
5982,5982,Card,28004.8,Paid,2025-07-10
5983,5983,Mobile Money,310133.52,Paid,2025-07-22
5984,5984,Bank Transfer,64883.42,Paid,2026-01-06
5985,5985,Mobile Money,109504.89,Paid,2023-10-05
5986,5986,Card,214614.49,Paid,2023-03-21
5987,5987,Bank Transfer,257184.45,Paid,2023-01-19
5988,5988,Card,148763.24,Paid,2024-09-27
5989,5989,Card,228991.8,Paid,2023-12-22
5990,5990,Card,120718.02,Paid,2025-01-21
5991,5991,Cash on Delivery,179398.38,Paid,2023-07-14
5992,5992,Mobile Money,241747.38,Paid,2025-05-25
5993,5993,Card,274572.37,Pending,2024-06-10
5994,5994,Card,315586.13,Paid,2024-08-21
5995,5995,Mobile Money,295670.11,Paid,2023-05-02
5996,5996,Cash on Delivery,148008.7,Paid,2023-06-18
5997,5997,Card,194873.11,Paid,2025-08-06
5998,5998,Cash on Delivery,187492.81,Paid,2023-11-18
5999,5999,Cash on Delivery,332342.92,Paid,2024-08-07
6000,6000,Mobile Money,166130.41,Paid,2025-08-07
6001,6001,Card,246995.44,Paid,2025-05-16
6002,6002,Bank Transfer,96735.9,Failed,2024-06-09
6003,6003,Cash on Delivery,308980.21,Paid,2024-03-13
6004,6004,Card,278678.48,Pending,2025-11-17
6005,6005,Cash on Delivery,137673.6,Paid,2026-05-03
6006,6006,Mobile Money,260697.29,Paid,2024-06-18
6007,6007,Mobile Money,285536.09,Paid,2025-08-14
6008,6008,Bank Transfer,258145.52,Paid,2023-08-04
6009,6009,Mobile Money,234122.11,Pending,2024-08-13
6010,6010,Cash on Delivery,181678.86,Paid,2025-01-01
6011,6011,Bank Transfer,43377.88,Paid,2023-09-13
6012,6012,Cash on Delivery,160885.56,Paid,2025-08-30
6013,6013,Mobile Money,156053.11,Paid,2025-07-31
6014,6014,Mobile Money,71262.02,Paid,2024-12-26
6015,6015,Mobile Money,281157.11,Paid,2023-02-28
6016,6016,Cash on Delivery,70106.24,Paid,2023-07-07
6017,6017,Card,41701.49,Paid,2023-05-30
6018,6018,Card,75823.0,Paid,2023-08-21
6019,6019,Mobile Money,133789.66,Paid,2023-10-09
6020,6020,Bank Transfer,57454.79,Paid,2024-05-22
6021,6021,Card,101157.77,Paid,2023-03-09
6022,6022,Card,53275.99,Paid,2024-09-25
6023,6023,Mobile Money,445310.02,Paid,2025-06-15
6024,6024,Bank Transfer,49691.74,Refunded,2025-01-18
6025,6025,Bank Transfer,64924.87,Paid,2024-10-09
6026,6026,Cash on Delivery,38203.13,Paid,2023-08-11
6027,6027,Mobile Money,363111.42,Paid,2026-06-05
6028,6028,Cash on Delivery,315517.86,Paid,2023-06-24
6029,6029,Cash on Delivery,127151.63,Paid,2024-10-06
6030,6030,Mobile Money,21778.66,Paid,2026-01-01
6031,6031,Card,86253.87,Paid,2025-01-25
6032,6032,Bank Transfer,301995.18,Paid,2026-04-03
6033,6033,Bank Transfer,296065.3,Paid,2024-01-28
6034,6034,Bank Transfer,63899.14,Paid,2026-04-29
6035,6035,Card,182856.08,Paid,2024-02-27
6036,6036,Bank Transfer,196480.57,Paid,2025-11-06
6037,6037,Cash on Delivery,171761.2,Paid,2024-10-09
6038,6038,Bank Transfer,297419.68,Failed,2025-11-07
6039,6039,Card,84166.25,Paid,2025-07-12
6040,6040,Card,452014.86,Paid,2023-09-27
6041,6041,Bank Transfer,169315.2,Paid,2025-08-27
6042,6042,Bank Transfer,78118.27,Paid,2024-07-14
6043,6043,Card,453550.44,Paid,2024-05-17
6044,6044,Card,35181.06,Paid,2023-04-10
6045,6045,Cash on Delivery,246904.68,Paid,2025-11-12
6046,6046,Card,272561.79,Paid,2023-09-15
6047,6047,Bank Transfer,81924.8,Failed,2025-10-14
6048,6048,Cash on Delivery,447924.28,Paid,2024-12-21
6049,6049,Mobile Money,32123.13,Paid,2023-02-12
6050,6050,Cash on Delivery,15696.87,Paid,2024-06-04
6051,6051,Mobile Money,192809.29,Paid,2024-06-02
6052,6052,Bank Transfer,291647.83,Paid,2023-03-31
6053,6053,Cash on Delivery,124324.61,Failed,2026-06-12
6054,6054,Bank Transfer,235582.34,Paid,2024-06-01
6055,6055,Card,112690.37,Paid,2025-03-24
6056,6056,Mobile Money,202024.06,Paid,2025-09-03
6057,6057,Card,193838.84,Paid,2023-04-27
6058,6058,Bank Transfer,196930.5,Paid,2024-04-18
6059,6059,Cash on Delivery,251789.45,Paid,2026-05-08
6060,6060,Card,52515.87,Paid,2023-11-13
6061,6061,Cash on Delivery,123009.84,Paid,2024-05-12
6062,6062,Card,88871.29,Paid,2026-04-26
6063,6063,Card,68431.89,Paid,2024-11-19
6064,6064,Bank Transfer,180848.61,Paid,2026-06-30
6065,6065,Mobile Money,73274.74,Paid,2023-08-26
6066,6066,Card,79255.78,Paid,2023-08-12
6067,6067,Card,859041.15,Paid,2023-10-22
6068,6068,Card,23002.59,Paid,2023-09-29
6069,6069,Mobile Money,118673.53,Paid,2023-11-27
6070,6070,Cash on Delivery,156176.31,Paid,2023-09-22
6071,6071,Card,89362.05,Paid,2024-07-08
6072,6072,Bank Transfer,247083.82,Failed,2024-07-23
6073,6073,Card,52581.75,Paid,2023-06-15
6074,6074,Cash on Delivery,39003.01,Paid,2023-06-12
6075,6075,Card,103985.69,Paid,2023-10-06
6076,6076,Bank Transfer,447205.06,Paid,2023-03-19
6077,6077,Mobile Money,322658.68,Paid,2024-11-24
6078,6078,Mobile Money,10704.64,Refunded,2023-10-04
6079,6079,Cash on Delivery,85551.73,Paid,2025-10-01
6080,6080,Bank Transfer,108499.44,Paid,2024-03-06
6081,6081,Bank Transfer,25571.99,Paid,2024-04-14
6082,6082,Bank Transfer,114471.84,Paid,2023-09-30
6083,6083,Card,38028.85,Paid,2025-05-06
6084,6084,Card,113520.93,Paid,2023-09-03
6085,6085,Bank Transfer,122015.33,Paid,2025-09-29
6086,6086,Mobile Money,89332.57,Paid,2024-02-01
6087,6087,Cash on Delivery,224722.9,Paid,2025-12-04
6088,6088,Cash on Delivery,109128.95,Refunded,2025-02-22
6089,6089,Mobile Money,99539.0,Paid,2025-01-09
6090,6090,Mobile Money,92478.9,Pending,2024-12-30
6091,6091,Bank Transfer,376125.69,Paid,2024-02-03
6092,6092,Mobile Money,384093.38,Paid,2026-03-09
6093,6093,Bank Transfer,138008.4,Failed,2024-04-22
6094,6094,Cash on Delivery,42202.09,Paid,2023-08-04
6095,6095,Mobile Money,227884.6,Paid,2023-06-25
6096,6096,Mobile Money,116825.99,Pending,2023-11-24
6097,6097,Mobile Money,23505.54,Paid,2023-02-24
6098,6098,Mobile Money,216085.77,Paid,2023-02-07
6099,6099,Cash on Delivery,64065.52,Refunded,2023-12-20
6100,6100,Cash on Delivery,257721.83,Paid,2023-06-24
6101,6101,Card,96975.91,Paid,2026-04-11
6102,6102,Card,74522.22,Paid,2024-10-24
6103,6103,Bank Transfer,61113.66,Paid,2024-04-25
6104,6104,Card,65281.25,Paid,2025-11-22
6105,6105,Card,87910.93,Paid,2025-01-08
6106,6106,Cash on Delivery,262590.7,Paid,2023-12-09
6107,6107,Cash on Delivery,283534.28,Paid,2025-12-12
6108,6108,Card,94578.96,Paid,2026-05-24
6109,6109,Card,88891.82,Paid,2023-01-25
6110,6110,Mobile Money,76708.43,Paid,2023-09-07
6111,6111,Card,47933.8,Paid,2025-11-17
6112,6112,Card,286870.32,Paid,2024-12-16
6113,6113,Cash on Delivery,254481.02,Paid,2024-11-28
6114,6114,Cash on Delivery,173702.46,Paid,2024-11-24
6115,6115,Mobile Money,179217.59,Paid,2023-03-30
6116,6116,Cash on Delivery,138247.34,Pending,2023-12-27
6117,6117,Cash on Delivery,241840.42,Paid,2025-03-16
6118,6118,Card,324672.77,Paid,2024-11-25
6119,6119,Card,49502.49,Paid,2023-10-03
6120,6120,Bank Transfer,96942.55,Paid,2026-02-07
6121,6121,Mobile Money,144568.59,Paid,2024-06-14
6122,6122,Card,125316.43,Pending,2024-06-18
6123,6123,Bank Transfer,40371.1,Pending,2026-03-21
6124,6124,Mobile Money,58568.35,Paid,2025-02-12
6125,6125,Card,230697.77,Paid,2026-02-12
6126,6126,Card,138565.26,Paid,2026-02-28
6127,6127,Bank Transfer,253313.79,Paid,2025-01-07
6128,6128,Mobile Money,151376.13,Paid,2023-06-04
6129,6129,Card,321363.97,Pending,2025-07-26
6130,6130,Cash on Delivery,9550.66,Paid,2023-07-07
6131,6131,Cash on Delivery,152379.88,Paid,2026-03-31
6132,6132,Card,178201.15,Paid,2024-03-19
6133,6133,Mobile Money,53774.31,Paid,2024-07-24
6134,6134,Card,261502.97,Paid,2025-06-02
6135,6135,Mobile Money,19986.75,Paid,2025-12-04
6136,6136,Mobile Money,195343.2,Paid,2025-06-17
6137,6137,Bank Transfer,101061.72,Paid,2024-08-22
6138,6138,Card,60696.71,Paid,2025-03-07
6139,6139,Card,74988.67,Paid,2025-02-03
6140,6140,Cash on Delivery,80308.75,Paid,2026-04-22
6141,6141,Bank Transfer,99882.43,Pending,2024-03-27
6142,6142,Card,183805.81,Paid,2025-10-13
6143,6143,Mobile Money,119117.82,Paid,2024-01-14
6144,6144,Mobile Money,124752.51,Paid,2023-02-25
6145,6145,Cash on Delivery,460673.8,Paid,2025-11-02
6146,6146,Bank Transfer,81212.64,Paid,2025-01-22
6147,6147,Mobile Money,248963.63,Paid,2024-11-28
6148,6148,Cash on Delivery,207463.78,Paid,2026-01-10
6149,6149,Mobile Money,65620.3,Paid,2026-01-06
6150,6150,Cash on Delivery,155960.22,Paid,2024-02-25
6151,6151,Cash on Delivery,290297.75,Paid,2023-05-30
6152,6152,Card,191760.19,Paid,2024-01-23
6153,6153,Mobile Money,219481.6,Paid,2026-01-02
6154,6154,Cash on Delivery,200196.12,Pending,2025-06-27
6155,6155,Mobile Money,39241.57,Paid,2025-10-17
6156,6156,Card,103729.5,Paid,2024-07-11
6157,6157,Bank Transfer,84003.48,Paid,2024-05-21
6158,6158,Card,124787.5,Paid,2026-04-25
6159,6159,Cash on Delivery,54273.49,Paid,2024-09-24
6160,6160,Mobile Money,141094.48,Paid,2023-06-18
6161,6161,Card,148521.65,Paid,2024-05-03
6162,6162,Mobile Money,205739.39,Paid,2024-01-17
6163,6163,Card,203734.49,Paid,2025-09-30
6164,6164,Bank Transfer,319647.94,Paid,2024-06-06
6165,6165,Bank Transfer,73753.46,Paid,2023-09-07
6166,6166,Bank Transfer,164973.62,Paid,2025-10-19
6167,6167,Bank Transfer,228133.7,Pending,2025-11-02
6168,6168,Bank Transfer,24531.74,Paid,2024-05-28
6169,6169,Card,295317.5,Paid,2025-10-22
6170,6170,Mobile Money,44534.64,Refunded,2024-06-12
6171,6171,Mobile Money,261566.96,Paid,2023-10-07
6172,6172,Bank Transfer,58138.17,Paid,2025-12-09
6173,6173,Card,713303.66,Pending,2023-01-30
6174,6174,Bank Transfer,50921.36,Paid,2023-10-11
6175,6175,Cash on Delivery,275609.59,Paid,2024-06-13
6176,6176,Cash on Delivery,79998.15,Paid,2023-05-26
6177,6177,Bank Transfer,46364.18,Paid,2023-08-15
6178,6178,Mobile Money,87460.9,Paid,2023-01-15
6179,6179,Cash on Delivery,112214.48,Paid,2024-04-17
6180,6180,Cash on Delivery,116777.4,Paid,2024-09-27
6181,6181,Card,60719.69,Paid,2025-07-10
6182,6182,Mobile Money,162451.24,Paid,2025-06-05
6183,6183,Card,69985.92,Paid,2025-03-18
6184,6184,Mobile Money,133821.25,Paid,2025-10-21
6185,6185,Mobile Money,54466.88,Paid,2025-06-11
6186,6186,Cash on Delivery,34437.47,Paid,2023-05-25
6187,6187,Cash on Delivery,65266.47,Paid,2026-06-30
6188,6188,Mobile Money,457671.25,Paid,2026-04-30
6189,6189,Bank Transfer,68510.66,Paid,2025-01-08
6190,6190,Mobile Money,317111.9,Paid,2023-01-11
6191,6191,Mobile Money,86175.97,Paid,2025-01-10
6192,6192,Bank Transfer,263875.36,Paid,2026-05-03
6193,6193,Mobile Money,283310.25,Paid,2025-12-13
6194,6194,Card,113994.98,Paid,2023-05-07
6195,6195,Bank Transfer,66759.39,Paid,2025-04-29
6196,6196,Card,162470.25,Paid,2023-11-29
6197,6197,Cash on Delivery,144627.91,Paid,2023-07-02
6198,6198,Card,71097.12,Paid,2024-05-10
6199,6199,Cash on Delivery,81234.14,Failed,2025-11-07
6200,6200,Mobile Money,94842.34,Paid,2024-05-30
6201,6201,Mobile Money,304229.21,Paid,2025-10-17
6202,6202,Cash on Delivery,33898.19,Paid,2024-12-29
6203,6203,Mobile Money,373251.0,Paid,2023-06-03
6204,6204,Bank Transfer,64346.94,Paid,2024-06-02
6205,6205,Mobile Money,68697.86,Paid,2024-03-08
6206,6206,Card,139712.6,Paid,2026-01-23
6207,6207,Bank Transfer,141221.51,Paid,2023-07-02
6208,6208,Cash on Delivery,51472.38,Paid,2025-05-18
6209,6209,Bank Transfer,72055.2,Paid,2024-02-21
6210,6210,Mobile Money,340036.95,Paid,2026-01-05
6211,6211,Cash on Delivery,52295.64,Paid,2025-12-29
6212,6212,Cash on Delivery,129603.01,Paid,2023-04-05
6213,6213,Card,162079.49,Paid,2023-08-16
6214,6214,Mobile Money,69123.52,Paid,2026-05-19
6215,6215,Mobile Money,111981.62,Failed,2023-12-11
6216,6216,Mobile Money,124111.8,Paid,2026-01-04
6217,6217,Cash on Delivery,104808.93,Paid,2023-08-28
6218,6218,Card,77385.46,Paid,2025-06-08
6219,6219,Mobile Money,88910.64,Paid,2023-04-10
6220,6220,Mobile Money,57552.88,Failed,2025-10-09
6221,6221,Mobile Money,71341.76,Paid,2026-06-24
6222,6222,Card,255840.69,Paid,2023-09-18
6223,6223,Cash on Delivery,162382.5,Paid,2025-07-19
6224,6224,Mobile Money,30953.54,Paid,2025-01-18
6225,6225,Bank Transfer,45283.27,Pending,2024-07-15
6226,6226,Card,152676.03,Paid,2024-09-16
6227,6227,Cash on Delivery,55805.88,Paid,2023-03-15
6228,6228,Mobile Money,216387.26,Paid,2024-03-20
6229,6229,Bank Transfer,212285.22,Paid,2024-12-23
6230,6230,Bank Transfer,70364.58,Paid,2023-09-27
6231,6231,Mobile Money,99321.99,Paid,2026-01-07
6232,6232,Card,66282.34,Paid,2023-04-20
6233,6233,Card,230576.55,Paid,2025-12-15
6234,6234,Bank Transfer,49848.72,Paid,2023-05-06
6235,6235,Bank Transfer,152350.86,Paid,2024-01-24
6236,6236,Card,83091.51,Paid,2023-01-30
6237,6237,Mobile Money,33999.27,Paid,2024-01-13
6238,6238,Card,24385.68,Paid,2026-03-03
6239,6239,Mobile Money,72921.17,Paid,2024-06-26
6240,6240,Card,399878.62,Paid,2023-06-26
6241,6241,Cash on Delivery,267520.89,Paid,2025-09-18
6242,6242,Mobile Money,368109.52,Paid,2024-11-03
6243,6243,Mobile Money,106869.78,Paid,2025-09-28
6244,6244,Mobile Money,446258.12,Paid,2025-06-12
6245,6245,Cash on Delivery,72072.6,Paid,2023-05-13
6246,6246,Cash on Delivery,94667.47,Paid,2024-04-06
6247,6247,Bank Transfer,69302.98,Paid,2024-08-13
6248,6248,Cash on Delivery,481495.79,Paid,2025-04-12
6249,6249,Mobile Money,115395.41,Paid,2024-05-20
6250,6250,Cash on Delivery,82773.95,Failed,2023-09-19
6251,6251,Mobile Money,68576.18,Paid,2023-04-15
6252,6252,Mobile Money,35058.52,Paid,2023-07-21
6253,6253,Bank Transfer,38457.75,Paid,2024-05-26
6254,6254,Bank Transfer,142748.83,Paid,2026-06-21
6255,6255,Cash on Delivery,234686.7,Paid,2025-10-29
6256,6256,Bank Transfer,181477.31,Paid,2025-08-27
6257,6257,Bank Transfer,48460.1,Paid,2023-05-24
6258,6258,Card,189003.92,Paid,2024-03-28
6259,6259,Mobile Money,254995.54,Failed,2023-08-13
6260,6260,Mobile Money,214738.24,Paid,2024-05-11
6261,6261,Cash on Delivery,423945.4,Paid,2025-08-04
6262,6262,Card,76924.75,Paid,2023-06-22
6263,6263,Mobile Money,39826.22,Refunded,2023-12-30
6264,6264,Bank Transfer,148109.36,Paid,2024-10-28
6265,6265,Mobile Money,292497.03,Paid,2024-07-19
6266,6266,Bank Transfer,82620.19,Paid,2025-03-14
6267,6267,Cash on Delivery,45608.08,Paid,2026-02-27
6268,6268,Bank Transfer,92325.96,Paid,2023-11-17
6269,6269,Bank Transfer,271351.34,Paid,2023-11-04
6270,6270,Card,164764.15,Paid,2025-03-26
6271,6271,Cash on Delivery,24415.98,Paid,2025-11-07
6272,6272,Card,159744.38,Paid,2026-01-21
6273,6273,Mobile Money,27387.11,Paid,2026-05-17
6274,6274,Bank Transfer,162358.24,Paid,2024-03-22
6275,6275,Mobile Money,97498.79,Paid,2023-05-03
6276,6276,Bank Transfer,203928.64,Paid,2024-12-01
6277,6277,Bank Transfer,258424.84,Paid,2025-09-01
6278,6278,Bank Transfer,143257.23,Failed,2025-01-27
6279,6279,Bank Transfer,142059.29,Paid,2026-02-06
6280,6280,Bank Transfer,60868.16,Paid,2023-02-26
6281,6281,Mobile Money,63617.55,Paid,2024-03-19
6282,6282,Card,121318.4,Pending,2024-12-25
6283,6283,Bank Transfer,46800.38,Paid,2025-04-26
6284,6284,Card,322402.33,Refunded,2023-05-14
6285,6285,Bank Transfer,197052.66,Paid,2024-02-16
6286,6286,Card,89615.38,Paid,2024-02-22
6287,6287,Card,92230.25,Paid,2025-11-20
6288,6288,Bank Transfer,112662.54,Paid,2025-03-21
6289,6289,Card,58584.85,Paid,2026-03-05
6290,6290,Card,389235.98,Pending,2025-04-23
6291,6291,Card,46687.4,Paid,2024-04-13
6292,6292,Cash on Delivery,270780.36,Paid,2024-01-09
6293,6293,Card,115776.71,Paid,2025-11-22
6294,6294,Mobile Money,45824.15,Paid,2026-02-28
6295,6295,Cash on Delivery,394290.15,Paid,2024-10-29
6296,6296,Cash on Delivery,75914.18,Paid,2025-09-09
6297,6297,Bank Transfer,148123.28,Paid,2024-02-10
6298,6298,Cash on Delivery,112210.0,Paid,2025-03-23
6299,6299,Bank Transfer,220271.15,Paid,2023-10-22
6300,6300,Card,382629.7,Paid,2026-06-21
6301,6301,Cash on Delivery,553163.57,Refunded,2025-09-23
6302,6302,Bank Transfer,204281.06,Paid,2023-09-07
6303,6303,Card,213221.94,Paid,2023-11-01
6304,6304,Bank Transfer,76078.12,Paid,2026-05-26
6305,6305,Bank Transfer,426941.77,Paid,2023-03-09
6306,6306,Bank Transfer,471824.44,Paid,2024-09-17
6307,6307,Mobile Money,57080.1,Pending,2024-06-17
6308,6308,Mobile Money,176180.91,Paid,2026-04-26
6309,6309,Mobile Money,186070.96,Paid,2025-08-16
6310,6310,Card,127457.92,Paid,2024-08-25
6311,6311,Cash on Delivery,162684.62,Refunded,2023-02-19
6312,6312,Cash on Delivery,114935.03,Paid,2023-11-16
6313,6313,Cash on Delivery,210974.55,Paid,2025-02-11
6314,6314,Cash on Delivery,119827.18,Paid,2025-06-02
6315,6315,Bank Transfer,158225.3,Pending,2024-09-25
6316,6316,Mobile Money,113849.32,Paid,2024-12-30
6317,6317,Mobile Money,168499.33,Paid,2024-01-06
6318,6318,Card,143062.16,Refunded,2026-03-15
6319,6319,Bank Transfer,159363.88,Paid,2026-03-04
6320,6320,Card,510729.87,Failed,2023-10-20
6321,6321,Card,80510.55,Paid,2025-09-26
6322,6322,Card,101919.32,Paid,2025-04-25
6323,6323,Card,336435.61,Paid,2023-12-06
6324,6324,Mobile Money,268367.81,Paid,2024-07-07
6325,6325,Card,77710.43,Paid,2024-05-08
6326,6326,Cash on Delivery,294860.68,Paid,2025-05-02
6327,6327,Cash on Delivery,192332.59,Paid,2024-09-02
6328,6328,Card,273986.75,Paid,2026-01-24
6329,6329,Mobile Money,108012.42,Paid,2025-03-21
6330,6330,Bank Transfer,73796.8,Paid,2025-11-30
6331,6331,Mobile Money,149815.04,Paid,2023-12-13
6332,6332,Card,109404.78,Paid,2023-02-08
6333,6333,Cash on Delivery,136137.88,Paid,2026-06-29
6334,6334,Mobile Money,148727.69,Paid,2026-06-27
6335,6335,Bank Transfer,77351.7,Paid,2024-09-05
6336,6336,Mobile Money,252422.01,Paid,2024-04-11
6337,6337,Mobile Money,60408.62,Paid,2024-05-22
6338,6338,Cash on Delivery,401083.43,Paid,2024-01-26
6339,6339,Card,164107.17,Paid,2023-10-04
6340,6340,Bank Transfer,99639.68,Paid,2025-10-08
6341,6341,Bank Transfer,428747.73,Paid,2026-06-03
6342,6342,Cash on Delivery,72404.71,Paid,2023-11-20
6343,6343,Bank Transfer,448118.2,Paid,2025-02-28
6344,6344,Bank Transfer,212427.26,Paid,2024-01-05
6345,6345,Mobile Money,24387.89,Paid,2026-04-02
6346,6346,Card,144683.06,Paid,2024-02-04
6347,6347,Card,59201.83,Paid,2024-03-20
6348,6348,Mobile Money,108744.18,Failed,2026-02-07
6349,6349,Cash on Delivery,441669.45,Paid,2024-01-11
6350,6350,Cash on Delivery,29936.03,Paid,2025-09-18
6351,6351,Mobile Money,438361.0,Paid,2026-06-28
6352,6352,Bank Transfer,94046.75,Paid,2023-07-20
6353,6353,Card,183914.83,Paid,2026-03-24
6354,6354,Mobile Money,452843.26,Failed,2023-08-04
6355,6355,Mobile Money,143944.53,Paid,2023-06-12
6356,6356,Card,181635.89,Paid,2023-12-23
6357,6357,Bank Transfer,115334.24,Paid,2024-06-10
6358,6358,Cash on Delivery,61159.04,Paid,2025-09-12
6359,6359,Bank Transfer,126232.61,Paid,2024-08-06
6360,6360,Mobile Money,50361.97,Refunded,2023-08-21
6361,6361,Cash on Delivery,235304.52,Paid,2026-02-05
6362,6362,Bank Transfer,82564.98,Paid,2025-12-27
6363,6363,Bank Transfer,132053.66,Paid,2023-04-20
6364,6364,Card,260570.29,Paid,2025-11-30
6365,6365,Card,116749.02,Failed,2024-02-18
6366,6366,Card,35396.63,Paid,2023-08-22
6367,6367,Card,101803.74,Paid,2025-02-18
6368,6368,Bank Transfer,463025.96,Paid,2024-03-15
6369,6369,Cash on Delivery,300623.99,Paid,2024-04-23
6370,6370,Mobile Money,60207.53,Paid,2024-01-18
6371,6371,Cash on Delivery,225488.44,Paid,2023-03-29
6372,6372,Cash on Delivery,78185.36,Paid,2025-06-13
6373,6373,Mobile Money,306847.57,Paid,2023-12-06
6374,6374,Bank Transfer,50445.35,Paid,2023-12-09
6375,6375,Card,274181.47,Paid,2023-06-20
6376,6376,Mobile Money,89695.28,Pending,2025-06-05
6377,6377,Mobile Money,388981.38,Paid,2025-04-22
6378,6378,Bank Transfer,149482.12,Paid,2024-10-17
6379,6379,Card,135027.16,Paid,2024-06-09
6380,6380,Mobile Money,541662.88,Refunded,2023-02-02
6381,6381,Bank Transfer,113565.6,Paid,2024-09-04
6382,6382,Card,84038.24,Paid,2024-03-03
6383,6383,Bank Transfer,78161.72,Paid,2023-01-25
6384,6384,Mobile Money,589958.33,Paid,2025-12-04
6385,6385,Bank Transfer,120591.95,Paid,2024-12-02
6386,6386,Bank Transfer,241337.02,Paid,2023-01-06
6387,6387,Bank Transfer,171000.37,Pending,2026-01-26
6388,6388,Bank Transfer,106676.49,Paid,2023-05-08
6389,6389,Cash on Delivery,33728.7,Paid,2025-06-12
6390,6390,Card,64651.78,Paid,2023-01-15
6391,6391,Bank Transfer,42749.15,Paid,2025-07-09
6392,6392,Bank Transfer,166848.57,Paid,2024-11-26
6393,6393,Card,255890.54,Paid,2023-01-16
6394,6394,Bank Transfer,272871.44,Paid,2023-12-09
6395,6395,Card,99745.71,Paid,2023-10-09
6396,6396,Card,59320.47,Paid,2026-01-25
6397,6397,Cash on Delivery,73363.96,Pending,2023-07-04
6398,6398,Card,131490.23,Paid,2023-02-26
6399,6399,Mobile Money,223245.68,Paid,2025-12-29
6400,6400,Bank Transfer,91444.46,Paid,2023-03-22
6401,6401,Bank Transfer,193139.46,Paid,2025-04-01
6402,6402,Card,24796.57,Paid,2024-07-13
6403,6403,Card,165306.79,Failed,2025-08-01
6404,6404,Mobile Money,436868.46,Paid,2024-12-21
6405,6405,Bank Transfer,158830.27,Paid,2026-02-12
6406,6406,Card,69279.14,Paid,2023-07-03
6407,6407,Cash on Delivery,246676.53,Refunded,2023-04-25
6408,6408,Mobile Money,15239.04,Paid,2024-09-22
6409,6409,Bank Transfer,417107.09,Paid,2024-05-19
6410,6410,Cash on Delivery,9063.08,Paid,2026-03-28
6411,6411,Bank Transfer,280890.71,Paid,2024-07-15
6412,6412,Mobile Money,83116.8,Paid,2025-04-03
6413,6413,Mobile Money,32714.94,Refunded,2026-04-11
6414,6414,Cash on Delivery,342404.88,Paid,2023-03-01
6415,6415,Card,326042.02,Paid,2023-07-13
6416,6416,Mobile Money,226550.95,Paid,2025-09-16
6417,6417,Mobile Money,59537.68,Paid,2023-11-09
6418,6418,Bank Transfer,183064.3,Paid,2024-12-17
6419,6419,Card,180020.51,Refunded,2025-06-20
6420,6420,Card,202993.26,Paid,2023-11-01
6421,6421,Cash on Delivery,112293.31,Paid,2026-04-19
6422,6422,Mobile Money,177744.82,Pending,2025-12-09
6423,6423,Bank Transfer,132494.91,Paid,2025-01-08
6424,6424,Mobile Money,206388.11,Pending,2026-06-22
6425,6425,Cash on Delivery,44921.26,Paid,2024-11-26
6426,6426,Mobile Money,291085.74,Paid,2023-12-01
6427,6427,Card,60182.29,Refunded,2024-05-12
6428,6428,Card,288547.8,Failed,2024-02-05
6429,6429,Card,176538.09,Paid,2025-02-25
6430,6430,Cash on Delivery,40587.62,Paid,2025-07-20
6431,6431,Card,102335.5,Paid,2025-03-15
6432,6432,Card,337406.14,Refunded,2023-06-08
6433,6433,Card,93986.06,Refunded,2025-07-18
6434,6434,Card,92265.36,Paid,2025-08-27
6435,6435,Bank Transfer,207175.45,Paid,2024-04-25
6436,6436,Cash on Delivery,252033.6,Paid,2023-11-20
6437,6437,Mobile Money,634560.84,Paid,2024-02-03
6438,6438,Cash on Delivery,111020.56,Paid,2024-06-20
6439,6439,Bank Transfer,305799.91,Failed,2024-02-06
6440,6440,Card,51239.44,Paid,2025-05-01
6441,6441,Card,95763.12,Paid,2026-02-13
6442,6442,Mobile Money,90689.63,Failed,2025-01-16
6443,6443,Cash on Delivery,147016.23,Paid,2025-01-15
6444,6444,Bank Transfer,70218.08,Paid,2024-09-19
6445,6445,Mobile Money,398877.89,Paid,2023-06-22
6446,6446,Mobile Money,87915.55,Pending,2026-03-25
6447,6447,Bank Transfer,87114.57,Paid,2025-09-06
6448,6448,Bank Transfer,44199.6,Paid,2026-02-09
6449,6449,Cash on Delivery,482861.64,Refunded,2024-09-06
6450,6450,Card,58218.43,Paid,2023-06-02
6451,6451,Bank Transfer,95709.3,Paid,2024-07-13
6452,6452,Card,62076.19,Paid,2025-03-04
6453,6453,Card,194482.99,Pending,2025-06-24
6454,6454,Mobile Money,161989.59,Paid,2024-10-23
6455,6455,Card,227328.72,Pending,2025-12-17
6456,6456,Bank Transfer,57065.25,Refunded,2023-08-31
6457,6457,Cash on Delivery,68571.4,Paid,2025-08-09
6458,6458,Card,125945.82,Paid,2023-06-04
6459,6459,Bank Transfer,113247.61,Paid,2026-03-10
6460,6460,Mobile Money,5123.3,Paid,2023-04-10
6461,6461,Cash on Delivery,173368.37,Paid,2023-12-18
6462,6462,Cash on Delivery,174793.09,Paid,2023-02-22
6463,6463,Bank Transfer,335217.2,Pending,2024-09-06
6464,6464,Mobile Money,232474.29,Paid,2025-02-25
6465,6465,Bank Transfer,115057.47,Paid,2023-05-26
6466,6466,Bank Transfer,31582.57,Paid,2025-05-11
6467,6467,Bank Transfer,225371.01,Failed,2025-02-12
6468,6468,Cash on Delivery,196179.41,Paid,2025-07-02
6469,6469,Bank Transfer,156134.09,Paid,2023-05-11
6470,6470,Mobile Money,307168.19,Paid,2023-03-17
6471,6471,Bank Transfer,15488.76,Paid,2024-06-29
6472,6472,Mobile Money,154542.01,Paid,2023-07-29
6473,6473,Card,103186.56,Paid,2023-10-12
6474,6474,Mobile Money,15452.9,Paid,2024-06-04
6475,6475,Bank Transfer,549425.97,Paid,2026-02-16
6476,6476,Bank Transfer,88693.73,Paid,2024-04-09
6477,6477,Mobile Money,84671.75,Paid,2023-05-04
6478,6478,Mobile Money,284804.62,Paid,2026-06-17
6479,6479,Bank Transfer,44799.89,Paid,2025-08-04
6480,6480,Card,225431.37,Paid,2026-05-23
6481,6481,Card,280837.04,Paid,2024-06-19
6482,6482,Cash on Delivery,28755.76,Paid,2023-05-19
6483,6483,Mobile Money,101194.89,Refunded,2023-10-07
6484,6484,Bank Transfer,272805.88,Paid,2024-04-01
6485,6485,Card,256923.27,Paid,2025-05-16
6486,6486,Card,43106.6,Paid,2025-01-24
6487,6487,Bank Transfer,141493.29,Paid,2026-05-11
6488,6488,Mobile Money,57359.03,Paid,2025-08-21
6489,6489,Mobile Money,141454.75,Paid,2026-05-31
6490,6490,Mobile Money,380860.88,Paid,2024-11-27
6491,6491,Mobile Money,76319.87,Paid,2026-05-15
6492,6492,Mobile Money,41185.43,Paid,2025-03-09
6493,6493,Card,44472.53,Paid,2023-07-24
6494,6494,Card,63148.14,Paid,2024-07-12
6495,6495,Cash on Delivery,200425.91,Paid,2024-07-28
6496,6496,Cash on Delivery,27650.29,Paid,2024-11-29
6497,6497,Cash on Delivery,205040.32,Paid,2025-12-22
6498,6498,Card,68973.26,Paid,2026-06-21
6499,6499,Cash on Delivery,354654.79,Paid,2023-01-31
6500,6500,Mobile Money,317828.16,Paid,2025-08-16
6501,6501,Card,408696.99,Paid,2023-06-17
6502,6502,Card,18330.61,Paid,2024-08-18
6503,6503,Mobile Money,260315.86,Refunded,2025-02-16
6504,6504,Cash on Delivery,199675.92,Paid,2025-12-14
6505,6505,Cash on Delivery,173505.58,Paid,2024-12-08
6506,6506,Card,30493.63,Paid,2026-05-27
6507,6507,Card,173690.99,Paid,2024-05-07
6508,6508,Cash on Delivery,340907.5,Paid,2024-05-15
6509,6509,Bank Transfer,149090.21,Paid,2026-04-24
6510,6510,Mobile Money,102074.8,Paid,2025-05-04
6511,6511,Mobile Money,170253.06,Paid,2024-04-02
6512,6512,Mobile Money,24365.45,Failed,2024-12-23
6513,6513,Bank Transfer,71038.96,Paid,2024-11-08
6514,6514,Card,49580.21,Pending,2026-04-28
6515,6515,Bank Transfer,42272.06,Paid,2024-10-26
6516,6516,Bank Transfer,53603.84,Paid,2026-04-21
6517,6517,Mobile Money,554035.19,Paid,2026-02-26
6518,6518,Mobile Money,166339.7,Failed,2025-03-24
6519,6519,Cash on Delivery,75965.16,Refunded,2026-02-28
6520,6520,Card,43416.46,Paid,2025-11-24
6521,6521,Bank Transfer,92590.5,Refunded,2023-05-01
6522,6522,Bank Transfer,220177.98,Failed,2026-03-14
6523,6523,Mobile Money,141792.03,Paid,2025-04-29
6524,6524,Mobile Money,32700.81,Paid,2024-03-29
6525,6525,Card,30941.2,Paid,2026-05-30
6526,6526,Mobile Money,223457.4,Paid,2023-11-26
6527,6527,Cash on Delivery,207326.49,Paid,2023-09-25
6528,6528,Mobile Money,247341.54,Paid,2023-05-02
6529,6529,Mobile Money,76890.01,Paid,2024-05-18
6530,6530,Mobile Money,91302.32,Paid,2023-05-22
6531,6531,Cash on Delivery,263955.23,Paid,2024-01-22
6532,6532,Card,80565.3,Paid,2025-02-22
6533,6533,Mobile Money,164094.98,Paid,2024-03-23
6534,6534,Mobile Money,91075.25,Paid,2026-06-09
6535,6535,Mobile Money,129737.04,Paid,2023-04-09
6536,6536,Cash on Delivery,24398.98,Pending,2024-04-18
6537,6537,Mobile Money,194219.34,Paid,2024-07-30
6538,6538,Mobile Money,56395.84,Paid,2025-05-09
6539,6539,Card,189918.15,Refunded,2024-01-06
6540,6540,Bank Transfer,62851.45,Paid,2023-06-28
6541,6541,Cash on Delivery,159997.28,Refunded,2023-04-09
6542,6542,Card,42669.01,Paid,2026-04-03
6543,6543,Bank Transfer,71696.52,Paid,2025-04-26
6544,6544,Cash on Delivery,29772.75,Paid,2025-07-20
6545,6545,Cash on Delivery,61350.79,Paid,2025-07-23
6546,6546,Card,166895.04,Paid,2024-11-08
6547,6547,Card,175687.56,Paid,2025-10-29
6548,6548,Card,13014.91,Paid,2024-05-27
6549,6549,Cash on Delivery,172096.24,Paid,2023-08-16
6550,6550,Bank Transfer,53383.32,Paid,2024-02-23
6551,6551,Card,71483.62,Paid,2023-04-11
6552,6552,Cash on Delivery,157900.24,Paid,2024-01-29
6553,6553,Cash on Delivery,181534.37,Paid,2024-02-26
6554,6554,Mobile Money,26439.93,Paid,2025-12-01
6555,6555,Mobile Money,56763.2,Paid,2025-08-09
6556,6556,Bank Transfer,113033.66,Paid,2025-06-04
6557,6557,Card,55023.0,Paid,2025-02-28
6558,6558,Mobile Money,134236.37,Paid,2023-09-10
6559,6559,Cash on Delivery,289097.15,Paid,2025-06-13
6560,6560,Card,92699.03,Paid,2024-08-08
6561,6561,Card,73983.81,Paid,2023-10-06
6562,6562,Card,11051.14,Failed,2025-07-17
6563,6563,Cash on Delivery,286614.19,Paid,2023-04-20
6564,6564,Bank Transfer,89188.68,Paid,2023-12-12
6565,6565,Cash on Delivery,19651.78,Refunded,2024-04-13
6566,6566,Card,57964.12,Paid,2025-08-04
6567,6567,Bank Transfer,200919.28,Paid,2026-01-04
6568,6568,Mobile Money,170317.74,Failed,2026-05-19
6569,6569,Bank Transfer,131196.14,Paid,2026-04-22
6570,6570,Cash on Delivery,19944.11,Paid,2025-02-25
6571,6571,Bank Transfer,237415.13,Paid,2026-04-10
6572,6572,Bank Transfer,75666.03,Paid,2024-08-23
6573,6573,Bank Transfer,139385.78,Paid,2023-10-23
6574,6574,Bank Transfer,257579.72,Paid,2024-06-12
6575,6575,Card,115088.99,Paid,2023-11-16
6576,6576,Mobile Money,51696.91,Pending,2024-11-07
6577,6577,Card,70025.03,Paid,2025-10-25
6578,6578,Bank Transfer,34595.71,Paid,2024-12-10
6579,6579,Card,17003.4,Paid,2025-02-08
6580,6580,Cash on Delivery,146751.47,Paid,2024-04-12
6581,6581,Mobile Money,291917.98,Paid,2024-12-04
6582,6582,Bank Transfer,121630.12,Paid,2023-02-27
6583,6583,Mobile Money,286159.53,Paid,2023-06-07
6584,6584,Card,179867.8,Paid,2025-10-11
6585,6585,Bank Transfer,251738.42,Paid,2023-03-29
6586,6586,Mobile Money,70795.68,Paid,2024-09-02
6587,6587,Cash on Delivery,190150.47,Paid,2023-09-19
6588,6588,Mobile Money,118527.36,Paid,2025-09-12
6589,6589,Mobile Money,228316.37,Paid,2024-08-14
6590,6590,Card,216850.39,Paid,2024-02-17
6591,6591,Card,19238.55,Paid,2025-09-30
6592,6592,Mobile Money,139303.78,Paid,2023-04-17
6593,6593,Card,446344.59,Refunded,2025-11-06
6594,6594,Card,75240.61,Paid,2023-08-13
6595,6595,Cash on Delivery,51192.15,Paid,2025-05-02
6596,6596,Bank Transfer,430083.96,Paid,2026-04-07
6597,6597,Bank Transfer,187967.55,Paid,2025-05-11
6598,6598,Mobile Money,53392.34,Paid,2023-01-29
6599,6599,Mobile Money,135007.03,Paid,2023-09-02
6600,6600,Bank Transfer,191448.63,Paid,2024-03-24
6601,6601,Bank Transfer,203443.82,Refunded,2024-01-19
6602,6602,Mobile Money,283904.13,Paid,2025-11-12
6603,6603,Bank Transfer,112758.31,Paid,2023-05-18
6604,6604,Card,75780.8,Paid,2025-05-29
6605,6605,Mobile Money,183199.6,Refunded,2026-02-16
6606,6606,Mobile Money,58822.14,Paid,2025-12-12
6607,6607,Card,232296.87,Paid,2026-05-27
6608,6608,Card,173863.66,Paid,2025-05-20
6609,6609,Card,73459.86,Paid,2023-04-15
6610,6610,Bank Transfer,269306.81,Paid,2024-01-11
6611,6611,Card,154622.19,Paid,2023-06-10
6612,6612,Card,303600.54,Paid,2023-09-04
6613,6613,Mobile Money,90937.64,Paid,2023-01-21
6614,6614,Cash on Delivery,59854.11,Paid,2026-05-25
6615,6615,Cash on Delivery,39871.05,Paid,2024-05-14
6616,6616,Bank Transfer,271706.05,Pending,2025-12-09
6617,6617,Card,97311.6,Paid,2023-01-10
6618,6618,Card,485904.44,Paid,2023-01-25
6619,6619,Bank Transfer,32224.24,Failed,2024-02-27
6620,6620,Mobile Money,340185.02,Paid,2025-02-04
6621,6621,Bank Transfer,84434.84,Paid,2026-05-30
6622,6622,Card,208308.1,Paid,2024-09-02
6623,6623,Cash on Delivery,69383.96,Paid,2024-03-20
6624,6624,Card,313398.94,Paid,2023-09-19
6625,6625,Card,149538.61,Paid,2025-06-29
6626,6626,Card,154610.53,Paid,2024-10-27
6627,6627,Card,201731.32,Paid,2025-04-26
6628,6628,Card,29124.49,Paid,2023-11-06
6629,6629,Cash on Delivery,196789.79,Pending,2023-01-07
6630,6630,Cash on Delivery,197419.96,Paid,2026-04-08
6631,6631,Bank Transfer,136295.95,Paid,2023-05-18
6632,6632,Cash on Delivery,84592.63,Paid,2023-05-12
6633,6633,Mobile Money,32938.9,Paid,2025-10-26
6634,6634,Card,34971.21,Paid,2023-03-03
6635,6635,Cash on Delivery,121135.84,Paid,2025-03-16
6636,6636,Mobile Money,113939.54,Paid,2024-09-14
6637,6637,Card,240223.52,Paid,2024-05-19
6638,6638,Bank Transfer,211849.48,Paid,2026-04-05
6639,6639,Card,19700.55,Paid,2024-02-16
6640,6640,Cash on Delivery,126165.14,Paid,2026-05-16
6641,6641,Bank Transfer,211275.97,Paid,2025-10-01
6642,6642,Mobile Money,116490.69,Pending,2024-02-10
6643,6643,Cash on Delivery,178231.08,Paid,2024-05-28
6644,6644,Bank Transfer,138494.16,Paid,2024-11-06
6645,6645,Mobile Money,26896.14,Pending,2024-12-02
6646,6646,Cash on Delivery,154722.37,Pending,2024-05-26
6647,6647,Card,239402.14,Failed,2026-02-11
6648,6648,Card,198708.14,Paid,2025-03-26
6649,6649,Bank Transfer,392706.29,Paid,2024-08-21
6650,6650,Cash on Delivery,201444.86,Paid,2023-11-24
6651,6651,Bank Transfer,86610.62,Failed,2025-10-26
6652,6652,Cash on Delivery,352163.45,Paid,2023-06-01
6653,6653,Bank Transfer,450404.36,Paid,2025-06-23
6654,6654,Mobile Money,78587.61,Paid,2024-05-18
6655,6655,Bank Transfer,298964.59,Paid,2025-06-21
6656,6656,Card,292939.16,Paid,2023-12-08
6657,6657,Bank Transfer,175257.61,Paid,2025-03-03
6658,6658,Mobile Money,143995.78,Paid,2024-07-04
6659,6659,Mobile Money,28887.74,Paid,2026-02-26
6660,6660,Bank Transfer,167275.97,Paid,2024-08-30
6661,6661,Cash on Delivery,53623.73,Paid,2024-10-17
6662,6662,Bank Transfer,75630.07,Paid,2025-03-20
6663,6663,Card,303473.03,Refunded,2026-01-02
6664,6664,Cash on Delivery,308266.04,Pending,2023-03-11
6665,6665,Mobile Money,111897.81,Paid,2026-05-02
6666,6666,Bank Transfer,107711.62,Paid,2025-11-21
6667,6667,Mobile Money,32510.52,Paid,2025-01-16
6668,6668,Bank Transfer,58108.48,Paid,2023-08-28
6669,6669,Cash on Delivery,132337.09,Paid,2025-07-30
6670,6670,Card,96379.95,Paid,2024-11-01
6671,6671,Bank Transfer,110066.78,Failed,2025-10-06
6672,6672,Card,153167.14,Paid,2023-10-06
6673,6673,Cash on Delivery,50525.8,Paid,2024-03-15
6674,6674,Bank Transfer,144961.28,Paid,2023-11-20
6675,6675,Bank Transfer,387640.3,Paid,2025-05-24
6676,6676,Card,294206.72,Paid,2025-06-26
6677,6677,Mobile Money,240296.51,Paid,2025-06-27
6678,6678,Card,101811.43,Refunded,2024-04-03
6679,6679,Mobile Money,153211.03,Paid,2025-07-31
6680,6680,Mobile Money,44221.37,Paid,2023-01-06
6681,6681,Bank Transfer,88966.16,Paid,2025-10-01
6682,6682,Bank Transfer,102803.7,Refunded,2026-04-21
6683,6683,Bank Transfer,50147.15,Paid,2024-06-17
6684,6684,Cash on Delivery,54306.56,Paid,2024-05-14
6685,6685,Bank Transfer,414605.35,Paid,2023-01-12
6686,6686,Cash on Delivery,258899.8,Paid,2025-05-21
6687,6687,Cash on Delivery,52017.72,Paid,2024-05-08
6688,6688,Bank Transfer,75713.5,Paid,2025-05-28
6689,6689,Card,158606.12,Paid,2024-11-07
6690,6690,Bank Transfer,48772.17,Paid,2023-12-27
6691,6691,Card,319923.7,Paid,2024-10-09
6692,6692,Cash on Delivery,111306.77,Paid,2023-04-10
6693,6693,Bank Transfer,15132.8,Paid,2024-09-18
6694,6694,Cash on Delivery,144427.61,Paid,2025-03-01
6695,6695,Mobile Money,41835.49,Paid,2023-01-27
6696,6696,Card,198826.84,Failed,2023-04-24
6697,6697,Mobile Money,95247.27,Paid,2024-10-17
6698,6698,Bank Transfer,204967.77,Pending,2024-04-19
6699,6699,Cash on Delivery,9033.21,Paid,2024-05-14
6700,6700,Mobile Money,98535.48,Paid,2023-03-08
6701,6701,Bank Transfer,17798.09,Failed,2023-08-08
6702,6702,Mobile Money,128526.13,Paid,2025-02-13
6703,6703,Cash on Delivery,443519.15,Paid,2023-08-12
6704,6704,Cash on Delivery,111230.07,Paid,2023-09-15
6705,6705,Mobile Money,105086.67,Paid,2023-12-25
6706,6706,Cash on Delivery,122634.59,Paid,2026-04-08
6707,6707,Mobile Money,65130.6,Paid,2026-05-16
6708,6708,Mobile Money,78610.85,Paid,2024-08-24
6709,6709,Bank Transfer,165661.0,Paid,2024-01-07
6710,6710,Card,89675.92,Paid,2026-04-22
6711,6711,Bank Transfer,311034.33,Failed,2023-10-13
6712,6712,Bank Transfer,107408.66,Failed,2025-05-07
6713,6713,Mobile Money,274997.44,Paid,2025-03-04
6714,6714,Card,266654.15,Paid,2024-10-17
6715,6715,Cash on Delivery,318458.87,Paid,2023-02-04
6716,6716,Mobile Money,176884.01,Paid,2026-01-31
6717,6717,Bank Transfer,88830.28,Paid,2024-02-03
6718,6718,Cash on Delivery,88659.85,Paid,2025-04-14
6719,6719,Cash on Delivery,298421.0,Pending,2024-02-23
6720,6720,Card,120223.85,Paid,2023-01-18
6721,6721,Cash on Delivery,109816.89,Paid,2025-11-10
6722,6722,Bank Transfer,32904.36,Paid,2024-12-14
6723,6723,Bank Transfer,58616.55,Paid,2023-08-29
6724,6724,Mobile Money,77608.95,Pending,2023-06-09
6725,6725,Bank Transfer,117066.96,Paid,2025-06-15
6726,6726,Bank Transfer,101274.78,Paid,2023-05-27
6727,6727,Bank Transfer,91145.13,Refunded,2026-02-18
6728,6728,Bank Transfer,169814.94,Paid,2024-04-11
6729,6729,Mobile Money,100186.39,Paid,2024-10-16
6730,6730,Card,30624.28,Paid,2024-01-16
6731,6731,Mobile Money,47952.02,Refunded,2025-05-05
6732,6732,Cash on Delivery,184688.36,Paid,2025-09-14
6733,6733,Cash on Delivery,96156.69,Paid,2024-06-29
6734,6734,Bank Transfer,132949.32,Pending,2025-02-13
6735,6735,Mobile Money,369364.29,Pending,2023-05-12
6736,6736,Cash on Delivery,76183.95,Paid,2025-04-28
6737,6737,Card,111042.67,Paid,2023-07-14
6738,6738,Card,57519.06,Failed,2023-12-30
6739,6739,Bank Transfer,137932.35,Paid,2025-11-27
6740,6740,Bank Transfer,186312.36,Paid,2023-10-13
6741,6741,Bank Transfer,64881.41,Paid,2026-03-20
6742,6742,Bank Transfer,88012.63,Paid,2025-01-18
6743,6743,Bank Transfer,135428.35,Refunded,2024-10-06
6744,6744,Card,90920.91,Paid,2026-01-17
6745,6745,Cash on Delivery,130044.87,Paid,2024-08-10
6746,6746,Mobile Money,49840.56,Paid,2025-01-24
6747,6747,Cash on Delivery,484140.99,Paid,2023-01-19
6748,6748,Bank Transfer,80026.84,Paid,2024-03-05
6749,6749,Cash on Delivery,161846.65,Paid,2025-06-07
6750,6750,Bank Transfer,140936.8,Paid,2025-09-20
6751,6751,Bank Transfer,399301.61,Paid,2024-05-24
6752,6752,Mobile Money,123520.24,Refunded,2025-02-10
6753,6753,Mobile Money,46281.27,Paid,2026-01-11
6754,6754,Bank Transfer,163782.19,Paid,2025-01-06
6755,6755,Card,76931.57,Paid,2023-04-20
6756,6756,Card,198176.5,Paid,2025-08-21
6757,6757,Mobile Money,144340.86,Refunded,2025-04-04
6758,6758,Bank Transfer,134051.99,Paid,2024-02-19
6759,6759,Card,150245.45,Paid,2023-10-25
6760,6760,Mobile Money,354216.28,Paid,2025-12-11
6761,6761,Cash on Delivery,15305.16,Paid,2025-11-13
6762,6762,Mobile Money,44629.0,Paid,2024-05-28
6763,6763,Bank Transfer,193527.85,Failed,2024-03-17
6764,6764,Bank Transfer,167653.76,Paid,2026-02-13
6765,6765,Bank Transfer,144026.68,Paid,2026-02-21
6766,6766,Cash on Delivery,181146.64,Paid,2025-04-26
6767,6767,Bank Transfer,173607.33,Paid,2023-09-09
6768,6768,Mobile Money,43166.56,Paid,2024-07-28
6769,6769,Mobile Money,83567.52,Paid,2024-04-01
6770,6770,Card,69091.4,Paid,2025-03-13
6771,6771,Mobile Money,353882.26,Refunded,2024-05-28
6772,6772,Cash on Delivery,209403.66,Paid,2024-11-30
6773,6773,Bank Transfer,93013.33,Paid,2026-06-09
6774,6774,Card,155151.4,Paid,2024-05-04
6775,6775,Mobile Money,307847.67,Paid,2024-04-20
6776,6776,Cash on Delivery,93936.2,Paid,2023-11-21
6777,6777,Card,446069.87,Paid,2024-10-30
6778,6778,Cash on Delivery,368638.56,Paid,2025-07-03
6779,6779,Mobile Money,81027.99,Paid,2025-01-07
6780,6780,Bank Transfer,198472.3,Refunded,2026-04-11
6781,6781,Bank Transfer,240863.7,Paid,2023-10-30
6782,6782,Mobile Money,32647.32,Paid,2026-01-10
6783,6783,Bank Transfer,121030.84,Paid,2024-08-21
6784,6784,Cash on Delivery,169670.08,Paid,2023-04-14
6785,6785,Card,32679.71,Pending,2023-12-25
6786,6786,Bank Transfer,266126.8,Paid,2026-01-19
6787,6787,Bank Transfer,73595.06,Paid,2024-08-15
6788,6788,Mobile Money,169168.34,Refunded,2024-03-13
6789,6789,Card,425087.47,Paid,2024-05-14
6790,6790,Mobile Money,198545.93,Paid,2023-03-27
6791,6791,Bank Transfer,87127.62,Failed,2023-11-08
6792,6792,Cash on Delivery,26389.19,Paid,2025-04-09
6793,6793,Mobile Money,107694.72,Paid,2025-10-20
6794,6794,Mobile Money,146733.33,Paid,2025-06-06
6795,6795,Card,163233.74,Pending,2024-03-31
6796,6796,Cash on Delivery,64779.27,Pending,2023-07-20
6797,6797,Mobile Money,159417.29,Paid,2025-06-02
6798,6798,Cash on Delivery,35598.4,Paid,2025-12-09
6799,6799,Bank Transfer,296634.01,Paid,2023-05-29
6800,6800,Mobile Money,275538.25,Paid,2024-11-09
6801,6801,Card,138978.38,Paid,2023-11-08
6802,6802,Mobile Money,314668.48,Paid,2023-08-02
6803,6803,Cash on Delivery,96760.5,Failed,2025-05-24
6804,6804,Cash on Delivery,114611.13,Pending,2025-04-29
6805,6805,Card,229290.05,Pending,2024-01-10
6806,6806,Mobile Money,148185.58,Refunded,2026-04-25
6807,6807,Bank Transfer,163023.63,Paid,2026-06-08
6808,6808,Cash on Delivery,151579.32,Paid,2023-08-05
6809,6809,Card,181194.59,Paid,2024-07-22
6810,6810,Mobile Money,208114.58,Paid,2025-10-03
6811,6811,Card,45004.41,Paid,2024-03-28
6812,6812,Mobile Money,49471.42,Paid,2023-04-25
6813,6813,Mobile Money,187321.67,Paid,2024-03-09
6814,6814,Bank Transfer,97286.41,Paid,2024-06-04
6815,6815,Mobile Money,67762.67,Paid,2023-02-01
6816,6816,Mobile Money,162088.01,Refunded,2025-02-06
6817,6817,Mobile Money,135935.76,Paid,2023-02-22
6818,6818,Cash on Delivery,97866.88,Paid,2025-05-21
6819,6819,Bank Transfer,43658.43,Paid,2024-11-26
6820,6820,Card,73932.95,Paid,2023-09-07
6821,6821,Card,375710.34,Paid,2026-03-23
6822,6822,Mobile Money,22281.51,Paid,2023-12-16
6823,6823,Bank Transfer,114663.79,Paid,2023-12-06
6824,6824,Card,56230.06,Pending,2023-11-17
6825,6825,Cash on Delivery,363275.57,Paid,2026-01-29
6826,6826,Card,164386.5,Paid,2023-04-08
6827,6827,Card,170294.95,Paid,2023-10-12
6828,6828,Mobile Money,77091.9,Paid,2026-01-26
6829,6829,Bank Transfer,116419.79,Paid,2025-05-04
6830,6830,Card,58189.51,Paid,2024-11-01
6831,6831,Bank Transfer,137399.84,Paid,2023-10-06
6832,6832,Mobile Money,143226.37,Paid,2024-04-19
6833,6833,Cash on Delivery,38449.94,Paid,2023-12-12
6834,6834,Cash on Delivery,70958.24,Paid,2025-09-23
6835,6835,Bank Transfer,106834.87,Paid,2024-05-05
6836,6836,Mobile Money,30431.35,Paid,2024-08-28
6837,6837,Bank Transfer,68633.33,Paid,2024-04-20
6838,6838,Card,190978.61,Paid,2024-03-07
6839,6839,Cash on Delivery,158300.03,Paid,2026-02-25
6840,6840,Mobile Money,112466.04,Pending,2024-04-05
6841,6841,Bank Transfer,279848.58,Paid,2023-07-16
6842,6842,Card,73644.64,Paid,2023-09-20
6843,6843,Cash on Delivery,101832.14,Refunded,2023-02-11
6844,6844,Cash on Delivery,171176.31,Paid,2025-11-12
6845,6845,Bank Transfer,27515.02,Paid,2023-02-26
6846,6846,Cash on Delivery,256188.67,Paid,2025-08-13
6847,6847,Cash on Delivery,179537.26,Paid,2023-04-17
6848,6848,Cash on Delivery,16815.99,Paid,2026-03-18
6849,6849,Cash on Delivery,284630.06,Paid,2025-08-23
6850,6850,Cash on Delivery,176771.34,Paid,2023-01-21
6851,6851,Mobile Money,90667.37,Paid,2025-03-18
6852,6852,Card,191560.48,Paid,2024-07-21
6853,6853,Cash on Delivery,312254.63,Paid,2024-03-02
6854,6854,Card,190988.94,Paid,2025-02-13
6855,6855,Card,77271.55,Paid,2023-10-04
6856,6856,Cash on Delivery,183089.19,Paid,2024-08-21
6857,6857,Cash on Delivery,497010.43,Refunded,2026-02-17
6858,6858,Bank Transfer,124726.69,Paid,2025-11-24
6859,6859,Card,6831.92,Paid,2024-12-29
6860,6860,Bank Transfer,84475.39,Paid,2024-07-31
6861,6861,Mobile Money,152592.58,Paid,2025-01-17
6862,6862,Mobile Money,20048.84,Paid,2026-05-29
6863,6863,Mobile Money,182956.26,Paid,2023-09-29
6864,6864,Bank Transfer,200448.55,Paid,2023-04-16
6865,6865,Bank Transfer,409295.3,Paid,2024-02-07
6866,6866,Card,23224.17,Pending,2024-10-07
6867,6867,Mobile Money,42828.25,Paid,2023-05-18
6868,6868,Cash on Delivery,176507.48,Paid,2024-07-02
6869,6869,Cash on Delivery,303197.77,Failed,2024-04-16
6870,6870,Cash on Delivery,92918.92,Pending,2025-01-02
6871,6871,Bank Transfer,45317.64,Paid,2025-03-24
6872,6872,Card,290014.69,Refunded,2024-01-21
6873,6873,Card,56172.55,Paid,2024-04-29
6874,6874,Bank Transfer,220108.36,Paid,2023-06-22
6875,6875,Bank Transfer,120009.01,Paid,2024-09-15
6876,6876,Card,153199.36,Paid,2025-09-29
6877,6877,Mobile Money,227034.44,Paid,2025-08-06
6878,6878,Mobile Money,450196.29,Paid,2023-03-23
6879,6879,Bank Transfer,123171.27,Paid,2023-05-19
6880,6880,Mobile Money,43870.16,Failed,2024-11-19
6881,6881,Bank Transfer,149720.3,Pending,2026-06-02
6882,6882,Bank Transfer,42167.26,Paid,2024-02-15
6883,6883,Card,8965.88,Paid,2025-04-02
6884,6884,Cash on Delivery,5063.05,Paid,2023-07-17
6885,6885,Bank Transfer,110189.23,Paid,2024-08-23
6886,6886,Mobile Money,2518.35,Paid,2025-05-29
6887,6887,Bank Transfer,94048.66,Paid,2023-03-06
6888,6888,Card,170094.69,Paid,2023-08-02
6889,6889,Cash on Delivery,50771.81,Failed,2025-07-18
6890,6890,Mobile Money,181648.98,Pending,2026-04-19
6891,6891,Mobile Money,115057.47,Paid,2024-01-06
6892,6892,Cash on Delivery,96406.4,Paid,2023-05-24
6893,6893,Mobile Money,59044.19,Paid,2025-06-19
6894,6894,Cash on Delivery,151272.69,Pending,2023-08-15
6895,6895,Card,56813.04,Paid,2023-11-24
6896,6896,Cash on Delivery,70579.8,Paid,2026-04-16
6897,6897,Cash on Delivery,262921.31,Paid,2026-02-25
6898,6898,Card,91115.01,Failed,2025-01-21
6899,6899,Bank Transfer,336813.88,Paid,2026-04-07
6900,6900,Card,203934.71,Refunded,2025-12-21
6901,6901,Bank Transfer,442356.37,Paid,2026-02-21
6902,6902,Cash on Delivery,332036.4,Paid,2024-04-09
6903,6903,Cash on Delivery,400314.6,Paid,2025-07-22
6904,6904,Mobile Money,164620.95,Paid,2025-01-24
6905,6905,Cash on Delivery,204050.91,Paid,2025-10-06
6906,6906,Bank Transfer,129697.32,Paid,2024-06-06
6907,6907,Cash on Delivery,101534.69,Refunded,2024-07-08
6908,6908,Mobile Money,126202.55,Paid,2024-07-10
6909,6909,Card,90188.7,Paid,2023-04-03
6910,6910,Bank Transfer,73899.64,Paid,2023-04-15
6911,6911,Mobile Money,196999.44,Paid,2025-06-29
6912,6912,Cash on Delivery,156499.69,Paid,2025-12-09
6913,6913,Mobile Money,277955.01,Paid,2024-11-07
6914,6914,Bank Transfer,82865.43,Paid,2024-07-01
6915,6915,Cash on Delivery,19530.66,Paid,2026-03-25
6916,6916,Bank Transfer,127356.64,Failed,2023-08-24
6917,6917,Cash on Delivery,126114.95,Paid,2024-02-04
6918,6918,Cash on Delivery,55054.51,Paid,2024-07-18
6919,6919,Cash on Delivery,192977.66,Paid,2025-08-03
6920,6920,Mobile Money,127573.56,Paid,2024-05-13
6921,6921,Cash on Delivery,144918.37,Paid,2024-10-22
6922,6922,Mobile Money,235612.6,Paid,2023-10-20
6923,6923,Cash on Delivery,140486.42,Paid,2025-05-30
6924,6924,Cash on Delivery,339778.62,Paid,2024-02-04
6925,6925,Mobile Money,129748.58,Paid,2025-08-31
6926,6926,Cash on Delivery,309931.37,Paid,2024-06-10
6927,6927,Card,117584.84,Paid,2025-02-11
6928,6928,Mobile Money,149748.49,Paid,2023-07-23
6929,6929,Card,29581.3,Paid,2025-08-10
6930,6930,Cash on Delivery,62586.72,Paid,2025-06-15
6931,6931,Cash on Delivery,341353.91,Paid,2026-03-24
6932,6932,Card,113723.44,Pending,2024-10-29
6933,6933,Bank Transfer,85452.75,Paid,2024-08-28
6934,6934,Card,94565.09,Paid,2026-03-12
6935,6935,Bank Transfer,131213.44,Paid,2024-03-07
6936,6936,Card,234125.25,Paid,2025-04-13
6937,6937,Bank Transfer,161547.77,Paid,2025-06-16
6938,6938,Bank Transfer,89549.93,Pending,2024-05-19
6939,6939,Mobile Money,28539.81,Paid,2023-05-17
6940,6940,Cash on Delivery,81734.25,Paid,2025-09-15
6941,6941,Cash on Delivery,142586.81,Paid,2025-02-25
6942,6942,Mobile Money,118390.49,Paid,2023-04-02
6943,6943,Bank Transfer,162618.78,Paid,2023-08-09
6944,6944,Bank Transfer,225280.69,Pending,2023-03-09
6945,6945,Bank Transfer,69439.11,Paid,2024-06-11
6946,6946,Card,178201.65,Paid,2024-04-08
6947,6947,Bank Transfer,172546.1,Paid,2023-04-24
6948,6948,Cash on Delivery,53989.58,Paid,2024-10-23
6949,6949,Bank Transfer,85183.15,Paid,2024-01-02
6950,6950,Mobile Money,120079.29,Paid,2023-08-22
6951,6951,Bank Transfer,291977.46,Paid,2024-11-16
6952,6952,Mobile Money,143496.49,Paid,2025-06-08
6953,6953,Mobile Money,361513.43,Paid,2025-01-18
6954,6954,Mobile Money,275727.23,Paid,2023-03-07
6955,6955,Mobile Money,156951.29,Paid,2024-04-02
6956,6956,Cash on Delivery,119198.24,Paid,2026-02-21
6957,6957,Card,158675.94,Paid,2023-10-01
6958,6958,Mobile Money,247308.45,Refunded,2025-06-21
6959,6959,Cash on Delivery,53417.48,Paid,2025-01-18
6960,6960,Card,236987.16,Pending,2026-06-29
6961,6961,Bank Transfer,185289.9,Paid,2025-10-06
6962,6962,Card,49408.43,Paid,2024-01-27
6963,6963,Bank Transfer,311196.48,Paid,2026-01-23
6964,6964,Mobile Money,379433.02,Paid,2026-02-23
6965,6965,Bank Transfer,118572.82,Paid,2024-05-19
6966,6966,Card,114781.81,Paid,2024-01-19
6967,6967,Bank Transfer,99982.82,Paid,2023-06-28
6968,6968,Cash on Delivery,358263.59,Paid,2025-07-03
6969,6969,Mobile Money,67031.03,Paid,2025-08-30
6970,6970,Mobile Money,353569.45,Paid,2023-05-18
6971,6971,Mobile Money,94567.57,Paid,2024-05-29
6972,6972,Card,103571.66,Paid,2023-05-16
6973,6973,Bank Transfer,51318.64,Pending,2023-11-23
6974,6974,Mobile Money,259707.92,Refunded,2023-07-02
6975,6975,Bank Transfer,53123.93,Failed,2024-10-17
6976,6976,Bank Transfer,145918.93,Paid,2024-11-17
6977,6977,Mobile Money,41984.75,Paid,2024-06-19
6978,6978,Cash on Delivery,37137.1,Paid,2023-07-14
6979,6979,Cash on Delivery,255652.36,Paid,2023-08-10
6980,6980,Cash on Delivery,337783.91,Paid,2026-06-14
6981,6981,Cash on Delivery,66487.26,Paid,2026-02-11
6982,6982,Card,103194.6,Paid,2024-05-19
6983,6983,Mobile Money,125151.89,Paid,2026-02-08
6984,6984,Mobile Money,255818.21,Paid,2023-10-06
6985,6985,Bank Transfer,43725.44,Paid,2026-05-16
6986,6986,Card,90498.0,Refunded,2023-02-07
6987,6987,Bank Transfer,288278.45,Paid,2026-05-30
6988,6988,Bank Transfer,45590.44,Paid,2023-03-27
6989,6989,Mobile Money,141844.63,Paid,2024-03-19
6990,6990,Cash on Delivery,76911.28,Paid,2023-03-10
6991,6991,Cash on Delivery,158374.1,Paid,2023-04-09
6992,6992,Mobile Money,65603.95,Paid,2024-03-29
6993,6993,Card,83734.83,Paid,2025-06-03
6994,6994,Cash on Delivery,253815.52,Paid,2023-08-05
6995,6995,Card,39765.29,Paid,2025-04-29
6996,6996,Mobile Money,189793.64,Paid,2023-06-03
6997,6997,Bank Transfer,183804.07,Paid,2025-05-30
6998,6998,Mobile Money,84420.44,Paid,2023-10-23
6999,6999,Card,227882.83,Paid,2024-12-11
7000,7000,Bank Transfer,64972.35,Paid,2023-11-22
7001,7001,Mobile Money,25204.86,Paid,2026-06-27
7002,7002,Card,93197.66,Paid,2026-04-12
7003,7003,Cash on Delivery,109215.97,Paid,2025-03-07
7004,7004,Bank Transfer,101856.5,Refunded,2024-05-16
7005,7005,Card,104951.73,Paid,2025-06-05
7006,7006,Card,267102.44,Paid,2025-10-11
7007,7007,Cash on Delivery,171368.88,Refunded,2025-10-02
7008,7008,Mobile Money,55035.65,Paid,2024-08-07
7009,7009,Bank Transfer,47605.69,Failed,2024-09-12
7010,7010,Card,22624.52,Paid,2025-03-22
7011,7011,Mobile Money,475364.56,Paid,2024-12-21
7012,7012,Card,311022.85,Paid,2026-02-28
7013,7013,Mobile Money,169097.36,Paid,2023-09-18
7014,7014,Bank Transfer,51494.23,Paid,2026-02-05
7015,7015,Card,169348.35,Paid,2025-04-26
7016,7016,Mobile Money,31923.33,Paid,2025-01-15
7017,7017,Card,82665.39,Paid,2025-03-23
7018,7018,Bank Transfer,38032.98,Paid,2024-10-23
7019,7019,Mobile Money,26214.95,Paid,2023-03-16
7020,7020,Bank Transfer,64059.98,Paid,2024-07-25
7021,7021,Mobile Money,137868.87,Paid,2025-12-22
7022,7022,Card,137464.91,Paid,2023-09-13
7023,7023,Mobile Money,89311.97,Paid,2025-02-23
7024,7024,Bank Transfer,536878.37,Paid,2025-01-28
7025,7025,Cash on Delivery,100142.46,Paid,2025-06-11
7026,7026,Card,95606.45,Paid,2024-04-28
7027,7027,Mobile Money,195877.4,Pending,2024-04-17
7028,7028,Cash on Delivery,62717.22,Paid,2026-05-28
7029,7029,Bank Transfer,100526.05,Paid,2026-02-22
7030,7030,Card,113668.76,Paid,2025-11-18
7031,7031,Mobile Money,83309.95,Paid,2023-06-15
7032,7032,Bank Transfer,168461.52,Paid,2025-01-13
7033,7033,Card,117351.28,Pending,2026-03-16
7034,7034,Mobile Money,162904.33,Refunded,2025-01-17
7035,7035,Bank Transfer,15721.4,Paid,2024-07-31
7036,7036,Cash on Delivery,85559.48,Paid,2024-03-20
7037,7037,Cash on Delivery,335311.74,Paid,2023-09-11
7038,7038,Card,300042.69,Paid,2025-05-24
7039,7039,Card,38171.5,Paid,2025-05-19
7040,7040,Card,23783.66,Paid,2024-06-10
7041,7041,Cash on Delivery,43284.68,Paid,2023-04-16
7042,7042,Mobile Money,60723.36,Paid,2024-08-27
7043,7043,Card,40988.7,Paid,2024-05-20
7044,7044,Mobile Money,46283.0,Paid,2023-02-06
7045,7045,Cash on Delivery,241985.56,Paid,2025-09-01
7046,7046,Bank Transfer,233432.68,Paid,2024-01-21
7047,7047,Cash on Delivery,42461.71,Paid,2026-04-26
7048,7048,Cash on Delivery,7009.79,Refunded,2024-06-24
7049,7049,Card,47490.16,Paid,2025-09-03
7050,7050,Card,82591.76,Paid,2024-05-31
7051,7051,Bank Transfer,271291.8,Paid,2023-12-04
7052,7052,Card,63783.42,Paid,2024-12-06
7053,7053,Card,220620.68,Paid,2025-12-13
7054,7054,Bank Transfer,216973.62,Paid,2025-02-14
7055,7055,Bank Transfer,30118.02,Paid,2025-12-30
7056,7056,Cash on Delivery,110078.21,Paid,2023-12-28
7057,7057,Mobile Money,143669.56,Pending,2024-08-07
7058,7058,Cash on Delivery,106367.54,Failed,2026-04-18
7059,7059,Bank Transfer,380557.41,Failed,2026-05-01
7060,7060,Mobile Money,43153.62,Paid,2025-02-24
7061,7061,Bank Transfer,172138.7,Failed,2026-04-22
7062,7062,Mobile Money,410943.25,Paid,2023-04-22
7063,7063,Cash on Delivery,148022.08,Paid,2024-09-27
7064,7064,Cash on Delivery,226877.93,Paid,2025-08-29
7065,7065,Bank Transfer,234012.03,Paid,2025-06-30
7066,7066,Bank Transfer,24840.91,Paid,2025-11-30
7067,7067,Bank Transfer,40073.34,Paid,2025-04-28
7068,7068,Cash on Delivery,40386.49,Paid,2024-10-28
7069,7069,Mobile Money,366993.22,Refunded,2024-11-02
7070,7070,Bank Transfer,20638.13,Pending,2023-08-24
7071,7071,Cash on Delivery,74973.4,Pending,2024-04-15
7072,7072,Card,102561.53,Paid,2023-06-28
7073,7073,Cash on Delivery,313548.03,Paid,2025-09-25
7074,7074,Card,125958.97,Paid,2024-02-07
7075,7075,Bank Transfer,140756.35,Paid,2024-12-24
7076,7076,Bank Transfer,32901.44,Refunded,2025-10-07
7077,7077,Bank Transfer,169077.75,Failed,2026-02-08
7078,7078,Card,81358.42,Paid,2023-02-11
7079,7079,Bank Transfer,186618.47,Paid,2023-02-17
7080,7080,Cash on Delivery,41972.88,Paid,2025-10-30
7081,7081,Bank Transfer,134566.92,Paid,2025-03-20
7082,7082,Bank Transfer,107783.79,Paid,2024-10-24
7083,7083,Mobile Money,64976.57,Pending,2023-03-29
7084,7084,Card,87748.52,Paid,2023-01-29
7085,7085,Cash on Delivery,24411.68,Paid,2024-12-24
7086,7086,Bank Transfer,221242.3,Paid,2024-07-12
7087,7087,Bank Transfer,33642.29,Paid,2024-08-23
7088,7088,Cash on Delivery,116561.51,Paid,2023-09-21
7089,7089,Mobile Money,102584.46,Paid,2023-04-02
7090,7090,Cash on Delivery,53472.48,Pending,2025-08-09
7091,7091,Cash on Delivery,403704.98,Refunded,2024-03-20
7092,7092,Bank Transfer,184882.54,Paid,2024-11-01
7093,7093,Bank Transfer,285145.54,Paid,2025-07-05
7094,7094,Mobile Money,69963.38,Paid,2023-09-24
7095,7095,Cash on Delivery,170873.42,Failed,2025-12-25
7096,7096,Cash on Delivery,89147.39,Pending,2023-05-23
7097,7097,Bank Transfer,232574.65,Paid,2025-06-15
7098,7098,Card,152862.02,Paid,2025-09-04
7099,7099,Bank Transfer,116947.36,Paid,2024-01-09
7100,7100,Cash on Delivery,29142.73,Paid,2023-06-24
7101,7101,Bank Transfer,33071.4,Paid,2025-03-18
7102,7102,Mobile Money,382856.85,Paid,2025-10-15
7103,7103,Cash on Delivery,133151.97,Paid,2023-07-04
7104,7104,Card,54596.53,Paid,2024-08-16
7105,7105,Mobile Money,143902.13,Paid,2024-05-16
7106,7106,Mobile Money,100204.42,Paid,2024-02-08
7107,7107,Card,211228.96,Paid,2025-01-31
7108,7108,Card,37036.61,Paid,2025-07-01
7109,7109,Cash on Delivery,115053.9,Paid,2023-01-22
7110,7110,Card,179996.67,Paid,2023-04-24
7111,7111,Card,256916.09,Paid,2026-05-04
7112,7112,Bank Transfer,357125.9,Paid,2024-07-02
7113,7113,Card,131169.8,Paid,2024-01-11
7114,7114,Mobile Money,136132.9,Paid,2026-05-29
7115,7115,Mobile Money,242386.3,Pending,2023-08-08
7116,7116,Bank Transfer,91982.31,Paid,2024-11-14
7117,7117,Card,187679.7,Paid,2026-04-03
7118,7118,Mobile Money,54444.08,Paid,2026-05-24
7119,7119,Cash on Delivery,99704.83,Paid,2023-02-03
7120,7120,Cash on Delivery,89576.54,Paid,2023-10-25
7121,7121,Bank Transfer,7463.16,Paid,2023-06-08
7122,7122,Bank Transfer,408141.54,Paid,2025-08-04
7123,7123,Card,157108.57,Paid,2023-08-10
7124,7124,Mobile Money,100880.05,Paid,2024-02-05
7125,7125,Card,62396.97,Paid,2024-05-19
7126,7126,Cash on Delivery,79837.37,Paid,2025-09-15
7127,7127,Bank Transfer,17411.11,Paid,2024-10-11
7128,7128,Card,9412.8,Paid,2025-08-01
7129,7129,Bank Transfer,126295.1,Paid,2024-09-02
7130,7130,Card,169552.21,Paid,2023-03-17
7131,7131,Cash on Delivery,68123.61,Failed,2026-04-18
7132,7132,Bank Transfer,465850.41,Paid,2023-07-16
7133,7133,Bank Transfer,208452.22,Paid,2025-09-06
7134,7134,Card,334058.72,Paid,2024-05-21
7135,7135,Cash on Delivery,42544.6,Paid,2024-03-10
7136,7136,Bank Transfer,420990.67,Paid,2025-08-22
7137,7137,Mobile Money,44114.28,Paid,2024-05-26
7138,7138,Card,70210.94,Pending,2024-08-11
7139,7139,Card,32343.67,Paid,2023-10-05
7140,7140,Mobile Money,304740.97,Paid,2023-12-20
7141,7141,Bank Transfer,264600.85,Paid,2026-04-24
7142,7142,Cash on Delivery,10671.06,Paid,2025-08-26
7143,7143,Cash on Delivery,133095.67,Paid,2024-11-19
7144,7144,Mobile Money,129932.4,Paid,2025-01-24
7145,7145,Bank Transfer,202441.05,Paid,2024-10-23
7146,7146,Cash on Delivery,247070.85,Paid,2024-02-04
7147,7147,Cash on Delivery,19225.04,Paid,2023-10-30
7148,7148,Card,131525.11,Paid,2026-05-30
7149,7149,Mobile Money,73714.62,Paid,2026-01-17
7150,7150,Mobile Money,168596.49,Paid,2025-02-06
7151,7151,Bank Transfer,272532.0,Paid,2025-04-19
7152,7152,Cash on Delivery,115180.31,Paid,2025-12-13
7153,7153,Bank Transfer,143641.06,Paid,2025-04-24
7154,7154,Mobile Money,277278.52,Failed,2025-07-20
7155,7155,Card,115612.22,Paid,2023-01-21
7156,7156,Mobile Money,157706.35,Paid,2023-04-11
7157,7157,Card,107429.52,Paid,2025-09-10
7158,7158,Bank Transfer,207439.32,Paid,2023-02-22
7159,7159,Card,123564.72,Paid,2024-10-17
7160,7160,Cash on Delivery,108012.42,Paid,2026-02-12
7161,7161,Cash on Delivery,146494.75,Paid,2024-06-03
7162,7162,Card,167269.38,Pending,2025-07-03
7163,7163,Card,272733.75,Paid,2025-05-24
7164,7164,Card,227961.68,Paid,2024-08-28
7165,7165,Bank Transfer,88018.37,Refunded,2024-04-24
7166,7166,Bank Transfer,217374.98,Paid,2026-03-21
7167,7167,Mobile Money,123624.47,Paid,2026-03-28
7168,7168,Card,155826.85,Paid,2025-05-31
7169,7169,Cash on Delivery,218583.8,Refunded,2024-12-07
7170,7170,Mobile Money,28980.55,Paid,2024-02-28
7171,7171,Card,483118.37,Paid,2024-08-13
7172,7172,Mobile Money,151891.73,Paid,2023-08-25
7173,7173,Bank Transfer,186502.16,Pending,2023-01-08
7174,7174,Bank Transfer,180291.77,Paid,2023-02-24
7175,7175,Bank Transfer,106364.69,Failed,2026-02-28
7176,7176,Bank Transfer,91671.91,Paid,2024-12-28
7177,7177,Cash on Delivery,8612.62,Paid,2025-02-12
7178,7178,Bank Transfer,312187.95,Paid,2024-10-11
7179,7179,Card,120465.59,Pending,2025-06-18
7180,7180,Mobile Money,134374.32,Paid,2025-03-07
7181,7181,Card,73183.02,Paid,2025-12-18
7182,7182,Card,190584.21,Paid,2025-11-02
7183,7183,Mobile Money,530505.91,Paid,2025-01-11
7184,7184,Cash on Delivery,31324.0,Paid,2026-06-07
7185,7185,Card,92275.3,Paid,2026-05-15
7186,7186,Card,75647.29,Paid,2026-03-02
7187,7187,Cash on Delivery,144903.03,Paid,2025-09-04
7188,7188,Bank Transfer,254732.44,Paid,2023-11-20
7189,7189,Card,106708.08,Paid,2025-11-21
7190,7190,Cash on Delivery,164607.7,Paid,2026-06-25
7191,7191,Mobile Money,15950.02,Paid,2025-11-29
7192,7192,Bank Transfer,232820.31,Paid,2026-01-06
7193,7193,Card,147730.1,Paid,2023-03-24
7194,7194,Card,276113.52,Paid,2024-10-24
7195,7195,Bank Transfer,170299.15,Paid,2023-08-21
7196,7196,Card,119869.2,Refunded,2025-01-16
7197,7197,Mobile Money,70208.15,Pending,2023-05-18
7198,7198,Card,17444.68,Paid,2024-08-17
7199,7199,Card,46755.1,Paid,2025-08-19
7200,7200,Mobile Money,51969.66,Paid,2024-04-24
7201,7201,Cash on Delivery,100350.83,Paid,2025-04-12
7202,7202,Cash on Delivery,200432.43,Paid,2025-01-24
7203,7203,Cash on Delivery,263271.85,Paid,2026-01-14
7204,7204,Cash on Delivery,181682.68,Paid,2025-10-28
7205,7205,Cash on Delivery,67908.14,Paid,2025-04-06
7206,7206,Card,226741.04,Paid,2024-10-28
7207,7207,Mobile Money,86544.57,Paid,2023-10-27
7208,7208,Cash on Delivery,121864.73,Paid,2024-05-21
7209,7209,Card,281154.75,Paid,2024-03-25
7210,7210,Cash on Delivery,153433.17,Pending,2024-05-21
7211,7211,Bank Transfer,462645.59,Paid,2026-03-11
7212,7212,Card,100812.97,Paid,2024-10-29
7213,7213,Mobile Money,136255.85,Paid,2023-04-24
7214,7214,Mobile Money,73893.94,Paid,2023-04-05
7215,7215,Mobile Money,46047.68,Paid,2023-11-18
7216,7216,Cash on Delivery,23178.53,Paid,2023-02-25
7217,7217,Mobile Money,350764.6,Paid,2024-04-18
7218,7218,Card,446454.92,Paid,2024-12-29
7219,7219,Bank Transfer,63754.41,Paid,2024-08-16
7220,7220,Bank Transfer,158675.17,Paid,2024-09-15
7221,7221,Cash on Delivery,258770.93,Paid,2023-09-05
7222,7222,Cash on Delivery,138332.4,Paid,2026-04-11
7223,7223,Card,101955.89,Paid,2025-06-24
7224,7224,Mobile Money,228530.11,Paid,2026-02-07
7225,7225,Mobile Money,110710.11,Paid,2025-07-31
7226,7226,Mobile Money,138258.77,Paid,2024-09-14
7227,7227,Cash on Delivery,114380.45,Paid,2024-02-15
7228,7228,Mobile Money,284308.73,Paid,2025-03-13
7229,7229,Mobile Money,80179.34,Pending,2025-06-14
7230,7230,Card,68439.3,Paid,2023-03-10
7231,7231,Card,157826.69,Paid,2024-12-16
7232,7232,Bank Transfer,228476.45,Paid,2025-04-17
7233,7233,Mobile Money,43592.08,Paid,2023-09-21
7234,7234,Bank Transfer,234267.19,Paid,2024-05-11
7235,7235,Mobile Money,102149.76,Failed,2025-09-17
7236,7236,Mobile Money,192327.91,Paid,2026-03-11
7237,7237,Bank Transfer,340693.0,Paid,2026-03-20
7238,7238,Bank Transfer,87618.38,Pending,2023-07-31
7239,7239,Bank Transfer,92621.68,Paid,2024-01-29
7240,7240,Cash on Delivery,209045.02,Pending,2025-01-31
7241,7241,Card,97216.44,Paid,2024-06-18
7242,7242,Card,133192.12,Paid,2025-11-22
7243,7243,Card,96844.22,Paid,2026-01-02
7244,7244,Mobile Money,191515.16,Paid,2023-04-05
7245,7245,Bank Transfer,101302.89,Paid,2026-03-01
7246,7246,Mobile Money,51240.6,Paid,2024-10-31
7247,7247,Cash on Delivery,132604.08,Paid,2025-06-24
7248,7248,Mobile Money,86701.82,Paid,2023-01-25
7249,7249,Cash on Delivery,399329.73,Paid,2025-12-27
7250,7250,Bank Transfer,306728.08,Pending,2023-05-13
7251,7251,Mobile Money,36484.53,Paid,2024-10-28
7252,7252,Card,59446.23,Pending,2025-09-19
7253,7253,Mobile Money,190973.02,Paid,2023-11-02
7254,7254,Bank Transfer,122976.8,Failed,2023-08-22
7255,7255,Cash on Delivery,329012.68,Paid,2023-05-02
7256,7256,Cash on Delivery,96442.2,Paid,2024-09-12
7257,7257,Card,131932.78,Paid,2023-01-29
7258,7258,Bank Transfer,368921.28,Paid,2023-08-23
7259,7259,Bank Transfer,114659.56,Paid,2025-02-22
7260,7260,Bank Transfer,89843.31,Paid,2023-02-04
7261,7261,Card,286905.43,Paid,2023-04-03
7262,7262,Card,142275.32,Paid,2024-11-18
7263,7263,Cash on Delivery,89675.92,Paid,2026-02-08
7264,7264,Card,171737.36,Paid,2023-02-17
7265,7265,Mobile Money,252385.39,Paid,2023-03-18
7266,7266,Card,159738.86,Paid,2024-05-10
7267,7267,Bank Transfer,291183.57,Paid,2025-11-02
7268,7268,Card,178865.07,Paid,2025-03-17
7269,7269,Cash on Delivery,228973.33,Paid,2025-09-24
7270,7270,Cash on Delivery,501474.26,Paid,2024-10-28
7271,7271,Cash on Delivery,77753.36,Paid,2023-03-20
7272,7272,Mobile Money,41122.17,Paid,2023-05-13
7273,7273,Mobile Money,29807.9,Pending,2024-06-17
7274,7274,Bank Transfer,178218.21,Paid,2025-04-13
7275,7275,Cash on Delivery,198564.03,Paid,2023-03-14
7276,7276,Bank Transfer,160421.9,Paid,2024-03-09
7277,7277,Cash on Delivery,136647.65,Paid,2023-02-07
7278,7278,Mobile Money,76305.08,Paid,2026-01-31
7279,7279,Cash on Delivery,113323.39,Refunded,2023-12-06
7280,7280,Bank Transfer,161560.01,Paid,2026-03-24
7281,7281,Bank Transfer,183608.69,Paid,2026-03-02
7282,7282,Bank Transfer,369585.01,Paid,2023-05-31
7283,7283,Mobile Money,170191.46,Pending,2025-10-23
7284,7284,Mobile Money,58892.52,Paid,2025-12-28
7285,7285,Cash on Delivery,238781.55,Paid,2024-04-15
7286,7286,Mobile Money,82045.47,Paid,2023-08-11
7287,7287,Card,234710.92,Refunded,2023-07-27
7288,7288,Mobile Money,246119.94,Paid,2025-02-27
7289,7289,Bank Transfer,154209.5,Paid,2023-11-14
7290,7290,Cash on Delivery,203070.47,Paid,2025-06-22
7291,7291,Mobile Money,58707.2,Paid,2023-12-19
7292,7292,Mobile Money,78699.15,Paid,2024-12-27
7293,7293,Mobile Money,114680.78,Paid,2024-09-24
7294,7294,Cash on Delivery,56213.52,Paid,2023-05-03
7295,7295,Bank Transfer,339929.72,Paid,2025-07-13
7296,7296,Cash on Delivery,145299.78,Paid,2024-03-27
7297,7297,Mobile Money,52594.87,Paid,2023-07-12
7298,7298,Bank Transfer,100297.26,Paid,2025-02-22
7299,7299,Card,317455.32,Paid,2024-06-01
7300,7300,Card,332986.29,Failed,2023-03-17
7301,7301,Mobile Money,139095.06,Paid,2024-01-15
7302,7302,Bank Transfer,80258.7,Paid,2025-10-21
7303,7303,Bank Transfer,101201.55,Paid,2026-05-05
7304,7304,Bank Transfer,128749.15,Refunded,2023-06-26
7305,7305,Cash on Delivery,253439.0,Paid,2025-08-06
7306,7306,Mobile Money,35456.1,Failed,2025-09-20
7307,7307,Mobile Money,74837.84,Paid,2026-01-26
7308,7308,Cash on Delivery,112041.44,Failed,2024-10-28
7309,7309,Cash on Delivery,64005.91,Paid,2025-05-03
7310,7310,Bank Transfer,390793.44,Paid,2023-09-05
7311,7311,Bank Transfer,432338.39,Paid,2024-07-07
7312,7312,Cash on Delivery,187427.96,Paid,2023-09-11
7313,7313,Card,204556.57,Paid,2024-10-28
7314,7314,Cash on Delivery,147158.69,Paid,2024-02-09
7315,7315,Mobile Money,72813.95,Pending,2023-11-09
7316,7316,Bank Transfer,243817.84,Paid,2025-01-07
7317,7317,Card,33633.6,Paid,2024-12-21
7318,7318,Bank Transfer,58345.8,Paid,2025-01-11
7319,7319,Bank Transfer,79726.4,Failed,2025-01-23
7320,7320,Mobile Money,300597.87,Paid,2023-05-07
7321,7321,Mobile Money,43729.82,Paid,2023-12-19
7322,7322,Card,81776.87,Paid,2023-11-06
7323,7323,Mobile Money,14897.88,Paid,2024-01-13
7324,7324,Card,162897.39,Paid,2023-08-04
7325,7325,Cash on Delivery,103708.37,Paid,2025-07-13
7326,7326,Card,357070.66,Paid,2023-09-14
7327,7327,Cash on Delivery,174172.36,Paid,2025-06-18
7328,7328,Card,66432.1,Paid,2025-11-03
7329,7329,Cash on Delivery,223845.57,Paid,2024-08-22
7330,7330,Bank Transfer,349859.98,Paid,2025-07-26
7331,7331,Card,50577.96,Paid,2024-08-15
7332,7332,Cash on Delivery,35613.68,Paid,2024-02-17
7333,7333,Card,119844.71,Paid,2023-11-18
7334,7334,Mobile Money,305189.82,Paid,2026-05-21
7335,7335,Bank Transfer,61481.49,Paid,2025-04-08
7336,7336,Mobile Money,62474.98,Refunded,2025-10-23
7337,7337,Bank Transfer,119089.85,Paid,2023-06-04
7338,7338,Mobile Money,142332.75,Paid,2024-02-27
7339,7339,Cash on Delivery,82587.0,Pending,2024-11-30
7340,7340,Mobile Money,74223.78,Paid,2026-02-09
7341,7341,Cash on Delivery,73996.28,Paid,2024-10-15
7342,7342,Cash on Delivery,242630.54,Paid,2025-04-04
7343,7343,Cash on Delivery,275723.77,Paid,2024-05-26
7344,7344,Mobile Money,78118.27,Paid,2026-05-07
7345,7345,Card,173453.63,Paid,2026-06-12
7346,7346,Card,7685.76,Paid,2023-05-28
7347,7347,Bank Transfer,66047.6,Paid,2024-05-08
7348,7348,Bank Transfer,223640.86,Paid,2025-01-06
7349,7349,Cash on Delivery,272686.32,Paid,2024-10-12
7350,7350,Cash on Delivery,41288.31,Paid,2025-02-12
7351,7351,Bank Transfer,94839.96,Paid,2024-04-27
7352,7352,Mobile Money,129119.26,Paid,2023-03-19
7353,7353,Card,28957.05,Paid,2023-10-21
7354,7354,Cash on Delivery,267929.52,Paid,2026-05-24
7355,7355,Card,57845.26,Paid,2023-08-03
7356,7356,Bank Transfer,115589.93,Pending,2025-05-22
7357,7357,Mobile Money,320836.65,Paid,2024-05-16
7358,7358,Mobile Money,165808.4,Paid,2023-05-14
7359,7359,Mobile Money,187550.83,Pending,2024-10-23
7360,7360,Cash on Delivery,255176.65,Paid,2025-10-13
7361,7361,Bank Transfer,78416.73,Paid,2026-06-13
7362,7362,Card,211375.65,Paid,2025-09-05
7363,7363,Mobile Money,93483.59,Paid,2025-12-23
7364,7364,Mobile Money,250308.26,Paid,2025-12-28
7365,7365,Bank Transfer,73192.34,Paid,2025-03-12
7366,7366,Cash on Delivery,48402.02,Paid,2023-08-21
7367,7367,Bank Transfer,267324.9,Paid,2025-08-22
7368,7368,Mobile Money,426308.04,Paid,2023-06-19
7369,7369,Mobile Money,107435.86,Paid,2024-02-04
7370,7370,Mobile Money,164002.46,Paid,2023-02-23
7371,7371,Cash on Delivery,265130.74,Paid,2025-03-12
7372,7372,Card,375162.26,Paid,2023-01-15
7373,7373,Mobile Money,130309.32,Paid,2025-10-05
7374,7374,Cash on Delivery,31496.61,Paid,2025-07-08
7375,7375,Card,181646.07,Refunded,2026-06-15
7376,7376,Cash on Delivery,98163.58,Paid,2024-04-12
7377,7377,Card,217788.16,Paid,2023-11-09
7378,7378,Mobile Money,229806.32,Paid,2023-10-04
7379,7379,Cash on Delivery,129858.71,Paid,2024-11-02
7380,7380,Mobile Money,92504.87,Paid,2024-05-24
7381,7381,Card,143841.02,Paid,2025-09-29
7382,7382,Bank Transfer,118649.93,Paid,2025-11-02
7383,7383,Mobile Money,229760.58,Paid,2026-05-14
7384,7384,Card,348009.37,Paid,2025-08-31
7385,7385,Bank Transfer,176067.68,Paid,2024-07-06
7386,7386,Mobile Money,34079.71,Paid,2025-12-07
7387,7387,Cash on Delivery,210644.48,Paid,2025-01-18
7388,7388,Mobile Money,109437.68,Paid,2026-01-19
7389,7389,Bank Transfer,31443.53,Paid,2023-01-28
7390,7390,Bank Transfer,113366.45,Paid,2026-06-17
7391,7391,Mobile Money,128814.56,Paid,2025-06-27
7392,7392,Cash on Delivery,85715.42,Paid,2024-04-09
7393,7393,Mobile Money,64998.53,Paid,2023-01-05
7394,7394,Card,297050.78,Paid,2025-02-06
7395,7395,Mobile Money,22181.95,Paid,2023-08-25
7396,7396,Mobile Money,68552.0,Paid,2023-07-05
7397,7397,Card,200940.45,Paid,2024-10-31
7398,7398,Mobile Money,91410.26,Paid,2023-12-07
7399,7399,Bank Transfer,465131.63,Pending,2026-03-07
7400,7400,Mobile Money,58789.9,Failed,2024-07-19
7401,7401,Card,46708.95,Paid,2024-04-18
7402,7402,Card,288871.7,Pending,2026-01-30
7403,7403,Cash on Delivery,58075.18,Paid,2025-08-31
7404,7404,Card,145631.34,Paid,2026-04-07
7405,7405,Cash on Delivery,160263.58,Paid,2024-05-27
7406,7406,Card,174338.6,Paid,2026-03-18
7407,7407,Card,64545.01,Paid,2023-01-24
7408,7408,Bank Transfer,152076.36,Paid,2025-04-25
7409,7409,Cash on Delivery,32064.87,Refunded,2025-01-03
7410,7410,Bank Transfer,179068.45,Paid,2026-05-09
7411,7411,Bank Transfer,75014.25,Paid,2024-05-03
7412,7412,Cash on Delivery,364868.2,Pending,2023-02-27
7413,7413,Cash on Delivery,173589.65,Paid,2025-02-09
7414,7414,Card,26961.27,Paid,2025-04-28
7415,7415,Bank Transfer,63765.51,Paid,2024-08-26
7416,7416,Mobile Money,40929.77,Paid,2025-07-01
7417,7417,Mobile Money,141037.04,Paid,2024-09-08
7418,7418,Bank Transfer,105145.2,Paid,2025-10-17
7419,7419,Card,369904.75,Paid,2025-10-12
7420,7420,Mobile Money,121818.42,Paid,2024-12-13
7421,7421,Mobile Money,379797.5,Paid,2025-12-15
7422,7422,Cash on Delivery,191285.65,Paid,2025-12-09
7423,7423,Mobile Money,127572.75,Paid,2026-02-08
7424,7424,Bank Transfer,253996.2,Paid,2024-10-11
7425,7425,Bank Transfer,64915.34,Paid,2024-06-22
7426,7426,Mobile Money,141547.8,Refunded,2024-09-30
7427,7427,Cash on Delivery,36538.54,Pending,2025-06-19
7428,7428,Cash on Delivery,299596.34,Paid,2025-06-27
7429,7429,Mobile Money,164736.9,Paid,2024-06-24
7430,7430,Mobile Money,409166.3,Paid,2025-04-19
7431,7431,Mobile Money,230423.68,Paid,2023-04-20
7432,7432,Mobile Money,75740.31,Paid,2024-01-29
7433,7433,Card,124771.7,Paid,2023-07-05
7434,7434,Bank Transfer,53474.54,Paid,2025-08-03
7435,7435,Cash on Delivery,123686.9,Paid,2023-03-17
7436,7436,Cash on Delivery,38019.29,Paid,2024-03-12
7437,7437,Mobile Money,266771.97,Paid,2025-12-05
7438,7438,Bank Transfer,170901.49,Paid,2023-11-29
7439,7439,Cash on Delivery,78984.15,Paid,2025-08-20
7440,7440,Mobile Money,281316.12,Failed,2024-06-15
7441,7441,Bank Transfer,79862.2,Paid,2024-10-11
7442,7442,Bank Transfer,80341.35,Paid,2023-04-28
7443,7443,Card,99472.4,Paid,2024-08-18
7444,7444,Mobile Money,47633.2,Paid,2024-02-26
7445,7445,Cash on Delivery,52869.34,Paid,2023-05-23
7446,7446,Cash on Delivery,119810.46,Paid,2024-08-20
7447,7447,Cash on Delivery,154530.57,Paid,2024-07-16
7448,7448,Mobile Money,141681.95,Paid,2025-05-21
7449,7449,Cash on Delivery,170369.59,Paid,2025-05-15
7450,7450,Cash on Delivery,60403.94,Paid,2025-11-27
7451,7451,Bank Transfer,354736.45,Paid,2024-11-23
7452,7452,Card,41253.16,Paid,2025-05-15
7453,7453,Bank Transfer,49265.29,Pending,2025-10-11
7454,7454,Bank Transfer,115002.18,Paid,2024-04-23
7455,7455,Cash on Delivery,78095.88,Paid,2026-04-03
7456,7456,Cash on Delivery,134031.29,Failed,2024-10-24
7457,7457,Bank Transfer,246921.58,Failed,2024-03-12
7458,7458,Mobile Money,467077.68,Paid,2023-08-02
7459,7459,Bank Transfer,113862.42,Paid,2025-05-20
7460,7460,Card,28064.54,Paid,2023-01-25
7461,7461,Card,27120.64,Paid,2023-04-04
7462,7462,Card,27221.08,Refunded,2024-10-19
7463,7463,Cash on Delivery,377990.85,Paid,2026-02-15
7464,7464,Bank Transfer,69520.85,Paid,2023-08-07
7465,7465,Bank Transfer,144007.73,Paid,2024-08-03
7466,7466,Card,92055.17,Paid,2024-05-02
7467,7467,Cash on Delivery,341184.65,Paid,2026-05-31
7468,7468,Cash on Delivery,378219.5,Paid,2025-09-05
7469,7469,Cash on Delivery,170410.07,Paid,2025-01-07
7470,7470,Mobile Money,378724.08,Paid,2023-06-06
7471,7471,Mobile Money,95227.33,Paid,2024-06-04
7472,7472,Cash on Delivery,220938.14,Paid,2023-02-07
7473,7473,Cash on Delivery,52193.88,Paid,2024-11-01
7474,7474,Cash on Delivery,70824.63,Pending,2025-07-05
7475,7475,Bank Transfer,325872.9,Paid,2025-01-04
7476,7476,Mobile Money,60896.51,Pending,2024-12-26
7477,7477,Cash on Delivery,94883.0,Paid,2023-11-10
7478,7478,Card,120008.97,Paid,2023-11-10
7479,7479,Mobile Money,101461.58,Pending,2024-02-25
7480,7480,Card,175220.74,Paid,2024-08-12
7481,7481,Card,117568.2,Paid,2023-07-05
7482,7482,Mobile Money,82781.77,Paid,2025-02-19
7483,7483,Card,148260.23,Paid,2026-06-06
7484,7484,Bank Transfer,45397.63,Pending,2023-04-21
7485,7485,Cash on Delivery,67172.07,Paid,2023-09-09
7486,7486,Bank Transfer,80673.64,Paid,2025-07-31
7487,7487,Mobile Money,288914.14,Paid,2023-11-01
7488,7488,Card,274602.45,Refunded,2024-01-15
7489,7489,Card,153594.31,Pending,2024-12-10
7490,7490,Card,233144.55,Paid,2025-11-29
7491,7491,Cash on Delivery,45024.78,Paid,2023-09-10
7492,7492,Cash on Delivery,150277.47,Paid,2023-08-26
7493,7493,Card,261412.53,Paid,2025-10-14
7494,7494,Mobile Money,78984.15,Paid,2024-02-17
7495,7495,Mobile Money,196474.57,Paid,2025-09-30
7496,7496,Bank Transfer,25644.62,Paid,2024-09-25
7497,7497,Bank Transfer,172990.92,Paid,2023-03-13
7498,7498,Cash on Delivery,86493.44,Paid,2024-06-18
7499,7499,Card,107281.35,Paid,2023-05-15
7500,7500,Cash on Delivery,186238.22,Paid,2024-12-02
7501,7501,Mobile Money,288334.3,Paid,2026-03-06
7502,7502,Cash on Delivery,57312.64,Paid,2024-04-08
7503,7503,Cash on Delivery,159007.25,Paid,2026-03-22
7504,7504,Mobile Money,73970.56,Paid,2026-01-26
7505,7505,Card,34350.45,Paid,2026-05-27
7506,7506,Card,118400.38,Paid,2025-09-27
7507,7507,Card,75124.98,Paid,2023-11-02
7508,7508,Mobile Money,40832.48,Paid,2025-05-14
7509,7509,Mobile Money,109794.18,Paid,2024-05-05
7510,7510,Cash on Delivery,126462.04,Refunded,2023-05-31
7511,7511,Mobile Money,162066.71,Paid,2023-03-02
7512,7512,Mobile Money,265666.97,Paid,2023-04-01
7513,7513,Card,153472.04,Paid,2024-07-25
7514,7514,Cash on Delivery,91301.21,Paid,2023-08-01
7515,7515,Bank Transfer,117768.1,Failed,2023-09-16
7516,7516,Mobile Money,58832.2,Pending,2026-02-16
7517,7517,Bank Transfer,63936.91,Paid,2024-10-20
7518,7518,Card,112346.07,Paid,2026-03-24
7519,7519,Bank Transfer,138514.45,Failed,2024-05-24
7520,7520,Card,120607.32,Paid,2026-02-24
7521,7521,Mobile Money,364334.42,Refunded,2026-06-19
7522,7522,Card,166261.35,Paid,2025-05-18
7523,7523,Card,266642.34,Paid,2023-04-21
7524,7524,Bank Transfer,204258.46,Paid,2024-03-04
7525,7525,Card,126828.09,Paid,2024-04-19
7526,7526,Cash on Delivery,24032.8,Refunded,2024-09-09
7527,7527,Mobile Money,135215.09,Paid,2024-05-19
7528,7528,Card,180765.19,Paid,2024-07-23
7529,7529,Cash on Delivery,58418.7,Paid,2026-01-18
7530,7530,Cash on Delivery,24878.6,Pending,2025-07-01
7531,7531,Bank Transfer,131297.02,Paid,2025-03-21
7532,7532,Bank Transfer,120192.27,Pending,2024-09-23
7533,7533,Mobile Money,33221.7,Paid,2023-02-01
7534,7534,Bank Transfer,61455.11,Paid,2024-10-21
7535,7535,Bank Transfer,175380.19,Paid,2024-02-23
7536,7536,Mobile Money,55542.55,Paid,2023-09-12
7537,7537,Bank Transfer,399330.67,Paid,2026-03-02
7538,7538,Card,77201.7,Paid,2023-04-29
7539,7539,Bank Transfer,29186.21,Paid,2025-10-04
7540,7540,Cash on Delivery,169520.21,Paid,2023-12-06
7541,7541,Card,227386.3,Paid,2024-03-24
7542,7542,Mobile Money,188307.54,Paid,2024-08-26
7543,7543,Bank Transfer,149548.14,Paid,2024-03-19
7544,7544,Cash on Delivery,75892.24,Paid,2025-04-21
7545,7545,Card,140893.08,Paid,2025-04-02
7546,7546,Mobile Money,116998.05,Paid,2023-07-24
7547,7547,Bank Transfer,17068.42,Paid,2025-06-01
7548,7548,Card,97477.67,Pending,2024-11-11
7549,7549,Mobile Money,190074.27,Paid,2024-05-16
7550,7550,Mobile Money,96618.11,Paid,2024-06-07
7551,7551,Bank Transfer,76726.21,Paid,2023-06-08
7552,7552,Mobile Money,328169.13,Paid,2025-09-21
7553,7553,Cash on Delivery,353821.41,Paid,2025-04-28
7554,7554,Bank Transfer,372277.69,Failed,2023-04-15
7555,7555,Cash on Delivery,421445.92,Paid,2025-11-25
7556,7556,Mobile Money,295600.88,Paid,2025-03-12
7557,7557,Cash on Delivery,184552.66,Paid,2024-09-03
7558,7558,Card,136972.85,Paid,2025-09-06
7559,7559,Mobile Money,95677.02,Paid,2023-05-05
7560,7560,Mobile Money,106398.48,Paid,2026-03-24
7561,7561,Bank Transfer,301062.17,Paid,2025-02-26
7562,7562,Card,88269.48,Failed,2023-02-19
7563,7563,Card,190663.31,Paid,2023-03-12
7564,7564,Card,131787.81,Paid,2026-05-24
7565,7565,Card,223611.09,Paid,2024-10-19
7566,7566,Card,125988.96,Paid,2026-03-10
7567,7567,Mobile Money,37544.6,Paid,2026-01-10
7568,7568,Bank Transfer,36082.34,Paid,2025-07-03
7569,7569,Mobile Money,80106.54,Paid,2025-07-04
7570,7570,Bank Transfer,496507.3,Paid,2024-10-06
7571,7571,Mobile Money,47869.65,Paid,2025-01-10
7572,7572,Cash on Delivery,169070.1,Refunded,2024-10-29
7573,7573,Bank Transfer,56828.99,Paid,2026-03-01
7574,7574,Card,195650.85,Paid,2025-10-17
7575,7575,Mobile Money,171976.65,Paid,2024-05-12
7576,7576,Card,307707.64,Paid,2024-04-03
7577,7577,Bank Transfer,122721.72,Paid,2023-03-10
7578,7578,Cash on Delivery,412905.18,Paid,2025-03-04
7579,7579,Mobile Money,333517.65,Paid,2024-06-05
7580,7580,Bank Transfer,283997.39,Paid,2025-11-29
7581,7581,Card,266958.51,Paid,2023-03-24
7582,7582,Mobile Money,6818.36,Paid,2025-04-24
7583,7583,Card,156741.04,Refunded,2025-08-04
7584,7584,Mobile Money,17172.67,Paid,2026-01-01
7585,7585,Card,393622.07,Paid,2023-02-08
7586,7586,Card,213752.01,Paid,2026-05-24
7587,7587,Card,217905.85,Paid,2023-10-03
7588,7588,Bank Transfer,97187.8,Paid,2024-01-30
7589,7589,Bank Transfer,56490.96,Paid,2024-11-09
7590,7590,Mobile Money,316617.37,Paid,2023-12-16
7591,7591,Mobile Money,111027.69,Paid,2023-12-29
7592,7592,Cash on Delivery,136614.49,Paid,2023-08-29
7593,7593,Mobile Money,193570.82,Paid,2024-09-23
7594,7594,Cash on Delivery,101303.27,Paid,2025-06-18
7595,7595,Card,61473.03,Paid,2025-06-05
7596,7596,Card,147062.29,Refunded,2025-03-04
7597,7597,Bank Transfer,246697.1,Paid,2023-03-23
7598,7598,Card,347779.46,Paid,2024-05-21
7599,7599,Cash on Delivery,186741.68,Paid,2023-04-29
7600,7600,Cash on Delivery,493956.31,Paid,2023-07-24
7601,7601,Bank Transfer,522907.6,Failed,2024-07-23
7602,7602,Mobile Money,138063.98,Paid,2025-10-31
7603,7603,Mobile Money,114995.48,Paid,2024-09-23
7604,7604,Bank Transfer,203058.14,Paid,2024-01-15
7605,7605,Mobile Money,136185.52,Paid,2024-05-10
7606,7606,Bank Transfer,246449.44,Paid,2024-07-25
7607,7607,Card,306829.66,Paid,2023-11-18
7608,7608,Card,118047.19,Paid,2026-03-22
7609,7609,Card,117576.72,Paid,2025-12-21
7610,7610,Cash on Delivery,601849.74,Paid,2026-03-22
7611,7611,Bank Transfer,335960.69,Paid,2026-01-19
7612,7612,Mobile Money,23126.96,Paid,2023-11-13
7613,7613,Cash on Delivery,372287.48,Paid,2025-10-27
7614,7614,Card,251538.5,Paid,2024-05-14
7615,7615,Cash on Delivery,248369.21,Paid,2025-09-04
7616,7616,Bank Transfer,129672.35,Paid,2025-08-20
7617,7617,Cash on Delivery,88063.99,Paid,2024-05-23
7618,7618,Card,197287.01,Paid,2026-02-26
7619,7619,Bank Transfer,113859.15,Paid,2025-05-17
7620,7620,Bank Transfer,371547.71,Paid,2024-09-19
7621,7621,Cash on Delivery,344939.3,Paid,2025-05-20
7622,7622,Mobile Money,223183.76,Paid,2023-06-17
7623,7623,Bank Transfer,127902.0,Paid,2023-12-02
7624,7624,Bank Transfer,110130.68,Paid,2026-03-27
7625,7625,Card,25837.17,Pending,2025-07-07
7626,7626,Card,315109.89,Paid,2025-12-23
7627,7627,Mobile Money,8843.18,Paid,2024-10-14
7628,7628,Mobile Money,72367.62,Paid,2025-06-12
7629,7629,Mobile Money,186328.43,Paid,2025-05-01
7630,7630,Bank Transfer,242539.16,Paid,2025-07-01
7631,7631,Bank Transfer,137253.76,Paid,2024-07-10
7632,7632,Card,261704.26,Paid,2023-04-24
7633,7633,Mobile Money,627588.27,Refunded,2023-02-07
7634,7634,Card,73634.82,Paid,2024-06-08
7635,7635,Cash on Delivery,225530.08,Paid,2026-06-29
7636,7636,Mobile Money,88677.1,Paid,2023-09-28
7637,7637,Mobile Money,171432.42,Paid,2025-10-01
7638,7638,Card,184002.8,Paid,2026-01-30
7639,7639,Cash on Delivery,174660.5,Paid,2025-08-27
7640,7640,Mobile Money,95400.44,Paid,2025-04-19
7641,7641,Card,227392.5,Paid,2024-07-10
7642,7642,Mobile Money,46739.12,Paid,2023-02-24
7643,7643,Mobile Money,197264.41,Paid,2023-01-21
7644,7644,Mobile Money,25456.26,Paid,2025-08-20
7645,7645,Card,61436.05,Paid,2023-10-20
7646,7646,Cash on Delivery,91547.39,Paid,2025-11-05
7647,7647,Bank Transfer,148716.53,Paid,2026-02-11
7648,7648,Cash on Delivery,279701.54,Paid,2025-05-23
7649,7649,Card,198445.42,Paid,2026-06-03
7650,7650,Card,216299.86,Paid,2025-08-09
7651,7651,Cash on Delivery,230071.49,Paid,2026-01-12
7652,7652,Mobile Money,233770.16,Paid,2024-08-07
7653,7653,Cash on Delivery,152385.09,Paid,2025-09-14
7654,7654,Mobile Money,208696.66,Pending,2025-06-04
7655,7655,Card,29230.05,Paid,2025-08-14
7656,7656,Card,48259.72,Paid,2023-08-06
7657,7657,Mobile Money,100708.12,Refunded,2026-04-15
7658,7658,Mobile Money,194355.6,Pending,2025-05-27
7659,7659,Bank Transfer,131890.72,Paid,2025-08-22
7660,7660,Bank Transfer,161582.62,Refunded,2023-03-15
7661,7661,Cash on Delivery,104631.9,Paid,2025-05-24
7662,7662,Bank Transfer,68638.45,Paid,2025-11-09
7663,7663,Bank Transfer,301005.2,Paid,2023-04-05
7664,7664,Bank Transfer,199026.93,Paid,2024-09-22
7665,7665,Cash on Delivery,371465.85,Paid,2025-09-10
7666,7666,Cash on Delivery,134665.37,Paid,2026-03-21
7667,7667,Card,174456.15,Paid,2024-07-30
7668,7668,Card,172695.2,Paid,2025-02-15
7669,7669,Cash on Delivery,160568.12,Paid,2026-06-09
7670,7670,Bank Transfer,109211.53,Refunded,2026-03-18
7671,7671,Cash on Delivery,207953.67,Paid,2024-05-21
7672,7672,Cash on Delivery,151405.76,Paid,2026-02-07
7673,7673,Cash on Delivery,316444.57,Paid,2024-06-22
7674,7674,Mobile Money,195373.35,Paid,2023-07-16
7675,7675,Bank Transfer,152677.92,Paid,2024-04-17
7676,7676,Mobile Money,104802.13,Paid,2025-01-22
7677,7677,Bank Transfer,217711.5,Paid,2025-06-05
7678,7678,Mobile Money,38199.25,Paid,2026-03-21
7679,7679,Cash on Delivery,210579.41,Paid,2024-03-01
7680,7680,Cash on Delivery,402807.5,Paid,2024-08-10
7681,7681,Mobile Money,74738.13,Paid,2024-05-11
7682,7682,Card,100824.84,Paid,2026-01-31
7683,7683,Mobile Money,276678.45,Paid,2024-05-13
7684,7684,Mobile Money,420651.13,Paid,2025-07-07
7685,7685,Cash on Delivery,195942.9,Refunded,2025-07-18
7686,7686,Mobile Money,153856.62,Paid,2023-11-21
7687,7687,Card,142081.57,Paid,2024-12-22
7688,7688,Card,41680.58,Paid,2026-05-26
7689,7689,Cash on Delivery,85198.95,Paid,2024-09-17
7690,7690,Mobile Money,42232.81,Paid,2025-03-19
7691,7691,Mobile Money,379142.02,Paid,2025-09-25
7692,7692,Card,216389.0,Paid,2025-12-14
7693,7693,Card,19371.47,Paid,2023-06-12
7694,7694,Mobile Money,47283.13,Paid,2025-06-25
7695,7695,Cash on Delivery,72790.07,Paid,2025-10-16
7696,7696,Cash on Delivery,508669.48,Paid,2023-04-17
7697,7697,Card,142258.62,Paid,2023-12-05
7698,7698,Cash on Delivery,41223.36,Paid,2024-10-04
7699,7699,Bank Transfer,118866.87,Paid,2024-10-10
7700,7700,Bank Transfer,47903.05,Paid,2023-04-13
7701,7701,Mobile Money,429687.87,Paid,2023-06-08
7702,7702,Cash on Delivery,4301.41,Paid,2023-05-22
7703,7703,Mobile Money,304722.16,Paid,2024-05-25
7704,7704,Mobile Money,4261.15,Paid,2025-05-14
7705,7705,Mobile Money,173585.66,Failed,2024-08-19
7706,7706,Card,69151.16,Paid,2024-10-12
7707,7707,Card,202740.08,Paid,2024-03-04
7708,7708,Mobile Money,236240.73,Paid,2024-10-24
7709,7709,Bank Transfer,66356.88,Paid,2024-04-06
7710,7710,Card,28823.18,Refunded,2023-04-05
7711,7711,Card,96300.06,Paid,2024-07-17
7712,7712,Card,205796.45,Paid,2025-01-06
7713,7713,Cash on Delivery,387949.41,Paid,2024-04-22
7714,7714,Card,230589.05,Paid,2025-06-30
7715,7715,Bank Transfer,103966.96,Paid,2025-09-12
7716,7716,Mobile Money,35042.83,Paid,2023-07-20
7717,7717,Card,165441.24,Paid,2023-06-07
7718,7718,Card,547683.27,Paid,2024-06-18
7719,7719,Mobile Money,49763.16,Paid,2024-03-03
7720,7720,Mobile Money,314490.59,Paid,2026-04-30
7721,7721,Cash on Delivery,145771.54,Paid,2024-10-03
7722,7722,Cash on Delivery,124770.39,Paid,2024-11-30
7723,7723,Card,102801.72,Paid,2025-08-22
7724,7724,Mobile Money,58581.89,Paid,2023-03-05
7725,7725,Card,75658.74,Paid,2023-06-19
7726,7726,Cash on Delivery,45155.72,Paid,2023-08-19
7727,7727,Mobile Money,168198.96,Paid,2025-04-12
7728,7728,Mobile Money,131649.57,Paid,2025-04-11
7729,7729,Cash on Delivery,9702.76,Paid,2024-07-15
7730,7730,Mobile Money,224300.67,Paid,2025-05-04
7731,7731,Cash on Delivery,182209.03,Paid,2024-11-11
7732,7732,Mobile Money,195207.63,Paid,2023-01-17
7733,7733,Card,118225.97,Paid,2024-06-18
7734,7734,Card,58669.8,Paid,2025-10-21
7735,7735,Bank Transfer,140221.11,Paid,2025-10-04
7736,7736,Card,17533.56,Paid,2025-11-27
7737,7737,Bank Transfer,88034.92,Paid,2023-08-26
7738,7738,Bank Transfer,138646.04,Paid,2025-02-22
7739,7739,Bank Transfer,176623.48,Paid,2023-06-04
7740,7740,Cash on Delivery,127853.22,Paid,2024-12-26
7741,7741,Cash on Delivery,223771.29,Paid,2025-10-04
7742,7742,Bank Transfer,55837.03,Paid,2023-04-06
7743,7743,Bank Transfer,350138.5,Paid,2024-09-04
7744,7744,Card,109527.68,Paid,2023-10-24
7745,7745,Card,68103.7,Paid,2025-12-21
7746,7746,Bank Transfer,76270.27,Paid,2023-05-13
7747,7747,Mobile Money,200600.11,Paid,2025-11-14
7748,7748,Cash on Delivery,57797.5,Paid,2025-04-21
7749,7749,Mobile Money,182651.01,Paid,2023-03-30
7750,7750,Cash on Delivery,93574.44,Refunded,2026-02-27
7751,7751,Mobile Money,292245.22,Paid,2025-06-30
7752,7752,Cash on Delivery,49265.7,Paid,2023-01-22
7753,7753,Bank Transfer,257677.31,Paid,2024-03-26
7754,7754,Mobile Money,40522.9,Paid,2024-04-07
7755,7755,Cash on Delivery,15922.24,Paid,2025-03-12
7756,7756,Bank Transfer,150887.25,Paid,2024-10-02
7757,7757,Cash on Delivery,99286.48,Refunded,2024-10-22
7758,7758,Bank Transfer,123571.87,Paid,2023-01-29
7759,7759,Bank Transfer,170800.23,Refunded,2024-12-13
7760,7760,Cash on Delivery,117488.46,Paid,2023-01-12
7761,7761,Bank Transfer,157048.4,Paid,2024-01-02
7762,7762,Cash on Delivery,173691.18,Failed,2025-07-24
7763,7763,Mobile Money,114332.66,Paid,2025-09-16
7764,7764,Cash on Delivery,53077.84,Paid,2025-09-26
7765,7765,Mobile Money,254726.38,Paid,2023-11-23
7766,7766,Card,214687.97,Failed,2026-04-15
7767,7767,Mobile Money,54383.07,Paid,2026-04-27
7768,7768,Mobile Money,46831.88,Paid,2023-12-28
7769,7769,Card,157744.76,Paid,2024-02-06
7770,7770,Cash on Delivery,98767.4,Paid,2023-04-22
7771,7771,Bank Transfer,191468.07,Paid,2023-04-03
7772,7772,Card,88101.85,Failed,2024-08-09
7773,7773,Card,132358.81,Paid,2026-04-25
7774,7774,Bank Transfer,236654.36,Paid,2023-07-05
7775,7775,Bank Transfer,371575.3,Paid,2025-04-09
7776,7776,Card,119997.75,Paid,2023-07-16
7777,7777,Mobile Money,123161.08,Refunded,2023-11-01
7778,7778,Bank Transfer,37577.27,Paid,2023-05-24
7779,7779,Bank Transfer,101741.1,Paid,2023-04-07
7780,7780,Bank Transfer,111778.8,Paid,2023-05-08
7781,7781,Cash on Delivery,345994.73,Paid,2026-06-21
7782,7782,Mobile Money,153907.56,Failed,2024-10-13
7783,7783,Bank Transfer,57158.3,Paid,2023-06-07
7784,7784,Cash on Delivery,49261.58,Paid,2025-04-11
7785,7785,Card,120421.53,Paid,2024-01-30
7786,7786,Mobile Money,90516.93,Paid,2025-01-06
7787,7787,Card,123710.78,Paid,2025-09-26
7788,7788,Cash on Delivery,255804.96,Pending,2026-06-21
7789,7789,Card,28579.03,Paid,2025-01-06
7790,7790,Card,87898.1,Paid,2025-03-04
7791,7791,Bank Transfer,49989.59,Paid,2026-02-19
7792,7792,Cash on Delivery,209245.5,Paid,2026-02-18
7793,7793,Card,149642.13,Paid,2024-02-14
7794,7794,Card,97325.42,Paid,2023-04-25
7795,7795,Cash on Delivery,44789.89,Paid,2024-10-22
7796,7796,Cash on Delivery,312174.94,Paid,2026-02-28
7797,7797,Cash on Delivery,138002.98,Paid,2024-07-20
7798,7798,Bank Transfer,360948.25,Paid,2025-04-28
7799,7799,Card,145819.94,Paid,2025-10-13
7800,7800,Card,97989.88,Paid,2024-05-16
7801,7801,Mobile Money,112982.33,Paid,2024-08-05
7802,7802,Cash on Delivery,154595.47,Paid,2024-10-06
7803,7803,Cash on Delivery,42519.07,Paid,2025-08-20
7804,7804,Cash on Delivery,75751.23,Paid,2026-03-27
7805,7805,Cash on Delivery,148111.05,Paid,2024-06-22
7806,7806,Bank Transfer,389865.41,Paid,2023-04-08
7807,7807,Card,147931.49,Pending,2023-08-31
7808,7808,Bank Transfer,134108.36,Paid,2025-10-02
7809,7809,Card,251543.1,Paid,2025-11-06
7810,7810,Cash on Delivery,24626.98,Paid,2024-09-21
7811,7811,Card,21967.93,Paid,2025-10-23
7812,7812,Bank Transfer,203584.76,Paid,2024-12-06
7813,7813,Mobile Money,283931.4,Paid,2023-10-14
7814,7814,Card,119250.98,Paid,2023-04-25
7815,7815,Bank Transfer,101835.34,Paid,2025-08-16
7816,7816,Card,85610.87,Paid,2025-11-10
7817,7817,Cash on Delivery,307282.78,Paid,2023-01-28
7818,7818,Cash on Delivery,107461.79,Paid,2023-09-04
7819,7819,Mobile Money,140310.31,Paid,2023-02-20
7820,7820,Cash on Delivery,27755.06,Paid,2023-07-28
7821,7821,Bank Transfer,211994.49,Paid,2025-10-05
7822,7822,Bank Transfer,134399.0,Paid,2025-02-04
7823,7823,Card,81610.44,Paid,2024-03-11
7824,7824,Bank Transfer,27701.28,Failed,2025-04-13
7825,7825,Card,344848.5,Paid,2026-02-24
7826,7826,Card,36627.81,Paid,2025-07-06
7827,7827,Mobile Money,35316.95,Paid,2024-02-20
7828,7828,Cash on Delivery,74908.3,Paid,2025-01-27
7829,7829,Bank Transfer,113754.88,Paid,2025-02-07
7830,7830,Card,313211.04,Paid,2023-04-03
7831,7831,Bank Transfer,294595.34,Paid,2024-02-21
7832,7832,Card,283192.32,Paid,2026-06-14
7833,7833,Card,113234.28,Paid,2023-05-23
7834,7834,Card,393532.84,Paid,2026-03-30
7835,7835,Bank Transfer,70473.47,Paid,2024-03-01
7836,7836,Card,156897.85,Paid,2023-06-22
7837,7837,Card,181701.93,Paid,2026-05-05
7838,7838,Cash on Delivery,162306.1,Paid,2023-08-29
7839,7839,Card,30527.42,Paid,2024-10-16
7840,7840,Cash on Delivery,90085.22,Pending,2024-04-21
7841,7841,Card,185926.7,Paid,2025-07-05
7842,7842,Cash on Delivery,37783.27,Paid,2024-04-12
7843,7843,Cash on Delivery,85042.19,Paid,2023-09-21
7844,7844,Mobile Money,58617.77,Paid,2024-05-07
7845,7845,Mobile Money,166300.2,Paid,2024-05-05
7846,7846,Card,91645.81,Refunded,2023-10-25
7847,7847,Bank Transfer,159419.29,Paid,2023-11-11
7848,7848,Card,69822.62,Refunded,2024-09-27
7849,7849,Card,29066.7,Paid,2025-02-16
7850,7850,Cash on Delivery,85427.15,Paid,2025-10-20
7851,7851,Mobile Money,142010.28,Paid,2023-11-25
7852,7852,Cash on Delivery,25011.62,Paid,2026-05-26
7853,7853,Card,149937.95,Paid,2025-10-28
7854,7854,Mobile Money,131255.15,Paid,2024-02-01
7855,7855,Card,306383.46,Paid,2025-12-12
7856,7856,Mobile Money,169799.45,Paid,2026-03-01
7857,7857,Mobile Money,34112.54,Paid,2026-01-15
7858,7858,Cash on Delivery,14449.42,Paid,2025-08-13
7859,7859,Bank Transfer,57631.12,Pending,2023-10-11
7860,7860,Mobile Money,315030.82,Paid,2025-04-27
7861,7861,Mobile Money,426675.1,Paid,2023-12-23
7862,7862,Mobile Money,94968.64,Paid,2026-01-20
7863,7863,Mobile Money,205447.77,Paid,2025-03-28
7864,7864,Cash on Delivery,168821.22,Paid,2023-11-23
7865,7865,Bank Transfer,229517.78,Paid,2023-12-01
7866,7866,Mobile Money,118774.24,Paid,2025-02-11
7867,7867,Card,237663.9,Refunded,2026-01-23
7868,7868,Cash on Delivery,120225.47,Paid,2023-11-18
7869,7869,Bank Transfer,135229.01,Paid,2026-06-02
7870,7870,Cash on Delivery,109308.61,Paid,2024-03-20
7871,7871,Cash on Delivery,285948.15,Paid,2024-03-10
7872,7872,Card,20603.72,Paid,2026-01-23
7873,7873,Card,57660.7,Paid,2025-12-22
7874,7874,Cash on Delivery,208360.72,Paid,2025-12-29
7875,7875,Card,92598.84,Paid,2026-01-09
7876,7876,Cash on Delivery,282448.35,Paid,2023-10-05
7877,7877,Mobile Money,343489.05,Paid,2023-05-24
7878,7878,Mobile Money,18871.04,Pending,2025-05-15
7879,7879,Bank Transfer,119208.87,Paid,2026-05-25
7880,7880,Cash on Delivery,158618.04,Paid,2024-03-31
7881,7881,Card,285456.08,Pending,2026-02-12
7882,7882,Bank Transfer,84441.84,Paid,2025-12-09
7883,7883,Mobile Money,158048.64,Paid,2024-11-15
7884,7884,Bank Transfer,281870.65,Paid,2025-12-13
7885,7885,Card,99371.2,Paid,2024-11-14
7886,7886,Bank Transfer,92189.72,Paid,2023-07-21
7887,7887,Card,84449.15,Paid,2023-06-09
7888,7888,Mobile Money,139991.28,Paid,2025-09-05
7889,7889,Bank Transfer,35779.64,Paid,2025-09-11
7890,7890,Card,91794.7,Paid,2024-05-31
7891,7891,Mobile Money,61870.74,Paid,2026-01-20
7892,7892,Card,385731.92,Paid,2024-12-21
7893,7893,Mobile Money,112984.22,Pending,2025-06-09
7894,7894,Mobile Money,149115.25,Failed,2025-06-21
7895,7895,Bank Transfer,40174.44,Paid,2024-06-02
7896,7896,Cash on Delivery,26231.25,Paid,2025-07-08
7897,7897,Cash on Delivery,155242.62,Paid,2023-08-28
7898,7898,Cash on Delivery,224500.24,Paid,2024-10-10
7899,7899,Mobile Money,102465.05,Paid,2024-12-04
7900,7900,Cash on Delivery,199578.7,Paid,2025-05-14
7901,7901,Bank Transfer,229013.95,Paid,2026-03-18
7902,7902,Card,108481.42,Paid,2023-10-05
7903,7903,Bank Transfer,239907.96,Paid,2025-06-06
7904,7904,Cash on Delivery,298094.93,Paid,2023-08-02
7905,7905,Cash on Delivery,44359.04,Paid,2024-04-22
7906,7906,Mobile Money,652110.8,Paid,2024-03-23
7907,7907,Mobile Money,51092.96,Paid,2026-01-03
7908,7908,Card,372139.59,Paid,2025-01-03
7909,7909,Cash on Delivery,61910.95,Paid,2025-10-23
7910,7910,Mobile Money,132938.38,Paid,2023-06-27
7911,7911,Bank Transfer,207344.77,Failed,2025-10-15
7912,7912,Bank Transfer,66117.08,Paid,2024-10-01
7913,7913,Bank Transfer,126232.61,Paid,2024-09-17
7914,7914,Cash on Delivery,18833.72,Paid,2024-04-19
7915,7915,Card,63314.16,Pending,2023-03-06
7916,7916,Card,202134.9,Paid,2025-04-24
7917,7917,Mobile Money,202160.47,Paid,2026-04-14
7918,7918,Cash on Delivery,133348.32,Paid,2026-03-06
7919,7919,Card,173379.3,Paid,2025-05-30
7920,7920,Mobile Money,176080.24,Pending,2024-10-23
7921,7921,Cash on Delivery,251232.1,Paid,2024-05-24
7922,7922,Card,138396.56,Paid,2024-07-04
7923,7923,Mobile Money,214533.52,Paid,2024-09-02
7924,7924,Mobile Money,78862.18,Paid,2024-10-06
7925,7925,Cash on Delivery,189300.72,Paid,2026-01-31
7926,7926,Card,372916.26,Paid,2024-02-09
7927,7927,Bank Transfer,67497.37,Paid,2023-11-20
7928,7928,Cash on Delivery,131713.33,Paid,2025-03-29
7929,7929,Mobile Money,84835.43,Paid,2025-07-05
7930,7930,Cash on Delivery,455701.4,Paid,2025-04-07
7931,7931,Cash on Delivery,176204.91,Paid,2023-07-10
7932,7932,Card,468412.84,Pending,2023-10-28
7933,7933,Bank Transfer,27845.94,Paid,2024-07-06
7934,7934,Bank Transfer,50534.47,Paid,2024-06-10
7935,7935,Bank Transfer,61968.38,Paid,2024-09-19
7936,7936,Bank Transfer,227179.52,Paid,2024-12-30
7937,7937,Mobile Money,109015.26,Paid,2024-08-05
7938,7938,Cash on Delivery,90947.53,Paid,2023-06-12
7939,7939,Bank Transfer,110771.52,Paid,2025-11-07
7940,7940,Card,171211.75,Paid,2024-01-29
7941,7941,Mobile Money,70732.58,Paid,2025-01-05
7942,7942,Mobile Money,223243.75,Paid,2024-10-10
7943,7943,Cash on Delivery,171148.4,Paid,2024-06-17
7944,7944,Card,102489.7,Paid,2023-12-02
7945,7945,Cash on Delivery,261374.76,Paid,2024-04-12
7946,7946,Card,69000.85,Pending,2024-07-14
7947,7947,Mobile Money,179032.23,Paid,2023-10-02
7948,7948,Bank Transfer,180880.56,Paid,2024-07-25
7949,7949,Mobile Money,106270.67,Paid,2024-04-11
7950,7950,Card,120852.07,Paid,2025-07-24
7951,7951,Cash on Delivery,139385.41,Paid,2024-08-01
7952,7952,Mobile Money,114085.48,Paid,2025-07-19
7953,7953,Mobile Money,343974.4,Failed,2025-03-16
7954,7954,Card,74852.86,Refunded,2025-11-10
7955,7955,Card,298337.65,Paid,2026-02-26
7956,7956,Cash on Delivery,81259.74,Failed,2023-06-02
7957,7957,Cash on Delivery,107861.04,Paid,2026-02-18
7958,7958,Cash on Delivery,100982.33,Paid,2025-11-06
7959,7959,Bank Transfer,225006.76,Paid,2025-02-15
7960,7960,Card,52702.24,Paid,2025-10-26
7961,7961,Card,57193.47,Paid,2026-05-22
7962,7962,Cash on Delivery,89708.97,Pending,2024-01-04
7963,7963,Cash on Delivery,530988.91,Paid,2024-12-02
7964,7964,Card,78025.36,Paid,2026-03-09
7965,7965,Cash on Delivery,105342.22,Paid,2024-06-18
7966,7966,Card,17029.68,Paid,2024-12-18
7967,7967,Bank Transfer,272207.35,Paid,2024-08-10
7968,7968,Cash on Delivery,72398.47,Paid,2025-08-15
7969,7969,Bank Transfer,283029.82,Paid,2024-03-19
7970,7970,Card,30470.72,Paid,2024-11-04
7971,7971,Bank Transfer,170856.31,Paid,2025-07-10
7972,7972,Mobile Money,130898.56,Paid,2024-10-29
7973,7973,Bank Transfer,327196.57,Paid,2023-09-10
7974,7974,Bank Transfer,176737.32,Refunded,2023-07-26
7975,7975,Bank Transfer,108697.86,Paid,2023-11-08
7976,7976,Bank Transfer,57375.45,Paid,2024-10-16
7977,7977,Mobile Money,181636.68,Paid,2025-10-31
7978,7978,Card,160691.14,Failed,2025-07-22
7979,7979,Bank Transfer,130889.61,Paid,2025-06-28
7980,7980,Cash on Delivery,40220.11,Paid,2023-02-10
7981,7981,Card,459781.38,Paid,2024-03-21
7982,7982,Card,97825.22,Paid,2024-02-19
7983,7983,Bank Transfer,59334.56,Paid,2023-01-07
7984,7984,Card,331199.85,Paid,2025-10-02
7985,7985,Cash on Delivery,75614.99,Paid,2024-05-09
7986,7986,Card,112228.04,Paid,2025-10-10
7987,7987,Mobile Money,43065.42,Paid,2024-01-26
7988,7988,Cash on Delivery,89796.34,Paid,2025-03-07
7989,7989,Bank Transfer,23524.47,Paid,2024-09-07
7990,7990,Mobile Money,55011.33,Paid,2026-04-15
7991,7991,Mobile Money,136446.47,Paid,2025-07-15
7992,7992,Cash on Delivery,130642.51,Paid,2023-10-28
7993,7993,Bank Transfer,262077.75,Paid,2023-08-03
7994,7994,Bank Transfer,60931.4,Paid,2023-12-06
7995,7995,Card,132557.32,Paid,2025-10-08
7996,7996,Bank Transfer,72408.19,Paid,2024-04-03
7997,7997,Mobile Money,405764.31,Paid,2025-07-02
7998,7998,Bank Transfer,144724.13,Paid,2024-03-12
7999,7999,Mobile Money,85561.85,Paid,2025-02-23
8000,8000,Card,36293.92,Paid,2023-07-14
8001,8001,Bank Transfer,52193.26,Paid,2023-10-19
8002,8002,Card,154361.49,Paid,2023-03-30
8003,8003,Cash on Delivery,15191.58,Paid,2026-06-04
8004,8004,Mobile Money,72966.11,Failed,2025-08-08
8005,8005,Mobile Money,37666.12,Paid,2023-09-14
8006,8006,Bank Transfer,141542.48,Paid,2023-04-20
8007,8007,Mobile Money,229447.86,Refunded,2026-06-11
8008,8008,Bank Transfer,68409.71,Paid,2025-02-23
8009,8009,Cash on Delivery,130222.58,Paid,2025-08-15
8010,8010,Cash on Delivery,81176.96,Paid,2023-12-10
8011,8011,Bank Transfer,123570.57,Paid,2024-01-19
8012,8012,Bank Transfer,54722.84,Paid,2026-06-05
8013,8013,Cash on Delivery,420088.31,Refunded,2024-12-13
8014,8014,Cash on Delivery,264694.8,Paid,2026-01-08
8015,8015,Card,226658.85,Paid,2025-06-29
8016,8016,Bank Transfer,187405.66,Paid,2023-07-18
8017,8017,Card,94370.12,Paid,2026-05-31
8018,8018,Card,66488.22,Paid,2026-04-30
8019,8019,Bank Transfer,434932.58,Paid,2026-03-22
8020,8020,Bank Transfer,53471.87,Failed,2024-02-19
8021,8021,Card,8893.15,Paid,2023-10-16
8022,8022,Mobile Money,157118.35,Paid,2024-12-27
8023,8023,Mobile Money,30959.49,Paid,2025-04-27
8024,8024,Mobile Money,2902.13,Paid,2023-05-01
8025,8025,Cash on Delivery,224420.89,Paid,2023-11-16
8026,8026,Bank Transfer,289830.6,Paid,2023-03-04
8027,8027,Bank Transfer,322606.07,Paid,2025-07-16
8028,8028,Mobile Money,142354.7,Paid,2026-03-31
8029,8029,Bank Transfer,272125.19,Paid,2025-02-03
8030,8030,Cash on Delivery,119196.31,Paid,2026-06-22
8031,8031,Mobile Money,103165.44,Paid,2025-02-09
8032,8032,Bank Transfer,12750.83,Paid,2023-04-22
8033,8033,Cash on Delivery,181782.85,Paid,2023-06-16
8034,8034,Mobile Money,348154.49,Paid,2025-01-31
8035,8035,Bank Transfer,127788.62,Paid,2025-08-03
8036,8036,Mobile Money,98200.83,Paid,2025-03-19
8037,8037,Mobile Money,41257.22,Pending,2023-10-13
8038,8038,Cash on Delivery,225672.55,Paid,2023-06-21
8039,8039,Card,247777.65,Paid,2024-10-26
8040,8040,Mobile Money,150646.22,Paid,2023-11-08
8041,8041,Card,37510.75,Paid,2025-05-22
8042,8042,Mobile Money,500947.73,Paid,2023-02-17
8043,8043,Bank Transfer,117783.79,Paid,2024-11-15
8044,8044,Mobile Money,88367.15,Paid,2024-03-26
8045,8045,Mobile Money,207134.35,Paid,2023-12-04
8046,8046,Card,63899.92,Paid,2025-12-17
8047,8047,Mobile Money,72005.31,Paid,2023-11-02
8048,8048,Bank Transfer,52693.34,Paid,2025-02-12
8049,8049,Cash on Delivery,132239.83,Paid,2023-08-17
8050,8050,Card,120335.2,Paid,2026-05-21
8051,8051,Cash on Delivery,124140.63,Paid,2023-04-29
8052,8052,Card,247939.33,Pending,2023-09-02
8053,8053,Card,271726.48,Paid,2025-08-19
8054,8054,Mobile Money,109284.59,Failed,2023-08-01
8055,8055,Mobile Money,227907.42,Paid,2025-06-26
8056,8056,Card,96158.8,Paid,2023-04-10
8057,8057,Card,331165.06,Paid,2023-05-22
8058,8058,Bank Transfer,140030.85,Failed,2024-03-24
8059,8059,Mobile Money,37164.91,Paid,2026-01-13
8060,8060,Bank Transfer,142510.32,Paid,2026-02-27
8061,8061,Card,63878.37,Paid,2024-06-08
8062,8062,Mobile Money,112179.77,Paid,2025-12-23
8063,8063,Cash on Delivery,200943.18,Paid,2025-07-04
8064,8064,Bank Transfer,35917.66,Paid,2024-04-24
8065,8065,Mobile Money,208040.55,Paid,2026-03-13
8066,8066,Card,17625.27,Paid,2025-09-26
8067,8067,Cash on Delivery,237548.68,Paid,2023-08-25
8068,8068,Bank Transfer,258214.4,Paid,2025-02-26
8069,8069,Mobile Money,25054.7,Paid,2023-06-29
8070,8070,Mobile Money,38313.19,Paid,2025-12-04
8071,8071,Card,95951.03,Paid,2025-12-31
8072,8072,Card,105532.39,Paid,2024-09-23
8073,8073,Card,109379.14,Paid,2024-05-06
8074,8074,Bank Transfer,83595.57,Paid,2023-04-25
8075,8075,Card,116003.86,Paid,2024-03-19
8076,8076,Card,110298.96,Paid,2024-04-27
8077,8077,Mobile Money,305313.52,Paid,2023-08-30
8078,8078,Cash on Delivery,85954.5,Paid,2023-08-06
8079,8079,Card,220942.58,Refunded,2025-02-19
8080,8080,Cash on Delivery,133855.7,Paid,2025-06-20
8081,8081,Mobile Money,44309.38,Paid,2024-09-17
8082,8082,Cash on Delivery,92016.16,Refunded,2024-12-11
8083,8083,Card,220463.44,Pending,2024-04-01
8084,8084,Card,116194.64,Paid,2026-02-20
8085,8085,Mobile Money,138679.32,Paid,2023-05-29
8086,8086,Cash on Delivery,290176.8,Paid,2025-12-31
8087,8087,Card,113779.85,Paid,2025-05-22
8088,8088,Cash on Delivery,50139.84,Paid,2023-05-29
8089,8089,Card,399905.55,Paid,2025-05-23
8090,8090,Mobile Money,83603.06,Paid,2025-08-13
8091,8091,Mobile Money,94029.57,Paid,2023-01-05
8092,8092,Cash on Delivery,76717.96,Paid,2026-02-14
8093,8093,Cash on Delivery,65083.29,Paid,2024-12-06
8094,8094,Mobile Money,81426.34,Paid,2024-06-06
8095,8095,Cash on Delivery,32203.32,Paid,2026-04-22
8096,8096,Cash on Delivery,66616.81,Paid,2023-01-14
8097,8097,Cash on Delivery,191879.11,Paid,2025-01-18
8098,8098,Bank Transfer,156428.28,Paid,2023-07-09
8099,8099,Cash on Delivery,122605.41,Paid,2025-06-10
8100,8100,Mobile Money,100905.22,Paid,2026-06-04
8101,8101,Bank Transfer,169259.86,Paid,2024-06-24
8102,8102,Card,248626.08,Paid,2026-04-22
8103,8103,Cash on Delivery,177502.12,Paid,2024-01-06
8104,8104,Bank Transfer,35854.28,Paid,2023-06-19
8105,8105,Card,162737.64,Paid,2024-04-20
8106,8106,Bank Transfer,14371.56,Pending,2023-10-24
8107,8107,Card,174887.03,Paid,2025-08-27
8108,8108,Cash on Delivery,314533.24,Paid,2023-12-05
8109,8109,Mobile Money,298400.38,Pending,2025-01-08
8110,8110,Cash on Delivery,101144.99,Paid,2024-06-08
8111,8111,Bank Transfer,93384.11,Paid,2025-12-06
8112,8112,Card,120717.63,Paid,2024-11-25
8113,8113,Cash on Delivery,106895.95,Paid,2023-07-24
8114,8114,Cash on Delivery,166070.24,Paid,2026-06-29
8115,8115,Card,74213.68,Pending,2024-05-23
8116,8116,Cash on Delivery,23683.64,Paid,2025-01-10
8117,8117,Cash on Delivery,39198.92,Paid,2025-10-10
8118,8118,Bank Transfer,209021.57,Paid,2024-10-16
8119,8119,Card,62719.66,Paid,2023-10-29
8120,8120,Cash on Delivery,35746.99,Paid,2023-07-16
8121,8121,Cash on Delivery,291363.13,Paid,2025-09-15
8122,8122,Bank Transfer,44523.25,Paid,2023-12-06
8123,8123,Bank Transfer,56954.29,Paid,2025-02-04
8124,8124,Bank Transfer,73773.82,Pending,2024-10-29
8125,8125,Bank Transfer,116512.91,Paid,2025-11-27
8126,8126,Card,118413.65,Paid,2025-09-01
8127,8127,Mobile Money,10498.84,Refunded,2025-01-18
8128,8128,Card,148152.92,Paid,2026-03-26
8129,8129,Bank Transfer,341836.6,Pending,2023-02-17
8130,8130,Cash on Delivery,98463.48,Paid,2025-01-09
8131,8131,Card,55223.56,Paid,2025-02-18
8132,8132,Bank Transfer,105886.3,Paid,2026-01-07
8133,8133,Bank Transfer,421205.47,Paid,2023-10-22
8134,8134,Card,532519.27,Paid,2025-04-17
8135,8135,Card,174410.16,Paid,2023-06-22
8136,8136,Card,183169.11,Paid,2025-07-09
8137,8137,Mobile Money,90974.77,Paid,2023-07-15
8138,8138,Mobile Money,348266.65,Paid,2024-11-22
8139,8139,Mobile Money,277238.43,Paid,2025-05-13
8140,8140,Bank Transfer,306656.82,Pending,2025-06-19
8141,8141,Cash on Delivery,561260.8,Paid,2025-12-11
8142,8142,Mobile Money,37714.08,Refunded,2024-05-23
8143,8143,Cash on Delivery,214214.7,Paid,2026-02-01
8144,8144,Cash on Delivery,103478.47,Paid,2024-04-01
8145,8145,Card,206660.22,Paid,2025-07-16
8146,8146,Card,163697.13,Refunded,2025-09-23
8147,8147,Mobile Money,86308.57,Paid,2023-08-22
8148,8148,Card,266085.82,Paid,2023-11-13
8149,8149,Card,163023.63,Paid,2024-02-25
8150,8150,Card,217903.16,Paid,2024-07-04
8151,8151,Bank Transfer,66340.62,Paid,2025-03-02
8152,8152,Cash on Delivery,144155.29,Paid,2023-06-03
8153,8153,Cash on Delivery,66521.44,Paid,2023-04-01
8154,8154,Mobile Money,28152.04,Failed,2024-02-19
8155,8155,Card,155191.51,Paid,2023-03-17
8156,8156,Bank Transfer,115574.64,Paid,2025-11-28
8157,8157,Card,161432.97,Paid,2023-10-26
8158,8158,Card,145907.13,Paid,2023-01-31
8159,8159,Bank Transfer,170996.04,Paid,2025-02-03
8160,8160,Mobile Money,221241.96,Paid,2023-04-28
8161,8161,Card,351805.54,Paid,2023-01-26
8162,8162,Card,167736.47,Paid,2025-04-30
8163,8163,Card,80336.73,Paid,2026-04-05
8164,8164,Cash on Delivery,54173.18,Paid,2024-03-14
8165,8165,Cash on Delivery,348591.67,Paid,2026-06-12
8166,8166,Cash on Delivery,17524.48,Paid,2026-01-28
8167,8167,Card,65007.64,Paid,2023-03-05
8168,8168,Cash on Delivery,27931.34,Paid,2025-07-31
8169,8169,Bank Transfer,146213.54,Paid,2024-02-23
8170,8170,Cash on Delivery,25570.88,Paid,2025-11-13
8171,8171,Card,165454.94,Paid,2025-11-01
8172,8172,Bank Transfer,96194.33,Paid,2024-03-04
8173,8173,Mobile Money,357018.15,Paid,2023-12-22
8174,8174,Bank Transfer,58546.24,Paid,2025-10-09
8175,8175,Mobile Money,69639.92,Refunded,2024-04-03
8176,8176,Cash on Delivery,308488.59,Paid,2025-10-29
8177,8177,Mobile Money,292100.93,Paid,2024-08-31
8178,8178,Bank Transfer,102948.27,Paid,2026-03-13
8179,8179,Card,132142.53,Paid,2025-11-15
8180,8180,Card,425433.39,Paid,2026-02-12
8181,8181,Bank Transfer,21968.37,Paid,2025-08-25
8182,8182,Mobile Money,158069.65,Paid,2024-04-12
8183,8183,Cash on Delivery,196976.89,Paid,2024-12-31
8184,8184,Bank Transfer,43113.04,Paid,2023-01-16
8185,8185,Cash on Delivery,59476.86,Paid,2023-08-07
8186,8186,Cash on Delivery,158431.17,Paid,2025-07-06
8187,8187,Card,154075.27,Paid,2023-10-15
8188,8188,Card,383206.16,Paid,2026-02-03
8189,8189,Card,176900.56,Paid,2026-06-05
8190,8190,Bank Transfer,265919.19,Paid,2024-06-19
8191,8191,Card,39098.76,Paid,2023-12-09
8192,8192,Bank Transfer,222485.02,Paid,2023-07-30
8193,8193,Mobile Money,48197.15,Paid,2023-03-29
8194,8194,Bank Transfer,63237.16,Failed,2025-07-30
8195,8195,Mobile Money,38490.09,Paid,2024-10-25
8196,8196,Cash on Delivery,88135.06,Paid,2023-12-14
8197,8197,Bank Transfer,48194.24,Refunded,2023-06-03
8198,8198,Card,40505.62,Paid,2023-12-28
8199,8199,Bank Transfer,70703.88,Paid,2023-07-06
8200,8200,Bank Transfer,152164.17,Paid,2024-07-21
8201,8201,Mobile Money,144449.85,Paid,2024-04-28
8202,8202,Card,343204.2,Paid,2023-10-20
8203,8203,Cash on Delivery,487533.08,Refunded,2024-08-01
8204,8204,Mobile Money,109193.63,Paid,2026-02-03
8205,8205,Card,79103.97,Paid,2024-12-19
8206,8206,Cash on Delivery,166189.75,Paid,2023-02-25
8207,8207,Bank Transfer,33734.37,Paid,2025-05-12
8208,8208,Card,67480.72,Failed,2024-10-01
8209,8209,Card,174556.85,Paid,2025-09-20
8210,8210,Card,119695.29,Paid,2023-06-02
8211,8211,Bank Transfer,229071.35,Paid,2023-09-15
8212,8212,Card,72682.12,Paid,2023-04-23
8213,8213,Mobile Money,302803.69,Paid,2024-08-23
8214,8214,Mobile Money,100387.71,Paid,2024-02-17
8215,8215,Bank Transfer,82606.84,Refunded,2025-04-29
8216,8216,Cash on Delivery,407921.4,Paid,2024-03-31
8217,8217,Cash on Delivery,135890.01,Paid,2025-09-11
8218,8218,Card,125584.98,Paid,2026-04-19
8219,8219,Cash on Delivery,188622.24,Paid,2023-01-24
8220,8220,Bank Transfer,159810.21,Paid,2025-03-13
8221,8221,Bank Transfer,138012.79,Paid,2023-03-31
8222,8222,Card,74719.63,Paid,2024-05-08
8223,8223,Cash on Delivery,144856.54,Paid,2023-01-12
8224,8224,Cash on Delivery,12789.6,Pending,2025-01-28
8225,8225,Bank Transfer,102600.19,Paid,2024-08-17
8226,8226,Card,101240.35,Paid,2023-11-27
8227,8227,Cash on Delivery,202580.75,Paid,2026-05-09
8228,8228,Card,143879.13,Paid,2023-07-14
8229,8229,Card,42690.72,Paid,2025-12-05
8230,8230,Bank Transfer,290671.05,Paid,2023-02-02
8231,8231,Cash on Delivery,478885.5,Paid,2024-12-15
8232,8232,Cash on Delivery,166895.77,Paid,2026-03-30
8233,8233,Mobile Money,120913.77,Paid,2025-08-27
8234,8234,Bank Transfer,150590.1,Paid,2025-04-01
8235,8235,Bank Transfer,201086.98,Refunded,2023-10-25
8236,8236,Bank Transfer,83825.41,Paid,2024-02-06
8237,8237,Mobile Money,82442.85,Paid,2026-01-06
8238,8238,Bank Transfer,226798.86,Paid,2025-10-19
8239,8239,Cash on Delivery,19821.8,Paid,2024-06-10
8240,8240,Mobile Money,140581.41,Failed,2024-04-10
8241,8241,Cash on Delivery,313146.68,Paid,2024-08-05
8242,8242,Cash on Delivery,29690.89,Pending,2024-06-01
8243,8243,Bank Transfer,116516.41,Paid,2025-08-18
8244,8244,Bank Transfer,226669.25,Paid,2024-08-28
8245,8245,Mobile Money,123079.44,Pending,2025-01-14
8246,8246,Card,95511.19,Paid,2023-04-15
8247,8247,Cash on Delivery,415409.33,Pending,2025-05-23
8248,8248,Card,75580.28,Paid,2024-10-07
8249,8249,Cash on Delivery,288050.88,Paid,2025-07-08
8250,8250,Mobile Money,44760.12,Paid,2023-07-10
8251,8251,Mobile Money,181144.08,Paid,2026-03-04
8252,8252,Mobile Money,92736.21,Paid,2023-04-27
8253,8253,Mobile Money,45980.77,Paid,2025-05-31
8254,8254,Bank Transfer,404585.47,Paid,2025-05-06
8255,8255,Card,45650.25,Paid,2023-05-02
8256,8256,Card,52914.93,Paid,2023-12-14
8257,8257,Bank Transfer,164619.03,Pending,2023-06-14
8258,8258,Card,331113.4,Paid,2025-05-12
8259,8259,Cash on Delivery,67441.05,Paid,2026-03-25
8260,8260,Cash on Delivery,102229.58,Paid,2025-01-27
8261,8261,Bank Transfer,127963.2,Paid,2024-05-21
8262,8262,Cash on Delivery,484231.31,Paid,2026-01-30
8263,8263,Cash on Delivery,275820.57,Refunded,2025-07-01
8264,8264,Cash on Delivery,151996.69,Paid,2026-06-05
8265,8265,Card,55083.45,Paid,2023-02-23
8266,8266,Cash on Delivery,191643.83,Paid,2024-12-25
8267,8267,Bank Transfer,182752.27,Refunded,2025-02-22
8268,8268,Card,58437.78,Paid,2025-09-09
8269,8269,Card,123847.1,Paid,2025-02-22
8270,8270,Bank Transfer,24215.35,Paid,2024-06-19
8271,8271,Card,52464.46,Paid,2024-09-18
8272,8272,Mobile Money,106093.29,Paid,2026-04-03
8273,8273,Mobile Money,77523.12,Paid,2026-04-03
8274,8274,Mobile Money,273401.41,Paid,2023-09-03
8275,8275,Mobile Money,57367.46,Paid,2024-11-16
8276,8276,Bank Transfer,96128.43,Paid,2023-11-10
8277,8277,Cash on Delivery,123050.4,Paid,2024-05-19
8278,8278,Cash on Delivery,230345.96,Paid,2026-01-14
8279,8279,Cash on Delivery,187022.89,Pending,2026-01-04
8280,8280,Mobile Money,404950.45,Paid,2023-03-14
8281,8281,Bank Transfer,319075.8,Paid,2026-05-23
8282,8282,Cash on Delivery,61464.49,Paid,2023-01-31
8283,8283,Mobile Money,117143.82,Paid,2026-01-13
8284,8284,Mobile Money,119961.89,Paid,2025-12-15
8285,8285,Cash on Delivery,135658.66,Paid,2025-08-30
8286,8286,Card,33756.23,Paid,2023-05-14
8287,8287,Bank Transfer,292162.47,Paid,2023-02-05
8288,8288,Bank Transfer,363680.49,Paid,2026-03-31
8289,8289,Cash on Delivery,202079.08,Failed,2024-08-23
8290,8290,Mobile Money,126575.97,Paid,2023-02-20
8291,8291,Bank Transfer,22919.22,Paid,2024-05-21
8292,8292,Cash on Delivery,152722.28,Paid,2024-02-29
8293,8293,Cash on Delivery,177212.71,Paid,2024-10-12
8294,8294,Mobile Money,141899.17,Paid,2024-10-06
8295,8295,Cash on Delivery,395520.31,Paid,2026-02-27
8296,8296,Cash on Delivery,301144.29,Paid,2023-12-03
8297,8297,Cash on Delivery,125100.31,Paid,2024-04-12
8298,8298,Bank Transfer,123068.76,Paid,2026-06-15
8299,8299,Bank Transfer,190960.01,Pending,2025-04-17
8300,8300,Cash on Delivery,22762.53,Paid,2024-06-27
8301,8301,Mobile Money,105524.09,Paid,2023-02-13
8302,8302,Card,213985.54,Paid,2023-11-04
8303,8303,Mobile Money,137114.72,Paid,2026-01-25
8304,8304,Cash on Delivery,426034.14,Paid,2023-03-10
8305,8305,Mobile Money,271119.61,Paid,2026-04-09
8306,8306,Cash on Delivery,133969.72,Paid,2024-07-02
8307,8307,Bank Transfer,195480.74,Paid,2024-05-07
8308,8308,Bank Transfer,125215.65,Paid,2025-08-05
8309,8309,Card,61700.0,Paid,2023-06-04
8310,8310,Bank Transfer,65896.84,Paid,2023-06-03
8311,8311,Card,428252.41,Paid,2023-09-02
8312,8312,Bank Transfer,121972.08,Paid,2023-09-12
8313,8313,Bank Transfer,119072.09,Failed,2025-02-20
8314,8314,Mobile Money,16540.54,Paid,2025-08-02
8315,8315,Bank Transfer,21584.42,Refunded,2024-04-13
8316,8316,Bank Transfer,40261.29,Paid,2024-12-15
8317,8317,Card,117260.13,Paid,2023-05-12
8318,8318,Mobile Money,51427.93,Paid,2025-12-29
8319,8319,Cash on Delivery,173919.68,Paid,2024-04-18
8320,8320,Bank Transfer,238083.19,Paid,2026-01-22
8321,8321,Mobile Money,301086.27,Paid,2024-04-02
8322,8322,Card,11014.94,Paid,2026-01-25
8323,8323,Card,122866.56,Paid,2025-04-08
8324,8324,Mobile Money,159638.15,Paid,2025-12-20
8325,8325,Cash on Delivery,60805.56,Paid,2023-05-21
8326,8326,Mobile Money,374194.39,Paid,2023-09-23
8327,8327,Mobile Money,82611.02,Paid,2024-01-14
8328,8328,Cash on Delivery,107376.55,Paid,2023-05-15
8329,8329,Card,60312.63,Paid,2023-03-11
8330,8330,Bank Transfer,241288.48,Paid,2024-02-17
8331,8331,Mobile Money,73640.52,Paid,2023-07-11
8332,8332,Card,109154.93,Failed,2023-11-07
8333,8333,Cash on Delivery,52745.86,Refunded,2023-01-15
8334,8334,Bank Transfer,116583.34,Paid,2023-01-07
8335,8335,Cash on Delivery,175425.87,Paid,2024-07-21
8336,8336,Bank Transfer,228772.12,Paid,2024-08-09
8337,8337,Bank Transfer,18131.38,Paid,2025-09-04
8338,8338,Card,116932.95,Pending,2026-02-10
8339,8339,Mobile Money,92645.69,Paid,2025-08-30
8340,8340,Card,54716.85,Paid,2025-09-25
8341,8341,Cash on Delivery,99441.16,Failed,2024-12-08
8342,8342,Card,86267.3,Paid,2025-10-28
8343,8343,Cash on Delivery,65683.1,Paid,2023-06-30
8344,8344,Bank Transfer,78555.71,Paid,2023-04-16
8345,8345,Mobile Money,117141.9,Paid,2023-05-29
8346,8346,Mobile Money,53702.25,Paid,2023-01-28
8347,8347,Card,72108.66,Paid,2023-01-30
8348,8348,Mobile Money,104320.46,Paid,2024-05-28
8349,8349,Bank Transfer,90276.06,Paid,2023-03-04
8350,8350,Card,15187.85,Failed,2026-01-04
8351,8351,Card,69184.5,Paid,2024-05-13
8352,8352,Card,22528.36,Paid,2026-01-11
8353,8353,Cash on Delivery,29534.37,Paid,2023-04-29
8354,8354,Mobile Money,261041.52,Paid,2025-07-06
8355,8355,Card,364182.18,Paid,2025-05-21
8356,8356,Card,86989.37,Paid,2024-05-16
8357,8357,Card,124186.29,Refunded,2024-05-12
8358,8358,Mobile Money,168128.48,Paid,2024-09-07
8359,8359,Cash on Delivery,516295.69,Paid,2023-06-25
8360,8360,Mobile Money,37014.7,Failed,2023-11-23
8361,8361,Mobile Money,9274.38,Paid,2025-03-07
8362,8362,Card,84965.56,Paid,2026-03-25
8363,8363,Bank Transfer,214707.46,Paid,2024-07-21
8364,8364,Card,132312.48,Pending,2024-06-06
8365,8365,Cash on Delivery,123304.98,Paid,2023-03-18
8366,8366,Mobile Money,477704.45,Paid,2024-08-06
8367,8367,Mobile Money,77301.92,Paid,2025-04-04
8368,8368,Card,116349.16,Paid,2026-02-13
8369,8369,Card,309413.45,Failed,2023-09-24
8370,8370,Mobile Money,141875.71,Refunded,2025-05-01
8371,8371,Mobile Money,57472.08,Paid,2024-11-10
8372,8372,Mobile Money,70659.21,Paid,2026-02-15
8373,8373,Card,131312.04,Paid,2025-01-06
8374,8374,Mobile Money,142052.36,Paid,2026-04-30
8375,8375,Bank Transfer,297460.51,Paid,2025-04-08
8376,8376,Mobile Money,167826.79,Failed,2025-01-30
8377,8377,Bank Transfer,223380.51,Paid,2024-07-11
8378,8378,Cash on Delivery,221068.64,Paid,2025-09-13
8379,8379,Mobile Money,141522.98,Paid,2023-10-10
8380,8380,Mobile Money,67793.83,Paid,2024-04-23
8381,8381,Bank Transfer,122011.44,Paid,2025-11-16
8382,8382,Mobile Money,384624.65,Paid,2026-03-04
8383,8383,Cash on Delivery,54451.24,Paid,2023-03-18
8384,8384,Bank Transfer,53484.45,Paid,2023-01-09
8385,8385,Card,129045.22,Paid,2025-10-13
8386,8386,Mobile Money,103122.47,Paid,2025-11-24
8387,8387,Card,154024.28,Paid,2026-02-11
8388,8388,Bank Transfer,22504.46,Paid,2023-08-11
8389,8389,Mobile Money,42513.75,Paid,2025-04-21
8390,8390,Cash on Delivery,108077.01,Refunded,2023-01-06
8391,8391,Bank Transfer,333111.81,Pending,2023-03-05
8392,8392,Card,47519.21,Refunded,2023-11-18
8393,8393,Bank Transfer,440286.27,Paid,2023-01-20
8394,8394,Card,56006.27,Paid,2023-09-04
8395,8395,Cash on Delivery,115359.07,Paid,2026-06-12
8396,8396,Mobile Money,443090.36,Refunded,2025-10-25
8397,8397,Bank Transfer,67669.98,Paid,2023-06-13
8398,8398,Cash on Delivery,255567.81,Failed,2023-12-07
8399,8399,Mobile Money,104061.58,Paid,2024-01-07
8400,8400,Mobile Money,250393.92,Refunded,2025-02-03
8401,8401,Cash on Delivery,395920.44,Paid,2024-09-09
8402,8402,Mobile Money,119274.2,Paid,2026-02-11
8403,8403,Mobile Money,139065.42,Paid,2025-10-11
8404,8404,Card,167243.13,Paid,2024-11-21
8405,8405,Mobile Money,27925.46,Paid,2024-08-04
8406,8406,Bank Transfer,64308.37,Paid,2023-02-28
8407,8407,Mobile Money,265554.59,Paid,2025-04-15
8408,8408,Mobile Money,230500.08,Paid,2025-06-21
8409,8409,Bank Transfer,226503.04,Paid,2023-12-03
8410,8410,Card,298938.02,Paid,2026-05-15
8411,8411,Card,77597.6,Paid,2023-06-23
8412,8412,Mobile Money,211272.6,Paid,2025-03-03
8413,8413,Cash on Delivery,52413.64,Paid,2024-11-11
8414,8414,Card,36436.79,Paid,2025-02-26
8415,8415,Mobile Money,75016.65,Paid,2025-05-05
8416,8416,Card,218306.68,Paid,2026-01-24
8417,8417,Card,329711.06,Refunded,2026-04-20
8418,8418,Card,55074.63,Paid,2023-04-13
8419,8419,Mobile Money,10750.65,Paid,2023-08-25
8420,8420,Bank Transfer,236126.92,Paid,2026-02-12
8421,8421,Card,115816.98,Paid,2023-02-10
8422,8422,Mobile Money,56667.86,Paid,2025-12-14
8423,8423,Cash on Delivery,56512.54,Paid,2025-03-10
8424,8424,Mobile Money,127798.0,Paid,2025-07-10
8425,8425,Bank Transfer,20943.18,Paid,2026-05-28
8426,8426,Bank Transfer,389773.12,Paid,2024-08-19
8427,8427,Bank Transfer,127092.31,Paid,2023-12-01
8428,8428,Card,332416.27,Paid,2024-10-24
8429,8429,Card,57861.61,Refunded,2026-05-06
8430,8430,Mobile Money,65973.9,Paid,2024-12-02
8431,8431,Card,213435.26,Pending,2026-02-14
8432,8432,Card,36550.07,Pending,2025-02-20
8433,8433,Cash on Delivery,123049.86,Paid,2025-07-03
8434,8434,Card,262744.48,Paid,2023-05-31
8435,8435,Cash on Delivery,132446.21,Paid,2024-08-06
8436,8436,Cash on Delivery,96167.3,Paid,2025-09-16
8437,8437,Mobile Money,60888.41,Paid,2026-04-02
8438,8438,Card,77089.77,Paid,2023-09-21
8439,8439,Cash on Delivery,100634.27,Paid,2025-09-08
8440,8440,Card,213107.55,Paid,2025-08-23
8441,8441,Card,44802.4,Paid,2023-08-31
8442,8442,Mobile Money,125937.04,Paid,2024-11-16
8443,8443,Mobile Money,145014.55,Pending,2026-01-07
8444,8444,Mobile Money,45714.0,Paid,2024-02-21
8445,8445,Bank Transfer,73318.33,Paid,2025-02-11
8446,8446,Bank Transfer,203933.3,Failed,2023-09-05
8447,8447,Card,110472.67,Failed,2024-07-06
8448,8448,Mobile Money,219184.2,Paid,2026-05-22
8449,8449,Cash on Delivery,68493.74,Paid,2025-11-29
8450,8450,Bank Transfer,112937.17,Paid,2023-06-11
8451,8451,Card,57898.51,Paid,2024-10-24
8452,8452,Bank Transfer,46688.72,Paid,2024-08-07
8453,8453,Mobile Money,120511.67,Paid,2024-06-17
8454,8454,Mobile Money,341038.59,Paid,2025-07-16
8455,8455,Mobile Money,98587.08,Paid,2023-11-05
8456,8456,Card,660731.72,Paid,2026-05-17
8457,8457,Mobile Money,14598.05,Paid,2023-12-01
8458,8458,Mobile Money,289001.2,Refunded,2025-07-23
8459,8459,Bank Transfer,79974.87,Pending,2024-05-18
8460,8460,Card,60042.32,Paid,2023-01-15
8461,8461,Bank Transfer,81314.85,Paid,2023-03-05
8462,8462,Bank Transfer,128462.14,Paid,2026-06-01
8463,8463,Card,269770.17,Paid,2025-02-01
8464,8464,Card,173992.98,Paid,2025-08-19
8465,8465,Bank Transfer,294192.44,Paid,2024-03-17
8466,8466,Bank Transfer,84075.23,Paid,2025-07-14
8467,8467,Card,184642.28,Paid,2024-09-15
8468,8468,Bank Transfer,176078.76,Paid,2025-09-08
8469,8469,Card,60220.2,Paid,2025-04-12
8470,8470,Card,83952.85,Paid,2025-12-16
8471,8471,Bank Transfer,222504.32,Paid,2024-04-08
8472,8472,Mobile Money,143464.59,Paid,2023-09-02
8473,8473,Cash on Delivery,58983.17,Paid,2025-04-19
8474,8474,Mobile Money,123010.08,Refunded,2025-11-22
8475,8475,Cash on Delivery,81556.13,Paid,2025-04-04
8476,8476,Bank Transfer,279982.56,Paid,2026-03-07
8477,8477,Bank Transfer,202756.92,Paid,2024-04-05
8478,8478,Mobile Money,292545.27,Paid,2024-06-09
8479,8479,Bank Transfer,364210.51,Paid,2023-09-28
8480,8480,Bank Transfer,52168.31,Paid,2023-04-10
8481,8481,Cash on Delivery,230357.6,Paid,2023-12-28
8482,8482,Mobile Money,395903.6,Paid,2025-11-05
8483,8483,Cash on Delivery,42918.42,Failed,2026-04-21
8484,8484,Mobile Money,139265.53,Paid,2025-02-28
8485,8485,Bank Transfer,171427.42,Paid,2025-03-28
8486,8486,Mobile Money,225667.61,Paid,2023-03-22
8487,8487,Cash on Delivery,172751.58,Paid,2024-03-23
8488,8488,Cash on Delivery,99977.3,Failed,2023-09-30
8489,8489,Card,196584.49,Paid,2024-10-03
8490,8490,Bank Transfer,171080.66,Paid,2024-06-30
8491,8491,Mobile Money,148833.81,Paid,2023-07-10
8492,8492,Card,200873.93,Paid,2026-03-14
8493,8493,Cash on Delivery,266535.79,Paid,2024-11-04
8494,8494,Bank Transfer,36543.32,Paid,2023-11-13
8495,8495,Cash on Delivery,71085.52,Refunded,2024-10-18
8496,8496,Card,104864.54,Refunded,2025-04-28
8497,8497,Bank Transfer,126443.3,Pending,2025-01-15
8498,8498,Mobile Money,288180.82,Paid,2023-01-29
8499,8499,Cash on Delivery,57764.49,Paid,2025-09-24
8500,8500,Cash on Delivery,40180.0,Paid,2025-01-24
8501,8501,Bank Transfer,152995.89,Paid,2025-01-26
8502,8502,Cash on Delivery,68497.14,Paid,2023-09-19
8503,8503,Mobile Money,265123.17,Failed,2026-01-14
8504,8504,Bank Transfer,11974.68,Paid,2023-12-22
8505,8505,Cash on Delivery,34382.52,Paid,2023-06-05
8506,8506,Card,283871.12,Paid,2026-06-18
8507,8507,Bank Transfer,136537.09,Paid,2023-08-23
8508,8508,Card,85448.29,Paid,2024-03-10
8509,8509,Card,56632.56,Paid,2024-01-04
8510,8510,Card,41698.39,Failed,2023-09-14
8511,8511,Cash on Delivery,62878.04,Paid,2023-01-05
8512,8512,Bank Transfer,81370.93,Paid,2024-05-23
8513,8513,Card,253920.8,Paid,2024-11-13
8514,8514,Card,15297.39,Paid,2023-03-30
8515,8515,Mobile Money,10374.42,Paid,2025-10-27
8516,8516,Cash on Delivery,27761.86,Paid,2023-10-11
8517,8517,Bank Transfer,149370.48,Pending,2024-10-07
8518,8518,Mobile Money,179158.23,Pending,2023-09-26
8519,8519,Mobile Money,110722.3,Paid,2025-06-01
8520,8520,Bank Transfer,66204.19,Paid,2024-12-15
8521,8521,Mobile Money,294633.3,Paid,2023-11-15
8522,8522,Cash on Delivery,303474.91,Paid,2023-09-01
8523,8523,Mobile Money,36102.2,Paid,2024-04-11
8524,8524,Card,116319.16,Paid,2023-09-19
8525,8525,Mobile Money,109596.58,Paid,2023-02-04
8526,8526,Mobile Money,201735.74,Paid,2024-03-07
8527,8527,Cash on Delivery,51635.42,Paid,2025-08-25
8528,8528,Mobile Money,167628.55,Paid,2024-01-22
8529,8529,Cash on Delivery,86136.43,Paid,2024-07-10
8530,8530,Card,36174.94,Paid,2024-01-17
8531,8531,Card,106583.66,Paid,2023-02-21
8532,8532,Card,296982.5,Pending,2025-01-23
8533,8533,Cash on Delivery,214430.25,Paid,2023-10-30
8534,8534,Cash on Delivery,94119.88,Paid,2025-02-26
8535,8535,Cash on Delivery,209924.03,Failed,2024-03-25
8536,8536,Cash on Delivery,68909.86,Pending,2024-08-15
8537,8537,Mobile Money,171408.41,Paid,2024-12-20
8538,8538,Cash on Delivery,259438.2,Paid,2024-12-24
8539,8539,Card,446296.63,Paid,2025-12-20
8540,8540,Mobile Money,18438.82,Pending,2025-09-14
8541,8541,Cash on Delivery,335300.59,Paid,2024-05-11
8542,8542,Mobile Money,18126.76,Paid,2023-05-26
8543,8543,Cash on Delivery,264560.06,Failed,2026-04-20
8544,8544,Cash on Delivery,220092.95,Paid,2023-02-06
8545,8545,Cash on Delivery,191114.26,Paid,2023-11-19
8546,8546,Cash on Delivery,28038.62,Paid,2025-08-15
8547,8547,Card,116914.61,Paid,2025-07-05
8548,8548,Mobile Money,49865.85,Paid,2025-11-05
8549,8549,Card,170451.9,Paid,2023-04-20
8550,8550,Mobile Money,55374.6,Paid,2023-09-28
8551,8551,Mobile Money,35303.79,Paid,2023-09-17
8552,8552,Mobile Money,210048.58,Paid,2023-04-07
8553,8553,Bank Transfer,95688.94,Paid,2023-02-12
8554,8554,Cash on Delivery,136651.67,Paid,2024-05-29
8555,8555,Mobile Money,29707.6,Paid,2023-12-10
8556,8556,Mobile Money,56568.3,Paid,2024-07-04
8557,8557,Bank Transfer,87889.23,Paid,2023-07-27
8558,8558,Cash on Delivery,163719.04,Paid,2023-01-01
8559,8559,Cash on Delivery,81043.72,Refunded,2024-02-06
8560,8560,Card,222473.05,Paid,2023-05-28
8561,8561,Bank Transfer,92528.41,Paid,2023-09-14
8562,8562,Mobile Money,16922.51,Paid,2025-03-14
8563,8563,Card,161713.68,Paid,2023-05-16
8564,8564,Bank Transfer,204709.54,Paid,2024-12-10
8565,8565,Mobile Money,239757.63,Failed,2023-10-04
8566,8566,Bank Transfer,31832.44,Pending,2024-01-30
8567,8567,Mobile Money,344064.67,Paid,2025-03-02
8568,8568,Cash on Delivery,270488.65,Paid,2024-01-01
8569,8569,Cash on Delivery,128942.52,Paid,2023-05-02
8570,8570,Bank Transfer,379838.93,Paid,2025-02-23
8571,8571,Cash on Delivery,220447.66,Paid,2023-03-19
8572,8572,Mobile Money,74496.72,Paid,2023-10-31
8573,8573,Bank Transfer,104174.62,Paid,2025-03-25
8574,8574,Cash on Delivery,143828.79,Paid,2025-02-21
8575,8575,Cash on Delivery,275787.09,Paid,2023-03-20
8576,8576,Mobile Money,111765.14,Paid,2025-05-30
8577,8577,Bank Transfer,124305.86,Paid,2025-07-17
8578,8578,Cash on Delivery,190652.35,Paid,2023-05-29
8579,8579,Card,530293.2,Paid,2023-05-03
8580,8580,Card,52724.1,Paid,2025-10-28
8581,8581,Cash on Delivery,178212.79,Paid,2023-04-06
8582,8582,Card,165074.76,Refunded,2024-12-07
8583,8583,Card,89807.88,Paid,2025-05-27
8584,8584,Card,292256.6,Paid,2025-01-16
8585,8585,Cash on Delivery,132971.3,Paid,2024-04-05
8586,8586,Mobile Money,62953.37,Paid,2024-10-17
8587,8587,Card,65110.02,Paid,2025-09-28
8588,8588,Cash on Delivery,317419.49,Pending,2026-04-09
8589,8589,Cash on Delivery,143214.81,Paid,2024-03-21
8590,8590,Cash on Delivery,162321.47,Paid,2025-04-03
8591,8591,Bank Transfer,281526.07,Refunded,2026-01-06
8592,8592,Mobile Money,58961.9,Refunded,2024-02-01
8593,8593,Bank Transfer,113368.41,Paid,2026-06-07
8594,8594,Cash on Delivery,59310.74,Paid,2023-03-08
8595,8595,Mobile Money,271230.36,Paid,2025-08-17
8596,8596,Card,100832.02,Paid,2024-02-19
8597,8597,Card,226140.61,Failed,2023-07-03
8598,8598,Bank Transfer,240960.5,Paid,2023-06-15
8599,8599,Card,174454.57,Paid,2024-02-19
8600,8600,Cash on Delivery,196142.17,Paid,2025-11-04
8601,8601,Bank Transfer,333578.84,Paid,2025-03-06
8602,8602,Bank Transfer,150097.1,Paid,2026-01-19
8603,8603,Bank Transfer,123930.11,Paid,2026-02-07
8604,8604,Mobile Money,457193.34,Paid,2025-11-21
8605,8605,Bank Transfer,294313.47,Paid,2023-12-07
8606,8606,Bank Transfer,195492.26,Paid,2024-04-19
8607,8607,Cash on Delivery,193959.57,Paid,2025-08-09
8608,8608,Bank Transfer,352853.24,Paid,2025-06-30
8609,8609,Bank Transfer,116622.79,Paid,2023-01-02
8610,8610,Bank Transfer,253415.15,Paid,2025-07-18
8611,8611,Mobile Money,225531.1,Paid,2025-01-22
8612,8612,Bank Transfer,81957.75,Paid,2025-09-18
8613,8613,Cash on Delivery,189779.61,Paid,2023-05-29
8614,8614,Mobile Money,43017.69,Pending,2025-12-29
8615,8615,Mobile Money,133152.72,Paid,2025-05-08
8616,8616,Mobile Money,344820.74,Paid,2024-12-17
8617,8617,Cash on Delivery,399967.57,Paid,2026-03-11
8618,8618,Cash on Delivery,138892.49,Pending,2024-01-16
8619,8619,Bank Transfer,69505.56,Pending,2025-02-16
8620,8620,Bank Transfer,30736.68,Refunded,2025-10-03
8621,8621,Mobile Money,227743.09,Paid,2026-03-18
8622,8622,Cash on Delivery,381656.05,Paid,2023-03-11
8623,8623,Card,220341.12,Failed,2024-05-25
8624,8624,Cash on Delivery,65416.7,Refunded,2023-07-24
8625,8625,Cash on Delivery,55322.55,Pending,2024-12-23
8626,8626,Bank Transfer,120507.25,Paid,2023-06-07
8627,8627,Bank Transfer,234489.22,Paid,2026-06-25
8628,8628,Bank Transfer,417886.1,Paid,2024-03-31
8629,8629,Mobile Money,196480.57,Paid,2025-09-25
8630,8630,Bank Transfer,99392.78,Paid,2025-05-07
8631,8631,Bank Transfer,133375.29,Paid,2026-05-31
8632,8632,Card,207863.8,Paid,2024-04-16
8633,8633,Cash on Delivery,163536.7,Paid,2023-09-15
8634,8634,Cash on Delivery,218053.81,Pending,2023-02-05
8635,8635,Cash on Delivery,100925.93,Paid,2025-11-08
8636,8636,Cash on Delivery,136933.76,Refunded,2025-04-16
8637,8637,Cash on Delivery,50921.09,Paid,2023-02-24
8638,8638,Mobile Money,226842.32,Paid,2025-12-05
8639,8639,Mobile Money,330673.19,Refunded,2026-03-08
8640,8640,Card,116160.28,Paid,2025-12-16
8641,8641,Mobile Money,24360.56,Paid,2025-10-18
8642,8642,Card,131862.16,Paid,2024-05-24
8643,8643,Cash on Delivery,89806.09,Paid,2024-06-17
8644,8644,Cash on Delivery,26867.67,Paid,2023-10-23
8645,8645,Mobile Money,76565.58,Paid,2024-08-17
8646,8646,Bank Transfer,144151.02,Paid,2025-10-20
8647,8647,Mobile Money,242802.56,Refunded,2023-10-14
8648,8648,Card,190203.61,Paid,2025-12-06
8649,8649,Bank Transfer,160091.99,Paid,2023-12-19
8650,8650,Cash on Delivery,235911.24,Paid,2023-12-12
8651,8651,Mobile Money,57108.21,Paid,2024-10-01
8652,8652,Cash on Delivery,32230.56,Paid,2025-02-12
8653,8653,Bank Transfer,155495.64,Paid,2024-04-02
8654,8654,Bank Transfer,370981.75,Paid,2025-12-03
8655,8655,Cash on Delivery,218110.24,Paid,2025-08-10
8656,8656,Cash on Delivery,123553.52,Paid,2023-01-15
8657,8657,Mobile Money,72375.6,Paid,2024-05-31
8658,8658,Mobile Money,181484.49,Paid,2024-11-29
8659,8659,Mobile Money,92301.7,Paid,2025-04-01
8660,8660,Cash on Delivery,552762.64,Paid,2023-08-24
8661,8661,Mobile Money,102458.16,Paid,2025-01-29
8662,8662,Mobile Money,118128.49,Paid,2023-10-22
8663,8663,Card,158798.17,Paid,2025-07-19
8664,8664,Bank Transfer,103091.28,Paid,2023-01-15
8665,8665,Mobile Money,125825.01,Failed,2024-06-16
8666,8666,Bank Transfer,90875.87,Pending,2025-09-19
8667,8667,Card,575304.18,Paid,2025-11-26
8668,8668,Cash on Delivery,89579.12,Paid,2024-05-26
8669,8669,Card,41341.46,Paid,2025-10-11
8670,8670,Bank Transfer,30323.18,Paid,2026-05-27
8671,8671,Mobile Money,356812.34,Paid,2024-06-08
8672,8672,Mobile Money,225322.71,Paid,2026-01-13
8673,8673,Bank Transfer,603261.89,Paid,2024-01-23
8674,8674,Card,30071.14,Paid,2025-09-24
8675,8675,Mobile Money,236273.47,Paid,2025-04-14
8676,8676,Cash on Delivery,61130.38,Paid,2026-03-31
8677,8677,Mobile Money,77348.59,Pending,2024-08-22
8678,8678,Mobile Money,159147.1,Paid,2023-06-12
8679,8679,Bank Transfer,109982.87,Paid,2024-04-26
8680,8680,Card,239245.23,Paid,2023-01-17
8681,8681,Cash on Delivery,45999.32,Paid,2023-10-05
8682,8682,Bank Transfer,138244.37,Paid,2024-10-20
8683,8683,Card,77334.58,Refunded,2026-05-17
8684,8684,Bank Transfer,179472.77,Paid,2025-07-12
8685,8685,Mobile Money,70644.23,Pending,2023-01-29
8686,8686,Mobile Money,259295.7,Paid,2026-01-06
8687,8687,Cash on Delivery,86297.58,Paid,2023-04-02
8688,8688,Cash on Delivery,170989.7,Paid,2026-06-19
8689,8689,Bank Transfer,52001.82,Paid,2023-03-09
8690,8690,Bank Transfer,217292.38,Paid,2025-05-11
8691,8691,Card,227474.82,Paid,2024-10-15
8692,8692,Card,185140.78,Paid,2023-01-30
8693,8693,Mobile Money,221810.37,Pending,2024-10-17
8694,8694,Card,45137.39,Paid,2023-01-28
8695,8695,Cash on Delivery,93032.94,Paid,2023-02-22
8696,8696,Bank Transfer,146982.1,Pending,2025-11-13
8697,8697,Bank Transfer,84339.19,Paid,2023-01-01
8698,8698,Card,25678.44,Paid,2023-11-11
8699,8699,Mobile Money,154177.96,Paid,2025-09-08
8700,8700,Card,203472.22,Paid,2023-11-13
8701,8701,Bank Transfer,114131.62,Paid,2025-07-19
8702,8702,Mobile Money,140422.65,Paid,2023-05-09
8703,8703,Card,121134.23,Paid,2024-02-24
8704,8704,Card,331582.08,Pending,2025-03-12
8705,8705,Bank Transfer,203831.74,Pending,2024-12-14
8706,8706,Cash on Delivery,130283.03,Paid,2025-07-01
8707,8707,Mobile Money,69529.17,Refunded,2025-07-19
8708,8708,Card,325560.22,Paid,2026-05-02
8709,8709,Bank Transfer,14553.6,Paid,2026-02-18
8710,8710,Card,236346.4,Paid,2024-05-01
8711,8711,Cash on Delivery,71636.36,Paid,2024-02-15
8712,8712,Mobile Money,31086.48,Paid,2026-01-12
8713,8713,Bank Transfer,13566.84,Paid,2024-10-25
8714,8714,Card,37094.59,Paid,2023-10-16
8715,8715,Bank Transfer,54969.49,Paid,2025-12-10
8716,8716,Mobile Money,42065.27,Paid,2025-11-21
8717,8717,Bank Transfer,141259.85,Paid,2024-03-17
8718,8718,Card,153836.41,Paid,2025-06-09
8719,8719,Card,184456.43,Failed,2024-10-19
8720,8720,Card,82760.39,Paid,2023-11-03
8721,8721,Card,205044.47,Paid,2026-04-13
8722,8722,Bank Transfer,268510.24,Paid,2026-06-02
8723,8723,Cash on Delivery,135998.7,Paid,2024-11-02
8724,8724,Bank Transfer,158753.4,Paid,2024-01-19
8725,8725,Card,97592.3,Paid,2026-06-13
8726,8726,Mobile Money,46205.26,Paid,2026-01-13
8727,8727,Card,77714.26,Paid,2023-09-05
8728,8728,Cash on Delivery,24660.41,Paid,2024-11-21
8729,8729,Mobile Money,115965.48,Paid,2024-07-07
8730,8730,Card,127216.72,Paid,2026-03-26
8731,8731,Bank Transfer,124940.99,Paid,2025-11-24
8732,8732,Bank Transfer,201075.98,Paid,2025-10-07
8733,8733,Card,79674.73,Paid,2026-02-15
8734,8734,Cash on Delivery,21328.52,Paid,2023-02-12
8735,8735,Card,40181.7,Paid,2024-03-06
8736,8736,Mobile Money,80233.87,Refunded,2024-10-20
8737,8737,Bank Transfer,67575.79,Paid,2024-11-07
8738,8738,Mobile Money,200770.05,Paid,2025-02-04
8739,8739,Bank Transfer,200000.55,Pending,2026-01-25
8740,8740,Bank Transfer,21292.14,Paid,2023-01-28
8741,8741,Mobile Money,102618.84,Paid,2026-02-25
8742,8742,Cash on Delivery,18716.18,Paid,2023-11-09
8743,8743,Mobile Money,131022.44,Paid,2024-08-07
8744,8744,Mobile Money,94025.29,Paid,2024-12-07
8745,8745,Cash on Delivery,24100.87,Paid,2025-07-07
8746,8746,Mobile Money,122143.86,Paid,2025-05-20
8747,8747,Card,173361.59,Paid,2025-09-19
8748,8748,Bank Transfer,163684.34,Paid,2025-09-19
8749,8749,Cash on Delivery,99907.95,Paid,2025-12-24
8750,8750,Bank Transfer,174710.19,Pending,2026-01-03
8751,8751,Bank Transfer,173805.23,Paid,2023-04-27
8752,8752,Bank Transfer,69327.32,Paid,2024-05-26
8753,8753,Bank Transfer,410646.9,Paid,2023-06-14
8754,8754,Bank Transfer,84777.39,Paid,2023-10-03
8755,8755,Card,119895.75,Paid,2023-02-01
8756,8756,Bank Transfer,27718.5,Failed,2024-12-06
8757,8757,Bank Transfer,58712.27,Paid,2026-02-11
8758,8758,Mobile Money,144033.31,Paid,2025-09-10
8759,8759,Cash on Delivery,79101.05,Paid,2025-01-01
8760,8760,Card,250932.32,Paid,2026-02-15
8761,8761,Bank Transfer,192419.27,Paid,2025-01-07
8762,8762,Card,54815.55,Paid,2025-02-26
8763,8763,Mobile Money,76460.16,Pending,2025-12-11
8764,8764,Card,238258.25,Refunded,2025-08-26
8765,8765,Bank Transfer,69737.4,Paid,2023-12-26
8766,8766,Mobile Money,90569.12,Refunded,2024-06-26
8767,8767,Bank Transfer,192703.66,Paid,2025-06-29
8768,8768,Card,61161.97,Paid,2024-06-27
8769,8769,Cash on Delivery,365534.66,Paid,2024-08-12
8770,8770,Card,64800.36,Paid,2024-09-29
8771,8771,Cash on Delivery,416266.43,Paid,2025-02-28
8772,8772,Card,125430.79,Paid,2025-05-25
8773,8773,Bank Transfer,276744.91,Paid,2023-05-15
8774,8774,Bank Transfer,129180.67,Paid,2023-09-05
8775,8775,Card,189842.09,Paid,2026-06-17
8776,8776,Card,73580.69,Paid,2023-12-31
8777,8777,Mobile Money,76182.16,Pending,2024-01-27
8778,8778,Bank Transfer,116258.99,Paid,2024-08-14
8779,8779,Bank Transfer,450037.23,Paid,2025-08-04
8780,8780,Cash on Delivery,10968.12,Paid,2025-02-11
8781,8781,Mobile Money,94474.58,Paid,2024-02-01
8782,8782,Mobile Money,98520.4,Paid,2023-01-06
8783,8783,Cash on Delivery,213844.2,Paid,2025-06-17
8784,8784,Mobile Money,153077.85,Refunded,2025-05-01
8785,8785,Cash on Delivery,65639.5,Pending,2026-05-22
8786,8786,Cash on Delivery,114062.87,Paid,2025-09-09
8787,8787,Mobile Money,236007.46,Pending,2026-04-07
8788,8788,Cash on Delivery,146030.04,Paid,2025-03-11
8789,8789,Bank Transfer,139542.69,Pending,2025-09-11
8790,8790,Bank Transfer,265183.72,Paid,2024-10-09
8791,8791,Cash on Delivery,327895.48,Paid,2024-01-23
8792,8792,Cash on Delivery,412243.28,Paid,2024-10-13
8793,8793,Mobile Money,71484.25,Paid,2025-07-04
8794,8794,Cash on Delivery,17459.29,Paid,2024-10-19
8795,8795,Mobile Money,91926.4,Paid,2023-02-10
8796,8796,Mobile Money,227278.9,Paid,2024-09-04
8797,8797,Bank Transfer,67332.97,Paid,2024-09-10
8798,8798,Cash on Delivery,68473.22,Paid,2025-06-23
8799,8799,Card,225232.87,Paid,2023-07-12
8800,8800,Card,88881.31,Paid,2024-04-10
8801,8801,Mobile Money,136810.21,Paid,2024-03-05
8802,8802,Card,131441.51,Pending,2024-05-10
8803,8803,Cash on Delivery,114420.86,Paid,2023-12-17
8804,8804,Cash on Delivery,164779.01,Pending,2026-04-08
8805,8805,Bank Transfer,86872.26,Paid,2025-11-23
8806,8806,Mobile Money,189430.78,Paid,2024-12-12
8807,8807,Mobile Money,83889.77,Paid,2025-02-23
8808,8808,Card,197194.12,Paid,2024-03-01
8809,8809,Card,292574.72,Paid,2026-05-07
8810,8810,Mobile Money,318214.88,Paid,2023-10-02
8811,8811,Mobile Money,186572.16,Refunded,2023-07-24
8812,8812,Bank Transfer,180711.73,Paid,2023-09-23
8813,8813,Bank Transfer,218155.07,Paid,2023-01-06
8814,8814,Mobile Money,166252.71,Paid,2024-08-30
8815,8815,Card,41386.16,Paid,2025-04-30
8816,8816,Cash on Delivery,171008.92,Paid,2025-02-07
8817,8817,Bank Transfer,18064.8,Paid,2024-07-22
8818,8818,Cash on Delivery,407981.23,Paid,2026-04-28
8819,8819,Bank Transfer,354183.27,Paid,2023-12-17
8820,8820,Card,43457.34,Paid,2023-06-30
8821,8821,Card,115202.71,Paid,2024-04-11
8822,8822,Card,188987.08,Paid,2023-09-25
8823,8823,Cash on Delivery,33854.04,Paid,2025-01-19
8824,8824,Card,91358.3,Paid,2024-09-30
8825,8825,Card,214616.53,Paid,2023-10-18
8826,8826,Mobile Money,68700.89,Paid,2023-11-11
8827,8827,Bank Transfer,112865.44,Paid,2025-01-07
8828,8828,Card,335800.25,Paid,2023-08-26
8829,8829,Cash on Delivery,440986.0,Paid,2025-01-18
8830,8830,Cash on Delivery,33959.89,Paid,2025-08-27
8831,8831,Bank Transfer,12994.22,Paid,2024-07-02
8832,8832,Card,260766.46,Paid,2025-02-05
8833,8833,Bank Transfer,86275.8,Paid,2024-04-06
8834,8834,Mobile Money,194664.53,Refunded,2025-04-02
8835,8835,Bank Transfer,168173.78,Paid,2023-05-10
8836,8836,Mobile Money,51356.01,Paid,2024-03-05
8837,8837,Card,276418.52,Paid,2025-12-21
8838,8838,Mobile Money,138006.27,Paid,2024-12-08
8839,8839,Card,77910.27,Pending,2024-02-19
8840,8840,Cash on Delivery,128031.01,Paid,2023-09-15
8841,8841,Cash on Delivery,149778.33,Paid,2024-08-14
8842,8842,Cash on Delivery,119174.02,Paid,2023-02-23
8843,8843,Cash on Delivery,129522.89,Paid,2024-11-13
8844,8844,Bank Transfer,104763.66,Paid,2024-10-23
8845,8845,Bank Transfer,57492.88,Paid,2023-03-21
8846,8846,Mobile Money,239600.28,Paid,2026-04-24
8847,8847,Bank Transfer,29789.93,Paid,2023-09-30
8848,8848,Mobile Money,144621.4,Paid,2023-03-28
8849,8849,Card,164711.3,Paid,2024-05-04
8850,8850,Card,45353.6,Pending,2025-05-29
8851,8851,Cash on Delivery,151242.74,Paid,2024-05-19
8852,8852,Mobile Money,95955.59,Paid,2023-06-10
8853,8853,Bank Transfer,191405.45,Paid,2023-04-12
8854,8854,Bank Transfer,62691.75,Refunded,2023-10-23
8855,8855,Bank Transfer,88124.45,Paid,2023-09-05
8856,8856,Mobile Money,45080.52,Paid,2024-08-11
8857,8857,Mobile Money,184311.09,Paid,2026-05-02
8858,8858,Mobile Money,179803.03,Paid,2023-11-01
8859,8859,Mobile Money,233588.91,Paid,2023-04-25
8860,8860,Bank Transfer,237329.96,Paid,2025-07-05
8861,8861,Card,328575.42,Refunded,2023-11-26
8862,8862,Card,199455.45,Paid,2026-04-15
8863,8863,Cash on Delivery,522505.04,Paid,2024-11-18
8864,8864,Card,84279.5,Paid,2025-02-18
8865,8865,Card,450621.24,Paid,2024-01-12
8866,8866,Cash on Delivery,102859.11,Paid,2025-11-29
8867,8867,Mobile Money,132403.26,Pending,2024-08-08
8868,8868,Mobile Money,143794.68,Paid,2026-05-05
8869,8869,Mobile Money,25326.5,Paid,2024-03-17
8870,8870,Cash on Delivery,120538.57,Paid,2026-02-04
8871,8871,Bank Transfer,177493.85,Paid,2026-05-08
8872,8872,Mobile Money,35728.85,Paid,2025-02-10
8873,8873,Cash on Delivery,181725.45,Pending,2023-09-07
8874,8874,Mobile Money,95412.76,Paid,2023-12-02
8875,8875,Cash on Delivery,221157.27,Paid,2024-02-10
8876,8876,Bank Transfer,27456.99,Pending,2024-10-19
8877,8877,Card,126090.17,Paid,2025-07-11
8878,8878,Card,216104.77,Paid,2024-01-09
8879,8879,Card,95673.69,Paid,2023-05-12
8880,8880,Bank Transfer,176470.92,Paid,2023-12-06
8881,8881,Card,175359.1,Paid,2024-04-01
8882,8882,Mobile Money,124348.39,Paid,2024-02-08
8883,8883,Cash on Delivery,227493.24,Paid,2023-12-01
8884,8884,Cash on Delivery,93501.96,Paid,2023-10-24
8885,8885,Mobile Money,72337.03,Paid,2024-08-19
8886,8886,Card,72407.54,Paid,2024-07-23
8887,8887,Cash on Delivery,66067.57,Paid,2023-11-25
8888,8888,Mobile Money,106701.41,Paid,2025-01-27
8889,8889,Card,107010.18,Paid,2026-03-07
8890,8890,Cash on Delivery,71968.99,Paid,2024-12-14
8891,8891,Bank Transfer,162776.21,Paid,2026-06-10
8892,8892,Card,153049.22,Paid,2024-07-24
8893,8893,Mobile Money,142318.67,Paid,2026-02-06
8894,8894,Bank Transfer,162597.41,Paid,2025-11-07
8895,8895,Card,114821.89,Refunded,2023-06-13
8896,8896,Bank Transfer,220270.24,Paid,2023-03-08
8897,8897,Bank Transfer,243350.1,Paid,2026-02-23
8898,8898,Bank Transfer,118206.23,Paid,2025-11-07
8899,8899,Bank Transfer,30766.63,Paid,2023-09-22
8900,8900,Mobile Money,19874.36,Paid,2024-01-27
8901,8901,Card,119805.05,Paid,2025-05-12
8902,8902,Card,145632.46,Paid,2025-10-27
8903,8903,Card,68761.28,Paid,2025-08-13
8904,8904,Bank Transfer,156628.78,Paid,2026-06-23
8905,8905,Card,32426.44,Pending,2025-01-21
8906,8906,Bank Transfer,68081.74,Paid,2026-02-12
8907,8907,Cash on Delivery,219998.72,Pending,2023-10-13
8908,8908,Cash on Delivery,69344.57,Paid,2023-01-02
8909,8909,Card,74621.08,Paid,2025-01-25
8910,8910,Bank Transfer,31630.76,Paid,2023-07-31
8911,8911,Mobile Money,92620.02,Paid,2025-01-23
8912,8912,Bank Transfer,82457.07,Paid,2024-09-13
8913,8913,Cash on Delivery,288121.49,Paid,2025-07-01
8914,8914,Bank Transfer,43758.91,Paid,2026-03-12
8915,8915,Mobile Money,149575.2,Paid,2026-03-10
8916,8916,Cash on Delivery,168622.9,Refunded,2024-02-15
8917,8917,Cash on Delivery,173163.92,Paid,2024-10-27
8918,8918,Mobile Money,332563.82,Pending,2025-05-30
8919,8919,Card,113660.22,Paid,2024-04-05
8920,8920,Card,98152.1,Refunded,2024-08-27
8921,8921,Cash on Delivery,19332.53,Paid,2024-03-01
8922,8922,Bank Transfer,140419.05,Refunded,2024-06-29
8923,8923,Mobile Money,134266.2,Failed,2023-05-14
8924,8924,Bank Transfer,170607.79,Paid,2025-12-28
8925,8925,Cash on Delivery,62578.05,Paid,2025-01-17
8926,8926,Cash on Delivery,453293.35,Paid,2024-01-17
8927,8927,Cash on Delivery,76523.92,Paid,2025-04-02
8928,8928,Cash on Delivery,201797.76,Pending,2026-01-29
8929,8929,Mobile Money,9304.69,Paid,2025-02-19
8930,8930,Cash on Delivery,129648.35,Paid,2024-04-21
8931,8931,Card,42677.94,Paid,2023-03-03
8932,8932,Cash on Delivery,41585.18,Paid,2023-05-22
8933,8933,Mobile Money,172723.13,Paid,2025-12-08
8934,8934,Cash on Delivery,96669.65,Paid,2024-08-31
8935,8935,Card,331199.85,Paid,2025-09-14
8936,8936,Bank Transfer,84340.64,Paid,2023-02-22
8937,8937,Mobile Money,213786.89,Paid,2023-05-07
8938,8938,Bank Transfer,94426.73,Paid,2023-05-27
8939,8939,Mobile Money,119957.88,Paid,2024-08-03
8940,8940,Card,291654.51,Paid,2025-04-28
8941,8941,Card,168877.28,Paid,2023-09-24
8942,8942,Card,201362.4,Paid,2024-07-16
8943,8943,Cash on Delivery,482113.37,Paid,2025-01-28
8944,8944,Mobile Money,264005.5,Paid,2025-12-05
8945,8945,Card,25010.03,Refunded,2025-03-03
8946,8946,Mobile Money,170998.37,Refunded,2025-01-02
8947,8947,Mobile Money,149073.58,Pending,2025-12-05
8948,8948,Bank Transfer,245862.1,Paid,2025-04-05
8949,8949,Card,298556.81,Paid,2023-09-27
8950,8950,Bank Transfer,116564.28,Paid,2023-05-14
8951,8951,Card,179004.62,Paid,2023-08-24
8952,8952,Card,82364.6,Paid,2023-06-12
8953,8953,Mobile Money,382926.98,Paid,2023-07-17
8954,8954,Cash on Delivery,116802.64,Paid,2024-01-30
8955,8955,Cash on Delivery,483098.22,Paid,2025-05-13
8956,8956,Mobile Money,125167.76,Refunded,2025-10-18
8957,8957,Mobile Money,317276.63,Paid,2023-09-06
8958,8958,Card,95357.7,Paid,2024-01-18
8959,8959,Bank Transfer,94009.7,Paid,2023-03-07
8960,8960,Bank Transfer,234244.58,Paid,2023-12-29
8961,8961,Bank Transfer,157709.2,Paid,2025-06-13
8962,8962,Mobile Money,74260.14,Paid,2026-04-29
8963,8963,Card,152119.62,Paid,2024-04-25
8964,8964,Mobile Money,124452.4,Paid,2026-04-07
8965,8965,Cash on Delivery,35658.46,Paid,2026-04-24
8966,8966,Bank Transfer,177115.41,Paid,2023-05-01
8967,8967,Card,94266.87,Paid,2025-10-31
8968,8968,Cash on Delivery,99386.99,Paid,2025-07-14
8969,8969,Mobile Money,260995.53,Paid,2024-01-14
8970,8970,Mobile Money,53742.52,Paid,2023-06-07
8971,8971,Card,76673.12,Paid,2026-06-29
8972,8972,Cash on Delivery,58900.14,Paid,2024-01-28
8973,8973,Mobile Money,51726.24,Paid,2023-11-01
8974,8974,Mobile Money,56478.41,Paid,2025-09-08
8975,8975,Cash on Delivery,18481.92,Paid,2026-05-04
8976,8976,Card,155146.14,Paid,2026-01-28
8977,8977,Bank Transfer,176798.3,Paid,2023-05-24
8978,8978,Card,94861.64,Paid,2025-08-17
8979,8979,Bank Transfer,125182.2,Paid,2025-05-22
8980,8980,Card,63776.61,Paid,2024-04-23
8981,8981,Card,117269.67,Paid,2023-01-24
8982,8982,Card,205533.48,Paid,2024-05-29
8983,8983,Mobile Money,199282.82,Refunded,2025-01-04
8984,8984,Mobile Money,108804.08,Paid,2024-01-27
8985,8985,Mobile Money,165896.0,Paid,2024-01-01
8986,8986,Card,232531.85,Paid,2025-06-04
8987,8987,Bank Transfer,84192.21,Failed,2023-12-02
8988,8988,Card,216048.49,Paid,2026-04-22
8989,8989,Cash on Delivery,33136.19,Paid,2025-02-20
8990,8990,Cash on Delivery,124348.33,Paid,2026-02-25
8991,8991,Cash on Delivery,160201.96,Paid,2023-08-15
8992,8992,Bank Transfer,58418.7,Paid,2024-07-08
8993,8993,Bank Transfer,434323.93,Refunded,2026-03-09
8994,8994,Card,44448.93,Paid,2025-03-11
8995,8995,Mobile Money,222504.32,Failed,2025-12-18
8996,8996,Mobile Money,201444.99,Paid,2024-03-23
8997,8997,Cash on Delivery,104277.42,Pending,2023-04-01
8998,8998,Mobile Money,199136.19,Refunded,2025-10-07
8999,8999,Cash on Delivery,96686.89,Paid,2024-12-26
9000,9000,Card,11772.78,Paid,2023-03-17
9001,9001,Mobile Money,81035.7,Paid,2026-05-31
9002,9002,Card,273831.08,Paid,2026-06-27
9003,9003,Mobile Money,136450.38,Paid,2026-04-24
9004,9004,Card,133105.67,Paid,2025-06-01
9005,9005,Bank Transfer,222920.33,Paid,2026-03-21
9006,9006,Card,74244.94,Pending,2024-06-19
9007,9007,Mobile Money,152978.0,Paid,2025-01-31
9008,9008,Mobile Money,189743.79,Paid,2026-04-11
9009,9009,Mobile Money,253335.73,Paid,2023-07-08
9010,9010,Card,185463.54,Paid,2023-08-13
9011,9011,Mobile Money,53348.08,Paid,2025-04-25
9012,9012,Bank Transfer,264261.66,Paid,2024-04-30
9013,9013,Card,189251.78,Refunded,2025-06-25
9014,9014,Mobile Money,437880.75,Paid,2023-07-11
9015,9015,Bank Transfer,158944.37,Paid,2024-11-12
9016,9016,Cash on Delivery,63955.48,Refunded,2023-03-25
9017,9017,Card,314692.91,Paid,2024-02-12
9018,9018,Mobile Money,150198.5,Paid,2023-09-28
9019,9019,Bank Transfer,60643.42,Paid,2026-01-07
9020,9020,Mobile Money,84233.54,Paid,2024-02-10
9021,9021,Cash on Delivery,257441.84,Paid,2024-08-19
9022,9022,Bank Transfer,102436.31,Paid,2025-03-21
9023,9023,Mobile Money,100713.13,Paid,2024-10-27
9024,9024,Card,45269.97,Paid,2025-10-08
9025,9025,Card,197307.09,Paid,2025-10-13
9026,9026,Mobile Money,223415.8,Paid,2025-07-27
9027,9027,Bank Transfer,44737.28,Paid,2023-02-22
9028,9028,Card,89804.74,Paid,2023-08-25
9029,9029,Bank Transfer,8522.3,Pending,2025-10-26
9030,9030,Mobile Money,45602.3,Paid,2025-04-09
9031,9031,Cash on Delivery,48850.52,Paid,2026-03-27
9032,9032,Card,102164.65,Paid,2025-12-31
9033,9033,Mobile Money,181435.2,Paid,2023-06-22
9034,9034,Card,388953.63,Paid,2024-06-17
9035,9035,Card,83572.5,Paid,2024-07-28
9036,9036,Cash on Delivery,256199.8,Paid,2025-03-27
9037,9037,Bank Transfer,14114.08,Refunded,2023-09-14
9038,9038,Card,29809.02,Paid,2023-09-28
9039,9039,Cash on Delivery,115389.93,Paid,2023-03-19
9040,9040,Bank Transfer,95333.11,Paid,2024-01-04
9041,9041,Cash on Delivery,68803.28,Paid,2024-12-29
9042,9042,Cash on Delivery,500234.79,Paid,2025-12-22
9043,9043,Card,184558.8,Paid,2025-03-31
9044,9044,Card,157658.97,Paid,2024-03-20
9045,9045,Cash on Delivery,148457.21,Paid,2024-12-22
9046,9046,Bank Transfer,175435.38,Paid,2025-12-26
9047,9047,Mobile Money,104272.63,Paid,2026-02-13
9048,9048,Cash on Delivery,187346.62,Paid,2024-09-14
9049,9049,Bank Transfer,63670.25,Paid,2024-04-04
9050,9050,Cash on Delivery,280725.19,Refunded,2023-03-17
9051,9051,Card,301352.08,Paid,2024-11-05
9052,9052,Cash on Delivery,80695.93,Paid,2025-08-16
9053,9053,Mobile Money,49896.69,Paid,2024-03-18
9054,9054,Cash on Delivery,75165.21,Paid,2024-06-06
9055,9055,Mobile Money,319997.78,Paid,2023-11-21
9056,9056,Mobile Money,119055.17,Refunded,2025-09-24
9057,9057,Bank Transfer,131995.75,Paid,2024-02-20
9058,9058,Cash on Delivery,132612.32,Paid,2023-06-10
9059,9059,Bank Transfer,136137.54,Paid,2023-08-17
9060,9060,Card,224007.43,Paid,2025-12-07
9061,9061,Cash on Delivery,94337.31,Paid,2025-02-13
9062,9062,Card,228587.83,Pending,2025-07-01
9063,9063,Card,15982.32,Paid,2023-09-23
9064,9064,Bank Transfer,83414.53,Paid,2023-09-25
9065,9065,Bank Transfer,62258.45,Pending,2024-05-28
9066,9066,Bank Transfer,91087.08,Paid,2024-09-07
9067,9067,Card,92096.44,Pending,2024-04-21
9068,9068,Cash on Delivery,204275.8,Paid,2024-02-11
9069,9069,Bank Transfer,32771.69,Paid,2026-05-19
9070,9070,Mobile Money,175654.15,Paid,2026-05-28
9071,9071,Card,185521.75,Paid,2026-05-24
9072,9072,Bank Transfer,172993.92,Paid,2026-02-12
9073,9073,Bank Transfer,137390.76,Paid,2024-02-17
9074,9074,Cash on Delivery,48676.53,Paid,2023-08-02
9075,9075,Card,110154.6,Paid,2025-12-15
9076,9076,Card,162434.64,Paid,2023-06-05
9077,9077,Card,257024.31,Paid,2024-04-07
9078,9078,Card,207637.84,Paid,2023-05-25
9079,9079,Cash on Delivery,317875.71,Paid,2024-05-30
9080,9080,Cash on Delivery,257791.21,Paid,2024-03-03
9081,9081,Mobile Money,166641.14,Paid,2023-08-10
9082,9082,Cash on Delivery,66588.7,Paid,2024-09-21
9083,9083,Card,373658.4,Pending,2024-09-23
9084,9084,Bank Transfer,23556.9,Refunded,2024-02-14
9085,9085,Card,213225.42,Paid,2023-04-24
9086,9086,Card,229803.38,Paid,2024-11-12
9087,9087,Card,80655.59,Paid,2024-01-25
9088,9088,Bank Transfer,92487.37,Refunded,2025-02-24
9089,9089,Bank Transfer,117705.04,Refunded,2024-03-03
9090,9090,Mobile Money,285021.45,Refunded,2024-01-06
9091,9091,Mobile Money,562364.25,Paid,2023-07-10
9092,9092,Card,225022.32,Paid,2024-10-09
9093,9093,Cash on Delivery,133792.33,Paid,2024-07-17
9094,9094,Card,131783.5,Paid,2023-11-17
9095,9095,Bank Transfer,93605.09,Pending,2026-01-22
9096,9096,Mobile Money,168556.21,Paid,2025-07-09
9097,9097,Card,187630.23,Paid,2023-05-04
9098,9098,Bank Transfer,90877.03,Paid,2023-03-02
9099,9099,Card,76256.52,Paid,2023-06-26
9100,9100,Mobile Money,279047.74,Paid,2023-05-04
9101,9101,Bank Transfer,247002.53,Failed,2024-11-01
9102,9102,Bank Transfer,106481.21,Paid,2024-11-06
9103,9103,Cash on Delivery,393360.53,Paid,2025-07-02
9104,9104,Cash on Delivery,76882.99,Paid,2025-08-28
9105,9105,Mobile Money,112894.81,Failed,2023-01-01
9106,9106,Cash on Delivery,228092.29,Refunded,2023-09-06
9107,9107,Card,109695.24,Paid,2025-07-14
9108,9108,Cash on Delivery,68046.1,Paid,2023-09-19
9109,9109,Cash on Delivery,51357.81,Paid,2024-12-30
9110,9110,Mobile Money,35751.87,Paid,2024-01-06
9111,9111,Bank Transfer,230525.7,Paid,2025-09-07
9112,9112,Bank Transfer,132876.68,Paid,2024-05-30
9113,9113,Card,146518.09,Paid,2024-04-24
9114,9114,Bank Transfer,110668.84,Paid,2026-03-18
9115,9115,Mobile Money,127816.6,Paid,2025-01-03
9116,9116,Bank Transfer,371765.18,Paid,2023-12-14
9117,9117,Bank Transfer,178692.46,Paid,2024-06-20
9118,9118,Bank Transfer,83447.78,Paid,2025-10-10
9119,9119,Mobile Money,59313.65,Paid,2024-02-16
9120,9120,Card,144048.05,Paid,2023-01-23
9121,9121,Cash on Delivery,193235.44,Paid,2025-08-17
9122,9122,Mobile Money,84784.3,Paid,2023-12-03
9123,9123,Card,133424.1,Paid,2025-11-13
9124,9124,Mobile Money,87760.03,Paid,2025-11-29
9125,9125,Bank Transfer,466664.92,Paid,2025-11-26
9126,9126,Bank Transfer,174706.81,Paid,2024-06-29
9127,9127,Bank Transfer,277852.98,Paid,2026-06-23
9128,9128,Mobile Money,29898.05,Pending,2024-10-13
9129,9129,Bank Transfer,209154.21,Paid,2024-07-28
9130,9130,Bank Transfer,337025.92,Refunded,2024-06-15
9131,9131,Card,206069.06,Pending,2025-05-18
9132,9132,Bank Transfer,174934.0,Paid,2026-06-23
9133,9133,Cash on Delivery,161973.67,Paid,2025-07-13
9134,9134,Mobile Money,39531.36,Paid,2023-12-23
9135,9135,Cash on Delivery,10585.56,Failed,2023-08-01
9136,9136,Mobile Money,75092.81,Paid,2024-02-01
9137,9137,Mobile Money,287238.7,Paid,2024-11-30
9138,9138,Bank Transfer,310678.77,Paid,2023-11-18
9139,9139,Cash on Delivery,203384.2,Paid,2025-08-28
9140,9140,Card,181493.38,Paid,2025-10-11
9141,9141,Cash on Delivery,59855.42,Paid,2024-03-17
9142,9142,Mobile Money,125047.24,Paid,2025-03-25
9143,9143,Cash on Delivery,292250.89,Paid,2023-09-04
9144,9144,Card,104971.52,Paid,2025-03-24
9145,9145,Card,306095.31,Paid,2026-03-28
9146,9146,Bank Transfer,327789.0,Paid,2023-12-19
9147,9147,Card,39809.11,Paid,2025-08-09
9148,9148,Mobile Money,101633.69,Paid,2023-09-15
9149,9149,Mobile Money,115271.58,Paid,2025-05-17
9150,9150,Mobile Money,328895.32,Paid,2023-07-29
9151,9151,Mobile Money,470809.9,Paid,2024-07-02
9152,9152,Mobile Money,61884.95,Failed,2026-06-02
9153,9153,Card,26907.19,Paid,2023-12-20
9154,9154,Card,38087.45,Paid,2025-10-26
9155,9155,Card,329944.98,Refunded,2024-01-23
9156,9156,Card,82533.83,Pending,2025-06-23
9157,9157,Cash on Delivery,96977.59,Paid,2024-08-08
9158,9158,Card,90825.1,Failed,2023-07-16
9159,9159,Bank Transfer,78623.82,Paid,2024-01-16
9160,9160,Card,45915.38,Paid,2026-03-04
9161,9161,Cash on Delivery,261718.29,Paid,2023-01-04
9162,9162,Mobile Money,139262.85,Paid,2025-08-24
9163,9163,Cash on Delivery,101507.06,Paid,2024-02-09
9164,9164,Cash on Delivery,28006.05,Paid,2024-09-01
9165,9165,Mobile Money,93515.36,Pending,2025-03-30
9166,9166,Card,25924.11,Paid,2024-04-01
9167,9167,Card,123984.79,Pending,2023-12-25
9168,9168,Mobile Money,48445.82,Paid,2024-09-06
9169,9169,Bank Transfer,44135.52,Paid,2023-05-22
9170,9170,Bank Transfer,237124.7,Paid,2025-01-03
9171,9171,Bank Transfer,76355.96,Failed,2025-08-23
9172,9172,Mobile Money,183381.7,Paid,2023-01-04
9173,9173,Card,127273.25,Paid,2023-09-15
9174,9174,Mobile Money,36463.53,Paid,2023-05-18
9175,9175,Bank Transfer,32850.67,Paid,2024-09-19
9176,9176,Mobile Money,172321.8,Paid,2025-03-22
9177,9177,Cash on Delivery,228004.72,Paid,2024-04-16
9178,9178,Mobile Money,399401.94,Refunded,2024-09-07
9179,9179,Mobile Money,118990.18,Paid,2025-11-05
9180,9180,Bank Transfer,80623.96,Paid,2023-09-28
9181,9181,Cash on Delivery,252509.98,Paid,2026-03-02
9182,9182,Mobile Money,168956.39,Paid,2023-02-17
9183,9183,Cash on Delivery,58271.64,Paid,2023-10-28
9184,9184,Mobile Money,128610.94,Refunded,2023-06-06
9185,9185,Card,342768.16,Paid,2025-07-04
9186,9186,Bank Transfer,270831.8,Paid,2024-11-29
9187,9187,Bank Transfer,151427.19,Paid,2026-01-13
9188,9188,Card,319323.2,Paid,2024-02-29
9189,9189,Cash on Delivery,40942.11,Paid,2023-07-13
9190,9190,Cash on Delivery,91697.54,Paid,2023-11-06
9191,9191,Bank Transfer,145356.37,Refunded,2026-05-05
9192,9192,Mobile Money,298303.54,Paid,2025-01-22
9193,9193,Bank Transfer,486276.08,Paid,2025-05-22
9194,9194,Bank Transfer,291224.14,Paid,2025-03-06
9195,9195,Mobile Money,196657.55,Paid,2024-09-27
9196,9196,Bank Transfer,571664.07,Paid,2024-07-07
9197,9197,Cash on Delivery,123105.44,Paid,2024-02-15
9198,9198,Bank Transfer,89810.5,Paid,2024-03-08
9199,9199,Mobile Money,347268.62,Paid,2025-10-07
9200,9200,Card,150256.65,Paid,2023-08-09
9201,9201,Cash on Delivery,92981.5,Paid,2026-03-22
9202,9202,Bank Transfer,125245.2,Paid,2026-06-30
9203,9203,Mobile Money,288598.11,Paid,2025-08-28
9204,9204,Bank Transfer,197626.69,Paid,2025-02-15
9205,9205,Cash on Delivery,121661.65,Paid,2023-05-17
9206,9206,Card,93028.98,Paid,2025-05-02
9207,9207,Mobile Money,74480.08,Paid,2023-02-07
9208,9208,Mobile Money,83520.8,Paid,2024-02-22
9209,9209,Card,51336.61,Refunded,2023-06-02
9210,9210,Mobile Money,15625.12,Paid,2023-06-18
9211,9211,Mobile Money,141842.54,Paid,2024-03-19
9212,9212,Cash on Delivery,398607.56,Paid,2024-03-06
9213,9213,Cash on Delivery,190427.34,Paid,2024-06-30
9214,9214,Card,149539.24,Paid,2023-01-07
9215,9215,Bank Transfer,97370.55,Paid,2025-01-31
9216,9216,Mobile Money,156546.19,Paid,2023-03-01
9217,9217,Bank Transfer,197852.48,Paid,2024-12-05
9218,9218,Mobile Money,313052.53,Failed,2026-02-22
9219,9219,Card,181521.58,Paid,2026-01-09
9220,9220,Bank Transfer,60399.68,Paid,2025-10-11
9221,9221,Card,125458.38,Paid,2024-11-07
9222,9222,Card,468404.35,Paid,2025-04-08
9223,9223,Cash on Delivery,87737.22,Paid,2024-08-02
9224,9224,Cash on Delivery,93222.35,Paid,2025-07-11
9225,9225,Bank Transfer,161326.88,Paid,2026-03-04
9226,9226,Card,48018.38,Paid,2023-01-04
9227,9227,Card,200200.75,Paid,2023-05-31
9228,9228,Cash on Delivery,142951.9,Paid,2025-06-21
9229,9229,Card,165480.67,Paid,2023-11-14
9230,9230,Cash on Delivery,116661.81,Paid,2025-10-29
9231,9231,Mobile Money,238288.24,Paid,2024-06-18
9232,9232,Cash on Delivery,24763.31,Paid,2023-01-29
9233,9233,Cash on Delivery,39386.0,Paid,2025-12-23
9234,9234,Bank Transfer,152948.61,Paid,2026-01-10
9235,9235,Bank Transfer,142724.96,Paid,2026-05-31
9236,9236,Mobile Money,67872.64,Paid,2024-03-14
9237,9237,Card,213278.81,Paid,2023-11-11
9238,9238,Card,237070.42,Paid,2025-04-18
9239,9239,Mobile Money,293449.24,Pending,2024-12-27
9240,9240,Bank Transfer,13871.81,Paid,2025-12-01
9241,9241,Card,54171.48,Paid,2024-06-08
9242,9242,Cash on Delivery,201665.68,Paid,2023-08-29
9243,9243,Bank Transfer,35440.07,Paid,2023-05-28
9244,9244,Mobile Money,210360.98,Paid,2025-03-02
9245,9245,Card,151593.05,Paid,2023-03-18
9246,9246,Cash on Delivery,123657.89,Paid,2023-08-12
9247,9247,Mobile Money,187631.55,Paid,2025-11-02
9248,9248,Card,144728.11,Paid,2024-08-05
9249,9249,Cash on Delivery,82123.39,Paid,2026-03-17
9250,9250,Cash on Delivery,28094.79,Paid,2025-06-02
9251,9251,Mobile Money,48440.68,Paid,2026-03-01
9252,9252,Bank Transfer,178099.23,Paid,2026-06-07
9253,9253,Card,151112.17,Paid,2023-10-26
9254,9254,Bank Transfer,136565.06,Failed,2023-08-13
9255,9255,Card,54719.75,Paid,2025-11-20
9256,9256,Card,36236.22,Paid,2023-03-19
9257,9257,Cash on Delivery,154417.78,Paid,2023-10-05
9258,9258,Bank Transfer,70133.76,Paid,2025-03-05
9259,9259,Card,123178.65,Refunded,2025-11-23
9260,9260,Card,407679.06,Paid,2023-05-04
9261,9261,Card,55782.78,Paid,2024-02-29
9262,9262,Card,350996.24,Paid,2025-05-09
9263,9263,Bank Transfer,237960.86,Paid,2025-01-25
9264,9264,Card,132200.45,Paid,2024-05-18
9265,9265,Cash on Delivery,132194.19,Paid,2024-01-29
9266,9266,Bank Transfer,7550.09,Refunded,2024-05-08
9267,9267,Card,96502.72,Paid,2023-12-25
9268,9268,Cash on Delivery,338743.96,Paid,2026-05-19
9269,9269,Bank Transfer,103748.25,Paid,2026-03-16
9270,9270,Mobile Money,45389.84,Paid,2025-01-22
9271,9271,Bank Transfer,103535.29,Paid,2024-07-07
9272,9272,Mobile Money,155492.04,Paid,2026-01-17
9273,9273,Card,57136.43,Paid,2025-10-04
9274,9274,Cash on Delivery,151331.59,Paid,2025-10-01
9275,9275,Bank Transfer,54107.02,Paid,2023-04-14
9276,9276,Mobile Money,227178.57,Paid,2025-08-01
9277,9277,Bank Transfer,118645.55,Pending,2023-06-22
9278,9278,Mobile Money,125892.15,Paid,2024-09-30
9279,9279,Mobile Money,35076.75,Paid,2023-12-09
9280,9280,Card,217971.05,Paid,2024-10-12
9281,9281,Card,122155.81,Paid,2023-09-20
9282,9282,Mobile Money,379150.88,Paid,2025-12-10
9283,9283,Bank Transfer,235789.35,Paid,2026-03-06
9284,9284,Mobile Money,23375.13,Paid,2023-11-14
9285,9285,Mobile Money,182907.51,Paid,2023-12-19
9286,9286,Card,142852.76,Paid,2024-05-14
9287,9287,Card,112725.99,Paid,2024-11-18
9288,9288,Cash on Delivery,110641.56,Paid,2023-08-07
9289,9289,Cash on Delivery,95627.93,Paid,2023-10-08
9290,9290,Cash on Delivery,124073.51,Paid,2023-10-11
9291,9291,Cash on Delivery,311679.76,Paid,2023-02-01
9292,9292,Bank Transfer,134296.75,Paid,2025-05-18
9293,9293,Card,145288.85,Paid,2024-07-31
9294,9294,Cash on Delivery,57034.29,Paid,2023-02-26
9295,9295,Bank Transfer,178039.75,Paid,2023-10-10
9296,9296,Card,18855.35,Paid,2023-02-18
9297,9297,Mobile Money,241974.99,Paid,2026-02-27
9298,9298,Bank Transfer,140432.24,Paid,2025-08-26
9299,9299,Cash on Delivery,17951.47,Paid,2025-07-10
9300,9300,Card,349302.24,Paid,2025-06-12
9301,9301,Cash on Delivery,221723.14,Paid,2024-03-09
9302,9302,Card,46690.69,Paid,2025-06-08
9303,9303,Card,95219.16,Paid,2023-12-10
9304,9304,Bank Transfer,43965.71,Refunded,2026-03-02
9305,9305,Cash on Delivery,73250.68,Paid,2025-06-26
9306,9306,Mobile Money,296297.06,Paid,2025-10-19
9307,9307,Mobile Money,144896.66,Refunded,2024-12-30
9308,9308,Mobile Money,20687.94,Pending,2023-05-16
9309,9309,Bank Transfer,13195.59,Paid,2023-01-17
9310,9310,Card,40844.85,Paid,2025-01-26
9311,9311,Mobile Money,73724.95,Failed,2023-10-11
9312,9312,Cash on Delivery,176017.14,Paid,2024-04-20
9313,9313,Cash on Delivery,281370.1,Paid,2025-06-02
9314,9314,Cash on Delivery,172481.46,Paid,2025-08-23
9315,9315,Mobile Money,178371.95,Paid,2026-04-07
9316,9316,Cash on Delivery,190569.33,Paid,2026-05-21
9317,9317,Card,51926.94,Paid,2023-05-20
9318,9318,Bank Transfer,261261.64,Refunded,2025-07-18
9319,9319,Bank Transfer,99788.71,Failed,2025-10-10
9320,9320,Bank Transfer,318062.59,Paid,2025-03-31
9321,9321,Cash on Delivery,83824.14,Paid,2024-03-06
9322,9322,Card,86518.09,Paid,2024-11-25
9323,9323,Cash on Delivery,59531.46,Paid,2025-02-09
9324,9324,Cash on Delivery,149594.3,Paid,2024-07-29
9325,9325,Bank Transfer,133804.44,Paid,2023-02-22
9326,9326,Cash on Delivery,268871.76,Paid,2025-07-30
9327,9327,Card,75218.43,Paid,2025-12-18
9328,9328,Card,152822.63,Failed,2023-05-04
9329,9329,Mobile Money,137275.14,Paid,2025-11-08
9330,9330,Bank Transfer,66853.25,Paid,2024-04-18
9331,9331,Cash on Delivery,269816.89,Paid,2025-03-09
9332,9332,Mobile Money,235667.46,Paid,2026-01-08
9333,9333,Card,345836.34,Paid,2023-08-28
9334,9334,Cash on Delivery,40016.64,Paid,2023-05-19
9335,9335,Mobile Money,116384.15,Paid,2025-06-21
9336,9336,Card,27435.33,Paid,2025-08-07
9337,9337,Card,87251.85,Pending,2024-08-20
9338,9338,Cash on Delivery,86541.61,Paid,2024-05-11
9339,9339,Cash on Delivery,43880.14,Paid,2025-11-23
9340,9340,Cash on Delivery,85424.03,Paid,2024-10-31
9341,9341,Cash on Delivery,327960.83,Paid,2024-07-21
9342,9342,Cash on Delivery,97200.52,Paid,2024-12-04
9343,9343,Cash on Delivery,230022.54,Paid,2025-07-31
9344,9344,Bank Transfer,176587.04,Refunded,2025-06-24
9345,9345,Bank Transfer,82753.93,Paid,2025-02-03
9346,9346,Mobile Money,101564.23,Pending,2023-05-26
9347,9347,Card,184553.27,Refunded,2023-08-02
9348,9348,Bank Transfer,180699.9,Paid,2026-04-18
9349,9349,Bank Transfer,197957.52,Paid,2026-02-09
9350,9350,Bank Transfer,148609.54,Paid,2024-06-13
9351,9351,Card,263672.46,Paid,2023-11-29
9352,9352,Bank Transfer,69506.14,Paid,2025-08-18
9353,9353,Mobile Money,347970.62,Paid,2024-10-18
9354,9354,Card,216750.04,Paid,2023-11-15
9355,9355,Cash on Delivery,140563.9,Paid,2025-10-31
9356,9356,Cash on Delivery,106863.66,Paid,2023-09-18
9357,9357,Bank Transfer,132802.66,Paid,2024-08-22
9358,9358,Cash on Delivery,116030.23,Paid,2025-02-09
9359,9359,Bank Transfer,176756.4,Paid,2023-08-07
9360,9360,Mobile Money,102030.85,Paid,2026-06-29
9361,9361,Bank Transfer,148127.2,Paid,2023-12-15
9362,9362,Mobile Money,86613.24,Paid,2023-11-26
9363,9363,Bank Transfer,31253.82,Paid,2026-06-28
9364,9364,Bank Transfer,140443.59,Paid,2023-01-03
9365,9365,Mobile Money,33867.36,Paid,2026-03-09
9366,9366,Cash on Delivery,33247.35,Paid,2024-11-18
9367,9367,Cash on Delivery,73862.15,Paid,2024-12-20
9368,9368,Bank Transfer,175100.78,Paid,2024-06-25
9369,9369,Mobile Money,26509.72,Paid,2023-03-10
9370,9370,Bank Transfer,13501.54,Paid,2025-10-03
9371,9371,Cash on Delivery,426682.89,Paid,2025-04-23
9372,9372,Cash on Delivery,112381.06,Paid,2025-01-12
9373,9373,Mobile Money,87311.32,Paid,2024-10-07
9374,9374,Bank Transfer,172601.76,Paid,2024-01-02
9375,9375,Card,70660.87,Pending,2025-05-31
9376,9376,Mobile Money,347310.73,Paid,2024-03-09
9377,9377,Cash on Delivery,90087.55,Paid,2025-10-11
9378,9378,Card,33995.8,Pending,2023-04-03
9379,9379,Card,273868.21,Paid,2026-02-23
9380,9380,Mobile Money,284313.45,Paid,2024-11-11
9381,9381,Bank Transfer,140352.98,Paid,2025-09-23
9382,9382,Bank Transfer,288355.19,Paid,2023-03-09
9383,9383,Card,225075.57,Refunded,2025-08-22
9384,9384,Bank Transfer,353813.84,Paid,2025-11-22
9385,9385,Cash on Delivery,46710.2,Paid,2023-03-09
9386,9386,Cash on Delivery,89009.04,Paid,2023-11-05
9387,9387,Card,153301.42,Paid,2023-10-30
9388,9388,Mobile Money,301887.3,Paid,2024-07-06
9389,9389,Card,23107.63,Paid,2025-03-25
9390,9390,Mobile Money,47003.08,Paid,2024-07-24
9391,9391,Bank Transfer,105992.61,Paid,2024-05-27
9392,9392,Card,228901.44,Refunded,2023-12-13
9393,9393,Bank Transfer,281897.48,Paid,2025-01-20
9394,9394,Bank Transfer,263374.01,Paid,2026-04-14
9395,9395,Mobile Money,386462.15,Paid,2025-08-18
9396,9396,Mobile Money,73218.28,Paid,2025-02-19
9397,9397,Cash on Delivery,315913.85,Paid,2023-03-13
9398,9398,Card,34269.2,Paid,2023-04-14
9399,9399,Card,145429.81,Refunded,2025-01-21
9400,9400,Card,157034.42,Paid,2023-04-02
9401,9401,Card,304759.7,Pending,2023-12-08
9402,9402,Card,411564.6,Paid,2024-11-07
9403,9403,Cash on Delivery,135677.67,Paid,2023-12-11
9404,9404,Mobile Money,43990.55,Paid,2024-07-15
9405,9405,Mobile Money,335366.47,Failed,2025-03-24
9406,9406,Cash on Delivery,262108.88,Paid,2023-06-26
9407,9407,Card,87797.71,Paid,2024-10-17
9408,9408,Mobile Money,151008.83,Refunded,2025-04-07
9409,9409,Card,163584.88,Paid,2023-06-07
9410,9410,Card,182050.15,Paid,2024-12-12
9411,9411,Mobile Money,408691.03,Paid,2024-01-01
9412,9412,Card,350193.54,Paid,2023-10-13
9413,9413,Mobile Money,118718.86,Paid,2023-10-18
9414,9414,Mobile Money,28997.81,Paid,2026-02-04
9415,9415,Mobile Money,62602.3,Paid,2025-03-10
9416,9416,Cash on Delivery,210916.07,Paid,2025-09-19
9417,9417,Mobile Money,121301.44,Paid,2025-12-02
9418,9418,Bank Transfer,104452.24,Paid,2025-06-11
9419,9419,Cash on Delivery,193847.79,Pending,2024-03-18
9420,9420,Bank Transfer,176507.85,Pending,2025-11-18
9421,9421,Card,177576.03,Paid,2025-08-24
9422,9422,Bank Transfer,259549.06,Failed,2023-08-19
9423,9423,Card,64662.69,Paid,2025-03-07
9424,9424,Mobile Money,148464.89,Paid,2025-11-26
9425,9425,Cash on Delivery,235985.19,Refunded,2026-04-20
9426,9426,Mobile Money,287549.18,Paid,2023-02-21
9427,9427,Bank Transfer,140542.91,Paid,2025-01-16
9428,9428,Mobile Money,221389.41,Paid,2023-02-02
9429,9429,Cash on Delivery,61540.77,Paid,2023-11-15
9430,9430,Mobile Money,102245.79,Paid,2025-07-15
9431,9431,Mobile Money,35665.02,Paid,2024-03-18
9432,9432,Card,49108.16,Pending,2025-10-18
9433,9433,Card,109469.38,Pending,2023-10-22
9434,9434,Mobile Money,131286.35,Paid,2026-06-28
9435,9435,Card,264195.12,Paid,2023-11-20
9436,9436,Mobile Money,284863.32,Pending,2026-06-04
9437,9437,Cash on Delivery,75969.32,Paid,2025-03-20
9438,9438,Cash on Delivery,255196.55,Paid,2023-10-17
9439,9439,Card,24406.42,Paid,2025-11-20
9440,9440,Bank Transfer,86023.94,Paid,2026-06-06
9441,9441,Mobile Money,50404.78,Paid,2025-05-02
9442,9442,Cash on Delivery,441741.74,Paid,2025-11-02
9443,9443,Cash on Delivery,144992.95,Paid,2023-05-08
9444,9444,Card,78560.12,Paid,2025-03-17
9445,9445,Card,275921.79,Paid,2024-09-10
9446,9446,Card,125784.72,Paid,2025-01-06
9447,9447,Bank Transfer,58315.76,Paid,2024-04-21
9448,9448,Cash on Delivery,66481.49,Paid,2025-09-18
9449,9449,Card,202468.45,Paid,2024-10-07
9450,9450,Card,48503.97,Paid,2023-07-17
9451,9451,Mobile Money,150667.74,Paid,2024-01-16
9452,9452,Card,707566.75,Paid,2025-01-10
9453,9453,Mobile Money,268593.73,Pending,2024-11-23
9454,9454,Cash on Delivery,81413.0,Paid,2023-12-22
9455,9455,Bank Transfer,306345.21,Paid,2023-08-06
9456,9456,Cash on Delivery,85087.75,Paid,2023-01-10
9457,9457,Cash on Delivery,227386.24,Paid,2026-03-23
9458,9458,Card,110504.16,Paid,2023-05-15
9459,9459,Mobile Money,209310.89,Paid,2023-01-08
9460,9460,Bank Transfer,191841.78,Pending,2023-09-01
9461,9461,Card,210946.01,Paid,2025-03-29
9462,9462,Cash on Delivery,77871.36,Paid,2025-04-21
9463,9463,Mobile Money,166055.91,Paid,2025-11-07
9464,9464,Cash on Delivery,20126.95,Paid,2025-02-13
9465,9465,Card,532357.8,Paid,2025-01-08
9466,9466,Bank Transfer,40442.73,Pending,2026-04-03
9467,9467,Mobile Money,392209.12,Paid,2025-04-24
9468,9468,Card,52849.53,Paid,2024-01-12
9469,9469,Cash on Delivery,113413.63,Paid,2026-03-17
9470,9470,Card,250618.85,Refunded,2023-08-02
9471,9471,Cash on Delivery,66369.38,Paid,2024-07-04
9472,9472,Mobile Money,76231.68,Paid,2024-08-30
9473,9473,Card,175575.86,Paid,2025-05-30
9474,9474,Card,52041.9,Paid,2024-07-10
9475,9475,Cash on Delivery,84156.26,Paid,2024-01-16
9476,9476,Bank Transfer,57824.25,Paid,2026-04-24
9477,9477,Bank Transfer,199295.38,Paid,2026-03-26
9478,9478,Mobile Money,291866.24,Paid,2024-02-22
9479,9479,Card,180553.97,Paid,2023-12-28
9480,9480,Cash on Delivery,101431.19,Paid,2026-02-19
9481,9481,Mobile Money,16211.29,Refunded,2024-04-26
9482,9482,Card,527337.26,Paid,2024-10-05
9483,9483,Bank Transfer,372008.37,Paid,2024-03-21
9484,9484,Card,104846.11,Pending,2024-08-26
9485,9485,Card,160171.59,Paid,2026-05-24
9486,9486,Mobile Money,95350.33,Paid,2024-04-16
9487,9487,Bank Transfer,231479.18,Paid,2023-06-24
9488,9488,Cash on Delivery,91360.85,Paid,2024-05-12
9489,9489,Mobile Money,107626.81,Paid,2024-10-24
9490,9490,Cash on Delivery,274113.7,Paid,2026-01-20
9491,9491,Bank Transfer,218121.92,Paid,2023-10-29
9492,9492,Cash on Delivery,28261.24,Paid,2026-03-12
9493,9493,Card,189977.45,Paid,2024-11-29
9494,9494,Card,27884.54,Failed,2024-09-13
9495,9495,Cash on Delivery,76181.45,Paid,2025-05-05
9496,9496,Card,37895.84,Paid,2026-03-01
9497,9497,Card,403671.75,Paid,2023-12-27
9498,9498,Bank Transfer,312407.18,Paid,2024-02-05
9499,9499,Bank Transfer,187810.8,Pending,2025-05-06
9500,9500,Mobile Money,120162.77,Paid,2025-06-07
9501,9501,Bank Transfer,93173.34,Paid,2024-08-18
9502,9502,Card,42363.11,Paid,2023-01-23
9503,9503,Mobile Money,26254.22,Paid,2023-02-10
9504,9504,Card,259215.06,Pending,2024-04-30
9505,9505,Card,76523.49,Paid,2024-06-15
9506,9506,Mobile Money,116572.99,Paid,2025-02-06
9507,9507,Bank Transfer,237846.75,Paid,2025-07-17
9508,9508,Card,73043.9,Paid,2023-01-01
9509,9509,Bank Transfer,79627.89,Paid,2026-05-01
9510,9510,Bank Transfer,134850.75,Paid,2024-07-12
9511,9511,Cash on Delivery,171825.5,Paid,2024-02-05
9512,9512,Cash on Delivery,127008.65,Paid,2025-02-11
9513,9513,Card,17900.47,Paid,2025-07-15
9514,9514,Bank Transfer,270324.21,Paid,2025-02-27
9515,9515,Bank Transfer,34624.74,Paid,2023-08-28
9516,9516,Bank Transfer,200778.8,Paid,2024-12-06
9517,9517,Card,270096.09,Paid,2024-10-30
9518,9518,Cash on Delivery,92249.32,Paid,2025-06-08
9519,9519,Cash on Delivery,51474.44,Paid,2024-07-10
9520,9520,Bank Transfer,284824.18,Paid,2023-09-15
9521,9521,Bank Transfer,241711.94,Pending,2025-06-20
9522,9522,Bank Transfer,224585.66,Paid,2026-04-06
9523,9523,Cash on Delivery,244274.9,Paid,2023-05-07
9524,9524,Bank Transfer,158884.18,Paid,2023-04-26
9525,9525,Card,125553.79,Paid,2023-11-25
9526,9526,Cash on Delivery,146175.01,Paid,2023-08-26
9527,9527,Cash on Delivery,187281.18,Paid,2025-09-22
9528,9528,Mobile Money,334789.5,Paid,2024-02-20
9529,9529,Card,167544.66,Paid,2025-01-17
9530,9530,Bank Transfer,88646.15,Paid,2025-08-06
9531,9531,Mobile Money,110530.17,Paid,2025-11-14
9532,9532,Bank Transfer,56592.74,Paid,2023-10-31
9533,9533,Cash on Delivery,225293.77,Paid,2024-07-06
9534,9534,Bank Transfer,122207.77,Paid,2025-05-12
9535,9535,Card,40132.9,Paid,2023-06-07
9536,9536,Mobile Money,60783.19,Paid,2025-01-29
9537,9537,Bank Transfer,20437.73,Paid,2024-11-12
9538,9538,Cash on Delivery,179368.67,Paid,2025-01-26
9539,9539,Cash on Delivery,29346.32,Paid,2026-06-14
9540,9540,Cash on Delivery,82022.29,Paid,2026-05-27
9541,9541,Cash on Delivery,99366.63,Paid,2026-05-27
9542,9542,Card,48034.92,Paid,2025-12-02
9543,9543,Mobile Money,33918.82,Paid,2023-09-06
9544,9544,Mobile Money,223092.54,Paid,2026-06-16
9545,9545,Card,152945.0,Paid,2026-03-05
9546,9546,Bank Transfer,146590.05,Paid,2024-12-30
9547,9547,Mobile Money,74626.34,Paid,2026-04-02
9548,9548,Card,238937.62,Paid,2024-09-29
9549,9549,Bank Transfer,255499.73,Paid,2025-10-09
9550,9550,Cash on Delivery,83968.56,Paid,2025-01-27
9551,9551,Mobile Money,225652.7,Paid,2025-08-10
9552,9552,Mobile Money,244015.67,Paid,2025-06-01
9553,9553,Cash on Delivery,157995.38,Paid,2023-04-13
9554,9554,Mobile Money,141061.37,Paid,2026-03-14
9555,9555,Mobile Money,336264.12,Paid,2023-01-01
9556,9556,Cash on Delivery,222472.5,Paid,2024-12-25
9557,9557,Bank Transfer,325260.51,Paid,2025-09-25
9558,9558,Bank Transfer,43175.85,Paid,2024-07-28
9559,9559,Card,239422.61,Paid,2024-07-10
9560,9560,Bank Transfer,129008.97,Paid,2023-04-13
9561,9561,Mobile Money,349413.23,Failed,2023-04-18
9562,9562,Bank Transfer,36913.1,Paid,2024-03-07
9563,9563,Card,200811.93,Paid,2024-12-29
9564,9564,Cash on Delivery,87405.94,Paid,2024-09-14
9565,9565,Bank Transfer,316733.35,Paid,2023-12-28
9566,9566,Mobile Money,127183.66,Paid,2025-01-28
9567,9567,Card,78217.55,Failed,2024-01-20
9568,9568,Card,93640.54,Paid,2024-12-07
9569,9569,Cash on Delivery,196462.74,Paid,2025-02-10
9570,9570,Mobile Money,58525.61,Paid,2024-04-19
9571,9571,Mobile Money,36044.16,Paid,2026-02-16
9572,9572,Mobile Money,81852.72,Paid,2025-04-28
9573,9573,Mobile Money,299248.59,Paid,2024-02-29
9574,9574,Bank Transfer,101775.64,Paid,2026-02-19
9575,9575,Mobile Money,131184.06,Pending,2023-08-29
9576,9576,Cash on Delivery,126283.6,Paid,2024-06-05
9577,9577,Bank Transfer,369432.32,Paid,2025-01-19
9578,9578,Bank Transfer,48999.4,Paid,2023-09-01
9579,9579,Mobile Money,189297.97,Pending,2024-02-03
9580,9580,Bank Transfer,514438.26,Paid,2024-04-23
9581,9581,Mobile Money,51930.09,Paid,2025-07-18
9582,9582,Card,157844.88,Paid,2023-07-24
9583,9583,Cash on Delivery,32337.91,Paid,2025-02-23
9584,9584,Mobile Money,127871.27,Pending,2026-03-11
9585,9585,Bank Transfer,28102.53,Paid,2025-02-09
9586,9586,Card,113376.4,Paid,2023-08-21
9587,9587,Card,353456.0,Paid,2026-01-19
9588,9588,Cash on Delivery,25572.39,Paid,2026-01-14
9589,9589,Cash on Delivery,877276.2,Paid,2025-09-09
9590,9590,Card,55800.54,Paid,2024-12-29
9591,9591,Bank Transfer,171608.28,Paid,2025-01-02
9592,9592,Card,58773.61,Failed,2023-05-23
9593,9593,Mobile Money,84194.54,Paid,2024-08-20
9594,9594,Bank Transfer,84623.94,Paid,2024-05-24
9595,9595,Cash on Delivery,345354.5,Paid,2023-11-29
9596,9596,Mobile Money,114703.35,Paid,2024-04-19
9597,9597,Card,50604.88,Pending,2023-10-22
9598,9598,Cash on Delivery,448804.34,Paid,2024-12-07
9599,9599,Cash on Delivery,138756.04,Refunded,2026-05-28
9600,9600,Cash on Delivery,54685.34,Pending,2024-01-27
9601,9601,Card,193831.38,Paid,2023-10-11
9602,9602,Bank Transfer,277366.25,Paid,2026-06-13
9603,9603,Bank Transfer,193134.47,Paid,2023-07-03
9604,9604,Cash on Delivery,260879.71,Paid,2024-04-08
9605,9605,Mobile Money,119364.01,Pending,2025-06-29
9606,9606,Card,162935.65,Paid,2024-08-28
9607,9607,Bank Transfer,117539.55,Paid,2024-09-06
9608,9608,Cash on Delivery,186424.77,Paid,2026-03-23
9609,9609,Mobile Money,136302.76,Paid,2026-01-26
9610,9610,Bank Transfer,251493.67,Refunded,2023-02-25
9611,9611,Card,179849.12,Paid,2025-01-15
9612,9612,Mobile Money,196376.02,Paid,2024-09-26
9613,9613,Cash on Delivery,76112.25,Paid,2024-07-09
9614,9614,Cash on Delivery,212285.22,Paid,2026-01-30
9615,9615,Card,78013.37,Paid,2023-10-03
9616,9616,Bank Transfer,169504.1,Paid,2025-07-23
9617,9617,Mobile Money,119198.24,Paid,2024-12-06
9618,9618,Card,52480.95,Paid,2025-12-20
9619,9619,Bank Transfer,274042.89,Paid,2023-12-27
9620,9620,Bank Transfer,186572.16,Failed,2023-04-17
9621,9621,Cash on Delivery,140623.75,Paid,2023-05-19
9622,9622,Mobile Money,85156.71,Paid,2026-05-08
9623,9623,Cash on Delivery,17652.75,Refunded,2024-10-31
9624,9624,Bank Transfer,439165.05,Paid,2025-06-02
9625,9625,Card,55852.56,Paid,2025-10-08
9626,9626,Mobile Money,113968.26,Paid,2024-03-09
9627,9627,Cash on Delivery,41909.85,Failed,2023-11-21
9628,9628,Card,169721.31,Paid,2025-06-13
9629,9629,Mobile Money,438188.28,Paid,2023-12-03
9630,9630,Bank Transfer,193473.79,Paid,2024-03-01
9631,9631,Mobile Money,39001.46,Paid,2024-12-12
9632,9632,Mobile Money,239250.06,Paid,2025-03-25
9633,9633,Cash on Delivery,277219.29,Paid,2023-12-17
9634,9634,Mobile Money,45966.27,Paid,2023-03-09
9635,9635,Bank Transfer,32309.4,Paid,2024-08-31
9636,9636,Cash on Delivery,206521.01,Paid,2024-03-02
9637,9637,Cash on Delivery,103567.38,Paid,2025-07-14
9638,9638,Mobile Money,99706.71,Paid,2024-12-15
9639,9639,Bank Transfer,25890.29,Paid,2024-12-25
9640,9640,Card,258671.55,Paid,2025-06-13
9641,9641,Cash on Delivery,192706.22,Paid,2024-10-24
9642,9642,Bank Transfer,38980.11,Paid,2023-08-29
9643,9643,Card,68964.66,Paid,2025-03-22
9644,9644,Mobile Money,430976.45,Paid,2025-04-26
9645,9645,Mobile Money,142222.88,Refunded,2025-02-05
9646,9646,Mobile Money,157422.35,Paid,2023-10-09
9647,9647,Card,57936.01,Paid,2024-09-27
9648,9648,Bank Transfer,322860.96,Paid,2025-10-20
9649,9649,Cash on Delivery,51180.18,Paid,2026-01-22
9650,9650,Cash on Delivery,187788.95,Paid,2025-03-24
9651,9651,Cash on Delivery,449586.54,Paid,2025-03-09
9652,9652,Mobile Money,32073.24,Refunded,2025-10-30
9653,9653,Mobile Money,372113.67,Paid,2025-05-05
9654,9654,Bank Transfer,269545.26,Paid,2023-11-30
9655,9655,Mobile Money,147065.42,Paid,2024-11-16
9656,9656,Bank Transfer,62975.35,Paid,2024-04-04
9657,9657,Cash on Delivery,56303.15,Pending,2024-07-30
9658,9658,Mobile Money,182516.55,Failed,2025-10-05
9659,9659,Card,57452.27,Paid,2023-07-16
9660,9660,Mobile Money,57197.35,Paid,2025-08-23
9661,9661,Card,75205.85,Failed,2023-09-27
9662,9662,Cash on Delivery,125814.65,Paid,2026-02-21
9663,9663,Bank Transfer,119673.27,Failed,2024-04-02
9664,9664,Mobile Money,108794.02,Paid,2025-10-21
9665,9665,Mobile Money,54993.92,Paid,2026-06-11
9666,9666,Card,610200.63,Paid,2024-12-14
9667,9667,Mobile Money,53590.9,Paid,2023-10-21
9668,9668,Card,184458.51,Paid,2024-10-20
9669,9669,Card,120033.66,Paid,2023-04-01
9670,9670,Bank Transfer,126248.71,Paid,2024-09-10
9671,9671,Cash on Delivery,179807.57,Paid,2023-09-08
9672,9672,Mobile Money,135376.79,Paid,2024-05-04
9673,9673,Cash on Delivery,53440.96,Paid,2026-01-16
9674,9674,Cash on Delivery,150409.14,Paid,2024-10-06
9675,9675,Card,8649.48,Refunded,2026-05-24
9676,9676,Bank Transfer,135328.1,Paid,2025-07-15
9677,9677,Bank Transfer,71521.81,Paid,2025-01-11
9678,9678,Mobile Money,42795.25,Refunded,2024-03-01
9679,9679,Bank Transfer,74907.41,Failed,2026-05-14
9680,9680,Mobile Money,21135.15,Paid,2024-09-05
9681,9681,Bank Transfer,260300.85,Paid,2023-07-03
9682,9682,Card,109842.22,Paid,2024-10-18
9683,9683,Cash on Delivery,56662.42,Paid,2026-01-25
9684,9684,Card,88335.52,Paid,2025-02-03
9685,9685,Mobile Money,174006.61,Paid,2026-05-26
9686,9686,Cash on Delivery,100157.54,Failed,2025-07-05
9687,9687,Cash on Delivery,69371.37,Paid,2026-04-01
9688,9688,Mobile Money,67981.7,Paid,2025-04-03
9689,9689,Cash on Delivery,8938.83,Failed,2024-07-18
9690,9690,Cash on Delivery,439237.5,Paid,2023-12-18
9691,9691,Cash on Delivery,34250.61,Paid,2024-02-24
9692,9692,Card,78064.33,Refunded,2025-01-07
9693,9693,Card,49242.86,Paid,2025-09-19
9694,9694,Cash on Delivery,89791.94,Paid,2026-04-09
9695,9695,Mobile Money,56866.84,Paid,2025-05-01
9696,9696,Cash on Delivery,141194.98,Failed,2025-03-06
9697,9697,Card,261491.81,Paid,2026-05-09
9698,9698,Cash on Delivery,224989.33,Paid,2023-12-31
9699,9699,Cash on Delivery,108928.91,Paid,2023-12-14
9700,9700,Bank Transfer,68915.91,Paid,2023-10-09
9701,9701,Card,22000.74,Paid,2025-01-18
9702,9702,Mobile Money,394841.1,Paid,2023-08-13
9703,9703,Cash on Delivery,101250.02,Paid,2024-06-18
9704,9704,Bank Transfer,225888.95,Failed,2024-12-09
9705,9705,Bank Transfer,107689.05,Paid,2025-09-03
9706,9706,Card,300222.0,Paid,2024-07-04
9707,9707,Cash on Delivery,100305.16,Pending,2026-01-12
9708,9708,Card,47942.4,Paid,2023-01-06
9709,9709,Mobile Money,253649.49,Paid,2023-06-29
9710,9710,Bank Transfer,292033.46,Paid,2026-06-03
9711,9711,Card,56408.97,Pending,2024-03-02
9712,9712,Mobile Money,166892.44,Paid,2024-07-18
9713,9713,Cash on Delivery,66365.64,Paid,2025-08-10
9714,9714,Cash on Delivery,94110.11,Paid,2026-05-17
9715,9715,Card,96798.3,Paid,2025-09-20
9716,9716,Bank Transfer,228952.39,Failed,2023-05-21
9717,9717,Mobile Money,203593.38,Paid,2023-04-14
9718,9718,Mobile Money,210495.77,Paid,2024-09-17
9719,9719,Cash on Delivery,231131.13,Paid,2024-05-04
9720,9720,Bank Transfer,31498.06,Paid,2026-02-24
9721,9721,Bank Transfer,297590.36,Paid,2024-12-24
9722,9722,Mobile Money,216045.4,Paid,2024-08-18
9723,9723,Bank Transfer,38119.18,Paid,2026-04-25
9724,9724,Cash on Delivery,205861.72,Paid,2024-01-17
9725,9725,Cash on Delivery,307603.47,Paid,2023-07-19
9726,9726,Bank Transfer,143694.66,Paid,2024-04-02
9727,9727,Card,129729.82,Paid,2025-10-05
9728,9728,Card,133259.3,Paid,2023-05-02
9729,9729,Mobile Money,141435.29,Paid,2023-12-16
9730,9730,Bank Transfer,225450.44,Paid,2025-10-16
9731,9731,Bank Transfer,88738.48,Paid,2025-12-02
9732,9732,Cash on Delivery,37178.9,Paid,2023-11-29
9733,9733,Bank Transfer,30326.07,Paid,2023-11-16
9734,9734,Card,193004.79,Paid,2026-06-16
9735,9735,Bank Transfer,49032.01,Paid,2023-12-26
9736,9736,Bank Transfer,120357.77,Paid,2023-01-18
9737,9737,Mobile Money,423600.59,Paid,2025-11-18
9738,9738,Cash on Delivery,152280.34,Refunded,2024-07-02
9739,9739,Card,196889.6,Paid,2025-02-12
9740,9740,Card,295617.49,Refunded,2024-11-22
9741,9741,Card,186417.04,Paid,2023-09-19
9742,9742,Cash on Delivery,115902.6,Paid,2024-11-12
9743,9743,Card,193816.53,Paid,2024-05-06
9744,9744,Bank Transfer,276967.1,Refunded,2026-01-14
9745,9745,Mobile Money,77139.49,Paid,2026-02-27
9746,9746,Mobile Money,134633.3,Paid,2025-11-07
9747,9747,Card,232036.8,Paid,2024-07-10
9748,9748,Cash on Delivery,59276.34,Paid,2023-10-16
9749,9749,Mobile Money,29629.67,Paid,2023-04-23
9750,9750,Mobile Money,128606.6,Paid,2023-09-15
9751,9751,Card,547684.26,Paid,2024-04-17
9752,9752,Mobile Money,16628.4,Paid,2025-02-25
9753,9753,Mobile Money,332279.11,Paid,2024-06-13
9754,9754,Mobile Money,162780.67,Paid,2025-09-20
9755,9755,Card,31577.63,Paid,2024-10-13
9756,9756,Cash on Delivery,93068.94,Paid,2025-11-12
9757,9757,Cash on Delivery,324771.04,Paid,2025-02-15
9758,9758,Cash on Delivery,161937.55,Paid,2026-06-04
9759,9759,Card,27742.02,Paid,2023-06-18
9760,9760,Card,37858.37,Paid,2023-06-06
9761,9761,Cash on Delivery,8544.39,Paid,2025-06-13
9762,9762,Cash on Delivery,184162.74,Paid,2024-06-17
9763,9763,Mobile Money,255689.05,Paid,2025-09-20
9764,9764,Cash on Delivery,308504.15,Pending,2025-06-22
9765,9765,Bank Transfer,138536.2,Paid,2023-12-01
9766,9766,Card,33805.45,Paid,2023-01-04
9767,9767,Mobile Money,156970.48,Paid,2024-07-17
9768,9768,Bank Transfer,202435.5,Failed,2024-01-05
9769,9769,Card,52657.12,Paid,2023-10-27
9770,9770,Bank Transfer,146167.15,Pending,2026-05-12
9771,9771,Card,91301.02,Paid,2023-04-11
9772,9772,Mobile Money,39102.89,Paid,2024-04-25
9773,9773,Mobile Money,146840.05,Paid,2026-02-11
9774,9774,Card,157865.0,Paid,2025-02-02
9775,9775,Card,119528.48,Paid,2024-11-30
9776,9776,Bank Transfer,71367.38,Paid,2025-01-18
9777,9777,Mobile Money,99259.11,Paid,2025-04-30
9778,9778,Cash on Delivery,87697.59,Paid,2026-05-21
9779,9779,Card,62313.47,Paid,2025-01-26
9780,9780,Card,211307.55,Paid,2024-12-10
9781,9781,Mobile Money,217018.28,Paid,2025-11-22
9782,9782,Card,187555.38,Paid,2026-05-17
9783,9783,Mobile Money,114045.12,Paid,2025-10-14
9784,9784,Bank Transfer,157837.38,Paid,2023-01-05
9785,9785,Bank Transfer,64399.06,Paid,2026-04-19
9786,9786,Cash on Delivery,64728.27,Paid,2024-01-21
9787,9787,Cash on Delivery,296022.53,Failed,2025-07-18
9788,9788,Mobile Money,124633.92,Paid,2023-01-26
9789,9789,Cash on Delivery,290102.72,Paid,2024-03-17
9790,9790,Card,220358.78,Paid,2024-02-06
9791,9791,Cash on Delivery,158299.07,Paid,2023-02-20
9792,9792,Mobile Money,293252.24,Paid,2025-07-30
9793,9793,Bank Transfer,69354.89,Paid,2023-10-01
9794,9794,Bank Transfer,87780.1,Paid,2025-11-22
9795,9795,Mobile Money,109639.19,Paid,2023-12-16
9796,9796,Mobile Money,131883.0,Paid,2026-03-19
9797,9797,Cash on Delivery,89552.88,Paid,2023-06-21
9798,9798,Mobile Money,68528.65,Paid,2026-04-19
9799,9799,Bank Transfer,64418.8,Paid,2023-10-28
9800,9800,Mobile Money,122581.64,Paid,2024-01-02
9801,9801,Bank Transfer,28314.24,Paid,2026-06-30
9802,9802,Mobile Money,33251.61,Paid,2025-02-25
9803,9803,Card,139013.67,Paid,2024-12-29
9804,9804,Bank Transfer,369833.98,Paid,2023-06-24
9805,9805,Bank Transfer,251896.8,Refunded,2025-10-06
9806,9806,Bank Transfer,101537.1,Paid,2025-04-10
9807,9807,Card,123446.03,Paid,2025-12-31
9808,9808,Cash on Delivery,356469.48,Pending,2023-02-12
9809,9809,Bank Transfer,237321.87,Paid,2023-08-28
9810,9810,Card,394751.64,Failed,2024-11-26
9811,9811,Bank Transfer,411279.21,Refunded,2023-02-09
9812,9812,Bank Transfer,103463.24,Failed,2026-01-05
9813,9813,Cash on Delivery,33452.29,Paid,2026-04-14
9814,9814,Card,162387.91,Paid,2024-07-07
9815,9815,Cash on Delivery,197406.55,Paid,2026-01-24
9816,9816,Mobile Money,31017.68,Paid,2023-06-02
9817,9817,Bank Transfer,50017.81,Paid,2023-08-08
9818,9818,Cash on Delivery,46283.43,Pending,2023-11-22
9819,9819,Card,124018.0,Paid,2023-10-02
9820,9820,Bank Transfer,51749.54,Failed,2026-05-05
9821,9821,Card,600230.66,Paid,2023-06-27
9822,9822,Mobile Money,90011.1,Paid,2025-06-21
9823,9823,Cash on Delivery,176425.09,Paid,2024-08-26
9824,9824,Bank Transfer,208796.64,Paid,2024-12-18
9825,9825,Mobile Money,30959.24,Paid,2023-11-24
9826,9826,Cash on Delivery,306060.81,Paid,2024-11-20
9827,9827,Card,208239.6,Paid,2025-06-04
9828,9828,Cash on Delivery,221908.44,Refunded,2026-05-03
9829,9829,Card,137457.27,Paid,2024-12-28
9830,9830,Bank Transfer,138813.52,Paid,2025-06-22
9831,9831,Mobile Money,430946.97,Paid,2025-05-18
9832,9832,Card,157470.62,Paid,2023-12-09
9833,9833,Card,128127.4,Paid,2023-06-01
9834,9834,Cash on Delivery,203269.45,Paid,2023-01-25
9835,9835,Mobile Money,49948.65,Paid,2023-12-07
9836,9836,Bank Transfer,91261.97,Paid,2023-03-30
9837,9837,Mobile Money,120107.88,Paid,2023-10-29
9838,9838,Cash on Delivery,32407.83,Paid,2023-04-18
9839,9839,Cash on Delivery,58466.71,Paid,2026-06-18
9840,9840,Mobile Money,196444.38,Paid,2024-01-23
9841,9841,Cash on Delivery,95670.97,Pending,2026-06-28
9842,9842,Bank Transfer,20842.21,Paid,2023-08-11
9843,9843,Bank Transfer,44147.48,Paid,2024-12-03
9844,9844,Mobile Money,349720.49,Paid,2025-01-28
9845,9845,Cash on Delivery,364722.21,Paid,2024-10-13
9846,9846,Mobile Money,72183.69,Pending,2023-07-11
9847,9847,Bank Transfer,81830.12,Paid,2024-03-13
9848,9848,Bank Transfer,93180.38,Paid,2025-12-10
9849,9849,Mobile Money,297855.16,Pending,2025-11-14
9850,9850,Mobile Money,67310.81,Pending,2025-01-26
9851,9851,Cash on Delivery,255301.52,Paid,2025-05-24
9852,9852,Cash on Delivery,46556.72,Paid,2025-07-07
9853,9853,Card,87563.66,Paid,2026-03-03
9854,9854,Card,178654.88,Paid,2024-08-21
9855,9855,Mobile Money,56355.33,Pending,2024-09-13
9856,9856,Bank Transfer,120733.15,Paid,2024-10-30
9857,9857,Card,50736.12,Pending,2025-12-17
9858,9858,Cash on Delivery,143376.04,Paid,2025-12-06
9859,9859,Mobile Money,60308.96,Paid,2024-01-07
9860,9860,Cash on Delivery,367591.35,Paid,2023-08-08
9861,9861,Cash on Delivery,24402.66,Paid,2025-06-18
9862,9862,Bank Transfer,182410.47,Paid,2024-06-19
9863,9863,Mobile Money,67426.55,Paid,2024-03-31
9864,9864,Bank Transfer,87077.43,Paid,2023-05-26
9865,9865,Bank Transfer,303018.59,Failed,2026-04-30
9866,9866,Bank Transfer,51981.38,Failed,2025-06-18
9867,9867,Cash on Delivery,197812.29,Paid,2023-10-28
9868,9868,Bank Transfer,333948.53,Paid,2025-02-28
9869,9869,Bank Transfer,117093.65,Paid,2026-02-19
9870,9870,Mobile Money,372314.6,Failed,2024-02-22
9871,9871,Bank Transfer,32513.59,Paid,2025-02-09
9872,9872,Bank Transfer,90948.09,Paid,2023-05-14
9873,9873,Cash on Delivery,389447.35,Paid,2023-08-10
9874,9874,Cash on Delivery,97860.19,Paid,2026-03-01
9875,9875,Card,152086.9,Paid,2024-03-08
9876,9876,Cash on Delivery,97699.73,Paid,2025-03-04
9877,9877,Bank Transfer,358304.19,Paid,2025-12-09
9878,9878,Cash on Delivery,101540.45,Paid,2025-07-23
9879,9879,Bank Transfer,330180.49,Paid,2024-05-23
9880,9880,Card,90816.69,Paid,2025-12-19
9881,9881,Cash on Delivery,85345.58,Paid,2023-04-27
9882,9882,Mobile Money,24568.69,Paid,2024-04-24
9883,9883,Mobile Money,84429.15,Paid,2025-05-02
9884,9884,Cash on Delivery,78844.52,Pending,2026-06-02
9885,9885,Card,112090.55,Paid,2023-06-22
9886,9886,Bank Transfer,89434.64,Paid,2026-06-01
9887,9887,Mobile Money,281552.99,Paid,2023-04-16
9888,9888,Bank Transfer,107642.97,Paid,2023-05-10
9889,9889,Cash on Delivery,25597.27,Refunded,2025-03-26
9890,9890,Card,165686.79,Paid,2023-01-18
9891,9891,Bank Transfer,149925.8,Paid,2024-05-14
9892,9892,Mobile Money,172035.12,Paid,2023-02-12
9893,9893,Bank Transfer,25377.94,Paid,2023-10-15
9894,9894,Cash on Delivery,88674.45,Paid,2025-03-21
9895,9895,Cash on Delivery,55470.31,Paid,2023-03-27
9896,9896,Mobile Money,93566.34,Paid,2023-09-07
9897,9897,Cash on Delivery,162359.29,Pending,2023-05-20
9898,9898,Mobile Money,221030.63,Paid,2026-04-19
9899,9899,Mobile Money,229998.65,Paid,2025-06-12
9900,9900,Mobile Money,226910.28,Paid,2023-03-23
9901,9901,Mobile Money,19420.7,Pending,2023-06-17
9902,9902,Bank Transfer,89372.55,Paid,2023-11-03
9903,9903,Bank Transfer,241446.54,Paid,2024-06-10
9904,9904,Cash on Delivery,173248.43,Paid,2024-11-05
9905,9905,Card,67835.76,Refunded,2025-07-02
9906,9906,Card,110616.51,Paid,2023-02-10
9907,9907,Mobile Money,117982.97,Paid,2026-05-03
9908,9908,Bank Transfer,453010.41,Paid,2024-07-18
9909,9909,Bank Transfer,46292.21,Failed,2023-10-18
9910,9910,Cash on Delivery,440984.98,Paid,2025-12-10
9911,9911,Mobile Money,233200.86,Paid,2026-06-19
9912,9912,Mobile Money,1295.04,Paid,2024-08-25
9913,9913,Card,158023.71,Failed,2023-10-11
9914,9914,Cash on Delivery,306109.6,Paid,2024-01-03
9915,9915,Mobile Money,49447.35,Paid,2024-10-18
9916,9916,Cash on Delivery,50072.12,Paid,2024-02-02
9917,9917,Bank Transfer,253675.45,Paid,2023-07-04
9918,9918,Bank Transfer,57647.16,Paid,2023-01-30
9919,9919,Cash on Delivery,270571.57,Paid,2025-07-09
9920,9920,Card,63772.14,Paid,2024-07-27
9921,9921,Bank Transfer,99188.77,Paid,2025-11-11
9922,9922,Card,102140.89,Paid,2026-06-13
9923,9923,Cash on Delivery,114171.94,Paid,2026-06-07
9924,9924,Cash on Delivery,91200.44,Paid,2025-03-02
9925,9925,Bank Transfer,606834.05,Paid,2025-06-13
9926,9926,Bank Transfer,18355.97,Paid,2023-11-17
9927,9927,Bank Transfer,170412.96,Paid,2024-09-30
9928,9928,Cash on Delivery,437092.89,Paid,2023-03-27
9929,9929,Mobile Money,57181.83,Paid,2025-04-29
9930,9930,Mobile Money,117131.77,Failed,2024-06-10
9931,9931,Mobile Money,206774.19,Paid,2024-09-15
9932,9932,Cash on Delivery,53082.12,Paid,2023-08-30
9933,9933,Card,27369.74,Paid,2025-07-11
9934,9934,Mobile Money,138698.95,Refunded,2025-08-11
9935,9935,Card,34134.53,Paid,2023-12-24
9936,9936,Mobile Money,158650.46,Paid,2024-03-16
9937,9937,Cash on Delivery,333292.92,Paid,2025-08-17
9938,9938,Cash on Delivery,99423.78,Paid,2025-12-30
9939,9939,Cash on Delivery,138559.24,Refunded,2026-05-01
9940,9940,Bank Transfer,25010.03,Refunded,2024-12-02
9941,9941,Bank Transfer,267986.23,Paid,2023-03-03
9942,9942,Card,87074.69,Paid,2024-04-23
9943,9943,Cash on Delivery,316849.3,Pending,2024-08-24
9944,9944,Cash on Delivery,132160.13,Paid,2026-02-06
9945,9945,Bank Transfer,111822.07,Paid,2024-05-24
9946,9946,Card,115194.4,Paid,2024-05-16
9947,9947,Cash on Delivery,215007.4,Paid,2023-11-28
9948,9948,Mobile Money,27985.26,Paid,2025-04-30
9949,9949,Cash on Delivery,291108.6,Pending,2024-09-13
9950,9950,Mobile Money,144607.92,Paid,2023-01-11
9951,9951,Bank Transfer,172223.08,Paid,2023-01-02
9952,9952,Cash on Delivery,266812.76,Pending,2025-08-13
9953,9953,Bank Transfer,344653.7,Paid,2023-06-09
9954,9954,Bank Transfer,33396.64,Paid,2023-07-23
9955,9955,Card,369722.44,Paid,2024-12-30
9956,9956,Cash on Delivery,62054.19,Paid,2024-03-09
9957,9957,Mobile Money,315033.13,Paid,2023-11-25
9958,9958,Cash on Delivery,116334.45,Paid,2025-08-05
9959,9959,Mobile Money,23736.67,Paid,2023-05-12
9960,9960,Card,51812.16,Paid,2025-01-16
9961,9961,Card,134235.72,Paid,2026-05-25
9962,9962,Bank Transfer,48519.76,Paid,2023-05-12
9963,9963,Card,35691.54,Paid,2023-07-09
9964,9964,Card,162576.54,Paid,2024-08-26
9965,9965,Card,89124.62,Paid,2025-09-26
9966,9966,Mobile Money,116731.96,Paid,2025-02-07
9967,9967,Bank Transfer,89858.77,Paid,2025-07-03
9968,9968,Cash on Delivery,198888.27,Refunded,2023-01-18
9969,9969,Bank Transfer,258996.05,Paid,2023-12-04
9970,9970,Cash on Delivery,87857.77,Paid,2024-04-08
9971,9971,Mobile Money,175364.27,Paid,2023-06-12
9972,9972,Card,78485.94,Paid,2025-10-27
9973,9973,Mobile Money,177266.35,Paid,2024-06-29
9974,9974,Cash on Delivery,24402.56,Paid,2023-10-02
9975,9975,Mobile Money,230112.19,Paid,2024-06-10
9976,9976,Mobile Money,24973.04,Paid,2025-11-02
9977,9977,Card,379398.1,Paid,2023-05-10
9978,9978,Cash on Delivery,139486.0,Paid,2023-10-03
9979,9979,Bank Transfer,92892.43,Paid,2024-09-28
9980,9980,Cash on Delivery,19657.8,Paid,2025-08-29
9981,9981,Card,305007.33,Paid,2024-08-22
9982,9982,Cash on Delivery,31917.93,Paid,2026-04-22
9983,9983,Mobile Money,69857.33,Paid,2024-09-17
9984,9984,Bank Transfer,70718.58,Paid,2026-02-12
9985,9985,Bank Transfer,126719.97,Paid,2024-11-27
9986,9986,Bank Transfer,104994.41,Paid,2024-07-26
9987,9987,Card,193957.65,Paid,2024-09-06
9988,9988,Cash on Delivery,102748.18,Paid,2023-08-13
9989,9989,Mobile Money,50651.5,Paid,2025-01-31
9990,9990,Card,757457.25,Paid,2023-03-06
9991,9991,Mobile Money,126323.59,Paid,2025-02-17
9992,9992,Cash on Delivery,133961.68,Paid,2025-06-01
9993,9993,Card,270866.43,Paid,2024-04-30
9994,9994,Mobile Money,133021.84,Paid,2023-01-18
9995,9995,Cash on Delivery,152390.13,Failed,2024-12-10
9996,9996,Cash on Delivery,36652.54,Paid,2024-01-11
9997,9997,Card,58040.7,Pending,2025-07-19
9998,9998,Card,150090.74,Paid,2023-12-26
9999,9999,Bank Transfer,262881.18,Paid,2025-09-29
10000,10000,Cash on Delivery,149982.06,Paid,2023-08-28
